ISO-10303-21;
HEADER;
FILE_DESCRIPTION (( 'STEP AP214' ),
    '1' );
FILE_NAME ('9902.STEP',
    '2007-12-12T16:56:55',
    ( 'Richard Maletta' ),
    ( '' ),
    'SwSTEP 2.0',
    'SolidWorks 2007',
    '' );
FILE_SCHEMA (( 'AUTOMOTIVE_DESIGN' ));
ENDSEC;

DATA;
#1 = CARTESIAN_POINT ( 'NONE',  ( 0.06466323014923808200, 0.4493749999999990800, -6.652146385043896100E-016 ) ) ;
#2 = CARTESIAN_POINT ( 'NONE',  ( 0.04628905783227823400, 0.01783333333333330900, -0.02672500000000002300 ) ) ;
#3 = CARTESIAN_POINT ( 'NONE',  ( 0.03085937188818547700, 0.01679166666666664600, -0.05345000000000000400 ) ) ;
#4 = CARTESIAN_POINT ( 'NONE',  ( -6.545520961180605600E-018, 0.01574999999999997900, -0.05344999999999999800 ) ) ;
#5 =( BOUNDED_CURVE ( )  B_SPLINE_CURVE ( 2, ( #42, #54, #53, #6652, #4, #3, #2, #24, #23 ),
 .UNSPECIFIED., .F., .T. ) 
 B_SPLINE_CURVE_WITH_KNOTS ( ( 3, 2, 2, 2, 3 ),
 ( 0.006410256410256410900, 0.008547008547008547900, 0.01282051282051282200, 0.01709401709401709600, 0.01923076923076923200 ),
 .UNSPECIFIED. ) 
 CURVE ( )  GEOMETRIC_REPRESENTATION_ITEM ( )  RATIONAL_B_SPLINE_CURVE ( ( 0.9330127018922194100, 0.9330127018922194100, 1.000000000000000000, 0.8660254037844387100, 1.000000000000000000, 0.8660254037844387100, 1.000000000000000000, 0.9330127018922194100, 0.9330127018922194100 ) ) 
 REPRESENTATION_ITEM ( '' )  );
#6 = CARTESIAN_POINT ( 'NONE',  ( 0.03233161507462088700, 0.4514583333333323000, 0.05599999999999893300 ) ) ;
#7 = CARTESIAN_POINT ( 'NONE',  ( 0.04849742261192916500, 0.4504166666666656900, 0.02799999999999895600 ) ) ;
#8 = DIRECTION ( 'NONE',  ( 1.000000000000000000, 2.449212707644754500E-016, 0.0000000000000000000 ) ) ;
#9 = CARTESIAN_POINT ( 'NONE',  ( -0.05345000000000000400, 0.08762499999999984200, -9.264330244296985300E-017 ) ) ;
#10 = CARTESIAN_POINT ( 'NONE',  ( 0.03085937188818537600, 0.09179166666666649400, -0.05345000000000005300 ) ) ;
#11 = CARTESIAN_POINT ( 'NONE',  ( -2.749843186272346500E-016, 0.09074999999999981700, -0.05344999999999999800 ) ) ;
#12 = CARTESIAN_POINT ( 'NONE',  ( 0.05344999999999995600, 0.09331677251576830900, -0.01432188433544368200 ) ) ;
#13 = CARTESIAN_POINT ( 'NONE',  ( 0.04628905783227806700, 0.09283333333333312900, -0.02672500000000029700 ) ) ;
#14 = CARTESIAN_POINT ( 'NONE',  ( 0.05345000000000000400, 0.09387499999999980600, -8.921206901915613300E-017 ) ) ;
#15 = CARTESIAN_POINT ( 'NONE',  ( -0.05344999999999994200, 0.08818322748423132500, -0.01432188433544338500 ) ) ;
#16 = CARTESIAN_POINT ( 'NONE',  ( -0.03085937188818554600, 0.08970833333333315400, -0.05344999999999997000 ) ) ;
#17 = CARTESIAN_POINT ( 'NONE',  ( -0.04628905783227834500, 0.08866666666666649100, -0.02672499999999981800 ) ) ;
#18 =( BOUNDED_CURVE ( )  B_SPLINE_CURVE ( 2, ( #9, #15, #17, #16, #11, #10, #13, #12, #14 ),
 .UNSPECIFIED., .F., .T. ) 
 B_SPLINE_CURVE_WITH_KNOTS ( ( 3, 2, 2, 2, 3 ),
 ( 0.1602564102564103000, 0.1623931623931624000, 0.1666666666666666900, 0.1709401709401709400, 0.1730769230769231000 ),
 .UNSPECIFIED. ) 
 CURVE ( )  GEOMETRIC_REPRESENTATION_ITEM ( )  RATIONAL_B_SPLINE_CURVE ( ( 0.9330127018922194100, 0.9330127018922203000, 1.000000000000000000, 0.8660254037844387100, 1.000000000000000000, 0.8660254037844387100, 1.000000000000000000, 0.9330127018922189700, 0.9330127018922194100 ) ) 
 REPRESENTATION_ITEM ( '' )  );
#19 = FACE_OUTER_BOUND ( 'NONE', #2982, .T. ) ;
#20 = DIRECTION ( 'NONE',  ( -2.449212707644754500E-016, 1.000000000000000000, 0.0000000000000000000 ) ) ;
#21 = CARTESIAN_POINT ( 'NONE',  ( 2.786369621145532900E-033, -1.137659302700989100E-017, 0.0000000000000000000 ) ) ;
#22 = AXIS2_PLACEMENT_3D ( 'NONE', #21, #20, #6653 ) ;
#23 = CARTESIAN_POINT ( 'NONE',  ( 0.05344999999999999800, 0.01887499999999997200, -2.058740054288218200E-017 ) ) ;
#24 = CARTESIAN_POINT ( 'NONE',  ( 0.05344999999999999100, 0.01831677251576847200, -0.01432188433544352500 ) ) ;
#25 = CONICAL_SURFACE ( 'NONE', #22, 0.04645000000000002600, 0.7853981633974461700 ) ;
#26 = AXIS2_PLACEMENT_3D ( 'NONE', #35, #29, #37 ) ;
#27 = CARTESIAN_POINT ( 'NONE',  ( 0.05235491526669427300, 0.5682048745074053100, 0.0000000000000000000 ) ) ;
#28 = DIRECTION ( 'NONE',  ( 0.0000000000000000000, 0.0000000000000000000, -1.000000000000000000 ) ) ;
#29 = DIRECTION ( 'NONE',  ( 0.0000000000000000000, 0.0000000000000000000, -1.000000000000000000 ) ) ;
#30 = AXIS2_PLACEMENT_3D ( 'NONE', #32, #40, #28 ) ;
#31 = CIRCLE ( 'NONE', #26, 0.2119277867574533000 ) ;
#32 = CARTESIAN_POINT ( 'NONE',  ( -8.897180721553044800E-017, 0.5682048745074053100, 0.0000000000000000000 ) ) ;
#33 = CARTESIAN_POINT ( 'NONE',  ( 0.04956762031745418100, 0.5682048745074053100, 0.01685491526669428300 ) ) ;
#34 = CARTESIAN_POINT ( 'NONE',  ( 8.779496227240280800E-016, 0.4524999999999990100, 0.05600000000000000800 ) ) ;
#35 = CARTESIAN_POINT ( 'NONE',  ( -0.0008873635070603510200, 0.3630740709919644300, 0.0000000000000000000 ) ) ;
#36 = CIRCLE ( 'NONE', #30, 0.05235491526669428700 ) ;
#37 = DIRECTION ( 'NONE',  ( -1.000000000000000000, 0.0000000000000000000, 0.0000000000000000000 ) ) ;
#38 = CARTESIAN_POINT ( 'NONE',  ( -0.04849742261192749300, 0.4545833333333323400, 0.02800000000000185700 ) ) ;
#39 = B_SPLINE_CURVE_WITH_KNOTS ( 'NONE', 3,
 ( #58, #62, #68, #67 ),
 .UNSPECIFIED., .F., .F.,
 ( 4, 4 ),
 ( 3.846639411342235200E-005, 0.0008570759831709918900 ),
 .UNSPECIFIED. ) ;
#40 = DIRECTION ( 'NONE',  ( 0.0000000000000000000, -1.000000000000000000, 0.0000000000000000000 ) ) ;
#41 = CARTESIAN_POINT ( 'NONE',  ( -0.03233161507461753500, 0.4535416666666656800, 0.05600000000000086900 ) ) ;
#42 = CARTESIAN_POINT ( 'NONE',  ( -0.05345000000000000400, 0.01262499999999998700, 6.862466847627394900E-018 ) ) ;
#43 = CARTESIAN_POINT ( 'NONE',  ( -1.963656288354181800E-017, 0.03924999999999994500, -0.05344999999999999800 ) ) ;
#44 = CARTESIAN_POINT ( 'NONE',  ( -0.03085937188818557400, 0.03820833333333328200, -0.05344999999999994200 ) ) ;
#45 =( BOUNDED_CURVE ( )  B_SPLINE_CURVE ( 2, ( #50, #52, #51, #44, #43, #49, #48, #47, #46 ),
 .UNSPECIFIED., .F., .T. ) 
 B_SPLINE_CURVE_WITH_KNOTS ( ( 3, 2, 2, 2, 3 ),
 ( 0.03205128205128206200, 0.03418803418803419100, 0.03846153846153846400, 0.04273504273504273600, 0.04487179487179487900 ),
 .UNSPECIFIED. ) 
 CURVE ( )  GEOMETRIC_REPRESENTATION_ITEM ( )  RATIONAL_B_SPLINE_CURVE ( ( 0.9330127018922194100, 0.9330127018922196300, 1.000000000000000000, 0.8660254037844387100, 1.000000000000000000, 0.8660254037844387100, 1.000000000000000000, 0.9330127018922191900, 0.9330127018922193000 ) ) 
 REPRESENTATION_ITEM ( '' )  );
#46 = CARTESIAN_POINT ( 'NONE',  ( 0.05344999999999999800, 0.04237499999999994700, 2.287488949209132000E-018 ) ) ;
#47 = CARTESIAN_POINT ( 'NONE',  ( 0.05344999999999999800, 0.04181677251576844400, -0.01432188433544353800 ) ) ;
#48 = CARTESIAN_POINT ( 'NONE',  ( 0.04628905783227819900, 0.04133333333333327800, -0.02672500000000007200 ) ) ;
#49 = CARTESIAN_POINT ( 'NONE',  ( 0.03085937188818543800, 0.04029166666666661500, -0.05345000000000001100 ) ) ;
#50 = CARTESIAN_POINT ( 'NONE',  ( -0.05345000000000000400, 0.03612499999999997000, -4.003105661115980100E-017 ) ) ;
#51 = CARTESIAN_POINT ( 'NONE',  ( -0.04628905783227826900, 0.03716666666666662600, -0.02672499999999995400 ) ) ;
#52 = CARTESIAN_POINT ( 'NONE',  ( -0.05344999999999997700, 0.03668322748423147300, -0.01432188433544349600 ) ) ;
#53 = CARTESIAN_POINT ( 'NONE',  ( -0.04628905783227824800, 0.01366666666666665200, -0.02672499999999998500 ) ) ;
#54 = CARTESIAN_POINT ( 'NONE',  ( -0.05345000000000000400, 0.01318322748423149000, -0.01432188433544349800 ) ) ;
#55 = CARTESIAN_POINT ( 'NONE',  ( -0.05345000000000000400, 0.1236249999999998000, -6.519343505246026400E-017 ) ) ;
#56 = CARTESIAN_POINT ( 'NONE',  ( -0.04849742261192947800, 0.4566666666666656700, -0.02799999999999843200 ) ) ;
#57 = CARTESIAN_POINT ( 'NONE',  ( -0.06466323014923808200, 0.4556249999999990000, 1.362323165554202200E-015 ) ) ;
#58 = CARTESIAN_POINT ( 'NONE',  ( 0.04956762031745418100, 0.5682048745074053100, 0.01685491526669428300 ) ) ;
#59 = CARTESIAN_POINT ( 'NONE',  ( -0.04849742261192769400, 0.4670833333333322400, 0.02800000000000152700 ) ) ;
#60 = CARTESIAN_POINT ( 'NONE',  ( -0.03233161507461792400, 0.4660416666666655800, 0.05600000000000065300 ) ) ;
#61 = CARTESIAN_POINT ( 'NONE',  ( 2.085377009963807200E-015, 0.4649999999999989100, 0.05600000000000000800 ) ) ;
#62 = CARTESIAN_POINT ( 'NONE',  ( 0.03909365067751485000, 0.5707413201685819200, 0.01730215907186065700 ) ) ;
#63 = CARTESIAN_POINT ( 'NONE',  ( 0.04849742261192799300, 0.4608333333333322600, -0.02800000000000100700 ) ) ;
#64 = CARTESIAN_POINT ( 'NONE',  ( 0.03233161507461692500, 0.4597916666666655400, -0.05600000000000122900 ) ) ;
#65 = CARTESIAN_POINT ( 'NONE',  ( -1.481663316343917700E-015, 0.4587499999999989900, -0.05600000000000000800 ) ) ;
#66 = CARTESIAN_POINT ( 'NONE',  ( -0.03233161507461990200, 0.4577083333333323300, -0.05599999999999951500 ) ) ;
#67 = CARTESIAN_POINT ( 'NONE',  ( 0.01777070675434741900, 0.5733985861218930900, 0.01777070675434741500 ) ) ;
#68 = CARTESIAN_POINT ( 'NONE',  ( 0.02849501606396967800, 0.5724747254454256600, 0.01760780519067062600 ) ) ;
#69 = CARTESIAN_POINT ( 'NONE',  ( 0.03233161507462049800, 0.4639583333333322500, 0.05599999999999916200 ) ) ;
#70 = CARTESIAN_POINT ( 'NONE',  ( 0.04849742261192897800, 0.4629166666666655900, 0.02799999999999928900 ) ) ;
#71 = CARTESIAN_POINT ( 'NONE',  ( 0.06466323014923808200, 0.4618749999999989800, -2.059431692604015400E-015 ) ) ;
#72 = CARTESIAN_POINT ( 'NONE',  ( -0.03233161507461759100, 0.4035416666666658000, 0.05600000000000084100 ) ) ;
#73 = CARTESIAN_POINT ( 'NONE',  ( 8.230872580727856200E-016, 0.4024999999999991400, 0.05600000000000000800 ) ) ;
#74 = CARTESIAN_POINT ( 'NONE',  ( 0.03233161507462083100, 0.4014583333333324700, 0.05599999999999897400 ) ) ;
#75 = CARTESIAN_POINT ( 'NONE',  ( 0.03233161507461818800, 0.3972916666666657700, -0.05600000000000050100 ) ) ;
#76 = CARTESIAN_POINT ( 'NONE',  ( 0.04849742261192914500, 0.4004166666666658100, 0.02799999999999900500 ) ) ;
#77 = CARTESIAN_POINT ( 'NONE',  ( 0.06466323014923808200, 0.3993749999999991500, -6.018650365048408900E-016 ) ) ;
#78 = CARTESIAN_POINT ( 'NONE',  ( 0.04849742261192782600, 0.3983333333333324800, -0.02800000000000128400 ) ) ;
#79 = CARTESIAN_POINT ( 'NONE',  ( -1.810989292555520800E-015, 0.3962499999999991000, -0.05600000000000000800 ) ) ;
#80 = CARTESIAN_POINT ( 'NONE',  ( -0.03233161507462022800, 0.3952083333333324400, -0.05599999999999932100 ) ) ;
#81 = CARTESIAN_POINT ( 'NONE',  ( -0.04849742261192884600, 0.3941666666666657800, -0.02799999999999952900 ) ) ;
#82 =( BOUNDED_CURVE ( )  B_SPLINE_CURVE ( 2, ( #2038, #2037, #2048, #2000, #1999, #1998, #2007, #2091, #2090 ),
 .UNSPECIFIED., .F., .T. ) 
 B_SPLINE_CURVE_WITH_KNOTS ( ( 3, 2, 2, 2, 3 ),
 ( 0.6089743589743591400, 0.6111111111111111600, 0.6153846153846154200, 0.6196581196581196800, 0.6217948717948719200 ),
 .UNSPECIFIED. ) 
 CURVE ( )  GEOMETRIC_REPRESENTATION_ITEM ( )  RATIONAL_B_SPLINE_CURVE ( ( 0.9330127018922194100, 0.9330127018922228500, 1.000000000000000000, 0.8660254037844387100, 1.000000000000000000, 0.8660254037844387100, 1.000000000000000000, 0.9330127018922176300, 0.9330127018922194100 ) ) 
 REPRESENTATION_ITEM ( '' )  );
#83 = B_SPLINE_CURVE_WITH_KNOTS ( 'NONE', 3,
 ( #96, #85, #84, #90 ),
 .UNSPECIFIED., .F., .F.,
 ( 4, 4 ),
 ( 3.846639411342233800E-005, 0.0008570759831709917800 ),
 .UNSPECIFIED. ) ;
#84 = CARTESIAN_POINT ( 'NONE',  ( -0.01760780519067063600, 0.5724747254454256600, 0.02849501606396966100 ) ) ;
#85 = CARTESIAN_POINT ( 'NONE',  ( -0.01730215907186066400, 0.5707413201685819200, 0.03909365067751484300 ) ) ;
#86 = CARTESIAN_POINT ( 'NONE',  ( -0.03233161507462110200, 0.4702083333333322800, -0.05599999999999880800 ) ) ;
#87 = CARTESIAN_POINT ( 'NONE',  ( -0.04849742261192927600, 0.4691666666666656200, -0.02799999999999876900 ) ) ;
#88 = B_SPLINE_CURVE_WITH_KNOTS ( 'NONE', 3,
 ( #93, #92, #91, #6657 ),
 .UNSPECIFIED., .F., .F.,
 ( 4, 4 ),
 ( 0.0001725068873764866900, 0.0009916394087687598300 ),
 .UNSPECIFIED. ) ;
#89 = CARTESIAN_POINT ( 'NONE',  ( -0.06466323014923808200, 0.4681249999999989600, 9.187006815208433600E-016 ) ) ;
#90 = CARTESIAN_POINT ( 'NONE',  ( -0.01777070675434741900, 0.5733985861218930900, 0.01777070675434741200 ) ) ;
#91 = CARTESIAN_POINT ( 'NONE',  ( -0.03911879522145974400, 0.5707352309997583100, 0.01730108538710696200 ) ) ;
#92 = CARTESIAN_POINT ( 'NONE',  ( -0.02848129229754722800, 0.5724759076985447300, 0.01760801365379354200 ) ) ;
#93 = CARTESIAN_POINT ( 'NONE',  ( -0.01777070675434741900, 0.5733985861218930900, 0.01777070675434741200 ) ) ;
#94 = CARTESIAN_POINT ( 'NONE',  ( -1.097474975481072000E-015, 0.4712499999999989500, -0.05600000000000000800 ) ) ;
#95 = CARTESIAN_POINT ( 'NONE',  ( -0.01685491526669428300, 0.5682048745074053100, 0.04956762031745416000 ) ) ;
#96 = CARTESIAN_POINT ( 'NONE',  ( -0.01685491526669428300, 0.5682048745074053100, 0.04956762031745416000 ) ) ;
#97 = CARTESIAN_POINT ( 'NONE',  ( -0.01777070675434741900, 0.5733985861218930900, 0.01777070675434741200 ) ) ;
#98 = CARTESIAN_POINT ( 'NONE',  ( -0.05345000000000004600, 0.1230667725157682500, 0.01432188433544362100 ) ) ;
#99 = CARTESIAN_POINT ( 'NONE',  ( -0.03233161507462028300, 0.4452083333333323700, -0.05599999999999928600 ) ) ;
#100 = CARTESIAN_POINT ( 'NONE',  ( 0.01685491526669592400, 0.5682048745074146400, 0.04956762031745534000 ) ) ;
#101 = CARTESIAN_POINT ( 'NONE',  ( 0.01730108538710696200, 0.5707352309997583100, 0.03911879522145972300 ) ) ;
#102 = CARTESIAN_POINT ( 'NONE',  ( 0.01760801365379353900, 0.5724759076985447300, 0.02848129229754722100 ) ) ;
#103 = CARTESIAN_POINT ( 'NONE',  ( 0.01777070675434741900, 0.5733985861218930900, 0.01777070675434741500 ) ) ;
#104 = CARTESIAN_POINT ( 'NONE',  ( 0.04849742261192780500, 0.4483333333333323600, -0.02800000000000133300 ) ) ;
#105 = B_SPLINE_CURVE_WITH_KNOTS ( 'NONE', 3,
 ( #103, #102, #101, #100 ),
 .UNSPECIFIED., .F., .F.,
 ( 4, 4 ),
 ( 0.0001725068873764865900, 0.0009916394087687591800 ),
 .UNSPECIFIED. ) ;
#106 = CARTESIAN_POINT ( 'NONE',  ( 0.01777070675434741900, 0.5733985861218930900, 0.01777070675434741500 ) ) ;
#107 = CARTESIAN_POINT ( 'NONE',  ( 0.03233161507461813200, 0.4472916666666657000, -0.05600000000000052900 ) ) ;
#108 = CARTESIAN_POINT ( 'NONE',  ( -1.865851657206763300E-015, 0.4462499999999990400, -0.05600000000000000800 ) ) ;
#109 = CARTESIAN_POINT ( 'NONE',  ( 0.05345000000000005300, 1.309104192236122700E-017, 0.0000000000000000000 ) ) ;
#110 = CARTESIAN_POINT ( 'NONE',  ( 0.0000000000000000000, 0.0000000000000000000, 0.0000000000000000000 ) ) ;
#111 = CYLINDRICAL_SURFACE ( 'NONE', #116, 0.05345000000000005300 ) ;
#112 = CARTESIAN_POINT ( 'NONE',  ( -0.04849742261192903400, 0.3816666666666658200, -0.02799999999999919600 ) ) ;
#113 = CARTESIAN_POINT ( 'NONE',  ( -0.06466323014923808200, 0.3806249999999991600, 2.186218531621372400E-015 ) ) ;
#114 = DIRECTION ( 'NONE',  ( 1.000000000000000000, 2.449212707644754500E-016, 0.0000000000000000000 ) ) ;
#115 = DIRECTION ( 'NONE',  ( 2.449212707644754500E-016, -1.000000000000000000, 0.0000000000000000000 ) ) ;
#116 = AXIS2_PLACEMENT_3D ( 'NONE', #110, #115, #114 ) ;
#117 = CARTESIAN_POINT ( 'NONE',  ( 0.03233161507461780600, 0.3847916666666657000, -0.05600000000000071600 ) ) ;
#118 = CARTESIAN_POINT ( 'NONE',  ( -6.035619053157415200E-016, 0.3837499999999991500, -0.05600000000000000800 ) ) ;
#119 = CARTESIAN_POINT ( 'NONE',  ( -0.03233161507462060900, 0.3827083333333325400, -0.05599999999999909900 ) ) ;
#120 = CARTESIAN_POINT ( 'NONE',  ( 0.04849742261192763200, 0.3858333333333324700, -0.02800000000000162100 ) ) ;
#121 = CARTESIAN_POINT ( 'NONE',  ( 0.04849742261192933900, 0.3879166666666658000, 0.02799999999999867200 ) ) ;
#122 = CARTESIAN_POINT ( 'NONE',  ( 0.06466323014923808200, 0.3868749999999991400, -1.045487520538200000E-015 ) ) ;
#123 = CARTESIAN_POINT ( 'NONE',  ( 1.207275598935631000E-015, 0.3899999999999991300, 0.05600000000000000800 ) ) ;
#124 = CARTESIAN_POINT ( 'NONE',  ( 0.03233161507461962400, 0.3889583333333324100, 0.05599999999999967500 ) ) ;
#125 = FACE_OUTER_BOUND ( 'NONE', #2942, .T. ) ;
#126 = CARTESIAN_POINT ( 'NONE',  ( -0.06466323014923808200, 0.3931249999999991100, 1.742596047588013100E-015 ) ) ;
#127 = CARTESIAN_POINT ( 'NONE',  ( -0.04849742261192812500, 0.3920833333333324500, 0.02800000000000076400 ) ) ;
#128 = CARTESIAN_POINT ( 'NONE',  ( -0.03233161507461720200, 0.3910416666666658400, 0.05600000000000107000 ) ) ;
#129 = CARTESIAN_POINT ( 'NONE',  ( 0.05345000000000000400, 0.1048749999999998200, -8.921206901915613300E-017 ) ) ;
#130 = CARTESIAN_POINT ( 'NONE',  ( 0.05344999999999995600, 0.1043167725157682900, -0.01432188433544368200 ) ) ;
#131 = CARTESIAN_POINT ( 'NONE',  ( 0.04628905783227806700, 0.1038333333333331400, -0.02672500000000029700 ) ) ;
#132 = CARTESIAN_POINT ( 'NONE',  ( 0.03085937188818536200, 0.1042916666666664400, -0.05345000000000005300 ) ) ;
#133 = CARTESIAN_POINT ( 'NONE',  ( -2.880753605495958800E-016, 0.1032499999999997900, -0.05344999999999999800 ) ) ;
#134 = CARTESIAN_POINT ( 'NONE',  ( -0.03085937188818593800, 0.1022083333333331200, -0.05344999999999973400 ) ) ;
#135 =( BOUNDED_CURVE ( )  B_SPLINE_CURVE ( 2, ( #148, #147, #146, #145, #144, #143, #131, #130, #129 ),
 .UNSPECIFIED., .F., .T. ) 
 B_SPLINE_CURVE_WITH_KNOTS ( ( 3, 2, 2, 2, 3 ),
 ( 0.1602564102564103000, 0.1623931623931624000, 0.1666666666666666900, 0.1709401709401709400, 0.1730769230769231000 ),
 .UNSPECIFIED. ) 
 CURVE ( )  GEOMETRIC_REPRESENTATION_ITEM ( )  RATIONAL_B_SPLINE_CURVE ( ( 0.9330127018922194100, 0.9330127018922203000, 1.000000000000000000, 0.8660254037844387100, 1.000000000000000000, 0.8660254037844387100, 1.000000000000000000, 0.9330127018922189700, 0.9330127018922194100 ) ) 
 REPRESENTATION_ITEM ( '' )  );
#136 = CARTESIAN_POINT ( 'NONE',  ( 0.05345000000000000400, 0.1063749999999998000, 8.578083559534244900E-017 ) ) ;
#137 = CARTESIAN_POINT ( 'NONE',  ( 0.05344999999999999800, 0.1058167725157682600, -0.01432188433544360200 ) ) ;
#138 = CARTESIAN_POINT ( 'NONE',  ( 0.04628905783227806000, 0.1053333333333331300, -0.02672500000000030400 ) ) ;
#139 =( BOUNDED_CURVE ( )  B_SPLINE_CURVE ( 2, ( #140, #142, #141, #134, #133, #132, #138, #137, #136 ),
 .UNSPECIFIED., .F., .T. ) 
 B_SPLINE_CURVE_WITH_KNOTS ( ( 3, 2, 2, 2, 3 ),
 ( 0.1858974358974359300, 0.1880341880341880600, 0.1923076923076923200, 0.1965811965811966000, 0.1987179487179487600 ),
 .UNSPECIFIED. ) 
 CURVE ( )  GEOMETRIC_REPRESENTATION_ITEM ( )  RATIONAL_B_SPLINE_CURVE ( ( 0.9330127018922194100, 0.9330127018922198500, 1.000000000000000000, 0.8660254037844387100, 1.000000000000000000, 0.8660254037844387100, 1.000000000000000000, 0.9330127018922185200, 0.9330127018922194100 ) ) 
 REPRESENTATION_ITEM ( '' )  );
#140 = CARTESIAN_POINT ( 'NONE',  ( -0.05345000000000000400, 0.1001249999999997800, 1.086557250874337600E-016 ) ) ;
#141 = CARTESIAN_POINT ( 'NONE',  ( -0.04628905783227835200, 0.1011666666666664600, -0.02672499999999980400 ) ) ;
#142 = CARTESIAN_POINT ( 'NONE',  ( -0.05344999999999999800, 0.1006832274842312800, -0.01432188433544328400 ) ) ;
#143 = CARTESIAN_POINT ( 'NONE',  ( 0.03085937188818537600, 0.1027916666666664800, -0.05345000000000005300 ) ) ;
#144 = CARTESIAN_POINT ( 'NONE',  ( -2.749843186272346500E-016, 0.1017499999999998100, -0.05344999999999999800 ) ) ;
#145 = CARTESIAN_POINT ( 'NONE',  ( -0.03085937188818554600, 0.1007083333333331500, -0.05344999999999997000 ) ) ;
#146 = CARTESIAN_POINT ( 'NONE',  ( -0.04628905783227834500, 0.09966666666666648700, -0.02672499999999981800 ) ) ;
#147 = CARTESIAN_POINT ( 'NONE',  ( -0.05344999999999994200, 0.09918322748423132100, -0.01432188433544338500 ) ) ;
#148 = CARTESIAN_POINT ( 'NONE',  ( -0.05345000000000000400, 0.09862499999999982400, -9.264330244296985300E-017 ) ) ;
#149 = FACE_OUTER_BOUND ( 'NONE', #2935, .T. ) ;
#150 = CARTESIAN_POINT ( 'NONE',  ( 0.03233161507461999900, 0.3764583333333325100, 0.05599999999999943900 ) ) ;
#151 = CARTESIAN_POINT ( 'NONE',  ( 0.04849742261192873500, 0.3754166666666658400, 0.02799999999999971600 ) ) ;
#152 = CARTESIAN_POINT ( 'NONE',  ( 0.06466323014923808200, 0.3743749999999991300, -1.489110004571559200E-015 ) ) ;
#153 = CARTESIAN_POINT ( 'NONE',  ( 0.04849742261192858900, 0.02541666666666664300, 0.02799999999999996600 ) ) ;
#154 = CARTESIAN_POINT ( 'NONE',  ( -0.03233161507461841700, 0.3785416666666658300, 0.05600000000000037600 ) ) ;
#155 = CARTESIAN_POINT ( 'NONE',  ( 1.591463939798476700E-015, 0.3774999999999991700, 0.05600000000000000800 ) ) ;
#156 = CARTESIAN_POINT ( 'NONE',  ( -6.857795581405312900E-018, 0.02124999999999998800, -0.05600000000000000800 ) ) ;
#157 = CARTESIAN_POINT ( 'NONE',  ( -0.03233161507461906900, 0.02020833333333332500, -0.05599999999999998700 ) ) ;
#158 = CARTESIAN_POINT ( 'NONE',  ( -0.04849742261192856900, 0.01916666666666666200, -0.02799999999999999000 ) ) ;
#159 = CARTESIAN_POINT ( 'NONE',  ( -0.06466323014923809600, 0.01812499999999999500, 3.959350124971783400E-018 ) ) ;
#160 = CARTESIAN_POINT ( 'NONE',  ( -0.04849742261192856200, 0.01708333333333333200, 0.02800000000000000800 ) ) ;
#161 = CARTESIAN_POINT ( 'NONE',  ( -0.03233161507461903400, 0.01604166666666666200, 0.05600000000000000100 ) ) ;
#162 = CARTESIAN_POINT ( 'NONE',  ( 0.0000000000000000000, 0.01500000000000000300, 0.05600000000000000800 ) ) ;
#163 =( BOUNDED_SURFACE ( )  B_SPLINE_SURFACE ( 1, 2, ( 
 ( #162, #161, #160, #159, #158, #157, #156, #167, #166, #165, #153, #168, #218, #251, #206, #219, #289, #288, #224, #223, #222, #221, #220, #230, #229, #228, #227, #226, #225, #294, #293, #292, #291, #290, #174, #173, #172, #171, #170, #169, #258, #257, #256, #255, #254, #253, #252, #250, #249, #248, #247, #246, #245, #244, #243, #287, #286, #285, #284, #283, #282, #281, #280, #279, #278, #277, #322, #321, #320, #319, #318, #317, #316, #315, #314, #313, #312, #217, #216, #215, #214, #213, #212, #211, #210, #209, #208, #207, #186, #185, #184, #183, #182, #181, #180, #179, #178, #177, #176, #175, #242, #241, #240, #239, #238, #237, #236, #235, #234, #233, #232, #231, #311, #310, #309, #308, #307, #306, #305, #304, #303, #302, #301, #300, #299, #298, #297, #296, #295, #205, #204, #203, #202, #201, #200, #199, #198, #197, #196, #195, #194, #193, #192, #191, #190, #189, #188, #187, #276, #275, #274, #273, #272, #271, #270, #269, #268, #267, #266, #265, #264, #263, #262, #261, #260, #259, #433, #343, #349, #342, #355, #341, #325, #324, #326, #333, #329, #464, #463, #323, #348, #328, #327, #330, #347, #332, #331, #354, #340, #339, #425, #424, #357, #356, #338, #337, #372, #371, #336, #335, #334, #346, #345, #344, #428, #427, #426, #432, #431, #430, #429, #353, #352, #351, #350, #438, #437, #436, #435, #434, #462, #461, #460, #459, #458, #457, #456, #455, #454, #453, #452, #370, #369, #368, #367, #366, #365, #364, #363, #362, #361, #360, #359, #358, #451, #450, #449, #448, #447, #446, #445, #444, #443, #442, #441, #440, #439, #423, #422, #421, #420, #419, #418, #417, #416, #415, #414, #413, #412, #411, #410, #409, #408, #407, #406, #405, #404, #403, #402, #401, #400, #399, #398, #397, #396, #395, #394, #393, #392, #391, #390, #389, #388, #387, #386, #385, #384, #383, #382, #381, #380, #379, #378, #377, #376, #375, #374, #373, #467, #465, #469, #466, #468, #472, #470, #471, #476, #474, #477, #473, #475, #484, #478, #490, #487, #480, #479, #482, #483, #489, #481, #486, #485, #488, #493, #492, #495, #491, #494, #497, #498, #496, #499, #501, #502, #500, #517, #516, #509, #507, #508, #504, #506, #505, #518, #514, #503, #511, #510, #513, #512, #515, #521, #519, #523, #522, #520, #526, #524, #527, #525, #529, #528, #532, #531, #534, #530, #533, #555, #546, #545, #544, #536, #535, #538, #537, #554, #553, #552, #560, #559, #558, #557, #556, #543, #542, #541, #540, #539, #551, #550, #549, #548, #547, #567, #566, #565, #564, #563, #562, #561, #570, #572, #568, #571, #569, #576, #574, #585, #586, #575, #577, #578, #573, #584, #583, #582, #581, #580, #579, #593, #592, #591, #590, #589, #588, #587, #600, #599, #598, #597, #596, #595, #594, #614, #613, #612, #611, #610, #609, #608, #607, #606, #631, #639, #638, #624, #623, #630, #629, #626, #625, #633, #632, #628, #627, #648, #622, #621 ),
 ( #637, #636, #635, #634, #620, #619, #618, #617, #616, #615, #654, #653, #652, #651, #650, #649, #647, #646, #645, #644, #643, #642, #641, #640, #1057, #1087, #1086, #1085, #1084, #1083, #1082, #1081, #1080, #1077, #1076, #1075, #1074, #1073, #1072, #1071, #1070, #1069, #1068, #1067, #1066, #1065, #1064, #1063, #1062, #1061, #1060, #1059, #1058, #1027, #1026, #1025, #1024, #1023, #1022, #1021, #1020, #1019, #1018, #1017, #1016, #1015, #1014, #1054, #1053, #1052, #1051, #1050, #1049, #1048, #1047, #1046, #1045, #1044, #1043, #1042, #1041, #1040, #1039, #1038, #1037, #1036, #1035, #1034, #1033, #1032, #1031, #1030, #1029, #1028, #931, #937, #940, #939, #938, #936, #935, #934, #930, #929, #928, #927, #1207, #1212, #1211, #1196, #1195, #1194, #1206, #1205, #1204, #1182, #1181, #1180, #1197, #1193, #1192, #1191, #1190, #1202, #1201, #1210, #1209, #1208, #1200, #1199, #1198, #1189, #1188, #1187, #1186, #1185, #1184, #1183, #977, #984, #978, #962, #961, #972, #971, #970, #983, #982, #981, #960, #959, #974, #973, #976, #975, #980, #979, #969, #968, #967, #951, #950, #949, #966, #965, #964, #963, #958, #957, #956, #955, #954, #953, #952, #657, #660, #659, #670, #669, #658, #671, #672, #668, #667, #674, #673, #666, #665, #664, #663, #662, #661, #814, #813, #818, #817, #856, #855, #816, #815, #812, #811, #810, #809, #808, #807, #832, #831, #830, #829, #828, #827, #826, #825, #824, #823, #822, #821, #820, #819, #854, #853, #852, #851, #850, #849, #848, #847, #846, #845, #844, #843, #842, #841, #840, #839, #838, #837, #836, #835, #834, #833, #765, #764, #763, #762, #761, #760, #759, #758, #757, #756, #755, #754, #753, #752, #751, #750, #749, #748, #747, #746, #745, #744, #806, #805, #804, #803, #802, #801, #800, #799, #798, #797, #796, #795, #794, #793, #792, #791, #790, #789, #788, #787, #786, #785, #784, #783, #782, #781, #780, #779, #778, #777, #776, #775, #774, #773, #772, #771, #770, #769, #768, #767, #766, #743, #742, #741, #740, #739, #738, #737, #736, #735, #734, #733, #732, #731, #730, #729, #728, #727, #726, #725, #724, #723, #722, #721, #720, #719, #718, #717, #716, #715, #714, #713, #712, #711, #710, #709, #708, #707, #706, #705, #704, #703, #702, #701, #700, #699, #698, #697, #696, #695, #694, #693, #692, #691, #690, #689, #688, #687, #686, #685, #684, #683, #682, #681, #680, #679, #678, #677, #859, #861, #857, #860, #858, #864, #863, #866, #865, #862, #878, #879, #880, #876, #877, #883, #922, #892, #923, #884, #885, #894, #893, #908, #881, #882, #889, #888, #891, #890, #887, #886, #926, #925, #924, #912, #911, #910, #909, #907, #906, #905, #904, #903, #902, #901, #900, #899, #898, #897, #921, #920, #919, #918, #917, #916, #915, #914, #913, #943, #942, #941, #946, #944, #947, #948, #945, #993, #992, #991, #990, #989, #988, #987, #986, #985, #6629, #6628, #6627, #6626, #6640, #6639, #6638, #6637, #6636, #6635, #6634, #6633, #6632, #6631, #6630, #6620, #6622, #6624, #6623, #6625, #6621 ) ),
 .UNSPECIFIED., .F., .F., .T. ) 
 B_SPLINE_SURFACE_WITH_KNOTS ( ( 2, 2 ),
 ( 3, 2, 2, 2, 2, 2, 2, 2, 2, 2, 2, 2, 2, 2, 2, 2, 2, 2, 2, 2, 2, 2, 2, 2, 2, 2, 2, 2, 2, 2, 2, 2, 2, 2, 2, 2, 2, 2, 2, 2, 2, 2, 2, 2, 2, 2, 2, 2, 2, 2, 2, 2, 2, 2, 2, 2, 2, 2, 2, 2, 2, 2, 2, 2, 2, 2, 2, 2, 2, 2, 2, 2, 2, 2, 2, 2, 2, 2, 2, 2, 2, 2, 2, 2, 2, 2, 2, 2, 2, 2, 2, 2, 2, 2, 2, 2, 2, 2, 2, 2, 2, 2, 2, 2, 2, 2, 2, 2, 2, 2, 2, 2, 2, 2, 2, 2, 2, 2, 2, 2, 2, 2, 2, 2, 2, 2, 2, 2, 2, 2, 2, 2, 2, 2, 2, 2, 2, 2, 2, 2, 2, 2, 2, 2, 2, 2, 2, 2, 2, 2, 2, 2, 2, 2, 2, 2, 2, 2, 2, 2, 2, 2, 2, 2, 2, 2, 2, 2, 2, 2, 2, 2, 2, 2, 2, 2, 2, 2, 2, 2, 2, 2, 2, 2, 2, 2, 2, 2, 2, 2, 2, 2, 2, 2, 2, 2, 2, 2, 2, 2, 2, 2, 2, 2, 2, 2, 2, 2, 2, 2, 2, 2, 2, 2, 2, 2, 2, 2, 2, 2, 2, 2, 2, 2, 2, 2, 2, 2, 2, 2, 2, 2, 2, 2, 3 ),
 ( 0.0000000000000000000, 1.000000000000000000 ),
 ( 0.0000000000000000000, 0.004273504273504273900, 0.008547008547008547900, 0.01282051282051282200, 0.01709401709401709600, 0.02136752136752136800, 0.02564102564102564400, 0.02991452991452991900, 0.03418803418803419100, 0.03846153846153846400, 0.04273504273504273600, 0.04700854700854701500, 0.05128205128205128700, 0.05555555555555555900, 0.05982905982905983900, 0.06410256410256411100, 0.06837606837606838300, 0.07264957264957265500, 0.07692307692307692700, 0.08119658119658120000, 0.08547008547008547200, 0.08974358974358975800, 0.09401709401709403000, 0.09829059829059830200, 0.1025641025641025700, 0.1068376068376068500, 0.1111111111111111200, 0.1153846153846153900, 0.1196581196581196800, 0.1239316239316239500, 0.1282051282051282200, 0.1324786324786324800, 0.1367521367521367700, 0.1410256410256410500, 0.1452991452991453100, 0.1495726495726496000, 0.1538461538461538500, 0.1581196581196581400, 0.1623931623931624000, 0.1666666666666666900, 0.1709401709401709400, 0.1752136752136752300, 0.1794871794871795200, 0.1837606837606837700, 0.1880341880341880600, 0.1923076923076923200, 0.1965811965811966000, 0.2008547008547008600, 0.2051282051282051500, 0.2094017094017094300, 0.2136752136752136900, 0.2179487179487179800, 0.2222222222222222400, 0.2264957264957265200, 0.2307692307692307800, 0.2350427350427350700, 0.2393162393162393500, 0.2435897435897436100, 0.2478632478632479000, 0.2521367521367521800, 0.2564102564102564400, 0.2606837606837607000, 0.2649572649572649600, 0.2692307692307692700, 0.2735042735042735300, 0.2777777777777777900, 0.2820512820512821000, 0.2863247863247863600, 0.2905982905982906200, 0.2948717948717948800, 0.2991452991452991900, 0.3034188034188034500, 0.3076923076923077100, 0.3119658119658120200, 0.3162393162393162800, 0.3205128205128205400, 0.3247863247863248000, 0.3290598290598291100, 0.3333333333333333700, 0.3376068376068376300, 0.3418803418803418900, 0.3461538461538462000, 0.3504273504273504600, 0.3547008547008547200, 0.3589743589743590300, 0.3632478632478632900, 0.3675213675213675500, 0.3717948717948718100, 0.3760683760683761200, 0.3803418803418803800, 0.3846153846153846400, 0.3888888888888889500, 0.3931623931623932100, 0.3974358974358974700, 0.4017094017094017300, 0.4059829059829060400, 0.4102564102564103000, 0.4145299145299145600, 0.4188034188034188700, 0.4230769230769231300, 0.4273504273504273900, 0.4316239316239316400, 0.4358974358974359600, 0.4401709401709402200, 0.4444444444444444800, 0.4487179487179487900, 0.4529914529914530500, 0.4572649572649573100, 0.4615384615384615600, 0.4658119658119658800, 0.4700854700854701400, 0.4743589743589743900, 0.4786324786324787100, 0.4829059829059829700, 0.4871794871794872300, 0.4914529914529914800, 0.4957264957264958000, 0.5000000000000000000, 0.5042735042735043700, 0.5085470085470086300, 0.5128205128205128900, 0.5170940170940171400, 0.5213675213675214000, 0.5256410256410256600, 0.5299145299145299200, 0.5341880341880342900, 0.5384615384615385500, 0.5427350427350428100, 0.5470085470085470600, 0.5512820512820513200, 0.5555555555555555800, 0.5598290598290598400, 0.5641025641025642100, 0.5683760683760684700, 0.5726495726495727200, 0.5769230769230769800, 0.5811965811965812400, 0.5854700854700855000, 0.5897435897435897600, 0.5940170940170941300, 0.5982905982905983900, 0.6025641025641026400, 0.6068376068376069000, 0.6111111111111111600, 0.6153846153846154200, 0.6196581196581196800, 0.6239316239316240500, 0.6282051282051283000, 0.6324786324786325600, 0.6367521367521368200, 0.6410256410256410800, 0.6452991452991453400, 0.6495726495726496000, 0.6538461538461539700, 0.6581196581196582200, 0.6623931623931624800, 0.6666666666666667400, 0.6709401709401710000, 0.6752136752136752600, 0.6794871794871795200, 0.6837606837606837700, 0.6880341880341881400, 0.6923076923076924000, 0.6965811965811966600, 0.7008547008547009200, 0.7051282051282051800, 0.7094017094017094300, 0.7136752136752136900, 0.7179487179487180600, 0.7222222222222223200, 0.7264957264957265800, 0.7307692307692308400, 0.7350427350427351000, 0.7393162393162393500, 0.7435897435897436100, 0.7478632478632479800, 0.7521367521367522400, 0.7564102564102565000, 0.7606837606837607600, 0.7649572649572650200, 0.7692307692307692700, 0.7735042735042735300, 0.7777777777777779000, 0.7820512820512821600, 0.7863247863247864200, 0.7905982905982906800, 0.7948717948717949300, 0.7991452991452991900, 0.8034188034188034500, 0.8076923076923078200, 0.8119658119658120800, 0.8162393162393163400, 0.8205128205128206000, 0.8247863247863248500, 0.8290598290598291100, 0.8333333333333333700, 0.8376068376068377400, 0.8418803418803420000, 0.8461538461538462600, 0.8504273504273505100, 0.8547008547008547700, 0.8589743589743590300, 0.8632478632478632900, 0.8675213675213676600, 0.8717948717948719200, 0.8760683760683761800, 0.8803418803418804300, 0.8846153846153846900, 0.8888888888888889500, 0.8931623931623932100, 0.8974358974358975800, 0.9017094017094018400, 0.9059829059829060900, 0.9102564102564103500, 0.9145299145299146100, 0.9188034188034188700, 0.9230769230769231300, 0.9273504273504275000, 0.9316239316239317600, 0.9358974358974360100, 0.9401709401709402700, 0.9444444444444445300, 0.9487179487179487900, 0.9529914529914530500, 0.9572649572649574200, 0.9615384615384616800, 0.9658119658119659300, 0.9700854700854701900, 0.9743589743589744500, 0.9786324786324787100, 0.9829059829059829700, 0.9871794871794872300, 0.9914529914529915900, 0.9957264957264958500, 1.000000000000000000 ),
 .UNSPECIFIED. ) 
 GEOMETRIC_REPRESENTATION_ITEM ( )  RATIONAL_B_SPLINE_SURFACE ( (
 ( 1.000000000000000000, 0.8660254037844387100, 1.000000000000000000, 0.8660254037844387100, 1.000000000000000000, 0.8660254037844387100, 1.000000000000000000, 0.8660254037844387100, 1.000000000000000000, 0.8660254037844387100, 1.000000000000000000, 0.8660254037844387100, 1.000000000000000000, 0.8660254037844387100, 1.000000000000000000, 0.8660254037844387100, 1.000000000000000000, 0.8660254037844387100, 1.000000000000000000, 0.8660254037844387100, 1.000000000000000000, 0.8660254037844387100, 1.000000000000000000, 0.8660254037844387100, 1.000000000000000000, 0.8660254037844387100, 1.000000000000000000, 0.8660254037844387100, 1.000000000000000000, 0.8660254037844387100, 1.000000000000000000, 0.8660254037844387100, 1.000000000000000000, 0.8660254037844387100, 1.000000000000000000, 0.8660254037844387100, 1.000000000000000000, 0.8660254037844387100, 1.000000000000000000, 0.8660254037844387100, 1.000000000000000000, 0.8660254037844387100, 1.000000000000000000, 0.8660254037844387100, 1.000000000000000000, 0.8660254037844387100, 1.000000000000000000, 0.8660254037844387100, 1.000000000000000000, 0.8660254037844387100, 1.000000000000000000, 0.8660254037844387100, 1.000000000000000000, 0.8660254037844387100, 1.000000000000000000, 0.8660254037844387100, 1.000000000000000000, 0.8660254037844387100, 1.000000000000000000, 0.8660254037844387100, 1.000000000000000000, 0.8660254037844387100, 1.000000000000000000, 0.8660254037844387100, 1.000000000000000000, 0.8660254037844387100, 1.000000000000000000, 0.8660254037844387100, 1.000000000000000000, 0.8660254037844387100, 1.000000000000000000, 0.8660254037844387100, 1.000000000000000000, 0.8660254037844387100, 1.000000000000000000, 0.8660254037844387100, 1.000000000000000000, 0.8660254037844387100, 1.000000000000000000, 0.8660254037844387100, 1.000000000000000000, 0.8660254037844387100, 1.000000000000000000, 0.8660254037844387100, 1.000000000000000000, 0.8660254037844387100, 1.000000000000000000, 0.8660254037844387100, 1.000000000000000000, 0.8660254037844387100, 1.000000000000000000, 0.8660254037844387100, 1.000000000000000000, 0.8660254037844387100, 1.000000000000000000, 0.8660254037844387100, 1.000000000000000000, 0.8660254037844387100, 1.000000000000000000, 0.8660254037844387100, 1.000000000000000000, 0.8660254037844387100, 1.000000000000000000, 0.8660254037844387100, 1.000000000000000000, 0.8660254037844387100, 1.000000000000000000, 0.8660254037844387100, 1.000000000000000000, 0.8660254037844387100, 1.000000000000000000, 0.8660254037844387100, 1.000000000000000000, 0.8660254037844387100, 1.000000000000000000, 0.8660254037844387100, 1.000000000000000000, 0.8660254037844387100, 1.000000000000000000, 0.8660254037844387100, 1.000000000000000000, 0.8660254037844387100, 1.000000000000000000, 0.8660254037844387100, 1.000000000000000000, 0.8660254037844387100, 1.000000000000000000, 0.8660254037844387100, 1.000000000000000000, 0.8660254037844387100, 1.000000000000000000, 0.8660254037844387100, 1.000000000000000000, 0.8660254037844387100, 1.000000000000000000, 0.8660254037844387100, 1.000000000000000000, 0.8660254037844387100, 1.000000000000000000, 0.8660254037844387100, 1.000000000000000000, 0.8660254037844387100, 1.000000000000000000, 0.8660254037844387100, 1.000000000000000000, 0.8660254037844387100, 1.000000000000000000, 0.8660254037844387100, 1.000000000000000000, 0.8660254037844387100, 1.000000000000000000, 0.8660254037844387100, 1.000000000000000000, 0.8660254037844387100, 1.000000000000000000, 0.8660254037844387100, 1.000000000000000000, 0.8660254037844387100, 1.000000000000000000, 0.8660254037844387100, 1.000000000000000000, 0.8660254037844387100, 1.000000000000000000, 0.8660254037844387100, 1.000000000000000000, 0.8660254037844387100, 1.000000000000000000, 0.8660254037844387100, 1.000000000000000000, 0.8660254037844387100, 1.000000000000000000, 0.8660254037844387100, 1.000000000000000000, 0.8660254037844387100, 1.000000000000000000, 0.8660254037844387100, 1.000000000000000000, 0.8660254037844387100, 1.000000000000000000, 0.8660254037844387100, 1.000000000000000000, 0.8660254037844387100, 1.000000000000000000, 0.8660254037844387100, 1.000000000000000000, 0.8660254037844387100, 1.000000000000000000, 0.8660254037844387100, 1.000000000000000000, 0.8660254037844387100, 1.000000000000000000, 0.8660254037844387100, 1.000000000000000000, 0.8660254037844387100, 1.000000000000000000, 0.8660254037844387100, 1.000000000000000000, 0.8660254037844387100, 1.000000000000000000, 0.8660254037844387100, 1.000000000000000000, 0.8660254037844387100, 1.000000000000000000, 0.8660254037844387100, 1.000000000000000000, 0.8660254037844387100, 1.000000000000000000, 0.8660254037844387100, 1.000000000000000000, 0.8660254037844387100, 1.000000000000000000, 0.8660254037844387100, 1.000000000000000000, 0.8660254037844387100, 1.000000000000000000, 0.8660254037844387100, 1.000000000000000000, 0.8660254037844387100, 1.000000000000000000, 0.8660254037844387100, 1.000000000000000000, 0.8660254037844387100, 1.000000000000000000, 0.8660254037844387100, 1.000000000000000000, 0.8660254037844387100, 1.000000000000000000, 0.8660254037844387100, 1.000000000000000000, 0.8660254037844387100, 1.000000000000000000, 0.8660254037844387100, 1.000000000000000000, 0.8660254037844387100, 1.000000000000000000, 0.8660254037844387100, 1.000000000000000000, 0.8660254037844387100, 1.000000000000000000, 0.8660254037844387100, 1.000000000000000000, 0.8660254037844387100, 1.000000000000000000, 0.8660254037844387100, 1.000000000000000000, 0.8660254037844387100, 1.000000000000000000, 0.8660254037844387100, 1.000000000000000000, 0.8660254037844387100, 1.000000000000000000, 0.8660254037844387100, 1.000000000000000000, 0.8660254037844387100, 1.000000000000000000, 0.8660254037844387100, 1.000000000000000000, 0.8660254037844387100, 1.000000000000000000, 0.8660254037844387100, 1.000000000000000000, 0.8660254037844387100, 1.000000000000000000, 0.8660254037844387100, 1.000000000000000000, 0.8660254037844387100, 1.000000000000000000, 0.8660254037844387100, 1.000000000000000000, 0.8660254037844387100, 1.000000000000000000, 0.8660254037844387100, 1.000000000000000000, 0.8660254037844387100, 1.000000000000000000, 0.8660254037844387100, 1.000000000000000000, 0.8660254037844387100, 1.000000000000000000, 0.8660254037844387100, 1.000000000000000000, 0.8660254037844387100, 1.000000000000000000, 0.8660254037844387100, 1.000000000000000000, 0.8660254037844387100, 1.000000000000000000, 0.8660254037844387100, 1.000000000000000000, 0.8660254037844387100, 1.000000000000000000, 0.8660254037844387100, 1.000000000000000000, 0.8660254037844387100, 1.000000000000000000, 0.8660254037844387100, 1.000000000000000000, 0.8660254037844387100, 1.000000000000000000, 0.8660254037844387100, 1.000000000000000000, 0.8660254037844387100, 1.000000000000000000, 0.8660254037844387100, 1.000000000000000000, 0.8660254037844387100, 1.000000000000000000, 0.8660254037844387100, 1.000000000000000000, 0.8660254037844387100, 1.000000000000000000, 0.8660254037844387100, 1.000000000000000000, 0.8660254037844387100, 1.000000000000000000, 0.8660254037844387100, 1.000000000000000000, 0.8660254037844387100, 1.000000000000000000, 0.8660254037844387100, 1.000000000000000000, 0.8660254037844387100, 1.000000000000000000, 0.8660254037844387100, 1.000000000000000000, 0.8660254037844387100, 1.000000000000000000, 0.8660254037844387100, 1.000000000000000000, 0.8660254037844387100, 1.000000000000000000, 0.8660254037844387100, 1.000000000000000000, 0.8660254037844387100, 1.000000000000000000, 0.8660254037844387100, 1.000000000000000000, 0.8660254037844387100, 1.000000000000000000, 0.8660254037844387100, 1.000000000000000000, 0.8660254037844387100, 1.000000000000000000, 0.8660254037844387100, 1.000000000000000000, 0.8660254037844387100, 1.000000000000000000, 0.8660254037844387100, 1.000000000000000000, 0.8660254037844387100, 1.000000000000000000, 0.8660254037844387100, 1.000000000000000000, 0.8660254037844387100, 1.000000000000000000, 0.8660254037844387100, 1.000000000000000000, 0.8660254037844387100, 1.000000000000000000, 0.8660254037844387100, 1.000000000000000000, 0.8660254037844387100, 1.000000000000000000, 0.8660254037844387100, 1.000000000000000000, 0.8660254037844387100, 1.000000000000000000, 0.8660254037844387100, 1.000000000000000000, 0.8660254037844387100, 1.000000000000000000, 0.8660254037844387100, 1.000000000000000000, 0.8660254037844387100, 1.000000000000000000, 0.8660254037844387100, 1.000000000000000000, 0.8660254037844387100, 1.000000000000000000, 0.8660254037844387100, 1.000000000000000000, 0.8660254037844387100, 1.000000000000000000, 0.8660254037844387100, 1.000000000000000000, 0.8660254037844387100, 1.000000000000000000, 0.8660254037844387100, 1.000000000000000000, 0.8660254037844387100, 1.000000000000000000, 0.8660254037844387100, 1.000000000000000000, 0.8660254037844387100, 1.000000000000000000, 0.8660254037844387100, 1.000000000000000000, 0.8660254037844387100, 1.000000000000000000, 0.8660254037844387100, 1.000000000000000000, 0.8660254037844387100, 1.000000000000000000, 0.8660254037844387100, 1.000000000000000000, 0.8660254037844387100, 1.000000000000000000, 0.8660254037844387100, 1.000000000000000000, 0.8660254037844387100, 1.000000000000000000, 0.8660254037844387100, 1.000000000000000000, 0.8660254037844387100, 1.000000000000000000, 0.8660254037844387100, 1.000000000000000000, 0.8660254037844387100, 1.000000000000000000, 0.8660254037844387100, 1.000000000000000000, 0.8660254037844387100, 1.000000000000000000, 0.8660254037844387100, 1.000000000000000000, 0.8660254037844387100, 1.000000000000000000, 0.8660254037844387100, 1.000000000000000000, 0.8660254037844387100, 1.000000000000000000, 0.8660254037844387100, 1.000000000000000000, 0.8660254037844387100, 1.000000000000000000, 0.8660254037844387100, 1.000000000000000000, 0.8660254037844387100, 1.000000000000000000, 0.8660254037844387100, 1.000000000000000000, 0.8660254037844387100, 1.000000000000000000, 0.8660254037844387100, 1.000000000000000000, 0.8660254037844387100, 1.000000000000000000, 0.8660254037844387100, 1.000000000000000000, 0.8660254037844387100, 1.000000000000000000, 0.8660254037844387100, 1.000000000000000000, 0.8660254037844387100, 1.000000000000000000, 0.8660254037844387100, 1.000000000000000000, 0.8660254037844387100, 1.000000000000000000, 0.8660254037844387100, 1.000000000000000000, 0.8660254037844387100, 1.000000000000000000, 0.8660254037844387100, 1.000000000000000000, 0.8660254037844387100, 1.000000000000000000, 0.8660254037844387100, 1.000000000000000000),
 ( 1.000000000000000000, 0.8660254037844387100, 1.000000000000000000, 0.8660254037844387100, 1.000000000000000000, 0.8660254037844387100, 1.000000000000000000, 0.8660254037844387100, 1.000000000000000000, 0.8660254037844387100, 1.000000000000000000, 0.8660254037844387100, 1.000000000000000000, 0.8660254037844387100, 1.000000000000000000, 0.8660254037844387100, 1.000000000000000000, 0.8660254037844387100, 1.000000000000000000, 0.8660254037844387100, 1.000000000000000000, 0.8660254037844387100, 1.000000000000000000, 0.8660254037844387100, 1.000000000000000000, 0.8660254037844387100, 1.000000000000000000, 0.8660254037844387100, 1.000000000000000000, 0.8660254037844387100, 1.000000000000000000, 0.8660254037844387100, 1.000000000000000000, 0.8660254037844387100, 1.000000000000000000, 0.8660254037844387100, 1.000000000000000000, 0.8660254037844387100, 1.000000000000000000, 0.8660254037844387100, 1.000000000000000000, 0.8660254037844387100, 1.000000000000000000, 0.8660254037844387100, 1.000000000000000000, 0.8660254037844387100, 1.000000000000000000, 0.8660254037844387100, 1.000000000000000000, 0.8660254037844387100, 1.000000000000000000, 0.8660254037844387100, 1.000000000000000000, 0.8660254037844387100, 1.000000000000000000, 0.8660254037844387100, 1.000000000000000000, 0.8660254037844387100, 1.000000000000000000, 0.8660254037844387100, 1.000000000000000000, 0.8660254037844387100, 1.000000000000000000, 0.8660254037844387100, 1.000000000000000000, 0.8660254037844387100, 1.000000000000000000, 0.8660254037844387100, 1.000000000000000000, 0.8660254037844387100, 1.000000000000000000, 0.8660254037844387100, 1.000000000000000000, 0.8660254037844387100, 1.000000000000000000, 0.8660254037844387100, 1.000000000000000000, 0.8660254037844387100, 1.000000000000000000, 0.8660254037844387100, 1.000000000000000000, 0.8660254037844387100, 1.000000000000000000, 0.8660254037844387100, 1.000000000000000000, 0.8660254037844387100, 1.000000000000000000, 0.8660254037844387100, 1.000000000000000000, 0.8660254037844387100, 1.000000000000000000, 0.8660254037844387100, 1.000000000000000000, 0.8660254037844387100, 1.000000000000000000, 0.8660254037844387100, 1.000000000000000000, 0.8660254037844387100, 1.000000000000000000, 0.8660254037844387100, 1.000000000000000000, 0.8660254037844387100, 1.000000000000000000, 0.8660254037844387100, 1.000000000000000000, 0.8660254037844387100, 1.000000000000000000, 0.8660254037844387100, 1.000000000000000000, 0.8660254037844387100, 1.000000000000000000, 0.8660254037844387100, 1.000000000000000000, 0.8660254037844387100, 1.000000000000000000, 0.8660254037844387100, 1.000000000000000000, 0.8660254037844387100, 1.000000000000000000, 0.8660254037844387100, 1.000000000000000000, 0.8660254037844387100, 1.000000000000000000, 0.8660254037844387100, 1.000000000000000000, 0.8660254037844387100, 1.000000000000000000, 0.8660254037844387100, 1.000000000000000000, 0.8660254037844387100, 1.000000000000000000, 0.8660254037844387100, 1.000000000000000000, 0.8660254037844387100, 1.000000000000000000, 0.8660254037844387100, 1.000000000000000000, 0.8660254037844387100, 1.000000000000000000, 0.8660254037844387100, 1.000000000000000000, 0.8660254037844387100, 1.000000000000000000, 0.8660254037844387100, 1.000000000000000000, 0.8660254037844387100, 1.000000000000000000, 0.8660254037844387100, 1.000000000000000000, 0.8660254037844387100, 1.000000000000000000, 0.8660254037844387100, 1.000000000000000000, 0.8660254037844387100, 1.000000000000000000, 0.8660254037844387100, 1.000000000000000000, 0.8660254037844387100, 1.000000000000000000, 0.8660254037844387100, 1.000000000000000000, 0.8660254037844387100, 1.000000000000000000, 0.8660254037844387100, 1.000000000000000000, 0.8660254037844387100, 1.000000000000000000, 0.8660254037844387100, 1.000000000000000000, 0.8660254037844387100, 1.000000000000000000, 0.8660254037844387100, 1.000000000000000000, 0.8660254037844387100, 1.000000000000000000, 0.8660254037844387100, 1.000000000000000000, 0.8660254037844387100, 1.000000000000000000, 0.8660254037844387100, 1.000000000000000000, 0.8660254037844387100, 1.000000000000000000, 0.8660254037844387100, 1.000000000000000000, 0.8660254037844387100, 1.000000000000000000, 0.8660254037844387100, 1.000000000000000000, 0.8660254037844387100, 1.000000000000000000, 0.8660254037844387100, 1.000000000000000000, 0.8660254037844387100, 1.000000000000000000, 0.8660254037844387100, 1.000000000000000000, 0.8660254037844387100, 1.000000000000000000, 0.8660254037844387100, 1.000000000000000000, 0.8660254037844387100, 1.000000000000000000, 0.8660254037844387100, 1.000000000000000000, 0.8660254037844387100, 1.000000000000000000, 0.8660254037844387100, 1.000000000000000000, 0.8660254037844387100, 1.000000000000000000, 0.8660254037844387100, 1.000000000000000000, 0.8660254037844387100, 1.000000000000000000, 0.8660254037844387100, 1.000000000000000000, 0.8660254037844387100, 1.000000000000000000, 0.8660254037844387100, 1.000000000000000000, 0.8660254037844387100, 1.000000000000000000, 0.8660254037844387100, 1.000000000000000000, 0.8660254037844387100, 1.000000000000000000, 0.8660254037844387100, 1.000000000000000000, 0.8660254037844387100, 1.000000000000000000, 0.8660254037844387100, 1.000000000000000000, 0.8660254037844387100, 1.000000000000000000, 0.8660254037844387100, 1.000000000000000000, 0.8660254037844387100, 1.000000000000000000, 0.8660254037844387100, 1.000000000000000000, 0.8660254037844387100, 1.000000000000000000, 0.8660254037844387100, 1.000000000000000000, 0.8660254037844387100, 1.000000000000000000, 0.8660254037844387100, 1.000000000000000000, 0.8660254037844387100, 1.000000000000000000, 0.8660254037844387100, 1.000000000000000000, 0.8660254037844387100, 1.000000000000000000, 0.8660254037844387100, 1.000000000000000000, 0.8660254037844387100, 1.000000000000000000, 0.8660254037844387100, 1.000000000000000000, 0.8660254037844387100, 1.000000000000000000, 0.8660254037844387100, 1.000000000000000000, 0.8660254037844387100, 1.000000000000000000, 0.8660254037844387100, 1.000000000000000000, 0.8660254037844387100, 1.000000000000000000, 0.8660254037844387100, 1.000000000000000000, 0.8660254037844387100, 1.000000000000000000, 0.8660254037844387100, 1.000000000000000000, 0.8660254037844387100, 1.000000000000000000, 0.8660254037844387100, 1.000000000000000000, 0.8660254037844387100, 1.000000000000000000, 0.8660254037844387100, 1.000000000000000000, 0.8660254037844387100, 1.000000000000000000, 0.8660254037844387100, 1.000000000000000000, 0.8660254037844387100, 1.000000000000000000, 0.8660254037844387100, 1.000000000000000000, 0.8660254037844387100, 1.000000000000000000, 0.8660254037844387100, 1.000000000000000000, 0.8660254037844387100, 1.000000000000000000, 0.8660254037844387100, 1.000000000000000000, 0.8660254037844387100, 1.000000000000000000, 0.8660254037844387100, 1.000000000000000000, 0.8660254037844387100, 1.000000000000000000, 0.8660254037844387100, 1.000000000000000000, 0.8660254037844387100, 1.000000000000000000, 0.8660254037844387100, 1.000000000000000000, 0.8660254037844387100, 1.000000000000000000, 0.8660254037844387100, 1.000000000000000000, 0.8660254037844387100, 1.000000000000000000, 0.8660254037844387100, 1.000000000000000000, 0.8660254037844387100, 1.000000000000000000, 0.8660254037844387100, 1.000000000000000000, 0.8660254037844387100, 1.000000000000000000, 0.8660254037844387100, 1.000000000000000000, 0.8660254037844387100, 1.000000000000000000, 0.8660254037844387100, 1.000000000000000000, 0.8660254037844387100, 1.000000000000000000, 0.8660254037844387100, 1.000000000000000000, 0.8660254037844387100, 1.000000000000000000, 0.8660254037844387100, 1.000000000000000000, 0.8660254037844387100, 1.000000000000000000, 0.8660254037844387100, 1.000000000000000000, 0.8660254037844387100, 1.000000000000000000, 0.8660254037844387100, 1.000000000000000000, 0.8660254037844387100, 1.000000000000000000, 0.8660254037844387100, 1.000000000000000000, 0.8660254037844387100, 1.000000000000000000, 0.8660254037844387100, 1.000000000000000000, 0.8660254037844387100, 1.000000000000000000, 0.8660254037844387100, 1.000000000000000000, 0.8660254037844387100, 1.000000000000000000, 0.8660254037844387100, 1.000000000000000000, 0.8660254037844387100, 1.000000000000000000, 0.8660254037844387100, 1.000000000000000000, 0.8660254037844387100, 1.000000000000000000, 0.8660254037844387100, 1.000000000000000000, 0.8660254037844387100, 1.000000000000000000, 0.8660254037844387100, 1.000000000000000000, 0.8660254037844387100, 1.000000000000000000, 0.8660254037844387100, 1.000000000000000000, 0.8660254037844387100, 1.000000000000000000, 0.8660254037844387100, 1.000000000000000000, 0.8660254037844387100, 1.000000000000000000, 0.8660254037844387100, 1.000000000000000000, 0.8660254037844387100, 1.000000000000000000, 0.8660254037844387100, 1.000000000000000000, 0.8660254037844387100, 1.000000000000000000, 0.8660254037844387100, 1.000000000000000000, 0.8660254037844387100, 1.000000000000000000, 0.8660254037844387100, 1.000000000000000000, 0.8660254037844387100, 1.000000000000000000, 0.8660254037844387100, 1.000000000000000000, 0.8660254037844387100, 1.000000000000000000, 0.8660254037844387100, 1.000000000000000000, 0.8660254037844387100, 1.000000000000000000, 0.8660254037844387100, 1.000000000000000000, 0.8660254037844387100, 1.000000000000000000, 0.8660254037844387100, 1.000000000000000000, 0.8660254037844387100, 1.000000000000000000, 0.8660254037844387100, 1.000000000000000000, 0.8660254037844387100, 1.000000000000000000, 0.8660254037844387100, 1.000000000000000000, 0.8660254037844387100, 1.000000000000000000, 0.8660254037844387100, 1.000000000000000000, 0.8660254037844387100, 1.000000000000000000, 0.8660254037844387100, 1.000000000000000000, 0.8660254037844387100, 1.000000000000000000, 0.8660254037844387100, 1.000000000000000000, 0.8660254037844387100, 1.000000000000000000, 0.8660254037844387100, 1.000000000000000000, 0.8660254037844387100, 1.000000000000000000, 0.8660254037844387100, 1.000000000000000000, 0.8660254037844387100, 1.000000000000000000, 0.8660254037844387100, 1.000000000000000000, 0.8660254037844387100, 1.000000000000000000, 0.8660254037844387100, 1.000000000000000000, 0.8660254037844387100, 1.000000000000000000, 0.8660254037844387100, 1.000000000000000000, 0.8660254037844387100, 1.000000000000000000, 0.8660254037844387100, 1.000000000000000000, 0.8660254037844387100, 1.000000000000000000, 0.8660254037844387100, 1.000000000000000000, 0.8660254037844387100, 1.000000000000000000, 0.8660254037844387100, 1.000000000000000000) ) ) 
 REPRESENTATION_ITEM ( '' )  SURFACE ( )  );
#164 = CARTESIAN_POINT ( 'NONE',  ( -0.04849742261192793700, 0.3795833333333325000, 0.02800000000000109700 ) ) ;
#165 = CARTESIAN_POINT ( 'NONE',  ( 0.06466323014923809600, 0.02437499999999998000, -1.187805037491535100E-017 ) ) ;
#166 = CARTESIAN_POINT ( 'NONE',  ( 0.04849742261192855500, 0.02333333333333331700, -0.02800000000000002800 ) ) ;
#167 = CARTESIAN_POINT ( 'NONE',  ( 0.03233161507461902700, 0.02229166666666665100, -0.05600000000000000100 ) ) ;
#168 = CARTESIAN_POINT ( 'NONE',  ( 0.03233161507461907600, 0.02645833333333330900, 0.05599999999999998700 ) ) ;
#169 = CARTESIAN_POINT ( 'NONE',  ( -0.06466323014923809600, 0.05562499999999991100, 3.959350124971783400E-018 ) ) ;
#170 = CARTESIAN_POINT ( 'NONE',  ( -0.04849742261192856200, 0.05458333333333324800, 0.02800000000000000800 ) ) ;
#171 = CARTESIAN_POINT ( 'NONE',  ( -0.03233161507461903400, 0.05354166666666658500, 0.05600000000000000100 ) ) ;
#172 = CARTESIAN_POINT ( 'NONE',  ( 0.0000000000000000000, 0.05249999999999991500, 0.05600000000000000800 ) ) ;
#173 = CARTESIAN_POINT ( 'NONE',  ( 0.03233161507461907600, 0.05145833333333325900, 0.05599999999999998700 ) ) ;
#174 = CARTESIAN_POINT ( 'NONE',  ( 0.04849742261192858900, 0.05041666666666658900, 0.02799999999999996600 ) ) ;
#175 = CARTESIAN_POINT ( 'NONE',  ( -0.06466323014923809600, 0.1181249999999997900, 3.959350124971783400E-018 ) ) ;
#176 = CARTESIAN_POINT ( 'NONE',  ( -0.04849742261192856200, 0.1170833333333331200, 0.02800000000000000800 ) ) ;
#177 = CARTESIAN_POINT ( 'NONE',  ( -0.03233161507461903400, 0.1160416666666664200, 0.05600000000000000100 ) ) ;
#178 = CARTESIAN_POINT ( 'NONE',  ( 0.0000000000000000000, 0.1149999999999997700, 0.05600000000000000800 ) ) ;
#179 = CARTESIAN_POINT ( 'NONE',  ( 0.03233161507461907600, 0.1139583333333331100, 0.05599999999999998700 ) ) ;
#180 = CARTESIAN_POINT ( 'NONE',  ( 0.04849742261192858900, 0.1129166666666664400, 0.02799999999999996600 ) ) ;
#181 = CARTESIAN_POINT ( 'NONE',  ( 0.06466323014923809600, 0.1118749999999997800, -1.187805037491535100E-017 ) ) ;
#182 = CARTESIAN_POINT ( 'NONE',  ( 0.04849742261192855500, 0.1108333333333331200, -0.02800000000000002800 ) ) ;
#183 = CARTESIAN_POINT ( 'NONE',  ( 0.03233161507461902700, 0.1097916666666664700, -0.05600000000000000100 ) ) ;
#184 = CARTESIAN_POINT ( 'NONE',  ( -6.857795581405312900E-018, 0.1087499999999997900, -0.05600000000000000800 ) ) ;
#185 = CARTESIAN_POINT ( 'NONE',  ( -0.03233161507461906900, 0.1077083333333331300, -0.05599999999999998700 ) ) ;
#186 = CARTESIAN_POINT ( 'NONE',  ( -0.04849742261192856900, 0.1066666666666664800, -0.02799999999999999000 ) ) ;
#187 = CARTESIAN_POINT ( 'NONE',  ( -0.06466323014923809600, 0.1681249999999996600, 3.959350124971783400E-018 ) ) ;
#188 = CARTESIAN_POINT ( 'NONE',  ( -0.04849742261192856200, 0.1670833333333330000, 0.02800000000000000800 ) ) ;
#189 = CARTESIAN_POINT ( 'NONE',  ( -0.03233161507461903400, 0.1660416666666663700, 0.05600000000000000100 ) ) ;
#190 = CARTESIAN_POINT ( 'NONE',  ( 0.0000000000000000000, 0.1649999999999996700, 0.05600000000000000800 ) ) ;
#191 = CARTESIAN_POINT ( 'NONE',  ( 0.03233161507461907600, 0.1639583333333330100, 0.05599999999999998700 ) ) ;
#192 = CARTESIAN_POINT ( 'NONE',  ( 0.04849742261192858900, 0.1629166666666663500, 0.02799999999999996600 ) ) ;
#193 = CARTESIAN_POINT ( 'NONE',  ( 0.06466323014923809600, 0.1618749999999996600, -1.187805037491535100E-017 ) ) ;
#194 = CARTESIAN_POINT ( 'NONE',  ( 0.04849742261192855500, 0.1608333333333330000, -0.02800000000000002800 ) ) ;
#195 = CARTESIAN_POINT ( 'NONE',  ( 0.03233161507461902700, 0.1597916666666663300, -0.05600000000000000100 ) ) ;
#196 = CARTESIAN_POINT ( 'NONE',  ( -6.857795581405312900E-018, 0.1587499999999996700, -0.05600000000000000800 ) ) ;
#197 = CARTESIAN_POINT ( 'NONE',  ( -0.03233161507461906900, 0.1577083333333330100, -0.05599999999999998700 ) ) ;
#198 = CARTESIAN_POINT ( 'NONE',  ( -0.04849742261192856900, 0.1566666666666663400, -0.02799999999999999000 ) ) ;
#199 = CARTESIAN_POINT ( 'NONE',  ( -0.06466323014923809600, 0.1556249999999996800, 3.959350124971783400E-018 ) ) ;
#200 = CARTESIAN_POINT ( 'NONE',  ( -0.04849742261192856200, 0.1545833333333330200, 0.02800000000000000800 ) ) ;
#201 = CARTESIAN_POINT ( 'NONE',  ( -0.03233161507461903400, 0.1535416666666663500, 0.05600000000000000100 ) ) ;
#202 = CARTESIAN_POINT ( 'NONE',  ( 0.0000000000000000000, 0.1524999999999996900, 0.05600000000000000800 ) ) ;
#203 = CARTESIAN_POINT ( 'NONE',  ( 0.03233161507461907600, 0.1514583333333330300, 0.05599999999999998700 ) ) ;
#204 = CARTESIAN_POINT ( 'NONE',  ( 0.04849742261192858900, 0.1504166666666663400, 0.02799999999999996600 ) ) ;
#205 = CARTESIAN_POINT ( 'NONE',  ( 0.06466323014923809600, 0.1493749999999996700, -1.187805037491535100E-017 ) ) ;
#206 = CARTESIAN_POINT ( 'NONE',  ( -0.04849742261192856200, 0.02958333333333330200, 0.02800000000000000800 ) ) ;
#207 = CARTESIAN_POINT ( 'NONE',  ( -0.06466323014923809600, 0.1056249999999998200, 3.959350124971783400E-018 ) ) ;
#208 = CARTESIAN_POINT ( 'NONE',  ( -0.04849742261192856200, 0.1045833333333331100, 0.02800000000000000800 ) ) ;
#209 = CARTESIAN_POINT ( 'NONE',  ( -0.03233161507461903400, 0.1035416666666664500, 0.05600000000000000100 ) ) ;
#210 = CARTESIAN_POINT ( 'NONE',  ( 0.0000000000000000000, 0.1024999999999998000, 0.05600000000000000800 ) ) ;
#211 = CARTESIAN_POINT ( 'NONE',  ( 0.03233161507461907600, 0.1014583333333331400, 0.05599999999999998700 ) ) ;
#212 = CARTESIAN_POINT ( 'NONE',  ( 0.04849742261192858900, 0.1004166666666664700, 0.02799999999999996600 ) ) ;
#213 = CARTESIAN_POINT ( 'NONE',  ( 0.06466323014923809600, 0.09937499999999981100, -1.187805037491535100E-017 ) ) ;
#214 = CARTESIAN_POINT ( 'NONE',  ( 0.04849742261192855500, 0.09833333333333314800, -0.02800000000000002800 ) ) ;
#215 = CARTESIAN_POINT ( 'NONE',  ( 0.03233161507461902700, 0.09729166666666649900, -0.05600000000000000100 ) ) ;
#216 = CARTESIAN_POINT ( 'NONE',  ( -6.857795581405312900E-018, 0.09624999999999982200, -0.05600000000000000800 ) ) ;
#217 = CARTESIAN_POINT ( 'NONE',  ( -0.03233161507461906900, 0.09520833333333315900, -0.05599999999999998700 ) ) ;
#218 = CARTESIAN_POINT ( 'NONE',  ( 0.0000000000000000000, 0.02749999999999997200, 0.05600000000000000800 ) ) ;
#219 = CARTESIAN_POINT ( 'NONE',  ( -0.06466323014923809600, 0.03062499999999996500, 3.959350124971783400E-018 ) ) ;
#220 = CARTESIAN_POINT ( 'NONE',  ( 0.04849742261192858900, 0.03791666666666661900, 0.02799999999999996600 ) ) ;
#221 = CARTESIAN_POINT ( 'NONE',  ( 0.06466323014923809600, 0.03687499999999994900, -1.187805037491535100E-017 ) ) ;
#222 = CARTESIAN_POINT ( 'NONE',  ( 0.04849742261192855500, 0.03583333333333328700, -0.02800000000000002800 ) ) ;
#223 = CARTESIAN_POINT ( 'NONE',  ( 0.03233161507461902700, 0.03479166666666662400, -0.05600000000000000100 ) ) ;
#224 = CARTESIAN_POINT ( 'NONE',  ( -6.857795581405312900E-018, 0.03374999999999996100, -0.05600000000000000800 ) ) ;
#225 = CARTESIAN_POINT ( 'NONE',  ( -0.04849742261192856900, 0.04416666666666660400, -0.02799999999999999000 ) ) ;
#226 = CARTESIAN_POINT ( 'NONE',  ( -0.06466323014923809600, 0.04312499999999993400, 3.959350124971783400E-018 ) ) ;
#227 = CARTESIAN_POINT ( 'NONE',  ( -0.04849742261192856200, 0.04208333333333327100, 0.02800000000000000800 ) ) ;
#228 = CARTESIAN_POINT ( 'NONE',  ( -0.03233161507461903400, 0.04104166666666660800, 0.05600000000000000100 ) ) ;
#229 = CARTESIAN_POINT ( 'NONE',  ( 0.0000000000000000000, 0.03999999999999995200, 0.05600000000000000800 ) ) ;
#230 = CARTESIAN_POINT ( 'NONE',  ( 0.03233161507461907600, 0.03895833333333328900, 0.05599999999999998700 ) ) ;
#231 = CARTESIAN_POINT ( 'NONE',  ( -0.06466323014923809600, 0.1306249999999997400, 3.959350124971783400E-018 ) ) ;
#232 = CARTESIAN_POINT ( 'NONE',  ( -0.04849742261192856200, 0.1295833333333330800, 0.02800000000000000800 ) ) ;
#233 = CARTESIAN_POINT ( 'NONE',  ( -0.03233161507461903400, 0.1285416666666664200, 0.05600000000000000100 ) ) ;
#234 = CARTESIAN_POINT ( 'NONE',  ( 0.0000000000000000000, 0.1274999999999997200, 0.05600000000000000800 ) ) ;
#235 = CARTESIAN_POINT ( 'NONE',  ( 0.03233161507461907600, 0.1264583333333330900, 0.05599999999999998700 ) ) ;
#236 = CARTESIAN_POINT ( 'NONE',  ( 0.04849742261192858900, 0.1254166666666664000, 0.02799999999999996600 ) ) ;
#237 = CARTESIAN_POINT ( 'NONE',  ( 0.06466323014923809600, 0.1243749999999997600, -1.187805037491535100E-017 ) ) ;
#238 = CARTESIAN_POINT ( 'NONE',  ( 0.04849742261192855500, 0.1233333333333330900, -0.02800000000000002800 ) ) ;
#239 = CARTESIAN_POINT ( 'NONE',  ( 0.03233161507461902700, 0.1222916666666664200, -0.05600000000000000100 ) ) ;
#240 = CARTESIAN_POINT ( 'NONE',  ( -6.857795581405312900E-018, 0.1212499999999997600, -0.05600000000000000800 ) ) ;
#241 = CARTESIAN_POINT ( 'NONE',  ( -0.03233161507461906900, 0.1202083333333331000, -0.05599999999999998700 ) ) ;
#242 = CARTESIAN_POINT ( 'NONE',  ( -0.04849742261192856900, 0.1191666666666664500, -0.02799999999999999000 ) ) ;
#243 = CARTESIAN_POINT ( 'NONE',  ( -6.857795581405312900E-018, 0.07124999999999986900, -0.05600000000000000800 ) ) ;
#244 = CARTESIAN_POINT ( 'NONE',  ( -0.03233161507461906900, 0.07020833333333320600, -0.05599999999999998700 ) ) ;
#245 = CARTESIAN_POINT ( 'NONE',  ( -0.04849742261192856900, 0.06916666666666654300, -0.02799999999999999000 ) ) ;
#246 = CARTESIAN_POINT ( 'NONE',  ( -0.06466323014923809600, 0.06812499999999988000, 3.959350124971783400E-018 ) ) ;
#247 = CARTESIAN_POINT ( 'NONE',  ( -0.04849742261192856200, 0.06708333333333321700, 0.02800000000000000800 ) ) ;
#248 = CARTESIAN_POINT ( 'NONE',  ( -0.03233161507461903400, 0.06604166666666655400, 0.05600000000000000100 ) ) ;
#249 = CARTESIAN_POINT ( 'NONE',  ( 0.0000000000000000000, 0.06499999999999989100, 0.05600000000000000800 ) ) ;
#250 = CARTESIAN_POINT ( 'NONE',  ( 0.03233161507461907600, 0.06395833333333322800, 0.05599999999999998700 ) ) ;
#251 = CARTESIAN_POINT ( 'NONE',  ( -0.03233161507461903400, 0.02854166666666663900, 0.05600000000000000100 ) ) ;
#252 = CARTESIAN_POINT ( 'NONE',  ( 0.04849742261192858900, 0.06291666666666656500, 0.02799999999999996600 ) ) ;
#253 = CARTESIAN_POINT ( 'NONE',  ( 0.06466323014923809600, 0.06187499999999990200, -1.187805037491535100E-017 ) ) ;
#254 = CARTESIAN_POINT ( 'NONE',  ( 0.04849742261192855500, 0.06083333333333323200, -0.02800000000000002800 ) ) ;
#255 = CARTESIAN_POINT ( 'NONE',  ( 0.03233161507461902700, 0.05979166666666656200, -0.05600000000000000100 ) ) ;
#256 = CARTESIAN_POINT ( 'NONE',  ( -6.857795581405312900E-018, 0.05874999999999990000, -0.05600000000000000800 ) ) ;
#257 = CARTESIAN_POINT ( 'NONE',  ( -0.03233161507461906900, 0.05770833333333325000, -0.05599999999999998700 ) ) ;
#258 = CARTESIAN_POINT ( 'NONE',  ( -0.04849742261192856900, 0.05666666666666657400, -0.02799999999999999000 ) ) ;
#259 = CARTESIAN_POINT ( 'NONE',  ( 0.06466323014923809600, 0.1868749999999996200, -1.187805037491535100E-017 ) ) ;
#260 = CARTESIAN_POINT ( 'NONE',  ( 0.04849742261192855500, 0.1858333333333329600, -0.02800000000000002800 ) ) ;
#261 = CARTESIAN_POINT ( 'NONE',  ( 0.03233161507461902700, 0.1847916666666663300, -0.05600000000000000100 ) ) ;
#262 = CARTESIAN_POINT ( 'NONE',  ( -6.857795581405312900E-018, 0.1837499999999996400, -0.05600000000000000800 ) ) ;
#263 = CARTESIAN_POINT ( 'NONE',  ( -0.03233161507461906900, 0.1827083333333329700, -0.05599999999999998700 ) ) ;
#264 = CARTESIAN_POINT ( 'NONE',  ( -0.04849742261192856900, 0.1816666666666662800, -0.02799999999999999000 ) ) ;
#265 = CARTESIAN_POINT ( 'NONE',  ( -0.06466323014923809600, 0.1806249999999996500, 3.959350124971783400E-018 ) ) ;
#266 = CARTESIAN_POINT ( 'NONE',  ( -0.04849742261192856200, 0.1795833333333329600, 0.02800000000000000800 ) ) ;
#267 = CARTESIAN_POINT ( 'NONE',  ( -0.03233161507461903400, 0.1785416666666662900, 0.05600000000000000100 ) ) ;
#268 = CARTESIAN_POINT ( 'NONE',  ( 0.0000000000000000000, 0.1774999999999996300, 0.05600000000000000800 ) ) ;
#269 = CARTESIAN_POINT ( 'NONE',  ( 0.03233161507461907600, 0.1764583333333330000, 0.05599999999999998700 ) ) ;
#270 = CARTESIAN_POINT ( 'NONE',  ( 0.04849742261192858900, 0.1754166666666663300, 0.02799999999999996600 ) ) ;
#271 = CARTESIAN_POINT ( 'NONE',  ( 0.06466323014923809600, 0.1743749999999996700, -1.187805037491535100E-017 ) ) ;
#272 = CARTESIAN_POINT ( 'NONE',  ( 0.04849742261192855500, 0.1733333333333330100, -0.02800000000000002800 ) ) ;
#273 = CARTESIAN_POINT ( 'NONE',  ( 0.03233161507461902700, 0.1722916666666663400, -0.05600000000000000100 ) ) ;
#274 = CARTESIAN_POINT ( 'NONE',  ( -6.857795581405312900E-018, 0.1712499999999996500, -0.05600000000000000800 ) ) ;
#275 = CARTESIAN_POINT ( 'NONE',  ( -0.03233161507461906900, 0.1702083333333329600, -0.05599999999999998700 ) ) ;
#276 = CARTESIAN_POINT ( 'NONE',  ( -0.04849742261192856900, 0.1691666666666663300, -0.02799999999999999000 ) ) ;
#277 = CARTESIAN_POINT ( 'NONE',  ( -0.03233161507461906900, 0.08270833333333317500, -0.05599999999999998700 ) ) ;
#278 = CARTESIAN_POINT ( 'NONE',  ( -0.04849742261192856900, 0.08166666666666651300, -0.02799999999999999000 ) ) ;
#279 = CARTESIAN_POINT ( 'NONE',  ( -0.06466323014923809600, 0.08062499999999985000, 3.959350124971783400E-018 ) ) ;
#280 = CARTESIAN_POINT ( 'NONE',  ( -0.04849742261192856200, 0.07958333333333317300, 0.02800000000000000800 ) ) ;
#281 = CARTESIAN_POINT ( 'NONE',  ( -0.03233161507461903400, 0.07854166666666651000, 0.05600000000000000100 ) ) ;
#282 = CARTESIAN_POINT ( 'NONE',  ( 0.0000000000000000000, 0.07749999999999986100, 0.05600000000000000800 ) ) ;
#283 = CARTESIAN_POINT ( 'NONE',  ( 0.03233161507461907600, 0.07645833333333319800, 0.05599999999999998700 ) ) ;
#284 = CARTESIAN_POINT ( 'NONE',  ( 0.04849742261192858900, 0.07541666666666653500, 0.02799999999999996600 ) ) ;
#285 = CARTESIAN_POINT ( 'NONE',  ( 0.06466323014923809600, 0.07437499999999987200, -1.187805037491535100E-017 ) ) ;
#286 = CARTESIAN_POINT ( 'NONE',  ( 0.04849742261192855500, 0.07333333333333320900, -0.02800000000000002800 ) ) ;
#287 = CARTESIAN_POINT ( 'NONE',  ( 0.03233161507461902700, 0.07229166666666653200, -0.05600000000000000100 ) ) ;
#288 = CARTESIAN_POINT ( 'NONE',  ( -0.03233161507461906900, 0.03270833333333329800, -0.05599999999999998700 ) ) ;
#289 = CARTESIAN_POINT ( 'NONE',  ( -0.04849742261192856900, 0.03166666666666663500, -0.02799999999999999000 ) ) ;
#290 = CARTESIAN_POINT ( 'NONE',  ( 0.06466323014923809600, 0.04937499999999993300, -1.187805037491535100E-017 ) ) ;
#291 = CARTESIAN_POINT ( 'NONE',  ( 0.04849742261192855500, 0.04833333333333325600, -0.02800000000000002800 ) ) ;
#292 = CARTESIAN_POINT ( 'NONE',  ( 0.03233161507461902700, 0.04729166666666659300, -0.05600000000000000100 ) ) ;
#293 = CARTESIAN_POINT ( 'NONE',  ( -6.857795581405312900E-018, 0.04624999999999993700, -0.05600000000000000800 ) ) ;
#294 = CARTESIAN_POINT ( 'NONE',  ( -0.03233161507461906900, 0.04520833333333328100, -0.05599999999999998700 ) ) ;
#295 = CARTESIAN_POINT ( 'NONE',  ( 0.04849742261192855500, 0.1483333333333330400, -0.02800000000000002800 ) ) ;
#296 = CARTESIAN_POINT ( 'NONE',  ( 0.03233161507461902700, 0.1472916666666663500, -0.05600000000000000100 ) ) ;
#297 = CARTESIAN_POINT ( 'NONE',  ( -6.857795581405312900E-018, 0.1462499999999997100, -0.05600000000000000800 ) ) ;
#298 = CARTESIAN_POINT ( 'NONE',  ( -0.03233161507461906900, 0.1452083333333330500, -0.05599999999999998700 ) ) ;
#299 = CARTESIAN_POINT ( 'NONE',  ( -0.04849742261192856900, 0.1441666666666663900, -0.02799999999999999000 ) ) ;
#300 = CARTESIAN_POINT ( 'NONE',  ( -0.06466323014923809600, 0.1431249999999997200, 3.959350124971783400E-018 ) ) ;
#301 = CARTESIAN_POINT ( 'NONE',  ( -0.04849742261192856200, 0.1420833333333330600, 0.02800000000000000800 ) ) ;
#302 = CARTESIAN_POINT ( 'NONE',  ( -0.03233161507461903400, 0.1410416666666664000, 0.05600000000000000100 ) ) ;
#303 = CARTESIAN_POINT ( 'NONE',  ( 0.0000000000000000000, 0.1399999999999997400, 0.05600000000000000800 ) ) ;
#304 = CARTESIAN_POINT ( 'NONE',  ( 0.03233161507461907600, 0.1389583333333330500, 0.05599999999999998700 ) ) ;
#305 = CARTESIAN_POINT ( 'NONE',  ( 0.04849742261192858900, 0.1379166666666663800, 0.02799999999999996600 ) ) ;
#306 = CARTESIAN_POINT ( 'NONE',  ( 0.06466323014923809600, 0.1368749999999996900, -1.187805037491535100E-017 ) ) ;
#307 = CARTESIAN_POINT ( 'NONE',  ( 0.04849742261192855500, 0.1358333333333330600, -0.02800000000000002800 ) ) ;
#308 = CARTESIAN_POINT ( 'NONE',  ( 0.03233161507461902700, 0.1347916666666664200, -0.05600000000000000100 ) ) ;
#309 = CARTESIAN_POINT ( 'NONE',  ( -6.857795581405312900E-018, 0.1337499999999997300, -0.05600000000000000800 ) ) ;
#310 = CARTESIAN_POINT ( 'NONE',  ( -0.03233161507461906900, 0.1327083333333330700, -0.05599999999999998700 ) ) ;
#311 = CARTESIAN_POINT ( 'NONE',  ( -0.04849742261192856900, 0.1316666666666664000, -0.02799999999999999000 ) ) ;
#312 = CARTESIAN_POINT ( 'NONE',  ( -0.04849742261192856900, 0.09416666666666651000, -0.02799999999999999000 ) ) ;
#313 = CARTESIAN_POINT ( 'NONE',  ( -0.06466323014923809600, 0.09312499999999981900, 3.959350124971783400E-018 ) ) ;
#314 = CARTESIAN_POINT ( 'NONE',  ( -0.04849742261192856200, 0.09208333333333314200, 0.02800000000000000800 ) ) ;
#315 = CARTESIAN_POINT ( 'NONE',  ( -0.03233161507461903400, 0.09104166666666649300, 0.05600000000000000100 ) ) ;
#316 = CARTESIAN_POINT ( 'NONE',  ( 0.0000000000000000000, 0.08999999999999983000, 0.05600000000000000800 ) ) ;
#317 = CARTESIAN_POINT ( 'NONE',  ( 0.03233161507461907600, 0.08895833333333315300, 0.05599999999999998700 ) ) ;
#318 = CARTESIAN_POINT ( 'NONE',  ( 0.04849742261192858900, 0.08791666666666650400, 0.02799999999999996600 ) ) ;
#319 = CARTESIAN_POINT ( 'NONE',  ( 0.06466323014923809600, 0.08687499999999985500, -1.187805037491535100E-017 ) ) ;
#320 = CARTESIAN_POINT ( 'NONE',  ( 0.04849742261192855500, 0.08583333333333317800, -0.02800000000000002800 ) ) ;
#321 = CARTESIAN_POINT ( 'NONE',  ( 0.03233161507461902700, 0.08479166666666651500, -0.05600000000000000100 ) ) ;
#322 = CARTESIAN_POINT ( 'NONE',  ( -6.857795581405312900E-018, 0.08374999999999985200, -0.05600000000000000800 ) ) ;
#323 = CARTESIAN_POINT ( 'NONE',  ( 0.03233161507461907600, 0.2014583333333329300, 0.05599999999999998700 ) ) ;
#324 = CARTESIAN_POINT ( 'NONE',  ( -0.03233161507461906900, 0.1952083333333329600, -0.05599999999999998700 ) ) ;
#325 = CARTESIAN_POINT ( 'NONE',  ( -0.04849742261192856900, 0.1941666666666662700, -0.02799999999999999000 ) ) ;
#326 = CARTESIAN_POINT ( 'NONE',  ( -6.857795581405312900E-018, 0.1962499999999996200, -0.05600000000000000800 ) ) ;
#327 = CARTESIAN_POINT ( 'NONE',  ( -0.04849742261192856200, 0.2045833333333329000, 0.02800000000000000800 ) ) ;
#328 = CARTESIAN_POINT ( 'NONE',  ( -0.03233161507461903400, 0.2035416666666662300, 0.05600000000000000100 ) ) ;
#329 = CARTESIAN_POINT ( 'NONE',  ( 0.04849742261192855500, 0.1983333333333329500, -0.02800000000000002800 ) ) ;
#330 = CARTESIAN_POINT ( 'NONE',  ( -0.06466323014923809600, 0.2056249999999995600, 3.959350124971783400E-018 ) ) ;
#331 = CARTESIAN_POINT ( 'NONE',  ( -6.857795581405312900E-018, 0.2087499999999995700, -0.05600000000000000800 ) ) ;
#332 = CARTESIAN_POINT ( 'NONE',  ( -0.03233161507461906900, 0.2077083333333329100, -0.05599999999999998700 ) ) ;
#333 = CARTESIAN_POINT ( 'NONE',  ( 0.03233161507461902700, 0.1972916666666662800, -0.05600000000000000100 ) ) ;
#334 = CARTESIAN_POINT ( 'NONE',  ( 0.04849742261192855500, 0.2233333333333328800, -0.02800000000000002800 ) ) ;
#335 = CARTESIAN_POINT ( 'NONE',  ( 0.03233161507461902700, 0.2222916666666662500, -0.05600000000000000100 ) ) ;
#336 = CARTESIAN_POINT ( 'NONE',  ( -6.857795581405312900E-018, 0.2212499999999995600, -0.05600000000000000800 ) ) ;
#337 = CARTESIAN_POINT ( 'NONE',  ( -0.06466323014923809600, 0.2181249999999996000, 3.959350124971783400E-018 ) ) ;
#338 = CARTESIAN_POINT ( 'NONE',  ( -0.04849742261192856200, 0.2170833333333328800, 0.02800000000000000800 ) ) ;
#339 = CARTESIAN_POINT ( 'NONE',  ( 0.06466323014923809600, 0.2118749999999995600, -1.187805037491535100E-017 ) ) ;
#340 = CARTESIAN_POINT ( 'NONE',  ( 0.04849742261192855500, 0.2108333333333329000, -0.02800000000000002800 ) ) ;
#341 = CARTESIAN_POINT ( 'NONE',  ( -0.06466323014923809600, 0.1931249999999995700, 3.959350124971783400E-018 ) ) ;
#342 = CARTESIAN_POINT ( 'NONE',  ( -0.03233161507461903400, 0.1910416666666662500, 0.05600000000000000100 ) ) ;
#343 = CARTESIAN_POINT ( 'NONE',  ( 0.03233161507461907600, 0.1889583333333329500, 0.05599999999999998700 ) ) ;
#344 = CARTESIAN_POINT ( 'NONE',  ( 0.03233161507461907600, 0.2264583333333328500, 0.05599999999999998700 ) ) ;
#345 = CARTESIAN_POINT ( 'NONE',  ( 0.04849742261192858900, 0.2254166666666662100, 0.02799999999999996600 ) ) ;
#346 = CARTESIAN_POINT ( 'NONE',  ( 0.06466323014923809600, 0.2243749999999995200, -1.187805037491535100E-017 ) ) ;
#347 = CARTESIAN_POINT ( 'NONE',  ( -0.04849742261192856900, 0.2066666666666662500, -0.02799999999999999000 ) ) ;
#348 = CARTESIAN_POINT ( 'NONE',  ( 0.0000000000000000000, 0.2024999999999995700, 0.05600000000000000800 ) ) ;
#349 = CARTESIAN_POINT ( 'NONE',  ( 0.0000000000000000000, 0.1899999999999996100, 0.05600000000000000800 ) ) ;
#350 = CARTESIAN_POINT ( 'NONE',  ( 0.04849742261192858900, 0.2379166666666661700, 0.02799999999999996600 ) ) ;
#351 = CARTESIAN_POINT ( 'NONE',  ( 0.06466323014923809600, 0.2368749999999995300, -1.187805037491535100E-017 ) ) ;
#352 = CARTESIAN_POINT ( 'NONE',  ( 0.04849742261192855500, 0.2358333333333328400, -0.02800000000000002800 ) ) ;
#353 = CARTESIAN_POINT ( 'NONE',  ( 0.03233161507461902700, 0.2347916666666662000, -0.05600000000000000100 ) ) ;
#354 = CARTESIAN_POINT ( 'NONE',  ( 0.03233161507461902700, 0.2097916666666662400, -0.05600000000000000100 ) ) ;
#355 = CARTESIAN_POINT ( 'NONE',  ( -0.04849742261192856200, 0.1920833333333329400, 0.02800000000000000800 ) ) ;
#356 = CARTESIAN_POINT ( 'NONE',  ( -0.03233161507461903400, 0.2160416666666662200, 0.05600000000000000100 ) ) ;
#357 = CARTESIAN_POINT ( 'NONE',  ( 0.0000000000000000000, 0.2149999999999995500, 0.05600000000000000800 ) ) ;
#358 = CARTESIAN_POINT ( 'NONE',  ( -0.06466323014923809600, 0.2681249999999994500, 3.959350124971783400E-018 ) ) ;
#359 = CARTESIAN_POINT ( 'NONE',  ( -0.04849742261192856200, 0.2670833333333327800, 0.02800000000000000800 ) ) ;
#360 = CARTESIAN_POINT ( 'NONE',  ( -0.03233161507461903400, 0.2660416666666661200, 0.05600000000000000100 ) ) ;
#361 = CARTESIAN_POINT ( 'NONE',  ( 0.0000000000000000000, 0.2649999999999994600, 0.05600000000000000800 ) ) ;
#362 = CARTESIAN_POINT ( 'NONE',  ( 0.03233161507461907600, 0.2639583333333328000, 0.05599999999999998700 ) ) ;
#363 = CARTESIAN_POINT ( 'NONE',  ( 0.04849742261192858900, 0.2629166666666661300, 0.02799999999999996600 ) ) ;
#364 = CARTESIAN_POINT ( 'NONE',  ( 0.06466323014923809600, 0.2618749999999994700, -1.187805037491535100E-017 ) ) ;
#365 = CARTESIAN_POINT ( 'NONE',  ( 0.04849742261192855500, 0.2608333333333328100, -0.02800000000000002800 ) ) ;
#366 = CARTESIAN_POINT ( 'NONE',  ( 0.03233161507461902700, 0.2597916666666660900, -0.05600000000000000100 ) ) ;
#367 = CARTESIAN_POINT ( 'NONE',  ( -6.857795581405312900E-018, 0.2587499999999994800, -0.05600000000000000800 ) ) ;
#368 = CARTESIAN_POINT ( 'NONE',  ( -0.03233161507461906900, 0.2577083333333327600, -0.05599999999999998700 ) ) ;
#369 = CARTESIAN_POINT ( 'NONE',  ( -0.04849742261192856900, 0.2566666666666661500, -0.02799999999999999000 ) ) ;
#370 = CARTESIAN_POINT ( 'NONE',  ( -0.06466323014923809600, 0.2556249999999994900, 3.959350124971783400E-018 ) ) ;
#371 = CARTESIAN_POINT ( 'NONE',  ( -0.03233161507461906900, 0.2202083333333329500, -0.05599999999999998700 ) ) ;
#372 = CARTESIAN_POINT ( 'NONE',  ( -0.04849742261192856900, 0.2191666666666662300, -0.02799999999999999000 ) ) ;
#373 = CARTESIAN_POINT ( 'NONE',  ( 0.03233161507461902700, 0.3347916666666659300, -0.05600000000000000100 ) ) ;
#374 = CARTESIAN_POINT ( 'NONE',  ( -6.857795581405312900E-018, 0.3337499999999992700, -0.05600000000000000800 ) ) ;
#375 = CARTESIAN_POINT ( 'NONE',  ( -0.03233161507461906900, 0.3327083333333326100, -0.05599999999999998700 ) ) ;
#376 = CARTESIAN_POINT ( 'NONE',  ( -0.04849742261192856900, 0.3316666666666659400, -0.02799999999999999000 ) ) ;
#377 = CARTESIAN_POINT ( 'NONE',  ( -0.06466323014923809600, 0.3306249999999992800, 3.959350124971783400E-018 ) ) ;
#378 = CARTESIAN_POINT ( 'NONE',  ( -0.04849742261192856200, 0.3295833333333326200, 0.02800000000000000800 ) ) ;
#379 = CARTESIAN_POINT ( 'NONE',  ( -0.03233161507461903400, 0.3285416666666659500, 0.05600000000000000100 ) ) ;
#380 = CARTESIAN_POINT ( 'NONE',  ( 0.0000000000000000000, 0.3274999999999992400, 0.05600000000000000800 ) ) ;
#381 = CARTESIAN_POINT ( 'NONE',  ( 0.03233161507461907600, 0.3264583333333325700, 0.05599999999999998700 ) ) ;
#382 = CARTESIAN_POINT ( 'NONE',  ( 0.04849742261192858900, 0.3254166666666659100, 0.02799999999999996600 ) ) ;
#383 = CARTESIAN_POINT ( 'NONE',  ( 0.06466323014923809600, 0.3243749999999992500, -1.187805037491535100E-017 ) ) ;
#384 = CARTESIAN_POINT ( 'NONE',  ( 0.04849742261192855500, 0.3233333333333325800, -0.02800000000000002800 ) ) ;
#385 = CARTESIAN_POINT ( 'NONE',  ( 0.03233161507461902700, 0.3222916666666660300, -0.05600000000000000100 ) ) ;
#386 = CARTESIAN_POINT ( 'NONE',  ( -6.857795581405312900E-018, 0.3212499999999992600, -0.05600000000000000800 ) ) ;
#387 = CARTESIAN_POINT ( 'NONE',  ( -0.03233161507461906900, 0.3202083333333326000, -0.05599999999999998700 ) ) ;
#388 = CARTESIAN_POINT ( 'NONE',  ( -0.04849742261192856900, 0.3191666666666659300, -0.02799999999999999000 ) ) ;
#389 = CARTESIAN_POINT ( 'NONE',  ( -0.06466323014923809600, 0.3181249999999993200, 3.959350124971783400E-018 ) ) ;
#390 = CARTESIAN_POINT ( 'NONE',  ( -0.04849742261192856200, 0.3170833333333326100, 0.02800000000000000800 ) ) ;
#391 = CARTESIAN_POINT ( 'NONE',  ( -0.03233161507461903400, 0.3160416666666660000, 0.05600000000000000100 ) ) ;
#392 = CARTESIAN_POINT ( 'NONE',  ( 0.0000000000000000000, 0.3149999999999992800, 0.05600000000000000800 ) ) ;
#393 = CARTESIAN_POINT ( 'NONE',  ( 0.03233161507461907600, 0.3139583333333326700, 0.05599999999999998700 ) ) ;
#394 = CARTESIAN_POINT ( 'NONE',  ( 0.04849742261192858900, 0.3129166666666659500, 0.02799999999999996600 ) ) ;
#395 = CARTESIAN_POINT ( 'NONE',  ( 0.06466323014923809600, 0.3118749999999993500, -1.187805037491535100E-017 ) ) ;
#396 = CARTESIAN_POINT ( 'NONE',  ( 0.04849742261192855500, 0.3108333333333326800, -0.02800000000000002800 ) ) ;
#397 = CARTESIAN_POINT ( 'NONE',  ( 0.03233161507461902700, 0.3097916666666660200, -0.05600000000000000100 ) ) ;
#398 = CARTESIAN_POINT ( 'NONE',  ( -6.857795581405312900E-018, 0.3087499999999993600, -0.05600000000000000800 ) ) ;
#399 = CARTESIAN_POINT ( 'NONE',  ( -0.03233161507461906900, 0.3077083333333326400, -0.05599999999999998700 ) ) ;
#400 = CARTESIAN_POINT ( 'NONE',  ( -0.04849742261192856900, 0.3066666666666660300, -0.02799999999999999000 ) ) ;
#401 = CARTESIAN_POINT ( 'NONE',  ( -0.06466323014923809600, 0.3056249999999993700, 3.959350124971783400E-018 ) ) ;
#402 = CARTESIAN_POINT ( 'NONE',  ( -0.04849742261192856200, 0.3045833333333327100, 0.02800000000000000800 ) ) ;
#403 = CARTESIAN_POINT ( 'NONE',  ( -0.03233161507461903400, 0.3035416666666660400, 0.05600000000000000100 ) ) ;
#404 = CARTESIAN_POINT ( 'NONE',  ( 0.0000000000000000000, 0.3024999999999993800, 0.05600000000000000800 ) ) ;
#405 = CARTESIAN_POINT ( 'NONE',  ( 0.03233161507461907600, 0.3014583333333327200, 0.05599999999999998700 ) ) ;
#406 = CARTESIAN_POINT ( 'NONE',  ( 0.04849742261192858900, 0.3004166666666660500, 0.02799999999999996600 ) ) ;
#407 = CARTESIAN_POINT ( 'NONE',  ( 0.06466323014923809600, 0.2993749999999993900, -1.187805037491535100E-017 ) ) ;
#408 = CARTESIAN_POINT ( 'NONE',  ( 0.04849742261192855500, 0.2983333333333326700, -0.02800000000000002800 ) ) ;
#409 = CARTESIAN_POINT ( 'NONE',  ( 0.03233161507461902700, 0.2972916666666660100, -0.05600000000000000100 ) ) ;
#410 = CARTESIAN_POINT ( 'NONE',  ( -6.857795581405312900E-018, 0.2962499999999993500, -0.05600000000000000800 ) ) ;
#411 = CARTESIAN_POINT ( 'NONE',  ( -0.03233161507461906900, 0.2952083333333326800, -0.05599999999999998700 ) ) ;
#412 = CARTESIAN_POINT ( 'NONE',  ( -0.04849742261192856900, 0.2941666666666660200, -0.02799999999999999000 ) ) ;
#413 = CARTESIAN_POINT ( 'NONE',  ( -0.06466323014923809600, 0.2931249999999993600, 3.959350124971783400E-018 ) ) ;
#414 = CARTESIAN_POINT ( 'NONE',  ( -0.04849742261192856200, 0.2920833333333327000, 0.02800000000000000800 ) ) ;
#415 = CARTESIAN_POINT ( 'NONE',  ( -0.03233161507461903400, 0.2910416666666660300, 0.05600000000000000100 ) ) ;
#416 = CARTESIAN_POINT ( 'NONE',  ( 0.0000000000000000000, 0.2899999999999994200, 0.05600000000000000800 ) ) ;
#417 = CARTESIAN_POINT ( 'NONE',  ( 0.03233161507461907600, 0.2889583333333327100, 0.05599999999999998700 ) ) ;
#418 = CARTESIAN_POINT ( 'NONE',  ( 0.04849742261192858900, 0.2879166666666661000, 0.02799999999999996600 ) ) ;
#419 = CARTESIAN_POINT ( 'NONE',  ( 0.06466323014923809600, 0.2868749999999993800, -1.187805037491535100E-017 ) ) ;
#420 = CARTESIAN_POINT ( 'NONE',  ( 0.04849742261192855500, 0.2858333333333327200, -0.02800000000000002800 ) ) ;
#421 = CARTESIAN_POINT ( 'NONE',  ( 0.03233161507461902700, 0.2847916666666660500, -0.05600000000000000100 ) ) ;
#422 = CARTESIAN_POINT ( 'NONE',  ( -6.857795581405312900E-018, 0.2837499999999993900, -0.05600000000000000800 ) ) ;
#423 = CARTESIAN_POINT ( 'NONE',  ( -0.03233161507461906900, 0.2827083333333327300, -0.05599999999999998700 ) ) ;
#424 = CARTESIAN_POINT ( 'NONE',  ( 0.03233161507461907600, 0.2139583333333328900, 0.05599999999999998700 ) ) ;
#425 = CARTESIAN_POINT ( 'NONE',  ( 0.04849742261192858900, 0.2129166666666662300, 0.02799999999999996600 ) ) ;
#426 = CARTESIAN_POINT ( 'NONE',  ( -0.04849742261192856200, 0.2295833333333328900, 0.02800000000000000800 ) ) ;
#427 = CARTESIAN_POINT ( 'NONE',  ( -0.03233161507461903400, 0.2285416666666661700, 0.05600000000000000100 ) ) ;
#428 = CARTESIAN_POINT ( 'NONE',  ( 0.0000000000000000000, 0.2274999999999995100, 0.05600000000000000800 ) ) ;
#429 = CARTESIAN_POINT ( 'NONE',  ( -6.857795581405312900E-018, 0.2337499999999995100, -0.05600000000000000800 ) ) ;
#430 = CARTESIAN_POINT ( 'NONE',  ( -0.03233161507461906900, 0.2327083333333328800, -0.05599999999999998700 ) ) ;
#431 = CARTESIAN_POINT ( 'NONE',  ( -0.04849742261192856900, 0.2316666666666661900, -0.02799999999999999000 ) ) ;
#432 = CARTESIAN_POINT ( 'NONE',  ( -0.06466323014923809600, 0.2306249999999995200, 3.959350124971783400E-018 ) ) ;
#433 = CARTESIAN_POINT ( 'NONE',  ( 0.04849742261192858900, 0.1879166666666662900, 0.02799999999999996600 ) ) ;
#434 = CARTESIAN_POINT ( 'NONE',  ( -0.06466323014923809600, 0.2431249999999994800, 3.959350124971783400E-018 ) ) ;
#435 = CARTESIAN_POINT ( 'NONE',  ( -0.04849742261192856200, 0.2420833333333328500, 0.02800000000000000800 ) ) ;
#436 = CARTESIAN_POINT ( 'NONE',  ( -0.03233161507461903400, 0.2410416666666661300, 0.05600000000000000100 ) ) ;
#437 = CARTESIAN_POINT ( 'NONE',  ( 0.0000000000000000000, 0.2399999999999994900, 0.05600000000000000800 ) ) ;
#438 = CARTESIAN_POINT ( 'NONE',  ( 0.03233161507461907600, 0.2389583333333328600, 0.05599999999999998700 ) ) ;
#439 = CARTESIAN_POINT ( 'NONE',  ( -0.04849742261192856900, 0.2816666666666660700, -0.02799999999999999000 ) ) ;
#440 = CARTESIAN_POINT ( 'NONE',  ( -0.06466323014923809600, 0.2806249999999994000, 3.959350124971783400E-018 ) ) ;
#441 = CARTESIAN_POINT ( 'NONE',  ( -0.04849742261192856200, 0.2795833333333327400, 0.02800000000000000800 ) ) ;
#442 = CARTESIAN_POINT ( 'NONE',  ( -0.03233161507461903400, 0.2785416666666660800, 0.05600000000000000100 ) ) ;
#443 = CARTESIAN_POINT ( 'NONE',  ( 0.0000000000000000000, 0.2774999999999994100, 0.05600000000000000800 ) ) ;
#444 = CARTESIAN_POINT ( 'NONE',  ( 0.03233161507461907600, 0.2764583333333327500, 0.05599999999999998700 ) ) ;
#445 = CARTESIAN_POINT ( 'NONE',  ( 0.04849742261192858900, 0.2754166666666660900, 0.02799999999999996600 ) ) ;
#446 = CARTESIAN_POINT ( 'NONE',  ( 0.06466323014923809600, 0.2743749999999993700, -1.187805037491535100E-017 ) ) ;
#447 = CARTESIAN_POINT ( 'NONE',  ( 0.04849742261192855500, 0.2733333333333327600, -0.02800000000000002800 ) ) ;
#448 = CARTESIAN_POINT ( 'NONE',  ( 0.03233161507461902700, 0.2722916666666661000, -0.05600000000000000100 ) ) ;
#449 = CARTESIAN_POINT ( 'NONE',  ( -6.857795581405312900E-018, 0.2712499999999994400, -0.05600000000000000800 ) ) ;
#450 = CARTESIAN_POINT ( 'NONE',  ( -0.03233161507461906900, 0.2702083333333327700, -0.05599999999999998700 ) ) ;
#451 = CARTESIAN_POINT ( 'NONE',  ( -0.04849742261192856900, 0.2691666666666661100, -0.02799999999999999000 ) ) ;
#452 = CARTESIAN_POINT ( 'NONE',  ( -0.04849742261192856200, 0.2545833333333328300, 0.02800000000000000800 ) ) ;
#453 = CARTESIAN_POINT ( 'NONE',  ( -0.03233161507461903400, 0.2535416666666661700, 0.05600000000000000100 ) ) ;
#454 = CARTESIAN_POINT ( 'NONE',  ( 0.0000000000000000000, 0.2524999999999994500, 0.05600000000000000800 ) ) ;
#455 = CARTESIAN_POINT ( 'NONE',  ( 0.03233161507461907600, 0.2514583333333327800, 0.05599999999999998700 ) ) ;
#456 = CARTESIAN_POINT ( 'NONE',  ( 0.04849742261192858900, 0.2504166666666661200, 0.02799999999999996600 ) ) ;
#457 = CARTESIAN_POINT ( 'NONE',  ( 0.06466323014923809600, 0.2493749999999994900, -1.187805037491535100E-017 ) ) ;
#458 = CARTESIAN_POINT ( 'NONE',  ( 0.04849742261192855500, 0.2483333333333328200, -0.02800000000000002800 ) ) ;
#459 = CARTESIAN_POINT ( 'NONE',  ( 0.03233161507461902700, 0.2472916666666661600, -0.05600000000000000100 ) ) ;
#460 = CARTESIAN_POINT ( 'NONE',  ( -6.857795581405312900E-018, 0.2462499999999995000, -0.05600000000000000800 ) ) ;
#461 = CARTESIAN_POINT ( 'NONE',  ( -0.03233161507461906900, 0.2452083333333328100, -0.05599999999999998700 ) ) ;
#462 = CARTESIAN_POINT ( 'NONE',  ( -0.04849742261192856900, 0.2441666666666661700, -0.02799999999999999000 ) ) ;
#463 = CARTESIAN_POINT ( 'NONE',  ( 0.04849742261192858900, 0.2004166666666662700, 0.02799999999999996600 ) ) ;
#464 = CARTESIAN_POINT ( 'NONE',  ( 0.06466323014923809600, 0.1993749999999996100, -1.187805037491535100E-017 ) ) ;
#465 = CARTESIAN_POINT ( 'NONE',  ( 0.06466323014923809600, 0.3368749999999992600, -1.187805037491535100E-017 ) ) ;
#466 = CARTESIAN_POINT ( 'NONE',  ( 0.03233161507461907600, 0.3389583333333325800, 0.05599999999999998700 ) ) ;
#467 = CARTESIAN_POINT ( 'NONE',  ( 0.04849742261192855500, 0.3358333333333326000, -0.02800000000000002800 ) ) ;
#468 = CARTESIAN_POINT ( 'NONE',  ( 0.0000000000000000000, 0.3399999999999992500, 0.05600000000000000800 ) ) ;
#469 = CARTESIAN_POINT ( 'NONE',  ( 0.04849742261192858900, 0.3379166666666659200, 0.02799999999999996600 ) ) ;
#470 = CARTESIAN_POINT ( 'NONE',  ( -0.04849742261192856200, 0.3420833333333325700, 0.02800000000000000800 ) ) ;
#471 = CARTESIAN_POINT ( 'NONE',  ( -0.06466323014923809600, 0.3431249999999992400, 3.959350124971783400E-018 ) ) ;
#472 = CARTESIAN_POINT ( 'NONE',  ( -0.03233161507461903400, 0.3410416666666659100, 0.05600000000000000100 ) ) ;
#473 = CARTESIAN_POINT ( 'NONE',  ( 0.03233161507461902700, 0.3472916666666658900, -0.05600000000000000100 ) ) ;
#474 = CARTESIAN_POINT ( 'NONE',  ( -0.03233161507461906900, 0.3452083333333325600, -0.05599999999999998700 ) ) ;
#475 = CARTESIAN_POINT ( 'NONE',  ( 0.04849742261192855500, 0.3483333333333325500, -0.02800000000000002800 ) ) ;
#476 = CARTESIAN_POINT ( 'NONE',  ( -0.04849742261192856900, 0.3441666666666659000, -0.02799999999999999000 ) ) ;
#477 = CARTESIAN_POINT ( 'NONE',  ( -6.857795581405312900E-018, 0.3462499999999992300, -0.05600000000000000800 ) ) ;
#478 = CARTESIAN_POINT ( 'NONE',  ( 0.04849742261192858900, 0.3504166666666658800, 0.02799999999999996600 ) ) ;
#479 = CARTESIAN_POINT ( 'NONE',  ( -0.04849742261192856200, 0.3545833333333325800, 0.02800000000000000800 ) ) ;
#480 = CARTESIAN_POINT ( 'NONE',  ( -0.03233161507461903400, 0.3535416666666659200, 0.05600000000000000100 ) ) ;
#481 = CARTESIAN_POINT ( 'NONE',  ( -6.857795581405312900E-018, 0.3587499999999992400, -0.05600000000000000800 ) ) ;
#482 = CARTESIAN_POINT ( 'NONE',  ( -0.06466323014923809600, 0.3556249999999991900, 3.959350124971783400E-018 ) ) ;
#483 = CARTESIAN_POINT ( 'NONE',  ( -0.04849742261192856900, 0.3566666666666659100, -0.02799999999999999000 ) ) ;
#484 = CARTESIAN_POINT ( 'NONE',  ( 0.06466323014923809600, 0.3493749999999992100, -1.187805037491535100E-017 ) ) ;
#485 = CARTESIAN_POINT ( 'NONE',  ( 0.04849742261192855500, 0.3608333333333325600, -0.02800000000000002800 ) ) ;
#486 = CARTESIAN_POINT ( 'NONE',  ( 0.03233161507461902700, 0.3597916666666658400, -0.05600000000000000100 ) ) ;
#487 = CARTESIAN_POINT ( 'NONE',  ( 0.0000000000000000000, 0.3524999999999992600, 0.05600000000000000800 ) ) ;
#488 = CARTESIAN_POINT ( 'NONE',  ( 0.06466323014923809600, 0.3618749999999991700, -1.187805037491535100E-017 ) ) ;
#489 = CARTESIAN_POINT ( 'NONE',  ( -0.03233161507461906900, 0.3577083333333325200, -0.05599999999999998700 ) ) ;
#490 = CARTESIAN_POINT ( 'NONE',  ( 0.03233161507461907600, 0.3514583333333326000, 0.05599999999999998700 ) ) ;
#491 = CARTESIAN_POINT ( 'NONE',  ( -0.03233161507461903400, 0.3660416666666658200, 0.05600000000000000100 ) ) ;
#492 = CARTESIAN_POINT ( 'NONE',  ( 0.03233161507461907600, 0.3639583333333325000, 0.05599999999999998700 ) ) ;
#493 = CARTESIAN_POINT ( 'NONE',  ( 0.04849742261192858900, 0.3629166666666658300, 0.02799999999999996600 ) ) ;
#494 = CARTESIAN_POINT ( 'NONE',  ( -0.04849742261192856200, 0.3670833333333324800, 0.02800000000000000800 ) ) ;
#495 = CARTESIAN_POINT ( 'NONE',  ( 0.0000000000000000000, 0.3649999999999991600, 0.05600000000000000800 ) ) ;
#496 = CARTESIAN_POINT ( 'NONE',  ( -0.03233161507461906900, 0.3702083333333324700, -0.05599999999999998700 ) ) ;
#497 = CARTESIAN_POINT ( 'NONE',  ( -0.06466323014923809600, 0.3681249999999991500, 3.959350124971783400E-018 ) ) ;
#498 = CARTESIAN_POINT ( 'NONE',  ( -0.04849742261192856900, 0.3691666666666658100, -0.02799999999999999000 ) ) ;
#499 = CARTESIAN_POINT ( 'NONE',  ( -6.857795581405312900E-018, 0.3712499999999991400, -0.05600000000000000800 ) ) ;
#500 = CARTESIAN_POINT ( 'NONE',  ( 0.06466323014923809600, 0.3743749999999991300, -1.187805037491535100E-017 ) ) ;
#501 = CARTESIAN_POINT ( 'NONE',  ( 0.03233161507461902700, 0.3722916666666658000, -0.05600000000000000100 ) ) ;
#502 = CARTESIAN_POINT ( 'NONE',  ( 0.04849742261192855500, 0.3733333333333324600, -0.02800000000000002800 ) ) ;
#503 = CARTESIAN_POINT ( 'NONE',  ( 0.04849742261192855500, 0.3858333333333324700, -0.02800000000000002800 ) ) ;
#504 = CARTESIAN_POINT ( 'NONE',  ( -0.06466323014923809600, 0.3806249999999992100, 3.959350124971783400E-018 ) ) ;
#505 = CARTESIAN_POINT ( 'NONE',  ( -0.03233161507461906900, 0.3827083333333325400, -0.05599999999999998700 ) ) ;
#506 = CARTESIAN_POINT ( 'NONE',  ( -0.04849742261192856900, 0.3816666666666658200, -0.02799999999999999000 ) ) ;
#507 = CARTESIAN_POINT ( 'NONE',  ( -0.03233161507461903400, 0.3785416666666658900, 0.05600000000000000100 ) ) ;
#508 = CARTESIAN_POINT ( 'NONE',  ( -0.04849742261192856200, 0.3795833333333325000, 0.02800000000000000800 ) ) ;
#509 = CARTESIAN_POINT ( 'NONE',  ( 0.0000000000000000000, 0.3774999999999991700, 0.05600000000000000800 ) ) ;
#510 = CARTESIAN_POINT ( 'NONE',  ( 0.04849742261192858900, 0.3879166666666658000, 0.02799999999999996600 ) ) ;
#511 = CARTESIAN_POINT ( 'NONE',  ( 0.06466323014923809600, 0.3868749999999991400, -1.187805037491535100E-017 ) ) ;
#512 = CARTESIAN_POINT ( 'NONE',  ( 0.0000000000000000000, 0.3899999999999991300, 0.05600000000000000800 ) ) ;
#513 = CARTESIAN_POINT ( 'NONE',  ( 0.03233161507461907600, 0.3889583333333324100, 0.05599999999999998700 ) ) ;
#514 = CARTESIAN_POINT ( 'NONE',  ( 0.03233161507461902700, 0.3847916666666658100, -0.05600000000000000100 ) ) ;
#515 = CARTESIAN_POINT ( 'NONE',  ( -0.03233161507461903400, 0.3910416666666657300, 0.05600000000000000100 ) ) ;
#516 = CARTESIAN_POINT ( 'NONE',  ( 0.03233161507461907600, 0.3764583333333325600, 0.05599999999999998700 ) ) ;
#517 = CARTESIAN_POINT ( 'NONE',  ( 0.04849742261192858900, 0.3754166666666658400, 0.02799999999999996600 ) ) ;
#518 = CARTESIAN_POINT ( 'NONE',  ( -6.857795581405312900E-018, 0.3837499999999991500, -0.05600000000000000800 ) ) ;
#519 = CARTESIAN_POINT ( 'NONE',  ( -0.06466323014923809600, 0.3931249999999990600, 3.959350124971783400E-018 ) ) ;
#520 = CARTESIAN_POINT ( 'NONE',  ( -6.857795581405312900E-018, 0.3962499999999991000, -0.05600000000000000800 ) ) ;
#521 = CARTESIAN_POINT ( 'NONE',  ( -0.04849742261192856200, 0.3920833333333324500, 0.02800000000000000800 ) ) ;
#522 = CARTESIAN_POINT ( 'NONE',  ( -0.03233161507461906900, 0.3952083333333323800, -0.05599999999999998700 ) ) ;
#523 = CARTESIAN_POINT ( 'NONE',  ( -0.04849742261192856900, 0.3941666666666657800, -0.02799999999999999000 ) ) ;
#524 = CARTESIAN_POINT ( 'NONE',  ( 0.04849742261192855500, 0.3983333333333324800, -0.02800000000000002800 ) ) ;
#525 = CARTESIAN_POINT ( 'NONE',  ( 0.04849742261192858900, 0.4004166666666658100, 0.02799999999999996600 ) ) ;
#526 = CARTESIAN_POINT ( 'NONE',  ( 0.03233161507461902700, 0.3972916666666657100, -0.05600000000000000100 ) ) ;
#527 = CARTESIAN_POINT ( 'NONE',  ( 0.06466323014923809600, 0.3993749999999990900, -1.187805037491535100E-017 ) ) ;
#528 = CARTESIAN_POINT ( 'NONE',  ( 0.0000000000000000000, 0.4024999999999991400, 0.05600000000000000800 ) ) ;
#529 = CARTESIAN_POINT ( 'NONE',  ( 0.03233161507461907600, 0.4014583333333324700, 0.05599999999999998700 ) ) ;
#530 = CARTESIAN_POINT ( 'NONE',  ( -0.04849742261192856900, 0.4066666666666657900, -0.02799999999999999000 ) ) ;
#531 = CARTESIAN_POINT ( 'NONE',  ( -0.04849742261192856200, 0.4045833333333324600, 0.02800000000000000800 ) ) ;
#532 = CARTESIAN_POINT ( 'NONE',  ( -0.03233161507461903400, 0.4035416666666658000, 0.05600000000000000100 ) ) ;
#533 = CARTESIAN_POINT ( 'NONE',  ( -0.03233161507461906900, 0.4077083333333324500, -0.05599999999999998700 ) ) ;
#534 = CARTESIAN_POINT ( 'NONE',  ( -0.06466323014923809600, 0.4056249999999991300, 3.959350124971783400E-018 ) ) ;
#535 = CARTESIAN_POINT ( 'NONE',  ( 0.03233161507461907600, 0.4139583333333324300, 0.05599999999999998700 ) ) ;
#536 = CARTESIAN_POINT ( 'NONE',  ( 0.04849742261192858900, 0.4129166666666657100, 0.02799999999999996600 ) ) ;
#537 = CARTESIAN_POINT ( 'NONE',  ( -0.03233161507461903400, 0.4160416666666657500, 0.05600000000000000100 ) ) ;
#538 = CARTESIAN_POINT ( 'NONE',  ( 0.0000000000000000000, 0.4149999999999990400, 0.05600000000000000800 ) ) ;
#539 = CARTESIAN_POINT ( 'NONE',  ( -0.04849742261192856200, 0.4295833333333323700, 0.02800000000000000800 ) ) ;
#540 = CARTESIAN_POINT ( 'NONE',  ( -0.03233161507461903400, 0.4285416666666657700, 0.05600000000000000100 ) ) ;
#541 = CARTESIAN_POINT ( 'NONE',  ( 0.0000000000000000000, 0.4274999999999990500, 0.05600000000000000800 ) ) ;
#542 = CARTESIAN_POINT ( 'NONE',  ( 0.03233161507461907600, 0.4264583333333323300, 0.05599999999999998700 ) ) ;
#543 = CARTESIAN_POINT ( 'NONE',  ( 0.04849742261192858900, 0.4254166666666657200, 0.02799999999999996600 ) ) ;
#544 = CARTESIAN_POINT ( 'NONE',  ( 0.06466323014923809600, 0.4118749999999991000, -1.187805037491535100E-017 ) ) ;
#545 = CARTESIAN_POINT ( 'NONE',  ( 0.04849742261192855500, 0.4108333333333323800, -0.02800000000000002800 ) ) ;
#546 = CARTESIAN_POINT ( 'NONE',  ( 0.03233161507461902700, 0.4097916666666657800, -0.05600000000000000100 ) ) ;
#547 = CARTESIAN_POINT ( 'NONE',  ( 0.03233161507461902700, 0.4347916666666656900, -0.05600000000000000100 ) ) ;
#548 = CARTESIAN_POINT ( 'NONE',  ( -6.857795581405312900E-018, 0.4337499999999990300, -0.05600000000000000800 ) ) ;
#549 = CARTESIAN_POINT ( 'NONE',  ( -0.03233161507461906900, 0.4327083333333323600, -0.05599999999999998700 ) ) ;
#550 = CARTESIAN_POINT ( 'NONE',  ( -0.04849742261192856900, 0.4316666666666657000, -0.02799999999999999000 ) ) ;
#551 = CARTESIAN_POINT ( 'NONE',  ( -0.06466323014923809600, 0.4306249999999990400, 3.959350124971783400E-018 ) ) ;
#552 = CARTESIAN_POINT ( 'NONE',  ( -0.04849742261192856900, 0.4191666666666656900, -0.02799999999999999000 ) ) ;
#553 = CARTESIAN_POINT ( 'NONE',  ( -0.06466323014923809600, 0.4181249999999990800, 3.959350124971783400E-018 ) ) ;
#554 = CARTESIAN_POINT ( 'NONE',  ( -0.04849742261192856200, 0.4170833333333323600, 0.02800000000000000800 ) ) ;
#555 = CARTESIAN_POINT ( 'NONE',  ( -6.857795581405312900E-018, 0.4087499999999991100, -0.05600000000000000800 ) ) ;
#556 = CARTESIAN_POINT ( 'NONE',  ( 0.06466323014923809600, 0.4243749999999990600, -1.187805037491535100E-017 ) ) ;
#557 = CARTESIAN_POINT ( 'NONE',  ( 0.04849742261192855500, 0.4233333333333324000, -0.02800000000000002800 ) ) ;
#558 = CARTESIAN_POINT ( 'NONE',  ( 0.03233161507461902700, 0.4222916666666657300, -0.05600000000000000100 ) ) ;
#559 = CARTESIAN_POINT ( 'NONE',  ( -6.857795581405312900E-018, 0.4212499999999990700, -0.05600000000000000800 ) ) ;
#560 = CARTESIAN_POINT ( 'NONE',  ( -0.03233161507461906900, 0.4202083333333323500, -0.05599999999999998700 ) ) ;
#561 = CARTESIAN_POINT ( 'NONE',  ( -0.04849742261192856200, 0.4420833333333323300, 0.02800000000000000800 ) ) ;
#562 = CARTESIAN_POINT ( 'NONE',  ( -0.03233161507461903400, 0.4410416666666656700, 0.05600000000000000100 ) ) ;
#563 = CARTESIAN_POINT ( 'NONE',  ( 0.0000000000000000000, 0.4399999999999990000, 0.05600000000000000800 ) ) ;
#564 = CARTESIAN_POINT ( 'NONE',  ( 0.03233161507461907600, 0.4389583333333323400, 0.05599999999999998700 ) ) ;
#565 = CARTESIAN_POINT ( 'NONE',  ( 0.04849742261192858900, 0.4379166666666656800, 0.02799999999999996600 ) ) ;
#566 = CARTESIAN_POINT ( 'NONE',  ( 0.06466323014923809600, 0.4368749999999990100, -1.187805037491535100E-017 ) ) ;
#567 = CARTESIAN_POINT ( 'NONE',  ( 0.04849742261192855500, 0.4358333333333323500, -0.02800000000000002800 ) ) ;
#568 = CARTESIAN_POINT ( 'NONE',  ( -0.03233161507461906900, 0.4452083333333323700, -0.05599999999999998700 ) ) ;
#569 = CARTESIAN_POINT ( 'NONE',  ( 0.03233161507461902700, 0.4472916666666657000, -0.05600000000000000100 ) ) ;
#570 = CARTESIAN_POINT ( 'NONE',  ( -0.06466323014923809600, 0.4431249999999989900, 3.959350124971783400E-018 ) ) ;
#571 = CARTESIAN_POINT ( 'NONE',  ( -6.857795581405312900E-018, 0.4462499999999990400, -0.05600000000000000800 ) ) ;
#572 = CARTESIAN_POINT ( 'NONE',  ( -0.04849742261192856900, 0.4441666666666657100, -0.02799999999999999000 ) ) ;
#573 = CARTESIAN_POINT ( 'NONE',  ( -0.06466323014923809600, 0.4556249999999989500, 3.959350124971783400E-018 ) ) ;
#574 = CARTESIAN_POINT ( 'NONE',  ( 0.06466323014923809600, 0.4493749999999990300, -1.187805037491535100E-017 ) ) ;
#575 = CARTESIAN_POINT ( 'NONE',  ( 0.0000000000000000000, 0.4524999999999990100, 0.05600000000000000800 ) ) ;
#576 = CARTESIAN_POINT ( 'NONE',  ( 0.04849742261192855500, 0.4483333333333323600, -0.02800000000000002800 ) ) ;
#577 = CARTESIAN_POINT ( 'NONE',  ( -0.03233161507461903400, 0.4535416666666656200, 0.05600000000000000100 ) ) ;
#578 = CARTESIAN_POINT ( 'NONE',  ( -0.04849742261192856200, 0.4545833333333323400, 0.02800000000000000800 ) ) ;
#579 = CARTESIAN_POINT ( 'NONE',  ( 0.06466323014923809600, 0.4618749999999989800, -1.187805037491535100E-017 ) ) ;
#580 = CARTESIAN_POINT ( 'NONE',  ( 0.04849742261192855500, 0.4608333333333322600, -0.02800000000000002800 ) ) ;
#581 = CARTESIAN_POINT ( 'NONE',  ( 0.03233161507461902700, 0.4597916666666656500, -0.05600000000000000100 ) ) ;
#582 = CARTESIAN_POINT ( 'NONE',  ( -6.857795581405312900E-018, 0.4587499999999989900, -0.05600000000000000800 ) ) ;
#583 = CARTESIAN_POINT ( 'NONE',  ( -0.03233161507461906900, 0.4577083333333323300, -0.05599999999999998700 ) ) ;
#584 = CARTESIAN_POINT ( 'NONE',  ( -0.04849742261192856900, 0.4566666666666656700, -0.02799999999999999000 ) ) ;
#585 = CARTESIAN_POINT ( 'NONE',  ( 0.04849742261192858900, 0.4504166666666656900, 0.02799999999999996600 ) ) ;
#586 = CARTESIAN_POINT ( 'NONE',  ( 0.03233161507461907600, 0.4514583333333323000, 0.05599999999999998700 ) ) ;
#587 = CARTESIAN_POINT ( 'NONE',  ( -0.04849742261192856900, 0.4691666666666656200, -0.02799999999999999000 ) ) ;
#588 = CARTESIAN_POINT ( 'NONE',  ( -0.06466323014923809600, 0.4681249999999989600, 3.959350124971783400E-018 ) ) ;
#589 = CARTESIAN_POINT ( 'NONE',  ( -0.04849742261192856200, 0.4670833333333322400, 0.02800000000000000800 ) ) ;
#590 = CARTESIAN_POINT ( 'NONE',  ( -0.03233161507461903400, 0.4660416666666655800, 0.05600000000000000100 ) ) ;
#591 = CARTESIAN_POINT ( 'NONE',  ( 0.0000000000000000000, 0.4649999999999989100, 0.05600000000000000800 ) ) ;
#592 = CARTESIAN_POINT ( 'NONE',  ( 0.03233161507461907600, 0.4639583333333322500, 0.05599999999999998700 ) ) ;
#593 = CARTESIAN_POINT ( 'NONE',  ( 0.04849742261192858900, 0.4629166666666655900, 0.02799999999999996600 ) ) ;
#594 = CARTESIAN_POINT ( 'NONE',  ( 0.03233161507461907600, 0.4764583333333322600, 0.05599999999999998700 ) ) ;
#595 = CARTESIAN_POINT ( 'NONE',  ( 0.04849742261192858900, 0.4754166666666656000, 0.02799999999999996600 ) ) ;
#596 = CARTESIAN_POINT ( 'NONE',  ( 0.06466323014923809600, 0.4743749999999989400, -1.187805037491535100E-017 ) ) ;
#597 = CARTESIAN_POINT ( 'NONE',  ( 0.04849742261192855500, 0.4733333333333322700, -0.02800000000000002800 ) ) ;
#598 = CARTESIAN_POINT ( 'NONE',  ( 0.03233161507461902700, 0.4722916666666656100, -0.05600000000000000100 ) ) ;
#599 = CARTESIAN_POINT ( 'NONE',  ( -6.857795581405312900E-018, 0.4712499999999989500, -0.05600000000000000800 ) ) ;
#600 = CARTESIAN_POINT ( 'NONE',  ( -0.03233161507461906900, 0.4702083333333322800, -0.05599999999999998700 ) ) ;
#601 = DIRECTION ( 'NONE',  ( -2.292063032988582600E-013, -0.9072338509570867500, 0.4206266036255604800 ) ) ;
#602 = CARTESIAN_POINT ( 'NONE',  ( -2.912577760352460600E-014, 0.4955000000000001100, 0.05344999999999999800 ) ) ;
#603 = CARTESIAN_POINT ( 'NONE',  ( -1.459915695278813200E-014, 0.4899999999999994400, 0.05600000000000000800 ) ) ;
#604 = VECTOR ( 'NONE', #601, 39.37007874015748900 ) ;
#605 = LINE ( 'NONE', #602, #604 ) ;
#606 = CARTESIAN_POINT ( 'NONE',  ( 0.04849742261192855500, 0.4858333333333322300, -0.02800000000000002800 ) ) ;
#607 = CARTESIAN_POINT ( 'NONE',  ( 0.03233161507461902700, 0.4847916666666656200, -0.05600000000000000100 ) ) ;
#608 = CARTESIAN_POINT ( 'NONE',  ( -6.857795581405312900E-018, 0.4837499999999989000, -0.05600000000000000800 ) ) ;
#609 = CARTESIAN_POINT ( 'NONE',  ( -0.03233161507461906900, 0.4827083333333323000, -0.05599999999999998700 ) ) ;
#610 = CARTESIAN_POINT ( 'NONE',  ( -0.04849742261192856900, 0.4816666666666655800, -0.02799999999999999000 ) ) ;
#611 = CARTESIAN_POINT ( 'NONE',  ( -0.06466323014923809600, 0.4806249999999990300, 3.959350124971783400E-018 ) ) ;
#612 = CARTESIAN_POINT ( 'NONE',  ( -0.04849742261192856200, 0.4795833333333322500, 0.02800000000000000800 ) ) ;
#613 = CARTESIAN_POINT ( 'NONE',  ( -0.03233161507461903400, 0.4785416666666655900, 0.05600000000000000100 ) ) ;
#614 = CARTESIAN_POINT ( 'NONE',  ( 0.0000000000000000000, 0.4774999999999989300, 0.05600000000000000800 ) ) ;
#615 = CARTESIAN_POINT ( 'NONE',  ( 0.06171874377637098800, 0.01887499999999997200, -1.133717486677188400E-017 ) ) ;
#616 = CARTESIAN_POINT ( 'NONE',  ( 0.04628905783227822700, 0.01783333333333330900, -0.02672500000000002300 ) ) ;
#617 = CARTESIAN_POINT ( 'NONE',  ( 0.03085937188818547700, 0.01679166666666664600, -0.05344999999999999800 ) ) ;
#618 = CARTESIAN_POINT ( 'NONE',  ( -6.545520961180605600E-018, 0.01574999999999997900, -0.05344999999999999800 ) ) ;
#619 = CARTESIAN_POINT ( 'NONE',  ( -0.03085937188818551800, 0.01470833333333331600, -0.05344999999999998400 ) ) ;
#620 = CARTESIAN_POINT ( 'NONE',  ( -0.04628905783227824800, 0.01366666666666665200, -0.02672499999999998500 ) ) ;
#621 = CARTESIAN_POINT ( 'NONE',  ( 0.0000000000000000000, 0.5024999999999988400, 0.05600000000000000800 ) ) ;
#622 = CARTESIAN_POINT ( 'NONE',  ( 0.03233161507461907600, 0.5014583333333322300, 0.05599999999999998700 ) ) ;
#623 = CARTESIAN_POINT ( 'NONE',  ( -0.03233161507461903400, 0.4910416666666656000, 0.05600000000000000100 ) ) ;
#624 = CARTESIAN_POINT ( 'NONE',  ( 0.0000000000000000000, 0.4899999999999988800, 0.05600000000000000800 ) ) ;
#625 = CARTESIAN_POINT ( 'NONE',  ( -0.03233161507461906900, 0.4952083333333322500, -0.05599999999999998700 ) ) ;
#626 = CARTESIAN_POINT ( 'NONE',  ( -0.04849742261192856900, 0.4941666666666655900, -0.02799999999999999000 ) ) ;
#627 = CARTESIAN_POINT ( 'NONE',  ( 0.06466323014923809600, 0.4993749999999988500, -1.187805037491535100E-017 ) ) ;
#628 = CARTESIAN_POINT ( 'NONE',  ( 0.04849742261192855500, 0.4983333333333322400, -0.02800000000000002800 ) ) ;
#629 = CARTESIAN_POINT ( 'NONE',  ( -0.06466323014923809600, 0.4931249999999989300, 3.959350124971783400E-018 ) ) ;
#630 = CARTESIAN_POINT ( 'NONE',  ( -0.04849742261192856200, 0.4920833333333322600, 0.02800000000000000800 ) ) ;
#631 = CARTESIAN_POINT ( 'NONE',  ( 0.06466323014923809600, 0.4868749999999988900, -1.187805037491535100E-017 ) ) ;
#632 = CARTESIAN_POINT ( 'NONE',  ( 0.03233161507461902700, 0.4972916666666655800, -0.05600000000000000100 ) ) ;
#633 = CARTESIAN_POINT ( 'NONE',  ( -6.857795581405312900E-018, 0.4962499999999989100, -0.05600000000000000800 ) ) ;
#634 = CARTESIAN_POINT ( 'NONE',  ( -0.06171874377637098800, 0.01262499999999998700, 3.779058288923960300E-018 ) ) ;
#635 = CARTESIAN_POINT ( 'NONE',  ( -0.04628905783227824100, 0.01158333333333332400, 0.02672500000000000200 ) ) ;
#636 = CARTESIAN_POINT ( 'NONE',  ( -0.03085937188818549000, 0.01054166666666665800, 0.05344999999999999800 ) ) ;
#637 = CARTESIAN_POINT ( 'NONE',  ( 0.0000000000000000000, 0.009499999999999994600, 0.05344999999999999800 ) ) ;
#638 = CARTESIAN_POINT ( 'NONE',  ( 0.03233161507461907600, 0.4889583333333322200, 0.05599999999999998700 ) ) ;
#639 = CARTESIAN_POINT ( 'NONE',  ( 0.04849742261192858900, 0.4879166666666655500, 0.02799999999999996600 ) ) ;
#640 = CARTESIAN_POINT ( 'NONE',  ( 0.03085937188818552200, 0.03345833333333327700, 0.05344999999999998400 ) ) ;
#641 = CARTESIAN_POINT ( 'NONE',  ( 0.04628905783227826900, 0.03241666666666660800, 0.02672499999999996400 ) ) ;
#642 = CARTESIAN_POINT ( 'NONE',  ( 0.06171874377637098800, 0.03137499999999994500, -1.133717486677188400E-017 ) ) ;
#643 = CARTESIAN_POINT ( 'NONE',  ( 0.04628905783227822700, 0.03033333333333327800, -0.02672500000000002300 ) ) ;
#644 = CARTESIAN_POINT ( 'NONE',  ( 0.03085937188818547700, 0.02929166666666661900, -0.05344999999999999800 ) ) ;
#645 = CARTESIAN_POINT ( 'NONE',  ( -6.545520961180605600E-018, 0.02824999999999995200, -0.05344999999999999800 ) ) ;
#646 = CARTESIAN_POINT ( 'NONE',  ( -0.03085937188818551800, 0.02720833333333328900, -0.05344999999999998400 ) ) ;
#647 = CARTESIAN_POINT ( 'NONE',  ( -0.04628905783227824800, 0.02616666666666662600, -0.02672499999999998500 ) ) ;
#648 = CARTESIAN_POINT ( 'NONE',  ( 0.04849742261192858900, 0.5004166666666655100, 0.02799999999999996600 ) ) ;
#649 = CARTESIAN_POINT ( 'NONE',  ( -0.06171874377637098800, 0.02512499999999996000, 3.779058288923960300E-018 ) ) ;
#650 = CARTESIAN_POINT ( 'NONE',  ( -0.04628905783227824100, 0.02408333333333329300, 0.02672500000000000200 ) ) ;
#651 = CARTESIAN_POINT ( 'NONE',  ( -0.03085937188818549000, 0.02304166666666663400, 0.05344999999999999800 ) ) ;
#652 = CARTESIAN_POINT ( 'NONE',  ( 0.0000000000000000000, 0.02199999999999996400, 0.05344999999999999800 ) ) ;
#653 = CARTESIAN_POINT ( 'NONE',  ( 0.03085937188818552200, 0.02095833333333330500, 0.05344999999999998400 ) ) ;
#654 = CARTESIAN_POINT ( 'NONE',  ( 0.04628905783227826900, 0.01991666666666663800, 0.02672499999999996400 ) ) ;
#655 = CARTESIAN_POINT ( 'NONE',  ( -2.057338674421594100E-017, 0.03374999999999995400, -0.05600000000000000800 ) ) ;
#656 = CARTESIAN_POINT ( 'NONE',  ( -0.03233161507461912400, 0.03270833333333329800, -0.05599999999999995300 ) ) ;
#657 = CARTESIAN_POINT ( 'NONE',  ( -6.545520961180605600E-018, 0.1907499999999995900, -0.05344999999999999800 ) ) ;
#658 = CARTESIAN_POINT ( 'NONE',  ( 0.03085937188818552200, 0.1959583333333329000, 0.05344999999999998400 ) ) ;
#659 = CARTESIAN_POINT ( 'NONE',  ( 0.04628905783227822700, 0.1928333333333329100, -0.02672500000000002300 ) ) ;
#660 = CARTESIAN_POINT ( 'NONE',  ( 0.03085937188818547700, 0.1917916666666662500, -0.05344999999999999800 ) ) ;
#661 = CARTESIAN_POINT ( 'NONE',  ( 0.03085937188818552200, 0.2084583333333328600, 0.05344999999999998400 ) ) ;
#662 = CARTESIAN_POINT ( 'NONE',  ( 0.04628905783227826900, 0.2074166666666662200, 0.02672499999999996400 ) ) ;
#663 = CARTESIAN_POINT ( 'NONE',  ( 0.06171874377637098800, 0.2063749999999995300, -1.133717486677188400E-017 ) ) ;
#664 = CARTESIAN_POINT ( 'NONE',  ( 0.04628905783227822700, 0.2053333333333329000, -0.02672500000000002300 ) ) ;
#665 = CARTESIAN_POINT ( 'NONE',  ( 0.03085937188818547700, 0.2042916666666662600, -0.05344999999999999800 ) ) ;
#666 = CARTESIAN_POINT ( 'NONE',  ( -6.545520961180605600E-018, 0.2032499999999995700, -0.05344999999999999800 ) ) ;
#667 = CARTESIAN_POINT ( 'NONE',  ( -0.06171874377637098800, 0.2001249999999995300, 3.779058288923960300E-018 ) ) ;
#668 = CARTESIAN_POINT ( 'NONE',  ( -0.04628905783227824100, 0.1990833333333328900, 0.02672500000000000200 ) ) ;
#669 = CARTESIAN_POINT ( 'NONE',  ( 0.04628905783227826900, 0.1949166666666662400, 0.02672499999999996400 ) ) ;
#670 = CARTESIAN_POINT ( 'NONE',  ( 0.06171874377637098800, 0.1938749999999995800, -1.133717486677188400E-017 ) ) ;
#671 = CARTESIAN_POINT ( 'NONE',  ( 0.0000000000000000000, 0.1969999999999995600, 0.05344999999999999800 ) ) ;
#672 = CARTESIAN_POINT ( 'NONE',  ( -0.03085937188818549000, 0.1980416666666662300, 0.05344999999999999800 ) ) ;
#673 = CARTESIAN_POINT ( 'NONE',  ( -0.03085937188818551800, 0.2022083333333329300, -0.05344999999999998400 ) ) ;
#674 = CARTESIAN_POINT ( 'NONE',  ( -0.04628905783227824800, 0.2011666666666662400, -0.02672499999999998500 ) ) ;
#675 = CARTESIAN_POINT ( 'NONE',  ( 0.03233161507461898600, 0.03479166666666662400, -0.05600000000000002200 ) ) ;
#676 = CARTESIAN_POINT ( 'NONE',  ( 0.04849742261192852700, 0.03583333333333328700, -0.02800000000000007700 ) ) ;
#677 = CARTESIAN_POINT ( 'NONE',  ( 0.03085937188818552200, 0.3959583333333325200, 0.05344999999999998400 ) ) ;
#678 = CARTESIAN_POINT ( 'NONE',  ( 0.04628905783227826900, 0.3949166666666658100, 0.02672499999999996400 ) ) ;
#679 = CARTESIAN_POINT ( 'NONE',  ( 0.06171874377637098800, 0.3938749999999992000, -1.133717486677188400E-017 ) ) ;
#680 = CARTESIAN_POINT ( 'NONE',  ( 0.04628905783227822700, 0.3928333333333324800, -0.02672500000000002300 ) ) ;
#681 = CARTESIAN_POINT ( 'NONE',  ( 0.03085937188818547700, 0.3917916666666657600, -0.05344999999999999800 ) ) ;
#682 = CARTESIAN_POINT ( 'NONE',  ( -6.545520961180605600E-018, 0.3907499999999991000, -0.05344999999999999800 ) ) ;
#683 = CARTESIAN_POINT ( 'NONE',  ( -0.03085937188818551800, 0.3897083333333324400, -0.05344999999999998400 ) ) ;
#684 = CARTESIAN_POINT ( 'NONE',  ( -0.04628905783227824800, 0.3886666666666657700, -0.02672499999999998500 ) ) ;
#685 = CARTESIAN_POINT ( 'NONE',  ( -0.06171874377637098800, 0.3876249999999991100, 3.779058288923960300E-018 ) ) ;
#686 = CARTESIAN_POINT ( 'NONE',  ( -0.04628905783227824100, 0.3865833333333324500, 0.02672500000000000200 ) ) ;
#687 = CARTESIAN_POINT ( 'NONE',  ( -0.03085937188818549000, 0.3855416666666657800, 0.05344999999999999800 ) ) ;
#688 = CARTESIAN_POINT ( 'NONE',  ( 0.0000000000000000000, 0.3844999999999991200, 0.05344999999999999800 ) ) ;
#689 = CARTESIAN_POINT ( 'NONE',  ( 0.03085937188818552200, 0.3834583333333324600, 0.05344999999999998400 ) ) ;
#690 = CARTESIAN_POINT ( 'NONE',  ( 0.04628905783227826900, 0.3824166666666657900, 0.02672499999999996400 ) ) ;
#691 = CARTESIAN_POINT ( 'NONE',  ( 0.06171874377637098800, 0.3813749999999991300, -1.133717486677188400E-017 ) ) ;
#692 = CARTESIAN_POINT ( 'NONE',  ( 0.04628905783227822700, 0.3803333333333324700, -0.02672500000000002300 ) ) ;
#693 = CARTESIAN_POINT ( 'NONE',  ( 0.03085937188818547700, 0.3792916666666658100, -0.05344999999999999800 ) ) ;
#694 = CARTESIAN_POINT ( 'NONE',  ( -6.545520961180605600E-018, 0.3782499999999991400, -0.05344999999999999800 ) ) ;
#695 = CARTESIAN_POINT ( 'NONE',  ( -0.03085937188818551800, 0.3772083333333324800, -0.05344999999999998400 ) ) ;
#696 = CARTESIAN_POINT ( 'NONE',  ( -0.04628905783227824800, 0.3761666666666658700, -0.02672499999999998500 ) ) ;
#697 = CARTESIAN_POINT ( 'NONE',  ( -0.06171874377637098800, 0.3751249999999992100, 3.779058288923960300E-018 ) ) ;
#698 = CARTESIAN_POINT ( 'NONE',  ( -0.04628905783227824100, 0.3740833333333325500, 0.02672500000000000200 ) ) ;
#699 = CARTESIAN_POINT ( 'NONE',  ( -0.03085937188818549000, 0.3730416666666658800, 0.05344999999999999800 ) ) ;
#700 = CARTESIAN_POINT ( 'NONE',  ( 0.0000000000000000000, 0.3719999999999992200, 0.05344999999999999800 ) ) ;
#701 = CARTESIAN_POINT ( 'NONE',  ( 0.03085937188818552200, 0.3709583333333325600, 0.05344999999999998400 ) ) ;
#702 = CARTESIAN_POINT ( 'NONE',  ( 0.04628905783227826900, 0.3699166666666658900, 0.02672499999999996400 ) ) ;
#703 = CARTESIAN_POINT ( 'NONE',  ( 0.06171874377637098800, 0.3688749999999990600, -1.133717486677188400E-017 ) ) ;
#704 = CARTESIAN_POINT ( 'NONE',  ( 0.04628905783227822700, 0.3678333333333325100, -0.02672500000000002300 ) ) ;
#705 = CARTESIAN_POINT ( 'NONE',  ( 0.03085937188818547700, 0.3667916666666657900, -0.05344999999999999800 ) ) ;
#706 = CARTESIAN_POINT ( 'NONE',  ( -6.545520961180605600E-018, 0.3657499999999991900, -0.05344999999999999800 ) ) ;
#707 = CARTESIAN_POINT ( 'NONE',  ( -0.03085937188818551800, 0.3647083333333325200, -0.05344999999999998400 ) ) ;
#708 = CARTESIAN_POINT ( 'NONE',  ( -0.04628905783227824800, 0.3636666666666658600, -0.02672499999999998500 ) ) ;
#709 = CARTESIAN_POINT ( 'NONE',  ( -0.06171874377637098800, 0.3626249999999992000, 3.779058288923960300E-018 ) ) ;
#710 = CARTESIAN_POINT ( 'NONE',  ( -0.04628905783227824100, 0.3615833333333325400, 0.02672500000000000200 ) ) ;
#711 = CARTESIAN_POINT ( 'NONE',  ( -0.03085937188818549000, 0.3605416666666658700, 0.05344999999999999800 ) ) ;
#712 = CARTESIAN_POINT ( 'NONE',  ( 0.0000000000000000000, 0.3594999999999992100, 0.05344999999999999800 ) ) ;
#713 = CARTESIAN_POINT ( 'NONE',  ( 0.03085937188818552200, 0.3584583333333325500, 0.05344999999999998400 ) ) ;
#714 = CARTESIAN_POINT ( 'NONE',  ( 0.04628905783227826900, 0.3574166666666658800, 0.02672499999999996400 ) ) ;
#715 = CARTESIAN_POINT ( 'NONE',  ( 0.06171874377637098800, 0.3563749999999992200, -1.133717486677188400E-017 ) ) ;
#716 = CARTESIAN_POINT ( 'NONE',  ( 0.04628905783227822700, 0.3553333333333325600, -0.02672500000000002300 ) ) ;
#717 = CARTESIAN_POINT ( 'NONE',  ( 0.03085937188818547700, 0.3542916666666658900, -0.05344999999999999800 ) ) ;
#718 = CARTESIAN_POINT ( 'NONE',  ( -6.545520961180605600E-018, 0.3532499999999992300, -0.05344999999999999800 ) ) ;
#719 = CARTESIAN_POINT ( 'NONE',  ( -0.03085937188818551800, 0.3522083333333325700, -0.05344999999999998400 ) ) ;
#720 = CARTESIAN_POINT ( 'NONE',  ( -0.04628905783227824800, 0.3511666666666659100, -0.02672499999999998500 ) ) ;
#721 = CARTESIAN_POINT ( 'NONE',  ( -0.06171874377637098800, 0.3501249999999992400, 3.779058288923960300E-018 ) ) ;
#722 = CARTESIAN_POINT ( 'NONE',  ( -0.04628905783227824100, 0.3490833333333325800, 0.02672500000000000200 ) ) ;
#723 = CARTESIAN_POINT ( 'NONE',  ( -0.03085937188818549000, 0.3480416666666659200, 0.05344999999999999800 ) ) ;
#724 = CARTESIAN_POINT ( 'NONE',  ( 0.0000000000000000000, 0.3469999999999992500, 0.05344999999999999800 ) ) ;
#725 = CARTESIAN_POINT ( 'NONE',  ( 0.03085937188818552200, 0.3459583333333325900, 0.05344999999999998400 ) ) ;
#726 = CARTESIAN_POINT ( 'NONE',  ( 0.04628905783227826900, 0.3449166666666658700, 0.02672499999999996400 ) ) ;
#727 = CARTESIAN_POINT ( 'NONE',  ( 0.06171874377637098800, 0.3438749999999992100, -1.133717486677188400E-017 ) ) ;
#728 = CARTESIAN_POINT ( 'NONE',  ( 0.04628905783227822700, 0.3428333333333325500, -0.02672500000000002300 ) ) ;
#729 = CARTESIAN_POINT ( 'NONE',  ( 0.03085937188818547700, 0.3417916666666658300, -0.05344999999999999800 ) ) ;
#730 = CARTESIAN_POINT ( 'NONE',  ( -6.545520961180605600E-018, 0.3407499999999992200, -0.05344999999999999800 ) ) ;
#731 = CARTESIAN_POINT ( 'NONE',  ( -0.03085937188818551800, 0.3397083333333325600, -0.05344999999999998400 ) ) ;
#732 = CARTESIAN_POINT ( 'NONE',  ( -0.04628905783227824800, 0.3386666666666658900, -0.02672499999999998500 ) ) ;
#733 = CARTESIAN_POINT ( 'NONE',  ( -0.06171874377637098800, 0.3376249999999992900, 3.779058288923960300E-018 ) ) ;
#734 = CARTESIAN_POINT ( 'NONE',  ( -0.04628905783227824100, 0.3365833333333325700, 0.02672500000000000200 ) ) ;
#735 = CARTESIAN_POINT ( 'NONE',  ( -0.03085937188818549000, 0.3355416666666659600, 0.05344999999999999800 ) ) ;
#736 = CARTESIAN_POINT ( 'NONE',  ( 0.0000000000000000000, 0.3344999999999992400, 0.05344999999999999800 ) ) ;
#737 = CARTESIAN_POINT ( 'NONE',  ( 0.03085937188818552200, 0.3334583333333326300, 0.05344999999999998400 ) ) ;
#738 = CARTESIAN_POINT ( 'NONE',  ( 0.04628905783227826900, 0.3324166666666659200, 0.02672499999999996400 ) ) ;
#739 = CARTESIAN_POINT ( 'NONE',  ( 0.06171874377637098800, 0.3313749999999993100, -1.133717486677188400E-017 ) ) ;
#740 = CARTESIAN_POINT ( 'NONE',  ( 0.04628905783227822700, 0.3303333333333325900, -0.02672500000000002300 ) ) ;
#741 = CARTESIAN_POINT ( 'NONE',  ( 0.03085937188818547700, 0.3292916666666659800, -0.05344999999999999800 ) ) ;
#742 = CARTESIAN_POINT ( 'NONE',  ( -6.545520961180605600E-018, 0.3282499999999992600, -0.05344999999999999800 ) ) ;
#743 = CARTESIAN_POINT ( 'NONE',  ( -0.03085937188818551800, 0.3272083333333326600, -0.05344999999999998400 ) ) ;
#744 = CARTESIAN_POINT ( 'NONE',  ( 0.03085937188818552200, 0.2834583333333327600, 0.05344999999999998400 ) ) ;
#745 = CARTESIAN_POINT ( 'NONE',  ( 0.04628905783227826900, 0.2824166666666660400, 0.02672499999999996400 ) ) ;
#746 = CARTESIAN_POINT ( 'NONE',  ( 0.06171874377637098800, 0.2813749999999993800, -1.133717486677188400E-017 ) ) ;
#747 = CARTESIAN_POINT ( 'NONE',  ( 0.04628905783227822700, 0.2803333333333327100, -0.02672500000000002300 ) ) ;
#748 = CARTESIAN_POINT ( 'NONE',  ( 0.03085937188818547700, 0.2792916666666660500, -0.05344999999999999800 ) ) ;
#749 = CARTESIAN_POINT ( 'NONE',  ( -6.545520961180605600E-018, 0.2782499999999993900, -0.05344999999999999800 ) ) ;
#750 = CARTESIAN_POINT ( 'NONE',  ( -0.03085937188818551800, 0.2772083333333327200, -0.05344999999999998400 ) ) ;
#751 = CARTESIAN_POINT ( 'NONE',  ( -0.04628905783227824800, 0.2761666666666660600, -0.02672499999999998500 ) ) ;
#752 = CARTESIAN_POINT ( 'NONE',  ( -0.06171874377637098800, 0.2751249999999994000, 3.779058288923960300E-018 ) ) ;
#753 = CARTESIAN_POINT ( 'NONE',  ( -0.04628905783227824100, 0.2740833333333327300, 0.02672500000000000200 ) ) ;
#754 = CARTESIAN_POINT ( 'NONE',  ( -0.03085937188818549000, 0.2730416666666660700, 0.05344999999999999800 ) ) ;
#755 = CARTESIAN_POINT ( 'NONE',  ( 0.0000000000000000000, 0.2719999999999994100, 0.05344999999999999800 ) ) ;
#756 = CARTESIAN_POINT ( 'NONE',  ( 0.03085937188818552200, 0.2709583333333327500, 0.05344999999999998400 ) ) ;
#757 = CARTESIAN_POINT ( 'NONE',  ( 0.04628905783227826900, 0.2699166666666660800, 0.02672499999999996400 ) ) ;
#758 = CARTESIAN_POINT ( 'NONE',  ( 0.06171874377637098800, 0.2688749999999994200, -1.133717486677188400E-017 ) ) ;
#759 = CARTESIAN_POINT ( 'NONE',  ( 0.04628905783227822700, 0.2678333333333327600, -0.02672500000000002300 ) ) ;
#760 = CARTESIAN_POINT ( 'NONE',  ( 0.03085937188818547700, 0.2667916666666660900, -0.05344999999999999800 ) ) ;
#761 = CARTESIAN_POINT ( 'NONE',  ( -6.545520961180605600E-018, 0.2657499999999994300, -0.05344999999999999800 ) ) ;
#762 = CARTESIAN_POINT ( 'NONE',  ( -0.03085937188818551800, 0.2647083333333327700, -0.05344999999999998400 ) ) ;
#763 = CARTESIAN_POINT ( 'NONE',  ( -0.04628905783227824800, 0.2636666666666661100, -0.02672499999999998500 ) ) ;
#764 = CARTESIAN_POINT ( 'NONE',  ( -0.06171874377637098800, 0.2626249999999994400, 3.779058288923960300E-018 ) ) ;
#765 = CARTESIAN_POINT ( 'NONE',  ( -0.04628905783227824100, 0.2615833333333327800, 0.02672500000000000200 ) ) ;
#766 = CARTESIAN_POINT ( 'NONE',  ( -0.04628905783227824800, 0.3261666666666659900, -0.02672499999999998500 ) ) ;
#767 = CARTESIAN_POINT ( 'NONE',  ( -0.06171874377637098800, 0.3251249999999993300, 3.779058288923960300E-018 ) ) ;
#768 = CARTESIAN_POINT ( 'NONE',  ( -0.04628905783227824100, 0.3240833333333326700, 0.02672500000000000200 ) ) ;
#769 = CARTESIAN_POINT ( 'NONE',  ( -0.03085937188818549000, 0.3230416666666659500, 0.05344999999999999800 ) ) ;
#770 = CARTESIAN_POINT ( 'NONE',  ( 0.0000000000000000000, 0.3219999999999992300, 0.05344999999999999800 ) ) ;
#771 = CARTESIAN_POINT ( 'NONE',  ( 0.03085937188818552200, 0.3209583333333326200, 0.05344999999999998400 ) ) ;
#772 = CARTESIAN_POINT ( 'NONE',  ( 0.04628905783227826900, 0.3199166666666659600, 0.02672499999999996400 ) ) ;
#773 = CARTESIAN_POINT ( 'NONE',  ( 0.06171874377637098800, 0.3188749999999993000, -1.133717486677188400E-017 ) ) ;
#774 = CARTESIAN_POINT ( 'NONE',  ( 0.04628905783227822700, 0.3178333333333326300, -0.02672500000000002300 ) ) ;
#775 = CARTESIAN_POINT ( 'NONE',  ( 0.03085937188818547700, 0.3167916666666660300, -0.05344999999999999800 ) ) ;
#776 = CARTESIAN_POINT ( 'NONE',  ( -6.545520961180605600E-018, 0.3157499999999993100, -0.05344999999999999800 ) ) ;
#777 = CARTESIAN_POINT ( 'NONE',  ( -0.03085937188818551800, 0.3147083333333326500, -0.05344999999999998400 ) ) ;
#778 = CARTESIAN_POINT ( 'NONE',  ( -0.04628905783227824800, 0.3136666666666659800, -0.02672499999999998500 ) ) ;
#779 = CARTESIAN_POINT ( 'NONE',  ( -0.06171874377637098800, 0.3126249999999992600, 3.779058288923960300E-018 ) ) ;
#780 = CARTESIAN_POINT ( 'NONE',  ( -0.04628905783227824100, 0.3115833333333326600, 0.02672500000000000200 ) ) ;
#781 = CARTESIAN_POINT ( 'NONE',  ( -0.03085937188818549000, 0.3105416666666659400, 0.05344999999999999800 ) ) ;
#782 = CARTESIAN_POINT ( 'NONE',  ( 0.0000000000000000000, 0.3094999999999993300, 0.05344999999999999800 ) ) ;
#783 = CARTESIAN_POINT ( 'NONE',  ( 0.03085937188818552200, 0.3084583333333326100, 0.05344999999999998400 ) ) ;
#784 = CARTESIAN_POINT ( 'NONE',  ( 0.04628905783227826900, 0.3074166666666660100, 0.02672499999999996400 ) ) ;
#785 = CARTESIAN_POINT ( 'NONE',  ( 0.06171874377637098800, 0.3063749999999992900, -1.133717486677188400E-017 ) ) ;
#786 = CARTESIAN_POINT ( 'NONE',  ( 0.04628905783227822700, 0.3053333333333326800, -0.02672500000000002300 ) ) ;
#787 = CARTESIAN_POINT ( 'NONE',  ( 0.03085937188818547700, 0.3042916666666659600, -0.05344999999999999800 ) ) ;
#788 = CARTESIAN_POINT ( 'NONE',  ( -6.545520961180605600E-018, 0.3032499999999993000, -0.05344999999999999800 ) ) ;
#789 = CARTESIAN_POINT ( 'NONE',  ( -0.03085937188818551800, 0.3022083333333326300, -0.05344999999999998400 ) ) ;
#790 = CARTESIAN_POINT ( 'NONE',  ( -0.04628905783227824800, 0.3011666666666659700, -0.02672499999999998500 ) ) ;
#791 = CARTESIAN_POINT ( 'NONE',  ( -0.06171874377637098800, 0.3001249999999993600, 3.779058288923960300E-018 ) ) ;
#792 = CARTESIAN_POINT ( 'NONE',  ( -0.04628905783227824100, 0.2990833333333327000, 0.02672500000000000200 ) ) ;
#793 = CARTESIAN_POINT ( 'NONE',  ( -0.03085937188818549000, 0.2980416666666660400, 0.05344999999999999800 ) ) ;
#794 = CARTESIAN_POINT ( 'NONE',  ( 0.0000000000000000000, 0.2969999999999993800, 0.05344999999999999800 ) ) ;
#795 = CARTESIAN_POINT ( 'NONE',  ( 0.03085937188818552200, 0.2959583333333327100, 0.05344999999999998400 ) ) ;
#796 = CARTESIAN_POINT ( 'NONE',  ( 0.04628905783227826900, 0.2949166666666660500, 0.02672499999999996400 ) ) ;
#797 = CARTESIAN_POINT ( 'NONE',  ( 0.06171874377637098800, 0.2938749999999993900, -1.133717486677188400E-017 ) ) ;
#798 = CARTESIAN_POINT ( 'NONE',  ( 0.04628905783227822700, 0.2928333333333326700, -0.02672500000000002300 ) ) ;
#799 = CARTESIAN_POINT ( 'NONE',  ( 0.03085937188818547700, 0.2917916666666660100, -0.05344999999999999800 ) ) ;
#800 = CARTESIAN_POINT ( 'NONE',  ( -6.545520961180605600E-018, 0.2907499999999993400, -0.05344999999999999800 ) ) ;
#801 = CARTESIAN_POINT ( 'NONE',  ( -0.03085937188818551800, 0.2897083333333326800, -0.05344999999999998400 ) ) ;
#802 = CARTESIAN_POINT ( 'NONE',  ( -0.04628905783227824800, 0.2886666666666660200, -0.02672499999999998500 ) ) ;
#803 = CARTESIAN_POINT ( 'NONE',  ( -0.06171874377637098800, 0.2876249999999993500, 3.779058288923960300E-018 ) ) ;
#804 = CARTESIAN_POINT ( 'NONE',  ( -0.04628905783227824100, 0.2865833333333326900, 0.02672500000000000200 ) ) ;
#805 = CARTESIAN_POINT ( 'NONE',  ( -0.03085937188818549000, 0.2855416666666660800, 0.05344999999999999800 ) ) ;
#806 = CARTESIAN_POINT ( 'NONE',  ( 0.0000000000000000000, 0.2844999999999993600, 0.05344999999999999800 ) ) ;
#807 = CARTESIAN_POINT ( 'NONE',  ( -0.03085937188818549000, 0.2230416666666661400, 0.05344999999999999800 ) ) ;
#808 = CARTESIAN_POINT ( 'NONE',  ( 0.0000000000000000000, 0.2219999999999995000, 0.05344999999999999800 ) ) ;
#809 = CARTESIAN_POINT ( 'NONE',  ( 0.03085937188818552200, 0.2209583333333328400, 0.05344999999999998400 ) ) ;
#810 = CARTESIAN_POINT ( 'NONE',  ( 0.04628905783227826900, 0.2199166666666661800, 0.02672499999999996400 ) ) ;
#811 = CARTESIAN_POINT ( 'NONE',  ( 0.06171874377637098800, 0.2188749999999995400, -1.133717486677188400E-017 ) ) ;
#812 = CARTESIAN_POINT ( 'NONE',  ( 0.04628905783227822700, 0.2178333333333328500, -0.02672500000000002300 ) ) ;
#813 = CARTESIAN_POINT ( 'NONE',  ( -0.03085937188818549000, 0.2105416666666661800, 0.05344999999999999800 ) ) ;
#814 = CARTESIAN_POINT ( 'NONE',  ( 0.0000000000000000000, 0.2094999999999995500, 0.05344999999999999800 ) ) ;
#815 = CARTESIAN_POINT ( 'NONE',  ( 0.03085937188818547700, 0.2167916666666662200, -0.05344999999999999800 ) ) ;
#816 = CARTESIAN_POINT ( 'NONE',  ( -6.545520961180605600E-018, 0.2157499999999995300, -0.05344999999999999800 ) ) ;
#817 = CARTESIAN_POINT ( 'NONE',  ( -0.06171874377637098800, 0.2126249999999995600, 3.779058288923960300E-018 ) ) ;
#818 = CARTESIAN_POINT ( 'NONE',  ( -0.04628905783227824100, 0.2115833333333328500, 0.02672500000000000200 ) ) ;
#819 = CARTESIAN_POINT ( 'NONE',  ( -0.06171874377637098800, 0.2376249999999995300, 3.779058288923960300E-018 ) ) ;
#820 = CARTESIAN_POINT ( 'NONE',  ( -0.04628905783227824100, 0.2365833333333328400, 0.02672500000000000200 ) ) ;
#821 = CARTESIAN_POINT ( 'NONE',  ( -0.03085937188818549000, 0.2355416666666661500, 0.05344999999999999800 ) ) ;
#822 = CARTESIAN_POINT ( 'NONE',  ( 0.0000000000000000000, 0.2344999999999994600, 0.05344999999999999800 ) ) ;
#823 = CARTESIAN_POINT ( 'NONE',  ( 0.03085937188818552200, 0.2334583333333328200, 0.05344999999999998400 ) ) ;
#824 = CARTESIAN_POINT ( 'NONE',  ( 0.04628905783227826900, 0.2324166666666661600, 0.02672499999999996400 ) ) ;
#825 = CARTESIAN_POINT ( 'NONE',  ( 0.06171874377637098800, 0.2313749999999995000, -1.133717486677188400E-017 ) ) ;
#826 = CARTESIAN_POINT ( 'NONE',  ( 0.04628905783227822700, 0.2303333333333328300, -0.02672500000000002300 ) ) ;
#827 = CARTESIAN_POINT ( 'NONE',  ( 0.03085937188818547700, 0.2292916666666661700, -0.05344999999999999800 ) ) ;
#828 = CARTESIAN_POINT ( 'NONE',  ( -6.545520961180605600E-018, 0.2282499999999995100, -0.05344999999999999800 ) ) ;
#829 = CARTESIAN_POINT ( 'NONE',  ( -0.03085937188818551800, 0.2272083333333328500, -0.05344999999999998400 ) ) ;
#830 = CARTESIAN_POINT ( 'NONE',  ( -0.04628905783227824800, 0.2261666666666661800, -0.02672499999999998500 ) ) ;
#831 = CARTESIAN_POINT ( 'NONE',  ( -0.06171874377637098800, 0.2251249999999994900, 3.779058288923960300E-018 ) ) ;
#832 = CARTESIAN_POINT ( 'NONE',  ( -0.04628905783227824100, 0.2240833333333328600, 0.02672500000000000200 ) ) ;
#833 = CARTESIAN_POINT ( 'NONE',  ( -0.03085937188818549000, 0.2605416666666661200, 0.05344999999999999800 ) ) ;
#834 = CARTESIAN_POINT ( 'NONE',  ( 0.0000000000000000000, 0.2594999999999994500, 0.05344999999999999800 ) ) ;
#835 = CARTESIAN_POINT ( 'NONE',  ( 0.03085937188818552200, 0.2584583333333327300, 0.05344999999999998400 ) ) ;
#836 = CARTESIAN_POINT ( 'NONE',  ( 0.04628905783227826900, 0.2574166666666660700, 0.02672499999999996400 ) ) ;
#837 = CARTESIAN_POINT ( 'NONE',  ( 0.06171874377637098800, 0.2563749999999994100, -1.133717486677188400E-017 ) ) ;
#838 = CARTESIAN_POINT ( 'NONE',  ( 0.04628905783227822700, 0.2553333333333327500, -0.02672500000000002300 ) ) ;
#839 = CARTESIAN_POINT ( 'NONE',  ( 0.03085937188818547700, 0.2542916666666661400, -0.05344999999999999800 ) ) ;
#840 = CARTESIAN_POINT ( 'NONE',  ( -6.545520961180605600E-018, 0.2532499999999994200, -0.05344999999999999800 ) ) ;
#841 = CARTESIAN_POINT ( 'NONE',  ( -0.03085937188818551800, 0.2522083333333328100, -0.05344999999999998400 ) ) ;
#842 = CARTESIAN_POINT ( 'NONE',  ( -0.04628905783227824800, 0.2511666666666660900, -0.02672499999999998500 ) ) ;
#843 = CARTESIAN_POINT ( 'NONE',  ( -0.06171874377637098800, 0.2501249999999994300, 3.779058288923960300E-018 ) ) ;
#844 = CARTESIAN_POINT ( 'NONE',  ( -0.04628905783227824100, 0.2490833333333328000, 0.02672500000000000200 ) ) ;
#845 = CARTESIAN_POINT ( 'NONE',  ( -0.03085937188818549000, 0.2480416666666661300, 0.05344999999999999800 ) ) ;
#846 = CARTESIAN_POINT ( 'NONE',  ( 0.0000000000000000000, 0.2469999999999994400, 0.05344999999999999800 ) ) ;
#847 = CARTESIAN_POINT ( 'NONE',  ( 0.03085937188818552200, 0.2459583333333327800, 0.05344999999999998400 ) ) ;
#848 = CARTESIAN_POINT ( 'NONE',  ( 0.04628905783227826900, 0.2449166666666661200, 0.02672499999999996400 ) ) ;
#849 = CARTESIAN_POINT ( 'NONE',  ( 0.06171874377637098800, 0.2438749999999994500, -1.133717486677188400E-017 ) ) ;
#850 = CARTESIAN_POINT ( 'NONE',  ( 0.04628905783227822700, 0.2428333333333327900, -0.02672500000000002300 ) ) ;
#851 = CARTESIAN_POINT ( 'NONE',  ( 0.03085937188818547700, 0.2417916666666661300, -0.05344999999999999800 ) ) ;
#852 = CARTESIAN_POINT ( 'NONE',  ( -6.545520961180605600E-018, 0.2407499999999994600, -0.05344999999999999800 ) ) ;
#853 = CARTESIAN_POINT ( 'NONE',  ( -0.03085937188818551800, 0.2397083333333327700, -0.05344999999999998400 ) ) ;
#854 = CARTESIAN_POINT ( 'NONE',  ( -0.04628905783227824800, 0.2386666666666661400, -0.02672499999999998500 ) ) ;
#855 = CARTESIAN_POINT ( 'NONE',  ( -0.03085937188818551800, 0.2147083333333328900, -0.05344999999999998400 ) ) ;
#856 = CARTESIAN_POINT ( 'NONE',  ( -0.04628905783227824800, 0.2136666666666662000, -0.02672499999999998500 ) ) ;
#857 = CARTESIAN_POINT ( 'NONE',  ( -0.04628905783227824100, 0.3990833333333324600, 0.02672500000000000200 ) ) ;
#858 = CARTESIAN_POINT ( 'NONE',  ( -0.04628905783227824800, 0.4011666666666657800, -0.02672499999999998500 ) ) ;
#859 = CARTESIAN_POINT ( 'NONE',  ( 0.0000000000000000000, 0.3969999999999991300, 0.05344999999999999800 ) ) ;
#860 = CARTESIAN_POINT ( 'NONE',  ( -0.06171874377637098800, 0.4001249999999991200, 3.779058288923960300E-018 ) ) ;
#861 = CARTESIAN_POINT ( 'NONE',  ( -0.03085937188818549000, 0.3980416666666657900, 0.05344999999999999800 ) ) ;
#862 = CARTESIAN_POINT ( 'NONE',  ( 0.06171874377637098800, 0.4063749999999991000, -1.133717486677188400E-017 ) ) ;
#863 = CARTESIAN_POINT ( 'NONE',  ( -6.545520961180605600E-018, 0.4032499999999991100, -0.05344999999999999800 ) ) ;
#864 = CARTESIAN_POINT ( 'NONE',  ( -0.03085937188818551800, 0.4022083333333324500, -0.05344999999999998400 ) ) ;
#865 = CARTESIAN_POINT ( 'NONE',  ( 0.04628905783227822700, 0.4053333333333324400, -0.02672500000000002300 ) ) ;
#866 = CARTESIAN_POINT ( 'NONE',  ( 0.03085937188818547700, 0.4042916666666657700, -0.05344999999999999800 ) ) ;
#867 = CARTESIAN_POINT ( 'NONE',  ( -0.04849742261192855500, 0.02958333333333330200, 0.02800000000000003200 ) ) ;
#868 = CARTESIAN_POINT ( 'NONE',  ( -0.03233161507461899300, 0.02854166666666663500, 0.05600000000000002200 ) ) ;
#869 = CARTESIAN_POINT ( 'NONE',  ( 0.04849742261192858900, 0.02541666666666664000, 0.02799999999999996600 ) ) ;
#870 = CARTESIAN_POINT ( 'NONE',  ( 0.06466323014923808200, 0.02437499999999998000, -1.187805037491535100E-017 ) ) ;
#871 = CARTESIAN_POINT ( 'NONE',  ( -0.04849742261192859600, 0.03166666666666662800, -0.02799999999999995900 ) ) ;
#872 = CARTESIAN_POINT ( 'NONE',  ( -0.06466323014923808200, 0.03062499999999996500, 7.722923619151470500E-017 ) ) ;
#873 = CARTESIAN_POINT ( 'NONE',  ( 1.371559116281062600E-017, 0.02749999999999997200, 0.05600000000000000800 ) ) ;
#874 = CARTESIAN_POINT ( 'NONE',  ( 0.03233161507461907600, 0.02645833333333330900, 0.05599999999999998700 ) ) ;
#875 = CARTESIAN_POINT ( 'NONE',  ( 0.04849742261192855500, 0.02333333333333331400, -0.02800000000000002800 ) ) ;
#876 = CARTESIAN_POINT ( 'NONE',  ( -0.03085937188818549000, 0.4105416666666656900, 0.05344999999999999800 ) ) ;
#877 = CARTESIAN_POINT ( 'NONE',  ( -0.04628905783227824100, 0.4115833333333324100, 0.02672500000000000200 ) ) ;
#878 = CARTESIAN_POINT ( 'NONE',  ( 0.04628905783227826900, 0.4074166666666657600, 0.02672499999999996400 ) ) ;
#879 = CARTESIAN_POINT ( 'NONE',  ( 0.03085937188818552200, 0.4084583333333324200, 0.05344999999999998400 ) ) ;
#880 = CARTESIAN_POINT ( 'NONE',  ( 0.0000000000000000000, 0.4094999999999990900, 0.05344999999999999800 ) ) ;
#881 = CARTESIAN_POINT ( 'NONE',  ( 0.0000000000000000000, 0.4219999999999991000, 0.05344999999999999800 ) ) ;
#882 = CARTESIAN_POINT ( 'NONE',  ( -0.03085937188818549000, 0.4230416666666657600, 0.05344999999999999800 ) ) ;
#883 = CARTESIAN_POINT ( 'NONE',  ( -0.06171874377637098800, 0.4126249999999990200, 3.779058288923960300E-018 ) ) ;
#884 = CARTESIAN_POINT ( 'NONE',  ( 0.03085937188818547700, 0.4167916666666658400, -0.05344999999999999800 ) ) ;
#885 = CARTESIAN_POINT ( 'NONE',  ( 0.04628905783227822700, 0.4178333333333324500, -0.02672500000000002300 ) ) ;
#886 = CARTESIAN_POINT ( 'NONE',  ( 0.03085937188818547700, 0.4292916666666657400, -0.05344999999999999800 ) ) ;
#887 = CARTESIAN_POINT ( 'NONE',  ( -6.545520961180605600E-018, 0.4282499999999990200, -0.05344999999999999800 ) ) ;
#888 = CARTESIAN_POINT ( 'NONE',  ( -0.06171874377637098800, 0.4251249999999990900, 3.779058288923960300E-018 ) ) ;
#889 = CARTESIAN_POINT ( 'NONE',  ( -0.04628905783227824100, 0.4240833333333324200, 0.02672500000000000200 ) ) ;
#890 = CARTESIAN_POINT ( 'NONE',  ( -0.03085937188818551800, 0.4272083333333324100, -0.05344999999999998400 ) ) ;
#891 = CARTESIAN_POINT ( 'NONE',  ( -0.04628905783227824800, 0.4261666666666657500, -0.02672499999999998500 ) ) ;
#892 = CARTESIAN_POINT ( 'NONE',  ( -0.03085937188818551800, 0.4147083333333323500, -0.05344999999999998400 ) ) ;
#893 = CARTESIAN_POINT ( 'NONE',  ( 0.04628905783227826900, 0.4199166666666657700, 0.02672499999999996400 ) ) ;
#894 = CARTESIAN_POINT ( 'NONE',  ( 0.06171874377637098800, 0.4188749999999991100, -1.133717486677188400E-017 ) ) ;
#895 = CARTESIAN_POINT ( 'NONE',  ( 0.04849742261192859600, 0.03791666666666661900, 0.02799999999999995200 ) ) ;
#896 = CARTESIAN_POINT ( 'NONE',  ( 0.06466323014923808200, 0.03687499999999994900, -2.771545087480248100E-017 ) ) ;
#897 = CARTESIAN_POINT ( 'NONE',  ( -0.03085937188818549000, 0.4480416666666657300, 0.05344999999999999800 ) ) ;
#898 = CARTESIAN_POINT ( 'NONE',  ( 0.0000000000000000000, 0.4469999999999990100, 0.05344999999999999800 ) ) ;
#899 = CARTESIAN_POINT ( 'NONE',  ( 0.03085937188818552200, 0.4459583333333324000, 0.05344999999999998400 ) ) ;
#900 = CARTESIAN_POINT ( 'NONE',  ( 0.04628905783227826900, 0.4449166666666656800, 0.02672499999999996400 ) ) ;
#901 = CARTESIAN_POINT ( 'NONE',  ( 0.06171874377637098800, 0.4438749999999990200, -1.133717486677188400E-017 ) ) ;
#902 = CARTESIAN_POINT ( 'NONE',  ( 0.04628905783227822700, 0.4428333333333323600, -0.02672500000000002300 ) ) ;
#903 = CARTESIAN_POINT ( 'NONE',  ( 0.03085937188818547700, 0.4417916666666656900, -0.05344999999999999800 ) ) ;
#904 = CARTESIAN_POINT ( 'NONE',  ( -6.545520961180605600E-018, 0.4407499999999990300, -0.05344999999999999800 ) ) ;
#905 = CARTESIAN_POINT ( 'NONE',  ( -0.03085937188818551800, 0.4397083333333323700, -0.05344999999999998400 ) ) ;
#906 = CARTESIAN_POINT ( 'NONE',  ( -0.04628905783227824800, 0.4386666666666657100, -0.02672499999999998500 ) ) ;
#907 = CARTESIAN_POINT ( 'NONE',  ( -0.06171874377637098800, 0.4376249999999989900, 3.779058288923960300E-018 ) ) ;
#908 = CARTESIAN_POINT ( 'NONE',  ( 0.03085937188818552200, 0.4209583333333324400, 0.05344999999999998400 ) ) ;
#909 = CARTESIAN_POINT ( 'NONE',  ( -0.04628905783227824100, 0.4365833333333323200, 0.02672500000000000200 ) ) ;
#910 = CARTESIAN_POINT ( 'NONE',  ( -0.03085937188818549000, 0.4355416666666656600, 0.05344999999999999800 ) ) ;
#911 = CARTESIAN_POINT ( 'NONE',  ( 0.0000000000000000000, 0.4344999999999990000, 0.05344999999999999800 ) ) ;
#912 = CARTESIAN_POINT ( 'NONE',  ( 0.03085937188818552200, 0.4334583333333323400, 0.05344999999999998400 ) ) ;
#913 = CARTESIAN_POINT ( 'NONE',  ( 0.04628905783227826900, 0.4574166666666656400, 0.02672499999999996400 ) ) ;
#914 = CARTESIAN_POINT ( 'NONE',  ( 0.06171874377637098800, 0.4563749999999989800, -1.133717486677188400E-017 ) ) ;
#915 = CARTESIAN_POINT ( 'NONE',  ( 0.04628905783227822700, 0.4553333333333323100, -0.02672500000000002300 ) ) ;
#916 = CARTESIAN_POINT ( 'NONE',  ( 0.03085937188818547700, 0.4542916666666656500, -0.05344999999999999800 ) ) ;
#917 = CARTESIAN_POINT ( 'NONE',  ( -6.545520961180605600E-018, 0.4532499999999989900, -0.05344999999999999800 ) ) ;
#918 = CARTESIAN_POINT ( 'NONE',  ( -0.03085937188818551800, 0.4522083333333323200, -0.05344999999999998400 ) ) ;
#919 = CARTESIAN_POINT ( 'NONE',  ( -0.04628905783227824800, 0.4511666666666656600, -0.02672499999999998500 ) ) ;
#920 = CARTESIAN_POINT ( 'NONE',  ( -0.06171874377637098800, 0.4501249999999990500, 3.779058288923960300E-018 ) ) ;
#921 = CARTESIAN_POINT ( 'NONE',  ( -0.04628905783227824100, 0.4490833333333323400, 0.02672500000000000200 ) ) ;
#922 = CARTESIAN_POINT ( 'NONE',  ( -0.04628905783227824800, 0.4136666666666657400, -0.02672499999999998500 ) ) ;
#923 = CARTESIAN_POINT ( 'NONE',  ( -6.545520961180605600E-018, 0.4157499999999991200, -0.05344999999999999800 ) ) ;
#924 = CARTESIAN_POINT ( 'NONE',  ( 0.04628905783227826900, 0.4324166666666656700, 0.02672499999999996400 ) ) ;
#925 = CARTESIAN_POINT ( 'NONE',  ( 0.06171874377637098800, 0.4313749999999990600, -1.133717486677188400E-017 ) ) ;
#926 = CARTESIAN_POINT ( 'NONE',  ( 0.04628905783227822700, 0.4303333333333323500, -0.02672500000000002300 ) ) ;
#927 = CARTESIAN_POINT ( 'NONE',  ( 0.06171874377637098800, 0.1188749999999997400, -1.133717486677188400E-017 ) ) ;
#928 = CARTESIAN_POINT ( 'NONE',  ( 0.04628905783227822700, 0.1178333333333330800, -0.02672500000000002300 ) ) ;
#929 = CARTESIAN_POINT ( 'NONE',  ( 0.03085937188818547700, 0.1167916666666664200, -0.05344999999999999800 ) ) ;
#930 = CARTESIAN_POINT ( 'NONE',  ( -6.545520961180605600E-018, 0.1157499999999997400, -0.05344999999999999800 ) ) ;
#931 = CARTESIAN_POINT ( 'NONE',  ( 0.04628905783227826900, 0.1074166666666664400, 0.02672499999999996400 ) ) ;
#932 = CARTESIAN_POINT ( 'NONE',  ( 2.743118232562125200E-017, 0.03999999999999993800, 0.05600000000000000800 ) ) ;
#933 = CARTESIAN_POINT ( 'NONE',  ( 0.03233161507461913800, 0.03895833333333328200, 0.05599999999999994600 ) ) ;
#934 = CARTESIAN_POINT ( 'NONE',  ( -0.03085937188818551800, 0.1147083333333330900, -0.05344999999999998400 ) ) ;
#935 = CARTESIAN_POINT ( 'NONE',  ( -0.04628905783227824800, 0.1136666666666664300, -0.02672499999999998500 ) ) ;
#936 = CARTESIAN_POINT ( 'NONE',  ( -0.06171874377637098800, 0.1126249999999997700, 3.779058288923960300E-018 ) ) ;
#937 = CARTESIAN_POINT ( 'NONE',  ( 0.03085937188818552200, 0.1084583333333331000, 0.05344999999999998400 ) ) ;
#938 = CARTESIAN_POINT ( 'NONE',  ( -0.04628905783227824100, 0.1115833333333331000, 0.02672500000000000200 ) ) ;
#939 = CARTESIAN_POINT ( 'NONE',  ( -0.03085937188818549000, 0.1105416666666664100, 0.05344999999999999800 ) ) ;
#940 = CARTESIAN_POINT ( 'NONE',  ( 0.0000000000000000000, 0.1094999999999997600, 0.05344999999999999800 ) ) ;
#941 = CARTESIAN_POINT ( 'NONE',  ( -0.03085937188818549000, 0.4605416666666656300, 0.05344999999999999800 ) ) ;
#942 = CARTESIAN_POINT ( 'NONE',  ( 0.0000000000000000000, 0.4594999999999989600, 0.05344999999999999800 ) ) ;
#943 = CARTESIAN_POINT ( 'NONE',  ( 0.03085937188818552200, 0.4584583333333323000, 0.05344999999999998400 ) ) ;
#944 = CARTESIAN_POINT ( 'NONE',  ( -0.06171874377637098800, 0.4626249999999989500, 3.779058288923960300E-018 ) ) ;
#945 = CARTESIAN_POINT ( 'NONE',  ( -6.545520961180605600E-018, 0.4657499999999990000, -0.05344999999999999800 ) ) ;
#946 = CARTESIAN_POINT ( 'NONE',  ( -0.04628905783227824100, 0.4615833333333322900, 0.02672500000000000200 ) ) ;
#947 = CARTESIAN_POINT ( 'NONE',  ( -0.04628905783227824800, 0.4636666666666656700, -0.02672499999999998500 ) ) ;
#948 = CARTESIAN_POINT ( 'NONE',  ( -0.03085937188818551800, 0.4647083333333322800, -0.05344999999999998400 ) ) ;
#949 = CARTESIAN_POINT ( 'NONE',  ( -6.545520961180605600E-018, 0.1782499999999996300, -0.05344999999999999800 ) ) ;
#950 = CARTESIAN_POINT ( 'NONE',  ( -0.03085937188818551800, 0.1772083333333329400, -0.05344999999999998400 ) ) ;
#951 = CARTESIAN_POINT ( 'NONE',  ( -0.04628905783227824800, 0.1761666666666662800, -0.02672499999999998500 ) ) ;
#952 = CARTESIAN_POINT ( 'NONE',  ( -0.03085937188818551800, 0.1897083333333329200, -0.05344999999999998400 ) ) ;
#953 = CARTESIAN_POINT ( 'NONE',  ( -0.04628905783227824800, 0.1886666666666662300, -0.02672499999999998500 ) ) ;
#954 = CARTESIAN_POINT ( 'NONE',  ( -0.06171874377637098800, 0.1876249999999996000, 3.779058288923960300E-018 ) ) ;
#955 = CARTESIAN_POINT ( 'NONE',  ( -0.04628905783227824100, 0.1865833333333329100, 0.02672500000000000200 ) ) ;
#956 = CARTESIAN_POINT ( 'NONE',  ( -0.03085937188818549000, 0.1855416666666662400, 0.05344999999999999800 ) ) ;
#957 = CARTESIAN_POINT ( 'NONE',  ( 0.0000000000000000000, 0.1844999999999996100, 0.05344999999999999800 ) ) ;
#958 = CARTESIAN_POINT ( 'NONE',  ( 0.03085937188818552200, 0.1834583333333329500, 0.05344999999999998400 ) ) ;
#959 = CARTESIAN_POINT ( 'NONE',  ( -6.545520961180605600E-018, 0.1657499999999996200, -0.05344999999999999800 ) ) ;
#960 = CARTESIAN_POINT ( 'NONE',  ( -0.03085937188818551800, 0.1647083333333329800, -0.05344999999999998400 ) ) ;
#961 = CARTESIAN_POINT ( 'NONE',  ( 0.04628905783227826900, 0.1574166666666663400, 0.02672499999999996400 ) ) ;
#962 = CARTESIAN_POINT ( 'NONE',  ( 0.06171874377637098800, 0.1563749999999996500, -1.133717486677188400E-017 ) ) ;
#963 = CARTESIAN_POINT ( 'NONE',  ( 0.04628905783227826900, 0.1824166666666662800, 0.02672499999999996400 ) ) ;
#964 = CARTESIAN_POINT ( 'NONE',  ( 0.06171874377637098800, 0.1813749999999996200, -1.133717486677188400E-017 ) ) ;
#965 = CARTESIAN_POINT ( 'NONE',  ( 0.04628905783227822700, 0.1803333333333329600, -0.02672500000000002300 ) ) ;
#966 = CARTESIAN_POINT ( 'NONE',  ( 0.03085937188818547700, 0.1792916666666662900, -0.05344999999999999800 ) ) ;
#967 = CARTESIAN_POINT ( 'NONE',  ( -0.06171874377637098800, 0.1751249999999996100, 3.779058288923960300E-018 ) ) ;
#968 = CARTESIAN_POINT ( 'NONE',  ( -0.04628905783227824100, 0.1740833333333329500, 0.02672500000000000200 ) ) ;
#969 = CARTESIAN_POINT ( 'NONE',  ( -0.03085937188818549000, 0.1730416666666662900, 0.05344999999999999800 ) ) ;
#970 = CARTESIAN_POINT ( 'NONE',  ( -0.03085937188818549000, 0.1605416666666663300, 0.05344999999999999800 ) ) ;
#971 = CARTESIAN_POINT ( 'NONE',  ( 0.0000000000000000000, 0.1594999999999996700, 0.05344999999999999800 ) ) ;
#972 = CARTESIAN_POINT ( 'NONE',  ( 0.03085937188818552200, 0.1584583333333330100, 0.05344999999999998400 ) ) ;
#973 = CARTESIAN_POINT ( 'NONE',  ( 0.04628905783227822700, 0.1678333333333329700, -0.02672500000000002300 ) ) ;
#974 = CARTESIAN_POINT ( 'NONE',  ( 0.03085937188818547700, 0.1667916666666663400, -0.05344999999999999800 ) ) ;
#975 = CARTESIAN_POINT ( 'NONE',  ( 0.04628905783227826900, 0.1699166666666663000, 0.02672499999999996400 ) ) ;
#976 = CARTESIAN_POINT ( 'NONE',  ( 0.06171874377637098800, 0.1688749999999996400, -1.133717486677188400E-017 ) ) ;
#977 = CARTESIAN_POINT ( 'NONE',  ( -6.545520961180605600E-018, 0.1532499999999996600, -0.05344999999999999800 ) ) ;
#978 = CARTESIAN_POINT ( 'NONE',  ( 0.04628905783227822700, 0.1553333333333329900, -0.02672500000000002300 ) ) ;
#979 = CARTESIAN_POINT ( 'NONE',  ( 0.0000000000000000000, 0.1719999999999996300, 0.05344999999999999800 ) ) ;
#980 = CARTESIAN_POINT ( 'NONE',  ( 0.03085937188818552200, 0.1709583333333329600, 0.05344999999999998400 ) ) ;
#981 = CARTESIAN_POINT ( 'NONE',  ( -0.04628905783227824800, 0.1636666666666662900, -0.02672499999999998500 ) ) ;
#982 = CARTESIAN_POINT ( 'NONE',  ( -0.06171874377637098800, 0.1626249999999996600, 3.779058288923960300E-018 ) ) ;
#983 = CARTESIAN_POINT ( 'NONE',  ( -0.04628905783227824100, 0.1615833333333329700, 0.02672500000000000200 ) ) ;
#984 = CARTESIAN_POINT ( 'NONE',  ( 0.03085937188818547700, 0.1542916666666663000, -0.05344999999999999800 ) ) ;
#985 = CARTESIAN_POINT ( 'NONE',  ( -0.06171874377637098800, 0.4751249999999989600, 3.779058288923960300E-018 ) ) ;
#986 = CARTESIAN_POINT ( 'NONE',  ( -0.04628905783227824100, 0.4740833333333323000, 0.02672500000000000200 ) ) ;
#987 = CARTESIAN_POINT ( 'NONE',  ( -0.03085937188818549000, 0.4730416666666655800, 0.05344999999999999800 ) ) ;
#988 = CARTESIAN_POINT ( 'NONE',  ( 0.0000000000000000000, 0.4719999999999989800, 0.05344999999999999800 ) ) ;
#989 = CARTESIAN_POINT ( 'NONE',  ( 0.03085937188818552200, 0.4709583333333322600, 0.05344999999999998400 ) ) ;
#990 = CARTESIAN_POINT ( 'NONE',  ( 0.04628905783227826900, 0.4699166666666656500, 0.02672499999999996400 ) ) ;
#991 = CARTESIAN_POINT ( 'NONE',  ( 0.06171874377637098800, 0.4688749999999989300, -1.133717486677188400E-017 ) ) ;
#992 = CARTESIAN_POINT ( 'NONE',  ( 0.04628905783227822700, 0.4678333333333323200, -0.02672500000000002300 ) ) ;
#993 = CARTESIAN_POINT ( 'NONE',  ( 0.03085937188818547700, 0.4667916666666656100, -0.05344999999999999800 ) ) ;
#994 = CARTESIAN_POINT ( 'NONE',  ( -0.03233161507461897900, 0.04104166666666660800, 0.05600000000000004300 ) ) ;
#995 = CARTESIAN_POINT ( 'NONE',  ( 0.03233161507461889500, 0.1222916666666664200, -0.05600000000000009100 ) ) ;
#996 = CARTESIAN_POINT ( 'NONE',  ( 0.04849742261192837400, 0.1233333333333330900, -0.02800000000000034100 ) ) ;
#997 = CARTESIAN_POINT ( 'NONE',  ( 0.03233161507461933300, 0.1264583333333330600, 0.05599999999999983500 ) ) ;
#998 = CARTESIAN_POINT ( 'NONE',  ( 0.04849742261192879100, 0.1254166666666664000, 0.02799999999999960900 ) ) ;
#999 = CARTESIAN_POINT ( 'NONE',  ( 0.06466323014923808200, 0.1243749999999997600, -2.534422255073240200E-016 ) ) ;
#1000 = CARTESIAN_POINT ( 'NONE',  ( -0.04849742261192847800, 0.1295833333333330800, 0.02800000000000017100 ) ) ;
#1001 = CARTESIAN_POINT ( 'NONE',  ( -0.06466323014923808200, 0.1306249999999997400, 4.910908680238907100E-016 ) ) ;
#1002 = CARTESIAN_POINT ( 'NONE',  ( 5.213442524909518000E-016, 0.1274999999999997200, 0.05600000000000000800 ) ) ;
#1003 = CARTESIAN_POINT ( 'NONE',  ( -0.04849742261192870100, 0.1316666666666664000, -0.02799999999999977500 ) ) ;
#1004 = CARTESIAN_POINT ( 'NONE',  ( -0.03233161507461868700, 0.1285416666666664200, 0.05600000000000020200 ) ) ;
#1005 = CARTESIAN_POINT ( 'NONE',  ( -0.03233161507461953400, 0.1327083333333330700, -0.05599999999999971000 ) ) ;
#1006 = CARTESIAN_POINT ( 'NONE',  ( -3.292500820595290200E-016, 0.1337499999999997300, -0.05600000000000000800 ) ) ;
#1007 = CARTESIAN_POINT ( 'NONE',  ( 0.03233161507461848600, 0.1347916666666664200, -0.05600000000000032700 ) ) ;
#1008 = CARTESIAN_POINT ( 'NONE',  ( 0.06466323014923808200, 0.1368749999999996900, -2.692796260072111200E-016 ) ) ;
#1009 = CARTESIAN_POINT ( 'NONE',  ( 0.04849742261192836700, 0.1358333333333330600, -0.02800000000000034400 ) ) ;
#1010 = CARTESIAN_POINT ( 'NONE',  ( 0.04849742261192880500, 0.1379166666666663800, 0.02799999999999959800 ) ) ;
#1011 = CARTESIAN_POINT ( 'NONE',  ( -0.03233161507461867300, 0.1410416666666663700, 0.05600000000000021600 ) ) ;
#1012 = CARTESIAN_POINT ( 'NONE',  ( -0.06466323014923808200, 0.1431249999999997000, 5.069282685237778200E-016 ) ) ;
#1013 = CARTESIAN_POINT ( 'NONE',  ( 5.350598436537624100E-016, 0.1399999999999997100, 0.05600000000000000800 ) ) ;
#1014 = CARTESIAN_POINT ( 'NONE',  ( -6.545520961180605600E-018, 0.07824999999999984700, -0.05344999999999999800 ) ) ;
#1015 = CARTESIAN_POINT ( 'NONE',  ( -0.03085937188818551800, 0.07720833333333318400, -0.05344999999999998400 ) ) ;
#1016 = CARTESIAN_POINT ( 'NONE',  ( -0.04628905783227824800, 0.07616666666666650800, -0.02672499999999998500 ) ) ;
#1017 = CARTESIAN_POINT ( 'NONE',  ( -0.06171874377637098800, 0.07512499999999984500, 3.779058288923960300E-018 ) ) ;
#1018 = CARTESIAN_POINT ( 'NONE',  ( -0.04628905783227824100, 0.07408333333333318200, 0.02672500000000000200 ) ) ;
#1019 = CARTESIAN_POINT ( 'NONE',  ( -0.03085937188818549000, 0.07304166666666650500, 0.05344999999999999800 ) ) ;
#1020 = CARTESIAN_POINT ( 'NONE',  ( 0.0000000000000000000, 0.07199999999999985600, 0.05344999999999999800 ) ) ;
#1021 = CARTESIAN_POINT ( 'NONE',  ( 0.03085937188818552200, 0.07095833333333317900, 0.05344999999999998400 ) ) ;
#1022 = CARTESIAN_POINT ( 'NONE',  ( 0.04628905783227826900, 0.06991666666666653000, 0.02672499999999996400 ) ) ;
#1023 = CARTESIAN_POINT ( 'NONE',  ( 0.06171874377637098800, 0.06887499999999986700, -1.133717486677188400E-017 ) ) ;
#1024 = CARTESIAN_POINT ( 'NONE',  ( 0.04628905783227822700, 0.06783333333333319000, -0.02672500000000002300 ) ) ;
#1025 = CARTESIAN_POINT ( 'NONE',  ( 0.03085937188818547700, 0.06679166666666652700, -0.05344999999999999800 ) ) ;
#1026 = CARTESIAN_POINT ( 'NONE',  ( -6.545520961180605600E-018, 0.06574999999999986400, -0.05344999999999999800 ) ) ;
#1027 = CARTESIAN_POINT ( 'NONE',  ( -0.03085937188818551800, 0.06470833333333321500, -0.05344999999999998400 ) ) ;
#1028 = CARTESIAN_POINT ( 'NONE',  ( 0.06171874377637098800, 0.1063749999999997900, -1.133717486677188400E-017 ) ) ;
#1029 = CARTESIAN_POINT ( 'NONE',  ( 0.04628905783227822700, 0.1053333333333331300, -0.02672500000000002300 ) ) ;
#1030 = CARTESIAN_POINT ( 'NONE',  ( 0.03085937188818547700, 0.1042916666666664500, -0.05344999999999999800 ) ) ;
#1031 = CARTESIAN_POINT ( 'NONE',  ( -6.545520961180605600E-018, 0.1032499999999997900, -0.05344999999999999800 ) ) ;
#1032 = CARTESIAN_POINT ( 'NONE',  ( -0.03085937188818551800, 0.1022083333333331100, -0.05344999999999998400 ) ) ;
#1033 = CARTESIAN_POINT ( 'NONE',  ( -0.04628905783227824800, 0.1011666666666664600, -0.02672499999999998500 ) ) ;
#1034 = CARTESIAN_POINT ( 'NONE',  ( -0.06171874377637098800, 0.1001249999999997800, 3.779058288923960300E-018 ) ) ;
#1035 = CARTESIAN_POINT ( 'NONE',  ( -0.04628905783227824100, 0.09908333333333312100, 0.02672500000000000200 ) ) ;
#1036 = CARTESIAN_POINT ( 'NONE',  ( -0.03085937188818549000, 0.09804166666666645800, 0.05344999999999999800 ) ) ;
#1037 = CARTESIAN_POINT ( 'NONE',  ( 0.0000000000000000000, 0.09699999999999979500, 0.05344999999999999800 ) ) ;
#1038 = CARTESIAN_POINT ( 'NONE',  ( 0.03085937188818552200, 0.09595833333333313200, 0.05344999999999998400 ) ) ;
#1039 = CARTESIAN_POINT ( 'NONE',  ( 0.04628905783227826900, 0.09491666666666646900, 0.02672499999999996400 ) ) ;
#1040 = CARTESIAN_POINT ( 'NONE',  ( 0.06171874377637098800, 0.09387499999999980600, -1.133717486677188400E-017 ) ) ;
#1041 = CARTESIAN_POINT ( 'NONE',  ( 0.04628905783227822700, 0.09283333333333312900, -0.02672500000000002300 ) ) ;
#1042 = CARTESIAN_POINT ( 'NONE',  ( 0.03085937188818547700, 0.09179166666666648000, -0.05344999999999999800 ) ) ;
#1043 = CARTESIAN_POINT ( 'NONE',  ( -6.545520961180605600E-018, 0.09074999999999981700, -0.05344999999999999800 ) ) ;
#1044 = CARTESIAN_POINT ( 'NONE',  ( -0.03085937188818551800, 0.08970833333333315400, -0.05344999999999998400 ) ) ;
#1045 = CARTESIAN_POINT ( 'NONE',  ( -0.04628905783227824800, 0.08866666666666649100, -0.02672499999999998500 ) ) ;
#1046 = CARTESIAN_POINT ( 'NONE',  ( -0.06171874377637098800, 0.08762499999999980000, 3.779058288923960300E-018 ) ) ;
#1047 = CARTESIAN_POINT ( 'NONE',  ( -0.04628905783227824100, 0.08658333333333315100, 0.02672500000000000200 ) ) ;
#1048 = CARTESIAN_POINT ( 'NONE',  ( -0.03085937188818549000, 0.08554166666666648800, 0.05344999999999999800 ) ) ;
#1049 = CARTESIAN_POINT ( 'NONE',  ( 0.0000000000000000000, 0.08449999999999982500, 0.05344999999999999800 ) ) ;
#1050 = CARTESIAN_POINT ( 'NONE',  ( 0.03085937188818552200, 0.08345833333333316200, 0.05344999999999998400 ) ) ;
#1051 = CARTESIAN_POINT ( 'NONE',  ( 0.04628905783227826900, 0.08241666666666648500, 0.02672499999999996400 ) ) ;
#1052 = CARTESIAN_POINT ( 'NONE',  ( 0.06171874377637098800, 0.08137499999999982200, -1.133717486677188400E-017 ) ) ;
#1053 = CARTESIAN_POINT ( 'NONE',  ( 0.04628905783227822700, 0.08033333333333316000, -0.02672500000000002300 ) ) ;
#1054 = CARTESIAN_POINT ( 'NONE',  ( 0.03085937188818547700, 0.07929166666666649700, -0.05344999999999999800 ) ) ;
#1055 = CARTESIAN_POINT ( 'NONE',  ( -0.04849742261192870700, 0.1441666666666663600, -0.02799999999999976800 ) ) ;
#1056 = CARTESIAN_POINT ( 'NONE',  ( -0.03233161507461915200, 0.1452083333333330500, -0.05599999999999993900 ) ) ;
#1057 = CARTESIAN_POINT ( 'NONE',  ( 0.0000000000000000000, 0.03449999999999993300, 0.05344999999999999800 ) ) ;
#1058 = CARTESIAN_POINT ( 'NONE',  ( -0.04628905783227824800, 0.06366666666666653800, -0.02672499999999998500 ) ) ;
#1059 = CARTESIAN_POINT ( 'NONE',  ( -0.06171874377637098800, 0.06262499999999987500, 3.779058288923960300E-018 ) ) ;
#1060 = CARTESIAN_POINT ( 'NONE',  ( -0.04628905783227824100, 0.06158333333333321200, 0.02672500000000000200 ) ) ;
#1061 = CARTESIAN_POINT ( 'NONE',  ( -0.03085937188818549000, 0.06054166666666654200, 0.05344999999999999800 ) ) ;
#1062 = CARTESIAN_POINT ( 'NONE',  ( 0.0000000000000000000, 0.05949999999999987900, 0.05344999999999999800 ) ) ;
#1063 = CARTESIAN_POINT ( 'NONE',  ( 0.03085937188818552200, 0.05845833333333322300, 0.05344999999999998400 ) ) ;
#1064 = CARTESIAN_POINT ( 'NONE',  ( 0.04628905783227826900, 0.05741666666666655300, 0.02672499999999996400 ) ) ;
#1065 = CARTESIAN_POINT ( 'NONE',  ( 0.06171874377637098800, 0.05637499999999989000, -1.133717486677188400E-017 ) ) ;
#1066 = CARTESIAN_POINT ( 'NONE',  ( 0.04628905783227822700, 0.05533333333333322800, -0.02672500000000002300 ) ) ;
#1067 = CARTESIAN_POINT ( 'NONE',  ( 0.03085937188818547700, 0.05429166666666655100, -0.05344999999999999800 ) ) ;
#1068 = CARTESIAN_POINT ( 'NONE',  ( -6.545520961180605600E-018, 0.05324999999999989500, -0.05344999999999999800 ) ) ;
#1069 = CARTESIAN_POINT ( 'NONE',  ( -0.03085937188818551800, 0.05220833333333323200, -0.05344999999999998400 ) ) ;
#1070 = CARTESIAN_POINT ( 'NONE',  ( -0.04628905783227824800, 0.05116666666666656200, -0.02672499999999998500 ) ) ;
#1071 = CARTESIAN_POINT ( 'NONE',  ( -0.06171874377637098800, 0.05012499999999989900, 3.779058288923960300E-018 ) ) ;
#1072 = CARTESIAN_POINT ( 'NONE',  ( -0.04628905783227824100, 0.04908333333333324300, 0.02672500000000000200 ) ) ;
#1073 = CARTESIAN_POINT ( 'NONE',  ( -0.03085937188818549000, 0.04804166666666658000, 0.05344999999999999800 ) ) ;
#1074 = CARTESIAN_POINT ( 'NONE',  ( 0.0000000000000000000, 0.04699999999999991000, 0.05344999999999999800 ) ) ;
#1075 = CARTESIAN_POINT ( 'NONE',  ( 0.03085937188818552200, 0.04595833333333324000, 0.05344999999999998400 ) ) ;
#1076 = CARTESIAN_POINT ( 'NONE',  ( 0.04628905783227826900, 0.04491666666666657700, 0.02672499999999996400 ) ) ;
#1077 = CARTESIAN_POINT ( 'NONE',  ( 0.06171874377637098800, 0.04387499999999992100, -1.133717486677188400E-017 ) ) ;
#1078 = CARTESIAN_POINT ( 'NONE',  ( 0.03233161507461934600, 0.1389583333333330500, 0.05599999999999982800 ) ) ;
#1079 = CARTESIAN_POINT ( 'NONE',  ( -0.04849742261192847200, 0.1420833333333330300, 0.02800000000000018100 ) ) ;
#1080 = CARTESIAN_POINT ( 'NONE',  ( 0.04628905783227822700, 0.04283333333333325800, -0.02672500000000002300 ) ) ;
#1081 = CARTESIAN_POINT ( 'NONE',  ( 0.03085937188818547700, 0.04179166666666658800, -0.05344999999999999800 ) ) ;
#1082 = CARTESIAN_POINT ( 'NONE',  ( -6.545520961180605600E-018, 0.04074999999999992500, -0.05344999999999999800 ) ) ;
#1083 = CARTESIAN_POINT ( 'NONE',  ( -0.03085937188818551800, 0.03970833333333325500, -0.05344999999999998400 ) ) ;
#1084 = CARTESIAN_POINT ( 'NONE',  ( -0.04628905783227824800, 0.03866666666666659200, -0.02672499999999998500 ) ) ;
#1085 = CARTESIAN_POINT ( 'NONE',  ( -0.06171874377637098800, 0.03762499999999992900, 3.779058288923960300E-018 ) ) ;
#1086 = CARTESIAN_POINT ( 'NONE',  ( -0.04628905783227824100, 0.03658333333333326600, 0.02672500000000000200 ) ) ;
#1087 = CARTESIAN_POINT ( 'NONE',  ( -0.03085937188818549000, 0.03554166666666660300, 0.05344999999999999800 ) ) ;
#1088 = CARTESIAN_POINT ( 'NONE',  ( 0.03233161507461846500, 0.1472916666666663500, -0.05600000000000032700 ) ) ;
#1089 = CARTESIAN_POINT ( 'NONE',  ( 0.06466323014923808200, 0.1493749999999996700, -2.851170265070982800E-016 ) ) ;
#1090 = CARTESIAN_POINT ( 'NONE',  ( 0.04849742261192836700, 0.1483333333333330400, -0.02800000000000035800 ) ) ;
#1091 = CARTESIAN_POINT ( 'NONE',  ( -7.408696052479958000E-016, 0.1462499999999997100, -0.05600000000000000800 ) ) ;
#1092 = CARTESIAN_POINT ( 'NONE',  ( -0.03233161507461866000, 0.1535416666666663500, 0.05600000000000023000 ) ) ;
#1093 = CARTESIAN_POINT ( 'NONE',  ( -0.04849742261192845800, 0.1545833333333330200, 0.02800000000000019500 ) ) ;
#1094 = CARTESIAN_POINT ( 'NONE',  ( -0.06466323014923808200, 0.1556249999999996800, 6.330578449041870200E-017 ) ) ;
#1095 = CARTESIAN_POINT ( 'NONE',  ( 0.03233161507461975600, 0.1514583333333330300, 0.05599999999999958500 ) ) ;
#1096 = CARTESIAN_POINT ( 'NONE',  ( 0.04849742261192861000, 0.1504166666666663400, 0.02799999999999993100 ) ) ;
#1097 = CARTESIAN_POINT ( 'NONE',  ( 5.487754348165730300E-016, 0.1524999999999996900, 0.05600000000000000800 ) ) ;
#1098 = CARTESIAN_POINT ( 'NONE',  ( -0.03233161507461956900, 0.1577083333333330100, -0.05599999999999969600 ) ) ;
#1099 = CARTESIAN_POINT ( 'NONE',  ( -0.04849742261192891600, 0.1566666666666663400, -0.02799999999999941100 ) ) ;
#1100 = CARTESIAN_POINT ( 'NONE',  ( 0.04628905783227808100, 0.09133333333333316900, -0.02672500000000028300 ) ) ;
#1101 = CARTESIAN_POINT ( 'NONE',  ( 0.03085937188818538600, 0.09029166666666650600, -0.05345000000000005300 ) ) ;
#1102 = CARTESIAN_POINT ( 'NONE',  ( -2.618932767048734200E-016, 0.08924999999999984300, -0.05344999999999999800 ) ) ;
#1103 = CARTESIAN_POINT ( 'NONE',  ( -0.03085937188818553200, 0.08820833333333318000, -0.05344999999999997000 ) ) ;
#1104 = CARTESIAN_POINT ( 'NONE',  ( -0.04628905783227834500, 0.08716666666666651700, -0.02672499999999982900 ) ) ;
#1105 = CARTESIAN_POINT ( 'NONE',  ( -0.05344999999999999100, 0.08668322748423135100, -0.01432188433544330700 ) ) ;
#1106 = DIRECTION ( 'NONE',  ( 0.0000000000000000000, 0.0000000000000000000, -1.000000000000000000 ) ) ;
#1107 = DIRECTION ( 'NONE',  ( 0.0000000000000000000, -1.000000000000000000, 0.0000000000000000000 ) ) ;
#1108 = AXIS2_PLACEMENT_3D ( 'NONE', #1143, #1107, #1106 ) ;
#1109 = CIRCLE ( 'NONE', #1108, 0.05235491526669428700 ) ;
#1110 = CARTESIAN_POINT ( 'NONE',  ( 0.05345000000000000400, 0.09237499999999981800, -7.663087979850590700E-017 ) ) ;
#1111 = CARTESIAN_POINT ( 'NONE',  ( 0.05344999999999995600, 0.09181677251576832200, -0.01432188433544366600 ) ) ;
#1112 =( BOUNDED_CURVE ( )  B_SPLINE_CURVE ( 2, ( #1144, #1105, #1104, #1103, #1102, #1101, #1100, #1111, #1110 ),
 .UNSPECIFIED., .F., .T. ) 
 B_SPLINE_CURVE_WITH_KNOTS ( ( 3, 2, 2, 2, 3 ),
 ( 0.1346153846153846400, 0.1367521367521367700, 0.1410256410256410500, 0.1452991452991453100, 0.1474358974358974700 ),
 .UNSPECIFIED. ) 
 CURVE ( )  GEOMETRIC_REPRESENTATION_ITEM ( )  RATIONAL_B_SPLINE_CURVE ( ( 0.9330127018922194100, 0.9330127018922198500, 1.000000000000000000, 0.8660254037844387100, 1.000000000000000000, 0.8660254037844387100, 1.000000000000000000, 0.9330127018922189700, 0.9330127018922194100 ) ) 
 REPRESENTATION_ITEM ( '' )  );
#1113 = CARTESIAN_POINT ( 'NONE',  ( 0.01685491526667404600, 0.5682048745072905100, -0.04956762031743967200 ) ) ;
#1114 = DIRECTION ( 'NONE',  ( 1.000000000000000000, 2.449212707644754500E-016, 0.0000000000000000000 ) ) ;
#1115 = DIRECTION ( 'NONE',  ( 2.449212707644754500E-016, -1.000000000000000000, 0.0000000000000000000 ) ) ;
#1116 = AXIS2_PLACEMENT_3D ( 'NONE', #1118, #1115, #1114 ) ;
#1117 = CYLINDRICAL_SURFACE ( 'NONE', #1116, 0.05345000000000005300 ) ;
#1118 = CARTESIAN_POINT ( 'NONE',  ( 0.0000000000000000000, 0.0000000000000000000, 0.0000000000000000000 ) ) ;
#1119 = DIRECTION ( 'NONE',  ( 1.000000000000000000, 0.0000000000000000000, 0.0000000000000000000 ) ) ;
#1120 = DIRECTION ( 'NONE',  ( 2.449212707644754500E-016, -1.000000000000000000, 0.0000000000000000000 ) ) ;
#1121 = AXIS2_PLACEMENT_3D ( 'NONE', #1128, #1120, #1119 ) ;
#1122 = CIRCLE ( 'NONE', #1121, 0.09176243282732789200 ) ;
#1123 = FACE_OUTER_BOUND ( 'NONE', #2853, .T. ) ;
#1124 = DIRECTION ( 'NONE',  ( 0.0000000000000000000, 0.0000000000000000000, -1.000000000000000000 ) ) ;
#1125 = DIRECTION ( 'NONE',  ( 0.0000000000000000000, -1.000000000000000000, 0.0000000000000000000 ) ) ;
#1126 = AXIS2_PLACEMENT_3D ( 'NONE', #1135, #1125, #1124 ) ;
#1127 = CIRCLE ( 'NONE', #1126, 0.05235491526669428700 ) ;
#1128 = CARTESIAN_POINT ( 'NONE',  ( -1.356072265627590200E-016, 0.5536768045481991200, 0.0000000000000000000 ) ) ;
#1129 = CARTESIAN_POINT ( 'NONE',  ( 0.04956762031745534600, 0.5682048745074146400, -0.01685491526669592400 ) ) ;
#1130 = CARTESIAN_POINT ( 'NONE',  ( 0.03911879522145972300, 0.5707352309997583100, -0.01730108538710695800 ) ) ;
#1131 = CARTESIAN_POINT ( 'NONE',  ( 0.02848129229754722100, 0.5724759076985447300, -0.01760801365379353900 ) ) ;
#1132 = CARTESIAN_POINT ( 'NONE',  ( 0.01777070675434742200, 0.5733985861218930900, -0.01777070675434741500 ) ) ;
#1133 = CARTESIAN_POINT ( 'NONE',  ( 0.04956762031745534600, 0.5682048745074146400, -0.01685491526669592400 ) ) ;
#1134 = B_SPLINE_CURVE_WITH_KNOTS ( 'NONE', 3,
 ( #1132, #1131, #1130, #1129 ),
 .UNSPECIFIED., .F., .F.,
 ( 4, 4 ),
 ( 0.0001725068873764866400, 0.0009916394087687591800 ),
 .UNSPECIFIED. ) ;
#1135 = CARTESIAN_POINT ( 'NONE',  ( -8.897180721553044800E-017, 0.5682048745074053100, 0.0000000000000000000 ) ) ;
#1136 = CARTESIAN_POINT ( 'NONE',  ( 0.01777070675434742200, 0.5733985861218930900, -0.01777070675434741500 ) ) ;
#1137 = CARTESIAN_POINT ( 'NONE',  ( 0.01760780519067061500, 0.5724747254454255500, -0.02849501606397077100 ) ) ;
#1138 = CARTESIAN_POINT ( 'NONE',  ( 0.01730215907186060200, 0.5707413201685817000, -0.03909365067751702900 ) ) ;
#1139 = CARTESIAN_POINT ( 'NONE',  ( 0.01685491526667404600, 0.5682048745072905100, -0.04956762031743967200 ) ) ;
#1140 = CARTESIAN_POINT ( 'NONE',  ( 0.01777070675434742200, 0.5733985861218930900, -0.01777070675434741500 ) ) ;
#1141 = B_SPLINE_CURVE_WITH_KNOTS ( 'NONE', 3,
 ( #1139, #1138, #1137, #1136 ),
 .UNSPECIFIED., .F., .F.,
 ( 4, 4 ),
 ( 3.846639411333898300E-005, 0.0008570759831709922100 ),
 .UNSPECIFIED. ) ;
#1142 = CARTESIAN_POINT ( 'NONE',  ( -0.01685491526669592400, 0.5682048745074146400, -0.04956762031745531900 ) ) ;
#1143 = CARTESIAN_POINT ( 'NONE',  ( -8.897180721553044800E-017, 0.5682048745074053100, 0.0000000000000000000 ) ) ;
#1144 = CARTESIAN_POINT ( 'NONE',  ( -0.05345000000000000400, 0.08612499999999985400, 8.234960217152872900E-017 ) ) ;
#1145 = CARTESIAN_POINT ( 'NONE',  ( 0.06466323014923808200, 0.1618749999999996600, -7.604143115402315700E-016 ) ) ;
#1146 = CARTESIAN_POINT ( 'NONE',  ( 0.03233161507461885400, 0.1597916666666663300, -0.05600000000000011900 ) ) ;
#1147 = CARTESIAN_POINT ( 'NONE',  ( -3.566812643851502500E-016, 0.1587499999999996700, -0.05600000000000000800 ) ) ;
#1148 = CARTESIAN_POINT ( 'NONE',  ( 0.06466323014923808200, 0.3493749999999992100, -5.385154345052923700E-016 ) ) ;
#1149 = TOROIDAL_SURFACE ( 'NONE', #1277, 0.08520478898892759600, 0.01500000000000006200 ) ;
#1150 = CARTESIAN_POINT ( 'NONE',  ( 0.04849742261192815900, 0.1608333333333330000, -0.02800000000000071900 ) ) ;
#1151 =( BOUNDED_CURVE ( )  B_SPLINE_CURVE ( 2, ( #1256, #1257, #1154, #1153, #1169, #1168, #1254, #1250, #1253 ),
 .UNSPECIFIED., .F., .T. ) 
 B_SPLINE_CURVE_WITH_KNOTS ( ( 3, 2, 2, 2, 3 ),
 ( 0.2371794871794872300, 0.2393162393162393500, 0.2435897435897436100, 0.2478632478632479000, 0.2500000000000000600 ),
 .UNSPECIFIED. ) 
 CURVE ( )  GEOMETRIC_REPRESENTATION_ITEM ( )  RATIONAL_B_SPLINE_CURVE ( ( 0.9330127018922194100, 0.9330127018922198500, 1.000000000000000000, 0.8660254037844387100, 1.000000000000000000, 0.8660254037844387100, 1.000000000000000000, 0.9330127018922189700, 0.9330127018922194100 ) ) 
 REPRESENTATION_ITEM ( '' )  );
#1152 =( BOUNDED_CURVE ( )  B_SPLINE_CURVE ( 2, ( #1167, #1157, #1156, #1155, #1164, #1163, #1162, #1161, #1165 ),
 .UNSPECIFIED., .F., .T. ) 
 B_SPLINE_CURVE_WITH_KNOTS ( ( 3, 2, 2, 2, 3 ),
 ( 0.1089743589743589900, 0.1111111111111111200, 0.1153846153846153900, 0.1196581196581196800, 0.1217948717948718200 ),
 .UNSPECIFIED. ) 
 CURVE ( )  GEOMETRIC_REPRESENTATION_ITEM ( )  RATIONAL_B_SPLINE_CURVE ( ( 0.9330127018922194100, 0.9330127018922196300, 1.000000000000000000, 0.8660254037844387100, 1.000000000000000000, 0.8660254037844387100, 1.000000000000000000, 0.9330127018922191900, 0.9330127018922194100 ) ) 
 REPRESENTATION_ITEM ( '' )  );
#1153 = CARTESIAN_POINT ( 'NONE',  ( -0.03085937188818596900, 0.1272083333333330600, -0.05344999999999972000 ) ) ;
#1154 = CARTESIAN_POINT ( 'NONE',  ( -0.04628905783227836600, 0.1261666666666664000, -0.02672499999999978000 ) ) ;
#1155 = CARTESIAN_POINT ( 'NONE',  ( -0.03085937188818570900, 0.06470833333333321500, -0.05344999999999988000 ) ) ;
#1156 = CARTESIAN_POINT ( 'NONE',  ( -0.04628905783227833800, 0.06366666666666653800, -0.02672499999999983600 ) ) ;
#1157 = CARTESIAN_POINT ( 'NONE',  ( -0.05345000000000001800, 0.06318322748423137200, -0.01432188433544338500 ) ) ;
#1158 = CARTESIAN_POINT ( 'NONE',  ( 0.03085937188818541800, 0.06529166666666656700, -0.05345000000000004600 ) ) ;
#1159 = CARTESIAN_POINT ( 'NONE',  ( -4.581864672826423700E-017, 0.06424999999999989100, -0.05344999999999999800 ) ) ;
#1160 = CARTESIAN_POINT ( 'NONE',  ( -0.03085937188818569500, 0.06320833333333322800, -0.05344999999999988000 ) ) ;
#1161 = CARTESIAN_POINT ( 'NONE',  ( 0.05344999999999999100, 0.06831677251576835600, -0.01432188433544360300 ) ) ;
#1162 = CARTESIAN_POINT ( 'NONE',  ( 0.04628905783227817800, 0.06783333333333319000, -0.02672500000000010600 ) ) ;
#1163 = CARTESIAN_POINT ( 'NONE',  ( 0.03085937188818540400, 0.06679166666666652700, -0.05345000000000004600 ) ) ;
#1164 = CARTESIAN_POINT ( 'NONE',  ( -2.488022347825122400E-016, 0.06574999999999986400, -0.05344999999999999800 ) ) ;
#1165 = CARTESIAN_POINT ( 'NONE',  ( 0.05345000000000000400, 0.06887499999999986700, -6.290594610325111300E-017 ) ) ;
#1166 =( BOUNDED_CURVE ( )  B_SPLINE_CURVE ( 2, ( #1175, #1174, #1173, #1160, #1159, #1158, #1172, #1171, #1170 ),
 .UNSPECIFIED., .F., .T. ) 
 B_SPLINE_CURVE_WITH_KNOTS ( ( 3, 2, 2, 2, 3 ),
 ( 0.08333333333333334300, 0.08547008547008547200, 0.08974358974358975800, 0.09401709401709403000, 0.09615384615384617300 ),
 .UNSPECIFIED. ) 
 CURVE ( )  GEOMETRIC_REPRESENTATION_ITEM ( )  RATIONAL_B_SPLINE_CURVE ( ( 0.9330127018922194100, 0.9330127018922196300, 1.000000000000000000, 0.8660254037844387100, 1.000000000000000000, 0.8660254037844387100, 1.000000000000000000, 0.9330127018922191900, 0.9330127018922194100 ) ) 
 REPRESENTATION_ITEM ( '' )  );
#1167 = CARTESIAN_POINT ( 'NONE',  ( -0.05345000000000000400, 0.06262499999999988900, 5.718722373022829100E-017 ) ) ;
#1168 = CARTESIAN_POINT ( 'NONE',  ( 0.03085937188818496000, 0.1292916666666663900, -0.05345000000000030300 ) ) ;
#1169 = CARTESIAN_POINT ( 'NONE',  ( -3.142574443943182400E-016, 0.1282499999999997300, -0.05344999999999999800 ) ) ;
#1170 = CARTESIAN_POINT ( 'NONE',  ( 0.05345000000000000400, 0.06737499999999990700, -5.032475688260089400E-017 ) ) ;
#1171 = CARTESIAN_POINT ( 'NONE',  ( 0.05344999999999999800, 0.06681677251576838300, -0.01432188433544359100 ) ) ;
#1172 = CARTESIAN_POINT ( 'NONE',  ( 0.04628905783227819200, 0.06633333333333323000, -0.02672500000000009200 ) ) ;
#1173 = CARTESIAN_POINT ( 'NONE',  ( -0.04628905783227832400, 0.06216666666666656500, -0.02672499999999985000 ) ) ;
#1174 = CARTESIAN_POINT ( 'NONE',  ( -0.05345000000000001100, 0.06168322748423140500, -0.01432188433544339900 ) ) ;
#1175 = CARTESIAN_POINT ( 'NONE',  ( -0.05345000000000000400, 0.06112499999999990900, 4.346229003497349700E-017 ) ) ;
#1176 = CARTESIAN_POINT ( 'NONE',  ( 0.04849742261192881800, 0.1629166666666663500, 0.02799999999999957000 ) ) ;
#1177 = CARTESIAN_POINT ( 'NONE',  ( 0.03233161507461937400, 0.1639583333333330100, 0.05599999999999980700 ) ) ;
#1178 = CARTESIAN_POINT ( 'NONE',  ( -0.03233161507461824300, 0.1660416666666663100, 0.05600000000000046600 ) ) ;
#1179 = CARTESIAN_POINT ( 'NONE',  ( 1.645870939537275300E-016, 0.1649999999999996700, 0.05600000000000000800 ) ) ;
#1180 = CARTESIAN_POINT ( 'NONE',  ( 0.06171874377637098800, 0.1313749999999997100, -1.133717486677188400E-017 ) ) ;
#1181 = CARTESIAN_POINT ( 'NONE',  ( 0.04628905783227822700, 0.1303333333333330500, -0.02672500000000002300 ) ) ;
#1182 = CARTESIAN_POINT ( 'NONE',  ( 0.03085937188818547700, 0.1292916666666664200, -0.05344999999999999800 ) ) ;
#1183 = CARTESIAN_POINT ( 'NONE',  ( -0.03085937188818551800, 0.1522083333333330000, -0.05344999999999998400 ) ) ;
#1184 = CARTESIAN_POINT ( 'NONE',  ( -0.04628905783227824800, 0.1511666666666663400, -0.02672499999999998500 ) ) ;
#1185 = CARTESIAN_POINT ( 'NONE',  ( -0.06171874377637098800, 0.1501249999999996800, 3.779058288923960300E-018 ) ) ;
#1186 = CARTESIAN_POINT ( 'NONE',  ( -0.04628905783227824100, 0.1490833333333330100, 0.02672500000000000200 ) ) ;
#1187 = CARTESIAN_POINT ( 'NONE',  ( -0.03085937188818549000, 0.1480416666666663800, 0.05344999999999999800 ) ) ;
#1188 = CARTESIAN_POINT ( 'NONE',  ( 0.0000000000000000000, 0.1469999999999996900, 0.05344999999999999800 ) ) ;
#1189 = CARTESIAN_POINT ( 'NONE',  ( 0.03085937188818552200, 0.1459583333333330500, 0.05344999999999998400 ) ) ;
#1190 = CARTESIAN_POINT ( 'NONE',  ( -0.04628905783227824100, 0.1365833333333330300, 0.02672500000000000200 ) ) ;
#1191 = CARTESIAN_POINT ( 'NONE',  ( -0.03085937188818549000, 0.1355416666666663700, 0.05344999999999999800 ) ) ;
#1192 = CARTESIAN_POINT ( 'NONE',  ( 0.0000000000000000000, 0.1344999999999997300, 0.05344999999999999800 ) ) ;
#1193 = CARTESIAN_POINT ( 'NONE',  ( 0.03085937188818552200, 0.1334583333333330400, 0.05344999999999998400 ) ) ;
#1194 = CARTESIAN_POINT ( 'NONE',  ( -0.06171874377637098800, 0.1251249999999997400, 3.779058288923960300E-018 ) ) ;
#1195 = CARTESIAN_POINT ( 'NONE',  ( -0.04628905783227824100, 0.1240833333333330700, 0.02672500000000000200 ) ) ;
#1196 = CARTESIAN_POINT ( 'NONE',  ( -0.03085937188818549000, 0.1230416666666664200, 0.05344999999999999800 ) ) ;
#1197 = CARTESIAN_POINT ( 'NONE',  ( 0.04628905783227826900, 0.1324166666666663800, 0.02672499999999996400 ) ) ;
#1198 = CARTESIAN_POINT ( 'NONE',  ( 0.04628905783227826900, 0.1449166666666663600, 0.02672499999999996400 ) ) ;
#1199 = CARTESIAN_POINT ( 'NONE',  ( 0.06171874377637098800, 0.1438749999999997000, -1.133717486677188400E-017 ) ) ;
#1200 = CARTESIAN_POINT ( 'NONE',  ( 0.04628905783227822700, 0.1428333333333330300, -0.02672500000000002300 ) ) ;
#1201 = CARTESIAN_POINT ( 'NONE',  ( -0.04628905783227824800, 0.1386666666666663500, -0.02672499999999998500 ) ) ;
#1202 = CARTESIAN_POINT ( 'NONE',  ( -0.06171874377637098800, 0.1376249999999997200, 3.779058288923960300E-018 ) ) ;
#1203 = CARTESIAN_POINT ( 'NONE',  ( -0.04849742261192825600, 0.1670833333333330000, 0.02800000000000054900 ) ) ;
#1204 = CARTESIAN_POINT ( 'NONE',  ( -6.545520961180605600E-018, 0.1282499999999997300, -0.05344999999999999800 ) ) ;
#1205 = CARTESIAN_POINT ( 'NONE',  ( -0.03085937188818551800, 0.1272083333333330600, -0.05344999999999998400 ) ) ;
#1206 = CARTESIAN_POINT ( 'NONE',  ( -0.04628905783227824800, 0.1261666666666664000, -0.02672499999999998500 ) ) ;
#1207 = CARTESIAN_POINT ( 'NONE',  ( 0.04628905783227826900, 0.1199166666666664100, 0.02672499999999996400 ) ) ;
#1208 = CARTESIAN_POINT ( 'NONE',  ( 0.03085937188818547700, 0.1417916666666663700, -0.05344999999999999800 ) ) ;
#1209 = CARTESIAN_POINT ( 'NONE',  ( -6.545520961180605600E-018, 0.1407499999999997100, -0.05344999999999999800 ) ) ;
#1210 = CARTESIAN_POINT ( 'NONE',  ( -0.03085937188818551800, 0.1397083333333330200, -0.05344999999999998400 ) ) ;
#1211 = CARTESIAN_POINT ( 'NONE',  ( 0.0000000000000000000, 0.1219999999999997300, 0.05344999999999999800 ) ) ;
#1212 = CARTESIAN_POINT ( 'NONE',  ( 0.03085937188818552200, 0.1209583333333330700, 0.05344999999999998400 ) ) ;
#1213 = CARTESIAN_POINT ( 'NONE',  ( 0.04849742261192862400, 0.1754166666666663300, 0.02799999999999990300 ) ) ;
#1214 = CARTESIAN_POINT ( 'NONE',  ( 0.06466323014923808200, 0.1743749999999996700, -3.167918275068725400E-016 ) ) ;
#1215 = CARTESIAN_POINT ( 'NONE',  ( -0.03233161507461918000, 0.1702083333333329900, -0.05599999999999993200 ) ) ;
#1216 = CARTESIAN_POINT ( 'NONE',  ( -0.06466323014923808200, 0.1681249999999996600, 5.386030695235521300E-016 ) ) ;
#1217 = CARTESIAN_POINT ( 'NONE',  ( 0.03233161507461844400, 0.1722916666666663400, -0.05600000000000035500 ) ) ;
#1218 = CARTESIAN_POINT ( 'NONE',  ( -7.683007875736170300E-016, 0.1712499999999996500, -0.05600000000000000800 ) ) ;
#1219 = CARTESIAN_POINT ( 'NONE',  ( -0.04849742261192871400, 0.1691666666666663300, -0.02799999999999974400 ) ) ;
#1220 = CARTESIAN_POINT ( 'NONE',  ( 0.04849742261192834700, 0.1733333333333330100, -0.02800000000000038200 ) ) ;
#1221 = CARTESIAN_POINT ( 'NONE',  ( 0.03233161507461978400, 0.1764583333333330000, 0.05599999999999957800 ) ) ;
#1222 = CARTESIAN_POINT ( 'NONE',  ( -0.03233161507461863200, 0.1785416666666662900, 0.05600000000000024400 ) ) ;
#1223 = CARTESIAN_POINT ( 'NONE',  ( -0.06466323014923808200, 0.1806249999999996200, 1.013900354556685300E-015 ) ) ;
#1224 = CARTESIAN_POINT ( 'NONE',  ( -0.04849742261192844400, 0.1795833333333329600, 0.02800000000000021600 ) ) ;
#1225 = CARTESIAN_POINT ( 'NONE',  ( -0.03233161507461958900, 0.1827083333333329700, -0.05599999999999968900 ) ) ;
#1226 = CARTESIAN_POINT ( 'NONE',  ( -0.04849742261192893000, 0.1816666666666662800, -0.02799999999999938300 ) ) ;
#1227 = CARTESIAN_POINT ( 'NONE',  ( 5.762066171421943500E-016, 0.1774999999999996300, 0.05600000000000000800 ) ) ;
#1228 = CARTESIAN_POINT ( 'NONE',  ( 0.06466323014923808200, 0.1868749999999996200, -7.920891125400058800E-016 ) ) ;
#1229 = CARTESIAN_POINT ( 'NONE',  ( 0.04849742261192814500, 0.1858333333333329600, -0.02800000000000073600 ) ) ;
#1230 = CARTESIAN_POINT ( 'NONE',  ( 0.03233161507461882600, 0.1847916666666663300, -0.05600000000000012600 ) ) ;
#1231 = CARTESIAN_POINT ( 'NONE',  ( 1.920182762793487800E-016, 0.1899999999999996100, 0.05600000000000000800 ) ) ;
#1232 = CARTESIAN_POINT ( 'NONE',  ( -0.03233161507461822200, 0.1910416666666662500, 0.05600000000000047300 ) ) ;
#1233 = CARTESIAN_POINT ( 'NONE',  ( 0.03233161507461940200, 0.1889583333333329800, 0.05599999999999980000 ) ) ;
#1234 = CARTESIAN_POINT ( 'NONE',  ( 0.04849742261192882500, 0.1879166666666662900, 0.02799999999999955000 ) ) ;
#1235 = CARTESIAN_POINT ( 'NONE',  ( -3.841124467107714800E-016, 0.1837499999999996400, -0.05600000000000000800 ) ) ;
#1236 = CARTESIAN_POINT ( 'NONE',  ( -0.04849742261192823600, 0.1920833333333329400, 0.02800000000000057300 ) ) ;
#1237 = CARTESIAN_POINT ( 'NONE',  ( -0.03233161507461920800, 0.1952083333333329600, -0.05599999999999990400 ) ) ;
#1238 = CARTESIAN_POINT ( 'NONE',  ( -0.04849742261192873500, 0.1941666666666662700, -0.02799999999999971600 ) ) ;
#1239 = CARTESIAN_POINT ( 'NONE',  ( -0.06466323014923808200, 0.1931249999999996000, 5.702778705233263400E-016 ) ) ;
#1240 = CARTESIAN_POINT ( 'NONE',  ( 0.06466323014923808200, 0.1993749999999996100, -3.484666285066468000E-016 ) ) ;
#1241 = CARTESIAN_POINT ( 'NONE',  ( 0.03233161507461841000, 0.1972916666666662800, -0.05600000000000037600 ) ) ;
#1242 = CARTESIAN_POINT ( 'NONE',  ( 0.04849742261192903400, 0.2004166666666662700, 0.02799999999999919600 ) ) ;
#1243 = CARTESIAN_POINT ( 'NONE',  ( 6.036377994678154900E-016, 0.2024999999999995700, 0.05600000000000000800 ) ) ;
#1244 = CARTESIAN_POINT ( 'NONE',  ( 0.03233161507461981800, 0.2014583333333329300, 0.05599999999999955700 ) ) ;
#1245 = CARTESIAN_POINT ( 'NONE',  ( -0.04849742261192843700, 0.2045833333333329000, 0.02800000000000023700 ) ) ;
#1246 = CARTESIAN_POINT ( 'NONE',  ( -0.03233161507461860400, 0.2035416666666662300, 0.05600000000000025100 ) ) ;
#1247 = CARTESIAN_POINT ( 'NONE',  ( 0.04849742261192833300, 0.1983333333333329500, -0.02800000000000040700 ) ) ;
#1248 = CARTESIAN_POINT ( 'NONE',  ( -7.957319698992383600E-016, 0.1962499999999996200, -0.05600000000000000800 ) ) ;
#1249 = CARTESIAN_POINT ( 'NONE',  ( -0.06466323014923808200, 0.2056249999999995600, 1.045575155556459700E-015 ) ) ;
#1250 = CARTESIAN_POINT ( 'NONE',  ( 0.05344999999999993500, 0.1308167725157682300, -0.01432188433544371400 ) ) ;
#1251 = CARTESIAN_POINT ( 'NONE',  ( -0.03233161507461962400, 0.2077083333333329100, -0.05599999999999967500 ) ) ;
#1252 = CARTESIAN_POINT ( 'NONE',  ( -0.04849742261192893600, 0.2066666666666662500, -0.02799999999999936200 ) ) ;
#1253 = CARTESIAN_POINT ( 'NONE',  ( 0.05345000000000000400, 0.1313749999999997100, -1.258118922065022300E-016 ) ) ;
#1254 = CARTESIAN_POINT ( 'NONE',  ( 0.04628905783227805400, 0.1303333333333330500, -0.02672500000000032100 ) ) ;
#1255 = CARTESIAN_POINT ( 'NONE',  ( -4.115436290363928100E-016, 0.2087499999999995700, -0.05600000000000000800 ) ) ;
#1256 = CARTESIAN_POINT ( 'NONE',  ( -0.05345000000000000400, 0.1251249999999997600, 1.361055924779433400E-016 ) ) ;
#1257 = CARTESIAN_POINT ( 'NONE',  ( -0.05345000000000000400, 0.1256832274842312200, -0.01432188433544325700 ) ) ;
#1258 = CARTESIAN_POINT ( 'NONE',  ( 0.03233161507461879800, 0.2097916666666662400, -0.05600000000000014000 ) ) ;
#1259 =( BOUNDED_CURVE ( )  B_SPLINE_CURVE ( 2, ( #1270, #1269, #1267, #1266, #1265, #1264, #1263, #1262, #1261 ),
 .UNSPECIFIED., .F., .T. ) 
 B_SPLINE_CURVE_WITH_KNOTS ( ( 3, 2, 2, 2, 3 ),
 ( 0.1089743589743589900, 0.1111111111111111200, 0.1153846153846153900, 0.1196581196581196800, 0.1217948717948718200 ),
 .UNSPECIFIED. ) 
 CURVE ( )  GEOMETRIC_REPRESENTATION_ITEM ( )  RATIONAL_B_SPLINE_CURVE ( ( 0.9330127018922194100, 0.9330127018922196300, 1.000000000000000000, 0.8660254037844387100, 1.000000000000000000, 0.8660254037844387100, 1.000000000000000000, 0.9330127018922191900, 0.9330127018922194100 ) ) 
 REPRESENTATION_ITEM ( '' )  );
#1260 = CARTESIAN_POINT ( 'NONE',  ( 0.06466323014923808200, 0.2118749999999995600, -8.237639135397800900E-016 ) ) ;
#1261 = CARTESIAN_POINT ( 'NONE',  ( 0.05345000000000000400, 0.07987499999999987700, -6.290594610325111300E-017 ) ) ;
#1262 = CARTESIAN_POINT ( 'NONE',  ( 0.05344999999999999100, 0.07931677251576836600, -0.01432188433544360300 ) ) ;
#1263 = CARTESIAN_POINT ( 'NONE',  ( 0.04628905783227817800, 0.07883333333333320000, -0.02672500000000010600 ) ) ;
#1264 = CARTESIAN_POINT ( 'NONE',  ( 0.03085937188818540400, 0.07779166666666655100, -0.05345000000000004600 ) ) ;
#1265 = CARTESIAN_POINT ( 'NONE',  ( -2.488022347825122400E-016, 0.07674999999999986000, -0.05344999999999999800 ) ) ;
#1266 = CARTESIAN_POINT ( 'NONE',  ( -0.03085937188818570900, 0.07570833333333319700, -0.05344999999999988000 ) ) ;
#1267 = CARTESIAN_POINT ( 'NONE',  ( -0.04628905783227833800, 0.07466666666666653400, -0.02672499999999983600 ) ) ;
#1268 = CARTESIAN_POINT ( 'NONE',  ( 0.04849742261192812500, 0.2108333333333329000, -0.02800000000000076400 ) ) ;
#1269 = CARTESIAN_POINT ( 'NONE',  ( -0.05345000000000001800, 0.07418322748423139500, -0.01432188433544338500 ) ) ;
#1270 = CARTESIAN_POINT ( 'NONE',  ( -0.05345000000000000400, 0.07362499999999988500, 5.718722373022829100E-017 ) ) ;
#1271 = CYLINDRICAL_SURFACE ( 'NONE', #1279, 0.05345000000000005300 ) ;
#1272 = DIRECTION ( 'NONE',  ( 2.449212707644754500E-016, -1.000000000000000000, 0.0000000000000000000 ) ) ;
#1273 = DIRECTION ( 'NONE',  ( 1.000000000000000000, 2.449212707644754500E-016, 0.0000000000000000000 ) ) ;
#1274 = DIRECTION ( 'NONE',  ( 2.449212707644754500E-016, -1.000000000000000000, 0.0000000000000000000 ) ) ;
#1275 = DIRECTION ( 'NONE',  ( 1.000000000000000000, 2.449212707644754500E-016, 0.0000000000000000000 ) ) ;
#1276 = CARTESIAN_POINT ( 'NONE',  ( -1.365923996832131600E-016, 0.5401861667838571100, 0.0000000000000000000 ) ) ;
#1277 = AXIS2_PLACEMENT_3D ( 'NONE', #1276, #1274, #1273 ) ;
#1278 = CARTESIAN_POINT ( 'NONE',  ( -3.155344908967184100E-016, 0.1212499999999997500, -0.05600000000000000800 ) ) ;
#1279 = AXIS2_PLACEMENT_3D ( 'NONE', #1284, #1272, #1275 ) ;
#1280 = CARTESIAN_POINT ( 'NONE',  ( -0.04849742261192869400, 0.1191666666666664200, -0.02799999999999978900 ) ) ;
#1281 = CARTESIAN_POINT ( 'NONE',  ( -0.03233161507461952000, 0.1202083333333330700, -0.05599999999999972400 ) ) ;
#1282 = CARTESIAN_POINT ( 'NONE',  ( -0.06466323014923808200, 0.1181249999999997600, 4.752534675240036100E-016 ) ) ;
#1283 = FACE_OUTER_BOUND ( 'NONE', #2822, .T. ) ;
#1284 = CARTESIAN_POINT ( 'NONE',  ( 0.0000000000000000000, 0.0000000000000000000, 0.0000000000000000000 ) ) ;
#1285 =( BOUNDED_CURVE ( )  B_SPLINE_CURVE ( 2, ( #1306, #1326, #1325, #1324, #1323, #1322, #1321, #1320, #1293 ),
 .UNSPECIFIED., .F., .F. ) 
 B_SPLINE_CURVE_WITH_KNOTS ( ( 3, 2, 2, 2, 3 ),
 ( 0.08333333333333334300, 0.08547008547008547200, 0.08974358974358975800, 0.09401709401709403000, 0.09615384615384617300 ),
 .UNSPECIFIED. ) 
 CURVE ( )  GEOMETRIC_REPRESENTATION_ITEM ( )  RATIONAL_B_SPLINE_CURVE ( ( 0.9330127018922194100, 0.9330127018922196300, 1.000000000000000000, 0.8660254037844387100, 1.000000000000000000, 0.8660254037844387100, 1.000000000000000000, 0.9330127018922191900, 0.9330127018922194100 ) ) 
 REPRESENTATION_ITEM ( '' )  );
#1286 = DIRECTION ( 'NONE',  ( 1.224606353822377300E-016, 2.999321443644274900E-032, 1.000000000000000000 ) ) ;
#1287 = CARTESIAN_POINT ( 'NONE',  ( 0.0008873635070601731000, 0.3630740709919644300, -1.086670988896104900E-019 ) ) ;
#1288 = AXIS2_PLACEMENT_3D ( 'NONE', #1287, #1286, #1315 ) ;
#1289 = CIRCLE ( 'NONE', #1288, 0.2119277867574533000 ) ;
#1290 = CARTESIAN_POINT ( 'NONE',  ( -1.714448895351325100E-018, 0.006999999999999988000, 0.0000000000000000000 ) ) ;
#1291 = CARTESIAN_POINT ( 'NONE',  ( -0.05235491526669434200, 0.5682048745074053100, 6.411416188942589400E-018 ) ) ;
#1292 = AXIS2_PLACEMENT_3D ( 'NONE', #1318, #1317, #1316 ) ;
#1293 = CARTESIAN_POINT ( 'NONE',  ( 0.05345000000000000400, 0.05637499999999989700, -5.032475688260089400E-017 ) ) ;
#1294 = CYLINDRICAL_SURFACE ( 'NONE', #1292, 0.05345000000000005300 ) ;
#1295 = CONICAL_SURFACE ( 'NONE', #1330, 0.1059999999999999300, 0.1396263401595521100 ) ;
#1296 = DIRECTION ( 'NONE',  ( 1.000000000000000000, 0.0000000000000000000, 0.0000000000000000000 ) ) ;
#1297 = DIRECTION ( 'NONE',  ( 2.449212707644754500E-016, -1.000000000000000000, 0.0000000000000000000 ) ) ;
#1298 = AXIS2_PLACEMENT_3D ( 'NONE', #1305, #1297, #1296 ) ;
#1299 = CIRCLE ( 'NONE', #1298, 0.1000588100200511500 ) ;
#1300 = FACE_OUTER_BOUND ( 'NONE', #2954, .T. ) ;
#1301 = DIRECTION ( 'NONE',  ( 0.0000000000000000000, 0.0000000000000000000, -1.000000000000000000 ) ) ;
#1302 = DIRECTION ( 'NONE',  ( 0.0000000000000000000, -1.000000000000000000, 0.0000000000000000000 ) ) ;
#1303 = CARTESIAN_POINT ( 'NONE',  ( -8.897180721553044800E-017, 0.5682048745074053100, 0.0000000000000000000 ) ) ;
#1304 = AXIS2_PLACEMENT_3D ( 'NONE', #1303, #1302, #1301 ) ;
#1305 = CARTESIAN_POINT ( 'NONE',  ( -1.328143792092437700E-016, 0.5422737632982581600, 0.0000000000000000000 ) ) ;
#1306 = CARTESIAN_POINT ( 'NONE',  ( -0.05345000000000000400, 0.05012499999999991300, 4.346229003497349700E-017 ) ) ;
#1307 = FACE_OUTER_BOUND ( 'NONE', #2876, .T. ) ;
#1308 = CARTESIAN_POINT ( 'NONE',  ( 0.0000000000000000000, 0.0000000000000000000, 0.0000000000000000000 ) ) ;
#1309 = AXIS2_PLACEMENT_3D ( 'NONE', #1308, #1344, #1343 ) ;
#1310 = DIRECTION ( 'NONE',  ( 1.000000000000000000, 2.395797468718659400E-016, 0.0000000000000000000 ) ) ;
#1311 = DIRECTION ( 'NONE',  ( 2.449212707644754500E-016, -1.000000000000000000, 0.0000000000000000000 ) ) ;
#1312 = AXIS2_PLACEMENT_3D ( 'NONE', #1290, #1311, #1310 ) ;
#1313 = CIRCLE ( 'NONE', #1312, 0.05344999999999999800 ) ;
#1314 = CYLINDRICAL_SURFACE ( 'NONE', #1309, 0.05345000000000005300 ) ;
#1315 = DIRECTION ( 'NONE',  ( 1.000000000000000000, 0.0000000000000000000, -1.224606353822377500E-016 ) ) ;
#1316 = DIRECTION ( 'NONE',  ( 1.000000000000000000, 2.449212707644754500E-016, 0.0000000000000000000 ) ) ;
#1317 = DIRECTION ( 'NONE',  ( 2.449212707644754500E-016, -1.000000000000000000, 0.0000000000000000000 ) ) ;
#1318 = CARTESIAN_POINT ( 'NONE',  ( 0.0000000000000000000, 0.0000000000000000000, 0.0000000000000000000 ) ) ;
#1319 = CIRCLE ( 'NONE', #1304, 0.05235491526669433500 ) ;
#1320 = CARTESIAN_POINT ( 'NONE',  ( 0.05344999999999999800, 0.05581677251576839400, -0.01432188433544359100 ) ) ;
#1321 = CARTESIAN_POINT ( 'NONE',  ( 0.04628905783227819200, 0.05533333333333322800, -0.02672500000000009200 ) ) ;
#1322 = CARTESIAN_POINT ( 'NONE',  ( 0.03085937188818541800, 0.05429166666666655800, -0.05345000000000004600 ) ) ;
#1323 = CARTESIAN_POINT ( 'NONE',  ( -4.581864672826423700E-017, 0.05324999999999989500, -0.05344999999999999800 ) ) ;
#1324 = CARTESIAN_POINT ( 'NONE',  ( -0.03085937188818569500, 0.05220833333333322500, -0.05344999999999988000 ) ) ;
#1325 = CARTESIAN_POINT ( 'NONE',  ( -0.04628905783227832400, 0.05116666666666656200, -0.02672499999999985000 ) ) ;
#1326 = CARTESIAN_POINT ( 'NONE',  ( -0.05345000000000001100, 0.05068322748423140900, -0.01432188433544339900 ) ) ;
#1327 = DIRECTION ( 'NONE',  ( 1.000000000000000000, 0.0000000000000000000, 0.0000000000000000000 ) ) ;
#1328 = DIRECTION ( 'NONE',  ( 2.449212707644754500E-016, -1.000000000000000000, 0.0000000000000000000 ) ) ;
#1329 = CARTESIAN_POINT ( 'NONE',  ( -1.224606353822377300E-016, 0.5000000000000000000, 0.0000000000000000000 ) ) ;
#1330 = AXIS2_PLACEMENT_3D ( 'NONE', #1329, #1328, #1327 ) ;
#1331 = CARTESIAN_POINT ( 'NONE',  ( -0.04956762031745534600, 0.5682048745074146400, 0.01685491526669592400 ) ) ;
#1332 = CARTESIAN_POINT ( 'NONE',  ( 0.04849742261192884600, 0.2129166666666662300, 0.02799999999999952900 ) ) ;
#1333 = FACE_OUTER_BOUND ( 'NONE', #3054, .T. ) ;
#1334 = CARTESIAN_POINT ( 'NONE',  ( -8.897180721553044800E-017, 0.3630740709919644300, 0.0000000000000000000 ) ) ;
#1335 = CARTESIAN_POINT ( 'NONE',  ( 0.04849742261192785400, 0.3483333333333325500, -0.02800000000000123900 ) ) ;
#1336 = CARTESIAN_POINT ( 'NONE',  ( 0.03233161507461824300, 0.3472916666666658900, -0.05600000000000046600 ) ) ;
#1337 = CARTESIAN_POINT ( 'NONE',  ( -1.756126927904278000E-015, 0.3462499999999992300, -0.05600000000000000800 ) ) ;
#1338 = DIRECTION ( 'NONE',  ( 1.000000000000000000, 0.0000000000000000000, 0.0000000000000000000 ) ) ;
#1339 = DIRECTION ( 'NONE',  ( 2.449212707644754500E-016, -1.000000000000000000, 0.0000000000000000000 ) ) ;
#1340 = CARTESIAN_POINT ( 'NONE',  ( -1.224606353822377300E-016, 0.5000000000000000000, 0.0000000000000000000 ) ) ;
#1341 = AXIS2_PLACEMENT_3D ( 'NONE', #1340, #1339, #1338 ) ;
#1342 = CIRCLE ( 'NONE', #1341, 0.05345000000000011500 ) ;
#1343 = DIRECTION ( 'NONE',  ( 1.000000000000000000, 2.449212707644754500E-016, 0.0000000000000000000 ) ) ;
#1344 = DIRECTION ( 'NONE',  ( 2.449212707644754500E-016, -1.000000000000000000, 0.0000000000000000000 ) ) ;
#1345 = DIRECTION ( 'NONE',  ( 1.000000000000000000, 2.449212707644754500E-016, 0.0000000000000000000 ) ) ;
#1346 = DIRECTION ( 'NONE',  ( 2.449212707644754500E-016, -1.000000000000000000, 0.0000000000000000000 ) ) ;
#1347 = AXIS2_PLACEMENT_3D ( 'NONE', #1334, #1346, #1345 ) ;
#1348 = TOROIDAL_SURFACE ( 'NONE', #1347, -0.0008873635070602620000, 0.2119277867574533000 ) ;
#1349 = CARTESIAN_POINT ( 'NONE',  ( -0.03233161507461978400, 0.3577083333333326300, -0.05599999999999957800 ) ) ;
#1350 = CARTESIAN_POINT ( 'NONE',  ( 0.04849742261192832600, 0.2233333333333328800, -0.02800000000000043400 ) ) ;
#1351 = CARTESIAN_POINT ( 'NONE',  ( -0.06466323014923808200, 0.3556249999999991900, 1.235623961555105200E-015 ) ) ;
#1352 = CARTESIAN_POINT ( 'NONE',  ( -0.04849742261192941500, 0.3566666666666659100, -0.02799999999999853000 ) ) ;
#1353 = CARTESIAN_POINT ( 'NONE',  ( -8.231631522248594900E-016, 0.2212499999999995600, -0.05600000000000000800 ) ) ;
#1354 = CARTESIAN_POINT ( 'NONE',  ( -0.03233161507461764600, 0.3535416666666659200, 0.05600000000000081300 ) ) ;
#1355 = CARTESIAN_POINT ( 'NONE',  ( -0.03233161507462003300, 0.2202083333333329500, -0.05599999999999943200 ) ) ;
#1356 = CARTESIAN_POINT ( 'NONE',  ( 7.682248934215429600E-016, 0.3524999999999992600, 0.05600000000000000800 ) ) ;
#1357 = CARTESIAN_POINT ( 'NONE',  ( -0.04849742261192874900, 0.2191666666666662300, -0.02799999999999969500 ) ) ;
#1358 = CARTESIAN_POINT ( 'NONE',  ( 0.03233161507462077600, 0.3514583333333326000, 0.05599999999999900900 ) ) ;
#1359 = CARTESIAN_POINT ( 'NONE',  ( 0.03233161507461838900, 0.2222916666666662500, -0.05600000000000038300 ) ) ;
#1360 = CARTESIAN_POINT ( 'NONE',  ( 0.04849742261192911700, 0.3504166666666658800, 0.02799999999999905000 ) ) ;
#1361 = CARTESIAN_POINT ( 'NONE',  ( -0.04849742261192834700, 0.3545833333333325800, 0.02800000000000038200 ) ) ;
#1362 = CARTESIAN_POINT ( 'NONE',  ( -0.03233161507461857600, 0.2285416666666661700, 0.05600000000000027200 ) ) ;
#1363 = CARTESIAN_POINT ( 'NONE',  ( -0.06466323014923808200, 0.2306249999999995200, 1.077249956556234100E-015 ) ) ;
#1364 = CARTESIAN_POINT ( 'NONE',  ( -0.04849742261192841600, 0.2295833333333328900, 0.02800000000000026400 ) ) ;
#1365 = CARTESIAN_POINT ( 'NONE',  ( 0.04849742261192904700, 0.2254166666666662100, 0.02799999999999917100 ) ) ;
#1366 = CARTESIAN_POINT ( 'NONE',  ( 0.03233161507461983900, 0.2264583333333328500, 0.05599999999999954300 ) ) ;
#1367 =( BOUNDED_CURVE ( )  B_SPLINE_CURVE ( 2, ( #1380, #1379, #1378, #1377, #1376, #1375, #1374, #1373, #1371 ),
 .UNSPECIFIED., .F., .F. ) 
 B_SPLINE_CURVE_WITH_KNOTS ( ( 3, 2, 2, 2, 3 ),
 ( 0.9551282051282054000, 0.9572649572649574200, 0.9615384615384616800, 0.9658119658119659300, 0.9679487179487181700 ),
 .UNSPECIFIED. ) 
 CURVE ( )  GEOMETRIC_REPRESENTATION_ITEM ( )  RATIONAL_B_SPLINE_CURVE ( ( 0.9330127018922193000, 0.9330127018922245200, 1.000000000000000000, 0.8660254037844387100, 1.000000000000000000, 0.8660254037844387100, 1.000000000000000000, 0.9330127018922158600, 0.9330127018922194100 ) ) 
 REPRESENTATION_ITEM ( '' )  );
#1368 = CARTESIAN_POINT ( 'NONE',  ( 0.06466323014923808200, 0.2243749999999994900, -3.801414295064211100E-016 ) ) ;
#1369 = CARTESIAN_POINT ( 'NONE',  ( 0.03233161507461863200, 0.3597916666666659000, -0.05600000000000024400 ) ) ;
#1370 = CARTESIAN_POINT ( 'NONE',  ( -1.371938587041432600E-015, 0.3587499999999992400, -0.05600000000000000800 ) ) ;
#1371 = CARTESIAN_POINT ( 'NONE',  ( 0.05344999999999995600, 0.4923749999999990100, 1.658429488176620400E-016 ) ) ;
#1372 = CARTESIAN_POINT ( 'NONE',  ( 6.310689817934368100E-016, 0.2274999999999995100, 0.05600000000000000800 ) ) ;
#1373 = CARTESIAN_POINT ( 'NONE',  ( 0.05344999999999988600, 0.4918167725157673900, -0.01432188433544421100 ) ) ;
#1374 = CARTESIAN_POINT ( 'NONE',  ( 0.04628905783227730400, 0.4913333333333322300, -0.02672500000000162900 ) ) ;
#1375 = CARTESIAN_POINT ( 'NONE',  ( 0.03085937188818421000, 0.4902916666666655700, -0.05345000000000073300 ) ) ;
#1376 = CARTESIAN_POINT ( 'NONE',  ( -6.808066182204322800E-016, 0.4892499999999989100, -0.05344999999999999800 ) ) ;
#1377 = CARTESIAN_POINT ( 'NONE',  ( -0.03085937188818708600, 0.4882083333333322500, -0.05344999999999907500 ) ) ;
#1378 = CARTESIAN_POINT ( 'NONE',  ( -0.04628905783227873400, 0.4871666666666655800, -0.02672499999999913500 ) ) ;
#1379 = CARTESIAN_POINT ( 'NONE',  ( -0.05344999999999966400, 0.4866832274842303700, -0.01432188433544305500 ) ) ;
#1380 = CARTESIAN_POINT ( 'NONE',  ( -0.05344999999999994900, 0.4861249999999990300, -6.725217510674847100E-016 ) ) ;
#1381 = FACE_OUTER_BOUND ( 'NONE', #2898, .T. ) ;
#1382 = CARTESIAN_POINT ( 'NONE',  ( 0.06466323014923808200, 0.3618749999999991700, -1.932732488604918100E-015 ) ) ;
#1383 = CARTESIAN_POINT ( 'NONE',  ( 0.04849742261192804800, 0.3608333333333325600, -0.02800000000000090300 ) ) ;
#1384 = CARTESIAN_POINT ( 'NONE',  ( -0.03233161507461964500, 0.2327083333333328500, -0.05599999999999964700 ) ) ;
#1385 = CARTESIAN_POINT ( 'NONE',  ( -0.04849742261192895700, 0.2316666666666661900, -0.02799999999999933800 ) ) ;
#1386 = CARTESIAN_POINT ( 'NONE',  ( -4.389748113620140400E-016, 0.2337499999999995100, -0.05600000000000000800 ) ) ;
#1387 = CARTESIAN_POINT ( 'NONE',  ( 0.03233161507461797300, 0.2347916666666661800, -0.05600000000000061200 ) ) ;
#1388 = CARTESIAN_POINT ( 'NONE',  ( 0.04849742261192886000, 0.2379166666666661700, 0.02799999999999950400 ) ) ;
#1389 = CARTESIAN_POINT ( 'NONE',  ( 0.04849742261192811800, 0.2358333333333328400, -0.02800000000000078800 ) ) ;
#1390 = CARTESIAN_POINT ( 'NONE',  ( 0.06466323014923808200, 0.2368749999999995000, -8.554387145395545000E-016 ) ) ;
#1391 = CARTESIAN_POINT ( 'NONE',  ( 0.03233161507461945700, 0.2389583333333328600, 0.05599999999999977200 ) ) ;
#1392 = CARTESIAN_POINT ( 'NONE',  ( 1.042688504981903600E-015, 0.2399999999999994900, 0.05600000000000000800 ) ) ;
#1393 = CARTESIAN_POINT ( 'NONE',  ( -0.04849742261192821500, 0.2420833333333328500, 0.02800000000000061800 ) ) ;
#1394 = CARTESIAN_POINT ( 'NONE',  ( -0.03233161507461816700, 0.2410416666666661300, 0.05600000000000051500 ) ) ;
#1395 = CARTESIAN_POINT ( 'NONE',  ( -0.03233161507461802800, 0.3660416666666658200, 0.05600000000000058400 ) ) ;
#1396 = CARTESIAN_POINT ( 'NONE',  ( 0.03233161507462038700, 0.3639583333333325000, 0.05599999999999923100 ) ) ;
#1397 = CARTESIAN_POINT ( 'NONE',  ( 0.04849742261192893000, 0.3629166666666658300, 0.02799999999999938300 ) ) ;
#1398 = CARTESIAN_POINT ( 'NONE',  ( 3.840365525586975700E-016, 0.3649999999999991600, 0.05600000000000000800 ) ) ;
#1399 = CARTESIAN_POINT ( 'NONE',  ( -0.06466323014923808200, 0.2431249999999995100, 6.336274725228749600E-016 ) ) ;
#1400 = CARTESIAN_POINT ( 'NONE',  ( -0.04849742261192875600, 0.2441666666666661700, -0.02799999999999967100 ) ) ;
#1401 = CARTESIAN_POINT ( 'NONE',  ( -0.03233161507462005400, 0.2452083333333328300, -0.05599999999999941800 ) ) ;
#1402 = CARTESIAN_POINT ( 'NONE',  ( 0.03233161507461836100, 0.2472916666666661600, -0.05600000000000040400 ) ) ;
#1403 = CARTESIAN_POINT ( 'NONE',  ( 0.04849742261192830500, 0.2483333333333328200, -0.02800000000000045500 ) ) ;
#1404 = CARTESIAN_POINT ( 'NONE',  ( -8.505943345504808200E-016, 0.2462499999999995000, -0.05600000000000000800 ) ) ;
#1405 = CARTESIAN_POINT ( 'NONE',  ( 0.06466323014923808200, 0.2493749999999994900, -4.118162305061953200E-016 ) ) ;
#1406 = CARTESIAN_POINT ( 'NONE',  ( 0.04849742261192906800, 0.2504166666666661200, 0.02799999999999915100 ) ) ;
#1407 = CARTESIAN_POINT ( 'NONE',  ( -0.04849742261192774300, 0.3670833333333324800, 0.02800000000000143000 ) ) ;
#1408 = CARTESIAN_POINT ( 'NONE',  ( 6.585001641190580400E-016, 0.2524999999999994500, 0.05600000000000000800 ) ) ;
#1409 = CARTESIAN_POINT ( 'NONE',  ( 0.03233161507461986000, 0.2514583333333327800, 0.05599999999999952900 ) ) ;
#1410 = CARTESIAN_POINT ( 'NONE',  ( -4.664059936876352700E-016, 0.2587499999999994800, -0.05600000000000000800 ) ) ;
#1411 = CARTESIAN_POINT ( 'NONE',  ( -0.03233161507461968000, 0.2577083333333328200, -0.05599999999999964000 ) ) ;
#1412 = CARTESIAN_POINT ( 'NONE',  ( -0.04849742261192896400, 0.2566666666666661500, -0.02799999999999931000 ) ) ;
#1413 = CARTESIAN_POINT ( 'NONE',  ( -0.06466323014923808200, 0.2556249999999994900, 1.108924757556008000E-015 ) ) ;
#1414 = FACE_OUTER_BOUND ( 'NONE', #2945, .T. ) ;
#1415 = CARTESIAN_POINT ( 'NONE',  ( -0.04849742261192800700, 0.2545833333333328300, 0.02800000000000097900 ) ) ;
#1416 = CARTESIAN_POINT ( 'NONE',  ( -0.04849742261192922800, 0.3691666666666658100, -0.02799999999999886300 ) ) ;
#1417 = CARTESIAN_POINT ( 'NONE',  ( -0.06466323014923808200, 0.3681249999999991500, 7.920014775217462100E-016 ) ) ;
#1418 = CARTESIAN_POINT ( 'NONE',  ( -0.03233161507461855500, 0.2535416666666661700, 0.05600000000000029300 ) ) ;
#1419 = CARTESIAN_POINT ( 'NONE',  ( 0.06466323014923808200, 0.2618749999999994700, -8.871135155393287100E-016 ) ) ;
#1420 = CARTESIAN_POINT ( 'NONE',  ( 0.03233161507461742400, 0.3722916666666658000, -0.05600000000000094500 ) ) ;
#1421 = CARTESIAN_POINT ( 'NONE',  ( 0.03233161507461948500, 0.2639583333333327400, 0.05599999999999975100 ) ) ;
#1422 = CARTESIAN_POINT ( 'NONE',  ( 0.03233161507461794500, 0.2597916666666661400, -0.05600000000000064000 ) ) ;
#1423 = CARTESIAN_POINT ( 'NONE',  ( 0.04849742261192886700, 0.2629166666666661300, 0.02799999999999948400 ) ) ;
#1424 = CARTESIAN_POINT ( 'NONE',  ( 0.04849742261192810400, 0.2608333333333328100, -0.02800000000000080900 ) ) ;
#1425 = CARTESIAN_POINT ( 'NONE',  ( -9.877502461785870700E-016, 0.3712499999999991400, -0.05600000000000000800 ) ) ;
#1426 = CARTESIAN_POINT ( 'NONE',  ( 0.04849742261192823600, 0.3733333333333324600, -0.02800000000000057300 ) ) ;
#1427 = CARTESIAN_POINT ( 'NONE',  ( -0.03233161507461940200, 0.3702083333333324700, -0.05599999999999980000 ) ) ;
#1428 = CARTESIAN_POINT ( 'NONE',  ( -0.03233161507461813200, 0.2660416666666661200, 0.05600000000000052900 ) ) ;
#1429 = CARTESIAN_POINT ( 'NONE',  ( -0.06466323014923808200, 0.2681249999999994500, 6.653022735226491700E-016 ) ) ;
#1430 = CARTESIAN_POINT ( 'NONE',  ( 1.070119687307524800E-015, 0.2649999999999994600, 0.05600000000000000800 ) ) ;
#1431 = CARTESIAN_POINT ( 'NONE',  ( -0.04849742261192877700, 0.2691666666666661100, -0.02799999999999964300 ) ) ;
#1432 = CARTESIAN_POINT ( 'NONE',  ( -0.04849742261192819400, 0.2670833333333327800, 0.02800000000000064200 ) ) ;
#1433 = CARTESIAN_POINT ( 'NONE',  ( 0.04849742261192829800, 0.2733333333333327600, -0.02800000000000047600 ) ) ;
#1434 = CARTESIAN_POINT ( 'NONE',  ( -8.780255168761021500E-016, 0.2712499999999994400, -0.05600000000000000800 ) ) ;
#1435 = CARTESIAN_POINT ( 'NONE',  ( -0.03233161507461929100, 0.2702083333333327700, -0.05599999999999986200 ) ) ;
#1436 = CARTESIAN_POINT ( 'NONE',  ( 0.06466323014923808200, 0.2743749999999993700, -1.362410800572462200E-015 ) ) ;
#1437 = CARTESIAN_POINT ( 'NONE',  ( 0.03233161507461753500, 0.2722916666666661000, -0.05600000000000086900 ) ) ;
#1438 = CARTESIAN_POINT ( 'NONE',  ( -0.04849742261192799300, 0.2795833333333327400, 0.02800000000000100700 ) ) ;
#1439 = CARTESIAN_POINT ( 'NONE',  ( 1.481739210495991600E-015, 0.2774999999999994100, 0.05600000000000000800 ) ) ;
#1440 = CARTESIAN_POINT ( 'NONE',  ( 0.04849742261192868000, 0.2754166666666660900, 0.02799999999999981300 ) ) ;
#1441 = CARTESIAN_POINT ( 'NONE',  ( 0.03233161507461990200, 0.2764583333333327500, 0.05599999999999951500 ) ) ;
#1442 = CARTESIAN_POINT ( 'NONE',  ( -0.03233161507461852800, 0.2785416666666660800, 0.05600000000000029300 ) ) ;
#1443 = CARTESIAN_POINT ( 'NONE',  ( 0.03233161507461792400, 0.2847916666666660500, -0.05600000000000065300 ) ) ;
#1444 = CARTESIAN_POINT ( 'NONE',  ( -0.03233161507462049800, 0.2827083333333327300, -0.05599999999999916200 ) ) ;
#1445 = CARTESIAN_POINT ( 'NONE',  ( -0.06466323014923808200, 0.2806249999999994000, 2.216797894892900400E-016 ) ) ;
#1446 = CARTESIAN_POINT ( 'NONE',  ( -4.938371760132566000E-016, 0.2837499999999993900, -0.05600000000000000800 ) ) ;
#1447 = CARTESIAN_POINT ( 'NONE',  ( -0.04849742261192897800, 0.2816666666666660700, -0.02799999999999928900 ) ) ;
#1448 = CARTESIAN_POINT ( 'NONE',  ( 0.06466323014923808200, 0.2868749999999993800, -9.187883165391029200E-016 ) ) ;
#1449 = CARTESIAN_POINT ( 'NONE',  ( 0.04849742261192848500, 0.2858333333333327200, -0.02800000000000014600 ) ) ;
#1450 = CARTESIAN_POINT ( 'NONE',  ( 0.04849742261192927600, 0.2879166666666661000, 0.02799999999999876500 ) ) ;
#1451 = CARTESIAN_POINT ( 'NONE',  ( 1.097550869633146100E-015, 0.2899999999999994200, 0.05600000000000000800 ) ) ;
#1452 = CARTESIAN_POINT ( 'NONE',  ( 0.03233161507461951300, 0.2889583333333328200, 0.05599999999999972400 ) ) ;
#1453 = CARTESIAN_POINT ( 'NONE',  ( -0.04849742261192818700, 0.2920833333333327000, 0.02800000000000067000 ) ) ;
#1454 = CARTESIAN_POINT ( 'NONE',  ( -0.06466323014923808200, 0.2931249999999993600, 1.615896843588915800E-015 ) ) ;
#1455 = CARTESIAN_POINT ( 'NONE',  ( 0.03233161507461830600, 0.2972916666666660100, -0.05600000000000042400 ) ) ;
#1456 = CARTESIAN_POINT ( 'NONE',  ( -1.096488351504110300E-016, 0.2962499999999993500, -0.05600000000000000800 ) ) ;
#1457 = CARTESIAN_POINT ( 'NONE',  ( -0.03233161507462011000, 0.2952083333333326800, -0.05599999999999938400 ) ) ;
#1458 = CARTESIAN_POINT ( 'NONE',  ( -0.03233161507461890200, 0.2910416666666660900, 0.05600000000000008400 ) ) ;
#1459 = CARTESIAN_POINT ( 'NONE',  ( -0.04849742261192878400, 0.2941666666666660200, -0.02799999999999962200 ) ) ;
#1460 = CARTESIAN_POINT ( 'NONE',  ( 0.04849742261192788200, 0.2983333333333326700, -0.02800000000000119100 ) ) ;
#1461 = CARTESIAN_POINT ( 'NONE',  ( 0.06466323014923808200, 0.2993749999999993900, -4.751658325057438400E-016 ) ) ;
#1462 = CARTESIAN_POINT ( 'NONE',  ( 0.03233161507462072700, 0.3014583333333327200, 0.05599999999999903000 ) ) ;
#1463 = CARTESIAN_POINT ( 'NONE',  ( 0.04849742261192908900, 0.3004166666666660500, 0.02799999999999910200 ) ) ;
#1464 = CARTESIAN_POINT ( 'NONE',  ( 7.133625287703005000E-016, 0.3024999999999993800, 0.05600000000000000800 ) ) ;
#1465 = CARTESIAN_POINT ( 'NONE',  ( -0.04849742261192938700, 0.3066666666666660300, -0.02799999999999857800 ) ) ;
#1466 = CARTESIAN_POINT ( 'NONE',  ( -0.03233161507461770200, 0.3035416666666660400, 0.05600000000000077100 ) ) ;
#1467 = CARTESIAN_POINT ( 'NONE',  ( -0.03233161507461972800, 0.3077083333333327000, -0.05599999999999959900 ) ) ;
#1468 = CARTESIAN_POINT ( 'NONE',  ( -0.04849742261192837400, 0.3045833333333327100, 0.02800000000000033000 ) ) ;
#1469 = CARTESIAN_POINT ( 'NONE',  ( 0.03233161507461868700, 0.3097916666666660200, -0.05600000000000020200 ) ) ;
#1470 = CARTESIAN_POINT ( 'NONE',  ( 0.04849742261192807600, 0.3108333333333326800, -0.02800000000000086100 ) ) ;
#1471 = CARTESIAN_POINT ( 'NONE',  ( -0.06466323014923808200, 0.3056249999999993700, 1.172274359555556600E-015 ) ) ;
#1472 = CARTESIAN_POINT ( 'NONE',  ( -1.317076222390190200E-015, 0.3087499999999993600, -0.05600000000000000800 ) ) ;
#1473 = CARTESIAN_POINT ( 'NONE',  ( -0.06466323014923808200, 0.2181249999999995700, 6.019526715231006500E-016 ) ) ;
#1474 = CARTESIAN_POINT ( 'NONE',  ( 0.03233161507461943000, 0.2139583333333328900, 0.05599999999999978600 ) ) ;
#1475 = CARTESIAN_POINT ( 'NONE',  ( -0.04849742261192822900, 0.2170833333333328800, 0.02800000000000060100 ) ) ;
#1476 = CARTESIAN_POINT ( 'NONE',  ( 2.194494586049700100E-016, 0.2149999999999995500, 0.05600000000000000800 ) ) ;
#1477 = CARTESIAN_POINT ( 'NONE',  ( -0.03233161507461818800, 0.2160416666666662200, 0.05600000000000050100 ) ) ;
#1478 = CARTESIAN_POINT ( 'NONE',  ( 0.06466323014923808200, 0.3118749999999993500, -1.869382886605370100E-015 ) ) ;
#1479 = CARTESIAN_POINT ( 'NONE',  ( 0.03233161507462033200, 0.3139583333333325600, 0.05599999999999926600 ) ) ;
#1480 = CARTESIAN_POINT ( 'NONE',  ( 0.04849742261192889500, 0.3129166666666659500, 0.02799999999999943500 ) ) ;
#1481 = CARTESIAN_POINT ( 'NONE',  ( -0.03233161507461830600, 0.4785416666666655900, 0.05600000000000042400 ) ) ;
#1482 = CARTESIAN_POINT ( 'NONE',  ( 1.701188669100961600E-015, 0.4774999999999989300, 0.05600000000000000800 ) ) ;
#1483 = CARTESIAN_POINT ( 'NONE',  ( 0.03233161507462011000, 0.4764583333333322600, 0.05599999999999938400 ) ) ;
#1484 = CARTESIAN_POINT ( 'NONE',  ( 0.04849742261192958900, 0.4754166666666656000, 0.02799999999999824500 ) ) ;
#1485 = CARTESIAN_POINT ( 'NONE',  ( 0.06466323014923808200, 0.4743749999999989400, -1.615809208570656100E-015 ) ) ;
#1486 = CARTESIAN_POINT ( 'NONE',  ( 0.04849742261192818700, 0.4733333333333322700, -0.02800000000000067000 ) ) ;
#1487 = CARTESIAN_POINT ( 'NONE',  ( 0.03233161507461731300, 0.4722916666666656100, -0.05600000000000099300 ) ) ;
#1488 = CARTESIAN_POINT ( 'NONE',  ( -0.03085937188818549000, 0.02154166666666665700, 0.05344999999999999800 ) ) ;
#1489 = CARTESIAN_POINT ( 'NONE',  ( -0.06171874377637098800, 0.02362499999999998300, 3.779058288923960300E-018 ) ) ;
#1490 = CARTESIAN_POINT ( 'NONE',  ( -0.04849742261192788200, 0.4795833333333322500, 0.02800000000000119100 ) ) ;
#1491 =( BOUNDED_SURFACE ( )  B_SPLINE_SURFACE ( 1, 2, ( 
 ( #1495, #1488, #1492, #1489, #1494, #1493, #1498, #1497, #1499, #1496, #1503, #1512, #1507, #1504, #1502, #1514, #1513, #1511, #1510, #1509, #1508, #1501, #1500, #1506, #1505, #1515, #1529, #1528, #1527, #1526, #1525, #1524, #1523, #1522, #1521, #1520, #1519, #1518, #1517, #1516, #1532, #1531, #1530, #1540, #1536, #1539, #1538, #1537, #1535, #1534, #1533, #1543, #1544, #1552, #1553, #1545, #1546, #1587, #1586, #1565, #1564, #1547, #1567, #1566, #1575, #1574, #1582, #1581, #1607, #1606, #1542, #1541, #1569, #1568, #1555, #1554, #1551, #1550, #1549, #1548, #1585, #1584, #1583, #1559, #1558, #1557, #1556, #1563, #1562, #1561, #1560, #1573, #1572, #1571, #1570, #1580, #1579, #1578, #1577, #1576, #1598, #1597, #1596, #1595, #1594, #1593, #1592, #1591, #1590, #1589, #1588, #1605, #1604, #1603, #1602, #1601, #1600, #1599, #1628, #1676, #1653, #1652, #1659, #1658, #1655, #1654, #1651, #1669, #1668, #1667, #1624, #1623, #1614, #1616, #1615, #1664, #1663, #1666, #1665, #1662, #1661, #1660, #1672, #1671, #1670, #1657, #1656, #1675, #1674, #1673, #1637, #1636, #1635, #1650, #1649, #1648, #1647, #1627, #1626, #1625, #1646, #1645, #1644, #1681, #1680, #1679, #1678, #1677, #1622, #1621, #1620, #1619, #1618, #1617, #1613, #1612, #1611, #1610, #1609, #1608, #1687, #1686, #1685, #1684, #1683, #1682, #1643, #1642, #1641, #1640, #1639, #1638, #1634, #1633, #1632, #1631, #1630, #1629, #1688, #1708, #1704, #1714, #1713, #1712, #1691, #1690, #1689, #1711, #1710, #1709, #1693, #1692, #1703, #1702, #1695, #1694, #1707, #1706, #1705, #1701, #1700, #1699, #1698, #1697, #1696, #1759, #1729, #1721, #1725, #1724, #1758, #1757, #1731, #1730, #1716, #1715, #1723, #1722, #1740, #1739, #1734, #1733, #1732, #1728, #1727, #1726, #1720, #1719, #1718, #1717, #1738, #1737, #1736, #1735, #1756, #1755, #1754, #1753, #1752, #1751, #1750, #1749, #1748, #1747, #1746, #1745, #1744, #1743, #1742, #1741, #1764, #1768, #1767, #6507, #6506, #6530, #6529, #6509, #6508, #6528, #6510, #6523, #6522, #6515, #6514, #6525, #6524, #6527, #6526, #6513, #6512, #6511, #6521, #6520, #6519, #6518, #6517, #6516, #3609, #3391, #3389, #3388, #3950, #3920, #3931, #3883, #3911, #3994, #3944, #3943, #3907, #3906, #3897, #3896, #3894, #3880, #3879, #3878, #4064, #4063, #4061, #4027, #4026, #4025, #4059, #4058, #4057, #4056, #4052, #4050, #4049, #4047, #4036, #4035, #4033, #4141, #4139, #4137, #4166, #4165, #4164, #4246, #4198, #4208, #4356, #4223, #4324, #4323, #4225, #4224, #4213, #4489, #4575, #4514, #4445, #4444, #4427, #4425, #4407, #4406, #4588, #4587, #4555, #4554, #4536, #4535, #4466, #4524, #4458, #4457, #4665, #4722, #4627, #4694, #4751, #4644, #4643, #4815, #4813, #4659, #4658, #4742, #4831, #4830, #4802, #4747, #4746, #4681, #4680, #4679, #4808, #4807, #4806, #4850, #4898, #4963, #4841, #4923, #4877, #4883, #4882, #4878, #4865, #4857, #4860, #4886, #4885, #4951, #4950, #4941, #4908, #4906, #4892, #4973, #4972, #4847, #4846, #4942, #4854, #4852, #4851, #4867, #4866, #4947, #4945, #4943, #5041, #5110, #5061, #5020, #5098, #5182, #5045, #5039, #5037, #5032, #5030, #4975, #4974, #5013, #5012, #5140, #5139, #5170, #5169, #5077, #5076, #5075, #5074, #5073, #5072, #4993, #4990, #4989, #4986, #4984, #5248, #5307, #5253, #5194, #5306, #5236, #5225, #5249, #5195, #5296, #5255, #5254, #5261 ),
 ( #5212, #5211, #5199, #5197, #5228, #5227, #5222, #5220, #5235, #5234, #5233, #5418, #5499, #5492, #5512, #5511, #5505, #5504, #5494, #5493, #5501, #5500, #5503, #5502, #5498, #5497, #5510, #5509, #5508, #5507, #5506, #5496, #5495, #5515, #5514, #5513, #5668, #5582, #5580, #5579, #5639, #5638, #5637, #5543, #5541, #5540, #5562, #5560, #5558, #5625, #5624, #5623, #5598, #5597, #5550, #5549, #5713, #5712, #5620, #5618, #5650, #5648, #5646, #5644, #5642, #5640, #5795, #5793, #5791, #5773, #5772, #5771, #5834, #5832, #5831, #5851, #5850, #5927, #5915, #5914, #5866, #5864, #5828, #5827, #5949, #5948, #5907, #5906, #5905, #5955, #6091, #6090, #6128, #6127, #6126, #5989, #5988, #5987, #6123, #6121, #6119, #6067, #6066, #6065, #6104, #6100, #6099, #6012, #6011, #6138, #6137, #6136, #6135, #6134, #6133, #6219, #6189, #6202, #6200, #6198, #6239, #6237, #6236, #6172, #6171, #6170, #6254, #6253, #6251, #6245, #6244, #6243, #6205, #6204, #6203, #6164, #6163, #6214, #6213, #6212, #6266, #6265, #6264, #6263, #6262, #6261, #6260, #6259, #6258, #6291, #6302, #6268, #6267, #6293, #6292, #6282, #6281, #6290, #6289, #6288, #6287, #6286, #6301, #6300, #6299, #6271, #6270, #6269, #6280, #6298, #6297, #6296, #6295, #6294, #6285, #6284, #6283, #6279, #6278, #6277, #6276, #6275, #6274, #6273, #6272, #6305, #6322, #6314, #6307, #6306, #6316, #6315, #6304, #6303, #6321, #6320, #6319, #6318, #6317, #6313, #6312, #6311, #6310, #6309, #6308, #6345, #6346, #6347, #6327, #6341, #6340, #6339, #6338, #6351, #6350, #6333, #6332, #6324, #6323, #6354, #6353, #6352, #6335, #6334, #6337, #6336, #6349, #6348, #6344, #6343, #6342, #6326, #6325, #6331, #6330, #6329, #6328, #6363, #6358, #6364, #6372, #6378, #6367, #6355, #6381, #6380, #6379, #6357, #6356, #6362, #6361, #6360, #6359, #6366, #6365, #6371, #6370, #6369, #6368, #6377, #6376, #6375, #6374, #6373, #6384, #6383, #6382, #6422, #6418, #6419, #6385, #6394, #6399, #6397, #6421, #6420, #6396, #6395, #6406, #6405, #6424, #6423, #6417, #6416, #6429, #6428, #6398, #6427, #6426, #6425, #6393, #6392, #6408, #6407, #6411, #6410, #6409, #6415, #6414, #6413, #6412, #6404, #6403, #6402, #6401, #6400, #6391, #6390, #6389, #6388, #6387, #6386, #6458, #6457, #6437, #6436, #6443, #6442, #6439, #6438, #6452, #6451, #6441, #6440, #6446, #6445, #6444, #6447, #6456, #6455, #6462, #6461, #6435, #6434, #6460, #6459, #6454, #6453, #6450, #6449, #6448, #6433, #6432, #6431, #6430, #6469, #6480, #6484, #6483, #6482, #6481, #6468, #6467, #6466, #6465, #6464, #6463, #6476, #6475, #6474, #6479, #6478, #6477, #6473, #6472, #6471, #6470, #6488, #6487, #6486, #6485, #6493, #6490, #6489, #6492, #6491, #6505, #6504, #6503, #6502, #6501, #6500, #6499, #6498, #6497, #6496, #6495, #6494, #6531, #6541, #6584, #6566, #6585, #6549, #6587, #6586, #6544, #6543, #6542, #6538, #6537, #6536, #6565, #6564, #6563, #6562, #6561, #6576, #6575, #6540, #6539, #6583, #6582, #6581, #6580, #6579, #6578, #6577, #6548, #6547, #6546, #6545, #6535, #6534, #6533, #6532, #6560, #6559, #6558, #6557, #6556, #6555, #6554, #6553, #6552, #6551, #6550, #6574, #6573, #6572, #6571, #6570, #6569, #6568, #6567, #2074, #2068, #2084, #2058, #2072, #2081, #2114, #2073, #2098, #2059, #2099, #2069, #2080, #2065, #2086, #2095, #2085, #2071, #2070, #2066, #2067, #2110, #2109, #2061 ) ),
 .UNSPECIFIED., .F., .F., .T. ) 
 B_SPLINE_SURFACE_WITH_KNOTS ( ( 2, 2 ),
 ( 3, 2, 2, 2, 2, 2, 2, 2, 2, 2, 2, 2, 2, 2, 2, 2, 2, 2, 2, 2, 2, 2, 2, 2, 2, 2, 2, 2, 2, 2, 2, 2, 2, 2, 2, 2, 2, 2, 2, 2, 2, 2, 2, 2, 2, 2, 2, 2, 2, 2, 2, 2, 2, 2, 2, 2, 2, 2, 2, 2, 2, 2, 2, 2, 2, 2, 2, 2, 2, 2, 2, 2, 2, 2, 2, 2, 2, 2, 2, 2, 2, 2, 2, 2, 2, 2, 2, 2, 2, 2, 2, 2, 2, 2, 2, 2, 2, 2, 2, 2, 2, 2, 2, 2, 2, 2, 2, 2, 2, 2, 2, 2, 2, 2, 2, 2, 2, 2, 2, 2, 2, 2, 2, 2, 2, 2, 2, 2, 2, 2, 2, 2, 2, 2, 2, 2, 2, 2, 2, 2, 2, 2, 2, 2, 2, 2, 2, 2, 2, 2, 2, 2, 2, 2, 2, 2, 2, 2, 2, 2, 2, 2, 2, 2, 2, 2, 2, 2, 2, 2, 2, 2, 2, 2, 2, 2, 2, 2, 2, 2, 2, 2, 2, 2, 2, 2, 2, 2, 2, 2, 2, 2, 2, 2, 2, 2, 2, 2, 2, 2, 2, 2, 2, 2, 2, 2, 2, 2, 2, 2, 2, 2, 2, 2, 2, 2, 2, 2, 2, 2, 2, 2, 2, 2, 2, 2, 2, 2, 2, 2, 2, 2, 2, 2, 3 ),
 ( 0.0000000000000000000, 1.000000000000000000 ),
 ( 0.0000000000000000000, 0.004273504273504273900, 0.008547008547008547900, 0.01282051282051282200, 0.01709401709401709600, 0.02136752136752136800, 0.02564102564102564400, 0.02991452991452991900, 0.03418803418803419100, 0.03846153846153846400, 0.04273504273504273600, 0.04700854700854701500, 0.05128205128205128700, 0.05555555555555555900, 0.05982905982905983900, 0.06410256410256411100, 0.06837606837606838300, 0.07264957264957265500, 0.07692307692307692700, 0.08119658119658120000, 0.08547008547008547200, 0.08974358974358975800, 0.09401709401709403000, 0.09829059829059830200, 0.1025641025641025700, 0.1068376068376068500, 0.1111111111111111200, 0.1153846153846153900, 0.1196581196581196800, 0.1239316239316239500, 0.1282051282051282200, 0.1324786324786324800, 0.1367521367521367700, 0.1410256410256410500, 0.1452991452991453100, 0.1495726495726496000, 0.1538461538461538500, 0.1581196581196581400, 0.1623931623931624000, 0.1666666666666666900, 0.1709401709401709400, 0.1752136752136752300, 0.1794871794871795200, 0.1837606837606837700, 0.1880341880341880600, 0.1923076923076923200, 0.1965811965811966000, 0.2008547008547008600, 0.2051282051282051500, 0.2094017094017094300, 0.2136752136752136900, 0.2179487179487179800, 0.2222222222222222400, 0.2264957264957265200, 0.2307692307692307800, 0.2350427350427350700, 0.2393162393162393500, 0.2435897435897436100, 0.2478632478632479000, 0.2521367521367521800, 0.2564102564102564400, 0.2606837606837607000, 0.2649572649572649600, 0.2692307692307692700, 0.2735042735042735300, 0.2777777777777777900, 0.2820512820512821000, 0.2863247863247863600, 0.2905982905982906200, 0.2948717948717948800, 0.2991452991452991900, 0.3034188034188034500, 0.3076923076923077100, 0.3119658119658120200, 0.3162393162393162800, 0.3205128205128205400, 0.3247863247863248000, 0.3290598290598291100, 0.3333333333333333700, 0.3376068376068376300, 0.3418803418803418900, 0.3461538461538462000, 0.3504273504273504600, 0.3547008547008547200, 0.3589743589743590300, 0.3632478632478632900, 0.3675213675213675500, 0.3717948717948718100, 0.3760683760683761200, 0.3803418803418803800, 0.3846153846153846400, 0.3888888888888889500, 0.3931623931623932100, 0.3974358974358974700, 0.4017094017094017300, 0.4059829059829060400, 0.4102564102564103000, 0.4145299145299145600, 0.4188034188034188700, 0.4230769230769231300, 0.4273504273504273900, 0.4316239316239316400, 0.4358974358974359600, 0.4401709401709402200, 0.4444444444444444800, 0.4487179487179487900, 0.4529914529914530500, 0.4572649572649573100, 0.4615384615384615600, 0.4658119658119658800, 0.4700854700854701400, 0.4743589743589743900, 0.4786324786324787100, 0.4829059829059829700, 0.4871794871794872300, 0.4914529914529914800, 0.4957264957264958000, 0.5000000000000000000, 0.5042735042735043700, 0.5085470085470086300, 0.5128205128205128900, 0.5170940170940171400, 0.5213675213675214000, 0.5256410256410256600, 0.5299145299145299200, 0.5341880341880342900, 0.5384615384615385500, 0.5427350427350428100, 0.5470085470085470600, 0.5512820512820513200, 0.5555555555555555800, 0.5598290598290598400, 0.5641025641025642100, 0.5683760683760684700, 0.5726495726495727200, 0.5769230769230769800, 0.5811965811965812400, 0.5854700854700855000, 0.5897435897435897600, 0.5940170940170941300, 0.5982905982905983900, 0.6025641025641026400, 0.6068376068376069000, 0.6111111111111111600, 0.6153846153846154200, 0.6196581196581196800, 0.6239316239316240500, 0.6282051282051283000, 0.6324786324786325600, 0.6367521367521368200, 0.6410256410256410800, 0.6452991452991453400, 0.6495726495726496000, 0.6538461538461539700, 0.6581196581196582200, 0.6623931623931624800, 0.6666666666666667400, 0.6709401709401710000, 0.6752136752136752600, 0.6794871794871795200, 0.6837606837606837700, 0.6880341880341881400, 0.6923076923076924000, 0.6965811965811966600, 0.7008547008547009200, 0.7051282051282051800, 0.7094017094017094300, 0.7136752136752136900, 0.7179487179487180600, 0.7222222222222223200, 0.7264957264957265800, 0.7307692307692308400, 0.7350427350427351000, 0.7393162393162393500, 0.7435897435897436100, 0.7478632478632479800, 0.7521367521367522400, 0.7564102564102565000, 0.7606837606837607600, 0.7649572649572650200, 0.7692307692307692700, 0.7735042735042735300, 0.7777777777777779000, 0.7820512820512821600, 0.7863247863247864200, 0.7905982905982906800, 0.7948717948717949300, 0.7991452991452991900, 0.8034188034188034500, 0.8076923076923078200, 0.8119658119658120800, 0.8162393162393163400, 0.8205128205128206000, 0.8247863247863248500, 0.8290598290598291100, 0.8333333333333333700, 0.8376068376068377400, 0.8418803418803420000, 0.8461538461538462600, 0.8504273504273505100, 0.8547008547008547700, 0.8589743589743590300, 0.8632478632478632900, 0.8675213675213676600, 0.8717948717948719200, 0.8760683760683761800, 0.8803418803418804300, 0.8846153846153846900, 0.8888888888888889500, 0.8931623931623932100, 0.8974358974358975800, 0.9017094017094018400, 0.9059829059829060900, 0.9102564102564103500, 0.9145299145299146100, 0.9188034188034188700, 0.9230769230769231300, 0.9273504273504275000, 0.9316239316239317600, 0.9358974358974360100, 0.9401709401709402700, 0.9444444444444445300, 0.9487179487179487900, 0.9529914529914530500, 0.9572649572649574200, 0.9615384615384616800, 0.9658119658119659300, 0.9700854700854701900, 0.9743589743589744500, 0.9786324786324787100, 0.9829059829059829700, 0.9871794871794872300, 0.9914529914529915900, 0.9957264957264958500, 1.000000000000000000 ),
 .UNSPECIFIED. ) 
 GEOMETRIC_REPRESENTATION_ITEM ( )  RATIONAL_B_SPLINE_SURFACE ( (
 ( 1.000000000000000000, 0.8660254037844387100, 1.000000000000000000, 0.8660254037844387100, 1.000000000000000000, 0.8660254037844387100, 1.000000000000000000, 0.8660254037844387100, 1.000000000000000000, 0.8660254037844387100, 1.000000000000000000, 0.8660254037844387100, 1.000000000000000000, 0.8660254037844387100, 1.000000000000000000, 0.8660254037844387100, 1.000000000000000000, 0.8660254037844387100, 1.000000000000000000, 0.8660254037844387100, 1.000000000000000000, 0.8660254037844387100, 1.000000000000000000, 0.8660254037844387100, 1.000000000000000000, 0.8660254037844387100, 1.000000000000000000, 0.8660254037844387100, 1.000000000000000000, 0.8660254037844387100, 1.000000000000000000, 0.8660254037844387100, 1.000000000000000000, 0.8660254037844387100, 1.000000000000000000, 0.8660254037844387100, 1.000000000000000000, 0.8660254037844387100, 1.000000000000000000, 0.8660254037844387100, 1.000000000000000000, 0.8660254037844387100, 1.000000000000000000, 0.8660254037844387100, 1.000000000000000000, 0.8660254037844387100, 1.000000000000000000, 0.8660254037844387100, 1.000000000000000000, 0.8660254037844387100, 1.000000000000000000, 0.8660254037844387100, 1.000000000000000000, 0.8660254037844387100, 1.000000000000000000, 0.8660254037844387100, 1.000000000000000000, 0.8660254037844387100, 1.000000000000000000, 0.8660254037844387100, 1.000000000000000000, 0.8660254037844387100, 1.000000000000000000, 0.8660254037844387100, 1.000000000000000000, 0.8660254037844387100, 1.000000000000000000, 0.8660254037844387100, 1.000000000000000000, 0.8660254037844387100, 1.000000000000000000, 0.8660254037844387100, 1.000000000000000000, 0.8660254037844387100, 1.000000000000000000, 0.8660254037844387100, 1.000000000000000000, 0.8660254037844387100, 1.000000000000000000, 0.8660254037844387100, 1.000000000000000000, 0.8660254037844387100, 1.000000000000000000, 0.8660254037844387100, 1.000000000000000000, 0.8660254037844387100, 1.000000000000000000, 0.8660254037844387100, 1.000000000000000000, 0.8660254037844387100, 1.000000000000000000, 0.8660254037844387100, 1.000000000000000000, 0.8660254037844387100, 1.000000000000000000, 0.8660254037844387100, 1.000000000000000000, 0.8660254037844387100, 1.000000000000000000, 0.8660254037844387100, 1.000000000000000000, 0.8660254037844387100, 1.000000000000000000, 0.8660254037844387100, 1.000000000000000000, 0.8660254037844387100, 1.000000000000000000, 0.8660254037844387100, 1.000000000000000000, 0.8660254037844387100, 1.000000000000000000, 0.8660254037844387100, 1.000000000000000000, 0.8660254037844387100, 1.000000000000000000, 0.8660254037844387100, 1.000000000000000000, 0.8660254037844387100, 1.000000000000000000, 0.8660254037844387100, 1.000000000000000000, 0.8660254037844387100, 1.000000000000000000, 0.8660254037844387100, 1.000000000000000000, 0.8660254037844387100, 1.000000000000000000, 0.8660254037844387100, 1.000000000000000000, 0.8660254037844387100, 1.000000000000000000, 0.8660254037844387100, 1.000000000000000000, 0.8660254037844387100, 1.000000000000000000, 0.8660254037844387100, 1.000000000000000000, 0.8660254037844387100, 1.000000000000000000, 0.8660254037844387100, 1.000000000000000000, 0.8660254037844387100, 1.000000000000000000, 0.8660254037844387100, 1.000000000000000000, 0.8660254037844387100, 1.000000000000000000, 0.8660254037844387100, 1.000000000000000000, 0.8660254037844387100, 1.000000000000000000, 0.8660254037844387100, 1.000000000000000000, 0.8660254037844387100, 1.000000000000000000, 0.8660254037844387100, 1.000000000000000000, 0.8660254037844387100, 1.000000000000000000, 0.8660254037844387100, 1.000000000000000000, 0.8660254037844387100, 1.000000000000000000, 0.8660254037844387100, 1.000000000000000000, 0.8660254037844387100, 1.000000000000000000, 0.8660254037844387100, 1.000000000000000000, 0.8660254037844387100, 1.000000000000000000, 0.8660254037844387100, 1.000000000000000000, 0.8660254037844387100, 1.000000000000000000, 0.8660254037844387100, 1.000000000000000000, 0.8660254037844387100, 1.000000000000000000, 0.8660254037844387100, 1.000000000000000000, 0.8660254037844387100, 1.000000000000000000, 0.8660254037844387100, 1.000000000000000000, 0.8660254037844387100, 1.000000000000000000, 0.8660254037844387100, 1.000000000000000000, 0.8660254037844387100, 1.000000000000000000, 0.8660254037844387100, 1.000000000000000000, 0.8660254037844387100, 1.000000000000000000, 0.8660254037844387100, 1.000000000000000000, 0.8660254037844387100, 1.000000000000000000, 0.8660254037844387100, 1.000000000000000000, 0.8660254037844387100, 1.000000000000000000, 0.8660254037844387100, 1.000000000000000000, 0.8660254037844387100, 1.000000000000000000, 0.8660254037844387100, 1.000000000000000000, 0.8660254037844387100, 1.000000000000000000, 0.8660254037844387100, 1.000000000000000000, 0.8660254037844387100, 1.000000000000000000, 0.8660254037844387100, 1.000000000000000000, 0.8660254037844387100, 1.000000000000000000, 0.8660254037844387100, 1.000000000000000000, 0.8660254037844387100, 1.000000000000000000, 0.8660254037844387100, 1.000000000000000000, 0.8660254037844387100, 1.000000000000000000, 0.8660254037844387100, 1.000000000000000000, 0.8660254037844387100, 1.000000000000000000, 0.8660254037844387100, 1.000000000000000000, 0.8660254037844387100, 1.000000000000000000, 0.8660254037844387100, 1.000000000000000000, 0.8660254037844387100, 1.000000000000000000, 0.8660254037844387100, 1.000000000000000000, 0.8660254037844387100, 1.000000000000000000, 0.8660254037844387100, 1.000000000000000000, 0.8660254037844387100, 1.000000000000000000, 0.8660254037844387100, 1.000000000000000000, 0.8660254037844387100, 1.000000000000000000, 0.8660254037844387100, 1.000000000000000000, 0.8660254037844387100, 1.000000000000000000, 0.8660254037844387100, 1.000000000000000000, 0.8660254037844387100, 1.000000000000000000, 0.8660254037844387100, 1.000000000000000000, 0.8660254037844387100, 1.000000000000000000, 0.8660254037844387100, 1.000000000000000000, 0.8660254037844387100, 1.000000000000000000, 0.8660254037844387100, 1.000000000000000000, 0.8660254037844387100, 1.000000000000000000, 0.8660254037844387100, 1.000000000000000000, 0.8660254037844387100, 1.000000000000000000, 0.8660254037844387100, 1.000000000000000000, 0.8660254037844387100, 1.000000000000000000, 0.8660254037844387100, 1.000000000000000000, 0.8660254037844387100, 1.000000000000000000, 0.8660254037844387100, 1.000000000000000000, 0.8660254037844387100, 1.000000000000000000, 0.8660254037844387100, 1.000000000000000000, 0.8660254037844387100, 1.000000000000000000, 0.8660254037844387100, 1.000000000000000000, 0.8660254037844387100, 1.000000000000000000, 0.8660254037844387100, 1.000000000000000000, 0.8660254037844387100, 1.000000000000000000, 0.8660254037844387100, 1.000000000000000000, 0.8660254037844387100, 1.000000000000000000, 0.8660254037844387100, 1.000000000000000000, 0.8660254037844387100, 1.000000000000000000, 0.8660254037844387100, 1.000000000000000000, 0.8660254037844387100, 1.000000000000000000, 0.8660254037844387100, 1.000000000000000000, 0.8660254037844387100, 1.000000000000000000, 0.8660254037844387100, 1.000000000000000000, 0.8660254037844387100, 1.000000000000000000, 0.8660254037844387100, 1.000000000000000000, 0.8660254037844387100, 1.000000000000000000, 0.8660254037844387100, 1.000000000000000000, 0.8660254037844387100, 1.000000000000000000, 0.8660254037844387100, 1.000000000000000000, 0.8660254037844387100, 1.000000000000000000, 0.8660254037844387100, 1.000000000000000000, 0.8660254037844387100, 1.000000000000000000, 0.8660254037844387100, 1.000000000000000000, 0.8660254037844387100, 1.000000000000000000, 0.8660254037844387100, 1.000000000000000000, 0.8660254037844387100, 1.000000000000000000, 0.8660254037844387100, 1.000000000000000000, 0.8660254037844387100, 1.000000000000000000, 0.8660254037844387100, 1.000000000000000000, 0.8660254037844387100, 1.000000000000000000, 0.8660254037844387100, 1.000000000000000000, 0.8660254037844387100, 1.000000000000000000, 0.8660254037844387100, 1.000000000000000000, 0.8660254037844387100, 1.000000000000000000, 0.8660254037844387100, 1.000000000000000000, 0.8660254037844387100, 1.000000000000000000, 0.8660254037844387100, 1.000000000000000000, 0.8660254037844387100, 1.000000000000000000, 0.8660254037844387100, 1.000000000000000000, 0.8660254037844387100, 1.000000000000000000, 0.8660254037844387100, 1.000000000000000000, 0.8660254037844387100, 1.000000000000000000, 0.8660254037844387100, 1.000000000000000000, 0.8660254037844387100, 1.000000000000000000, 0.8660254037844387100, 1.000000000000000000, 0.8660254037844387100, 1.000000000000000000, 0.8660254037844387100, 1.000000000000000000, 0.8660254037844387100, 1.000000000000000000, 0.8660254037844387100, 1.000000000000000000, 0.8660254037844387100, 1.000000000000000000, 0.8660254037844387100, 1.000000000000000000, 0.8660254037844387100, 1.000000000000000000, 0.8660254037844387100, 1.000000000000000000, 0.8660254037844387100, 1.000000000000000000, 0.8660254037844387100, 1.000000000000000000, 0.8660254037844387100, 1.000000000000000000, 0.8660254037844387100, 1.000000000000000000, 0.8660254037844387100, 1.000000000000000000, 0.8660254037844387100, 1.000000000000000000, 0.8660254037844387100, 1.000000000000000000, 0.8660254037844387100, 1.000000000000000000, 0.8660254037844387100, 1.000000000000000000, 0.8660254037844387100, 1.000000000000000000, 0.8660254037844387100, 1.000000000000000000, 0.8660254037844387100, 1.000000000000000000, 0.8660254037844387100, 1.000000000000000000, 0.8660254037844387100, 1.000000000000000000, 0.8660254037844387100, 1.000000000000000000, 0.8660254037844387100, 1.000000000000000000, 0.8660254037844387100, 1.000000000000000000, 0.8660254037844387100, 1.000000000000000000, 0.8660254037844387100, 1.000000000000000000, 0.8660254037844387100, 1.000000000000000000, 0.8660254037844387100, 1.000000000000000000, 0.8660254037844387100, 1.000000000000000000, 0.8660254037844387100, 1.000000000000000000, 0.8660254037844387100, 1.000000000000000000, 0.8660254037844387100, 1.000000000000000000, 0.8660254037844387100, 1.000000000000000000, 0.8660254037844387100, 1.000000000000000000, 0.8660254037844387100, 1.000000000000000000, 0.8660254037844387100, 1.000000000000000000, 0.8660254037844387100, 1.000000000000000000, 0.8660254037844387100, 1.000000000000000000, 0.8660254037844387100, 1.000000000000000000, 0.8660254037844387100, 1.000000000000000000, 0.8660254037844387100, 1.000000000000000000, 0.8660254037844387100, 1.000000000000000000, 0.8660254037844387100, 1.000000000000000000),
 ( 1.000000000000000000, 0.8660254037844387100, 1.000000000000000000, 0.8660254037844387100, 1.000000000000000000, 0.8660254037844387100, 1.000000000000000000, 0.8660254037844387100, 1.000000000000000000, 0.8660254037844387100, 1.000000000000000000, 0.8660254037844387100, 1.000000000000000000, 0.8660254037844387100, 1.000000000000000000, 0.8660254037844387100, 1.000000000000000000, 0.8660254037844387100, 1.000000000000000000, 0.8660254037844387100, 1.000000000000000000, 0.8660254037844387100, 1.000000000000000000, 0.8660254037844387100, 1.000000000000000000, 0.8660254037844387100, 1.000000000000000000, 0.8660254037844387100, 1.000000000000000000, 0.8660254037844387100, 1.000000000000000000, 0.8660254037844387100, 1.000000000000000000, 0.8660254037844387100, 1.000000000000000000, 0.8660254037844387100, 1.000000000000000000, 0.8660254037844387100, 1.000000000000000000, 0.8660254037844387100, 1.000000000000000000, 0.8660254037844387100, 1.000000000000000000, 0.8660254037844387100, 1.000000000000000000, 0.8660254037844387100, 1.000000000000000000, 0.8660254037844387100, 1.000000000000000000, 0.8660254037844387100, 1.000000000000000000, 0.8660254037844387100, 1.000000000000000000, 0.8660254037844387100, 1.000000000000000000, 0.8660254037844387100, 1.000000000000000000, 0.8660254037844387100, 1.000000000000000000, 0.8660254037844387100, 1.000000000000000000, 0.8660254037844387100, 1.000000000000000000, 0.8660254037844387100, 1.000000000000000000, 0.8660254037844387100, 1.000000000000000000, 0.8660254037844387100, 1.000000000000000000, 0.8660254037844387100, 1.000000000000000000, 0.8660254037844387100, 1.000000000000000000, 0.8660254037844387100, 1.000000000000000000, 0.8660254037844387100, 1.000000000000000000, 0.8660254037844387100, 1.000000000000000000, 0.8660254037844387100, 1.000000000000000000, 0.8660254037844387100, 1.000000000000000000, 0.8660254037844387100, 1.000000000000000000, 0.8660254037844387100, 1.000000000000000000, 0.8660254037844387100, 1.000000000000000000, 0.8660254037844387100, 1.000000000000000000, 0.8660254037844387100, 1.000000000000000000, 0.8660254037844387100, 1.000000000000000000, 0.8660254037844387100, 1.000000000000000000, 0.8660254037844387100, 1.000000000000000000, 0.8660254037844387100, 1.000000000000000000, 0.8660254037844387100, 1.000000000000000000, 0.8660254037844387100, 1.000000000000000000, 0.8660254037844387100, 1.000000000000000000, 0.8660254037844387100, 1.000000000000000000, 0.8660254037844387100, 1.000000000000000000, 0.8660254037844387100, 1.000000000000000000, 0.8660254037844387100, 1.000000000000000000, 0.8660254037844387100, 1.000000000000000000, 0.8660254037844387100, 1.000000000000000000, 0.8660254037844387100, 1.000000000000000000, 0.8660254037844387100, 1.000000000000000000, 0.8660254037844387100, 1.000000000000000000, 0.8660254037844387100, 1.000000000000000000, 0.8660254037844387100, 1.000000000000000000, 0.8660254037844387100, 1.000000000000000000, 0.8660254037844387100, 1.000000000000000000, 0.8660254037844387100, 1.000000000000000000, 0.8660254037844387100, 1.000000000000000000, 0.8660254037844387100, 1.000000000000000000, 0.8660254037844387100, 1.000000000000000000, 0.8660254037844387100, 1.000000000000000000, 0.8660254037844387100, 1.000000000000000000, 0.8660254037844387100, 1.000000000000000000, 0.8660254037844387100, 1.000000000000000000, 0.8660254037844387100, 1.000000000000000000, 0.8660254037844387100, 1.000000000000000000, 0.8660254037844387100, 1.000000000000000000, 0.8660254037844387100, 1.000000000000000000, 0.8660254037844387100, 1.000000000000000000, 0.8660254037844387100, 1.000000000000000000, 0.8660254037844387100, 1.000000000000000000, 0.8660254037844387100, 1.000000000000000000, 0.8660254037844387100, 1.000000000000000000, 0.8660254037844387100, 1.000000000000000000, 0.8660254037844387100, 1.000000000000000000, 0.8660254037844387100, 1.000000000000000000, 0.8660254037844387100, 1.000000000000000000, 0.8660254037844387100, 1.000000000000000000, 0.8660254037844387100, 1.000000000000000000, 0.8660254037844387100, 1.000000000000000000, 0.8660254037844387100, 1.000000000000000000, 0.8660254037844387100, 1.000000000000000000, 0.8660254037844387100, 1.000000000000000000, 0.8660254037844387100, 1.000000000000000000, 0.8660254037844387100, 1.000000000000000000, 0.8660254037844387100, 1.000000000000000000, 0.8660254037844387100, 1.000000000000000000, 0.8660254037844387100, 1.000000000000000000, 0.8660254037844387100, 1.000000000000000000, 0.8660254037844387100, 1.000000000000000000, 0.8660254037844387100, 1.000000000000000000, 0.8660254037844387100, 1.000000000000000000, 0.8660254037844387100, 1.000000000000000000, 0.8660254037844387100, 1.000000000000000000, 0.8660254037844387100, 1.000000000000000000, 0.8660254037844387100, 1.000000000000000000, 0.8660254037844387100, 1.000000000000000000, 0.8660254037844387100, 1.000000000000000000, 0.8660254037844387100, 1.000000000000000000, 0.8660254037844387100, 1.000000000000000000, 0.8660254037844387100, 1.000000000000000000, 0.8660254037844387100, 1.000000000000000000, 0.8660254037844387100, 1.000000000000000000, 0.8660254037844387100, 1.000000000000000000, 0.8660254037844387100, 1.000000000000000000, 0.8660254037844387100, 1.000000000000000000, 0.8660254037844387100, 1.000000000000000000, 0.8660254037844387100, 1.000000000000000000, 0.8660254037844387100, 1.000000000000000000, 0.8660254037844387100, 1.000000000000000000, 0.8660254037844387100, 1.000000000000000000, 0.8660254037844387100, 1.000000000000000000, 0.8660254037844387100, 1.000000000000000000, 0.8660254037844387100, 1.000000000000000000, 0.8660254037844387100, 1.000000000000000000, 0.8660254037844387100, 1.000000000000000000, 0.8660254037844387100, 1.000000000000000000, 0.8660254037844387100, 1.000000000000000000, 0.8660254037844387100, 1.000000000000000000, 0.8660254037844387100, 1.000000000000000000, 0.8660254037844387100, 1.000000000000000000, 0.8660254037844387100, 1.000000000000000000, 0.8660254037844387100, 1.000000000000000000, 0.8660254037844387100, 1.000000000000000000, 0.8660254037844387100, 1.000000000000000000, 0.8660254037844387100, 1.000000000000000000, 0.8660254037844387100, 1.000000000000000000, 0.8660254037844387100, 1.000000000000000000, 0.8660254037844387100, 1.000000000000000000, 0.8660254037844387100, 1.000000000000000000, 0.8660254037844387100, 1.000000000000000000, 0.8660254037844387100, 1.000000000000000000, 0.8660254037844387100, 1.000000000000000000, 0.8660254037844387100, 1.000000000000000000, 0.8660254037844387100, 1.000000000000000000, 0.8660254037844387100, 1.000000000000000000, 0.8660254037844387100, 1.000000000000000000, 0.8660254037844387100, 1.000000000000000000, 0.8660254037844387100, 1.000000000000000000, 0.8660254037844387100, 1.000000000000000000, 0.8660254037844387100, 1.000000000000000000, 0.8660254037844387100, 1.000000000000000000, 0.8660254037844387100, 1.000000000000000000, 0.8660254037844387100, 1.000000000000000000, 0.8660254037844387100, 1.000000000000000000, 0.8660254037844387100, 1.000000000000000000, 0.8660254037844387100, 1.000000000000000000, 0.8660254037844387100, 1.000000000000000000, 0.8660254037844387100, 1.000000000000000000, 0.8660254037844387100, 1.000000000000000000, 0.8660254037844387100, 1.000000000000000000, 0.8660254037844387100, 1.000000000000000000, 0.8660254037844387100, 1.000000000000000000, 0.8660254037844387100, 1.000000000000000000, 0.8660254037844387100, 1.000000000000000000, 0.8660254037844387100, 1.000000000000000000, 0.8660254037844387100, 1.000000000000000000, 0.8660254037844387100, 1.000000000000000000, 0.8660254037844387100, 1.000000000000000000, 0.8660254037844387100, 1.000000000000000000, 0.8660254037844387100, 1.000000000000000000, 0.8660254037844387100, 1.000000000000000000, 0.8660254037844387100, 1.000000000000000000, 0.8660254037844387100, 1.000000000000000000, 0.8660254037844387100, 1.000000000000000000, 0.8660254037844387100, 1.000000000000000000, 0.8660254037844387100, 1.000000000000000000, 0.8660254037844387100, 1.000000000000000000, 0.8660254037844387100, 1.000000000000000000, 0.8660254037844387100, 1.000000000000000000, 0.8660254037844387100, 1.000000000000000000, 0.8660254037844387100, 1.000000000000000000, 0.8660254037844387100, 1.000000000000000000, 0.8660254037844387100, 1.000000000000000000, 0.8660254037844387100, 1.000000000000000000, 0.8660254037844387100, 1.000000000000000000, 0.8660254037844387100, 1.000000000000000000, 0.8660254037844387100, 1.000000000000000000, 0.8660254037844387100, 1.000000000000000000, 0.8660254037844387100, 1.000000000000000000, 0.8660254037844387100, 1.000000000000000000, 0.8660254037844387100, 1.000000000000000000, 0.8660254037844387100, 1.000000000000000000, 0.8660254037844387100, 1.000000000000000000, 0.8660254037844387100, 1.000000000000000000, 0.8660254037844387100, 1.000000000000000000, 0.8660254037844387100, 1.000000000000000000, 0.8660254037844387100, 1.000000000000000000, 0.8660254037844387100, 1.000000000000000000, 0.8660254037844387100, 1.000000000000000000, 0.8660254037844387100, 1.000000000000000000, 0.8660254037844387100, 1.000000000000000000, 0.8660254037844387100, 1.000000000000000000, 0.8660254037844387100, 1.000000000000000000, 0.8660254037844387100, 1.000000000000000000, 0.8660254037844387100, 1.000000000000000000, 0.8660254037844387100, 1.000000000000000000, 0.8660254037844387100, 1.000000000000000000, 0.8660254037844387100, 1.000000000000000000, 0.8660254037844387100, 1.000000000000000000, 0.8660254037844387100, 1.000000000000000000, 0.8660254037844387100, 1.000000000000000000, 0.8660254037844387100, 1.000000000000000000, 0.8660254037844387100, 1.000000000000000000, 0.8660254037844387100, 1.000000000000000000, 0.8660254037844387100, 1.000000000000000000, 0.8660254037844387100, 1.000000000000000000, 0.8660254037844387100, 1.000000000000000000, 0.8660254037844387100, 1.000000000000000000, 0.8660254037844387100, 1.000000000000000000, 0.8660254037844387100, 1.000000000000000000, 0.8660254037844387100, 1.000000000000000000, 0.8660254037844387100, 1.000000000000000000, 0.8660254037844387100, 1.000000000000000000, 0.8660254037844387100, 1.000000000000000000, 0.8660254037844387100, 1.000000000000000000, 0.8660254037844387100, 1.000000000000000000, 0.8660254037844387100, 1.000000000000000000, 0.8660254037844387100, 1.000000000000000000, 0.8660254037844387100, 1.000000000000000000, 0.8660254037844387100, 1.000000000000000000, 0.8660254037844387100, 1.000000000000000000, 0.8660254037844387100, 1.000000000000000000, 0.8660254037844387100, 1.000000000000000000) ) ) 
 REPRESENTATION_ITEM ( '' )  SURFACE ( )  );
#1492 = CARTESIAN_POINT ( 'NONE',  ( -0.04628905783227824100, 0.02258333333333332000, 0.02672500000000000200 ) ) ;
#1493 = CARTESIAN_POINT ( 'NONE',  ( -0.03085937188818551800, 0.02570833333333331900, -0.05344999999999998400 ) ) ;
#1494 = CARTESIAN_POINT ( 'NONE',  ( -0.04628905783227824800, 0.02466666666666664900, -0.02672499999999998500 ) ) ;
#1495 = CARTESIAN_POINT ( 'NONE',  ( 0.0000000000000000000, 0.02049999999999999400, 0.05344999999999999800 ) ) ;
#1496 = CARTESIAN_POINT ( 'NONE',  ( 0.06171874377637098800, 0.02987499999999997100, -1.133717486677188400E-017 ) ) ;
#1497 = CARTESIAN_POINT ( 'NONE',  ( 0.03085937188818547700, 0.02779166666666664500, -0.05344999999999999800 ) ) ;
#1498 = CARTESIAN_POINT ( 'NONE',  ( -6.545520961180605600E-018, 0.02674999999999997900, -0.05344999999999999800 ) ) ;
#1499 = CARTESIAN_POINT ( 'NONE',  ( 0.04628905783227822700, 0.02883333333333330800, -0.02672500000000002300 ) ) ;
#1500 = CARTESIAN_POINT ( 'NONE',  ( 0.04628905783227826900, 0.04341666666666661000, 0.02672499999999996400 ) ) ;
#1501 = CARTESIAN_POINT ( 'NONE',  ( 0.06171874377637098800, 0.04237499999999994700, -1.133717486677188400E-017 ) ) ;
#1502 = CARTESIAN_POINT ( 'NONE',  ( -0.04628905783227824100, 0.03508333333333329300, 0.02672500000000000200 ) ) ;
#1503 = CARTESIAN_POINT ( 'NONE',  ( 0.04628905783227826900, 0.03091666666666663400, 0.02672499999999996400 ) ) ;
#1504 = CARTESIAN_POINT ( 'NONE',  ( -0.03085937188818549000, 0.03404166666666663000, 0.05344999999999999800 ) ) ;
#1505 = CARTESIAN_POINT ( 'NONE',  ( 0.0000000000000000000, 0.04549999999999992900, 0.05344999999999999800 ) ) ;
#1506 = CARTESIAN_POINT ( 'NONE',  ( 0.03085937188818552200, 0.04445833333333327300, 0.05344999999999998400 ) ) ;
#1507 = CARTESIAN_POINT ( 'NONE',  ( 0.0000000000000000000, 0.03299999999999996000, 0.05344999999999999800 ) ) ;
#1508 = CARTESIAN_POINT ( 'NONE',  ( 0.04628905783227822700, 0.04133333333333327800, -0.02672500000000002300 ) ) ;
#1509 = CARTESIAN_POINT ( 'NONE',  ( 0.03085937188818547700, 0.04029166666666661500, -0.05344999999999999800 ) ) ;
#1510 = CARTESIAN_POINT ( 'NONE',  ( -6.545520961180605600E-018, 0.03924999999999994500, -0.05344999999999999800 ) ) ;
#1511 = CARTESIAN_POINT ( 'NONE',  ( -0.03085937188818551800, 0.03820833333333328200, -0.05344999999999998400 ) ) ;
#1512 = CARTESIAN_POINT ( 'NONE',  ( 0.03085937188818552200, 0.03195833333333329700, 0.05344999999999998400 ) ) ;
#1513 = CARTESIAN_POINT ( 'NONE',  ( -0.04628905783227824800, 0.03716666666666662600, -0.02672499999999998500 ) ) ;
#1514 = CARTESIAN_POINT ( 'NONE',  ( -0.06171874377637098800, 0.03612499999999995600, 3.779058288923960300E-018 ) ) ;
#1515 = CARTESIAN_POINT ( 'NONE',  ( -0.03085937188818549000, 0.04654166666666660600, 0.05344999999999999800 ) ) ;
#1516 = CARTESIAN_POINT ( 'NONE',  ( -0.06171874377637098800, 0.06112499999999990900, 3.779058288923960300E-018 ) ) ;
#1517 = CARTESIAN_POINT ( 'NONE',  ( -0.04628905783227824100, 0.06008333333333323900, 0.02672500000000000200 ) ) ;
#1518 = CARTESIAN_POINT ( 'NONE',  ( -0.03085937188818549000, 0.05904166666666656900, 0.05344999999999999800 ) ) ;
#1519 = CARTESIAN_POINT ( 'NONE',  ( 0.0000000000000000000, 0.05799999999999990600, 0.05344999999999999800 ) ) ;
#1520 = CARTESIAN_POINT ( 'NONE',  ( 0.03085937188818552200, 0.05695833333333324300, 0.05344999999999998400 ) ) ;
#1521 = CARTESIAN_POINT ( 'NONE',  ( 0.04628905783227826900, 0.05591666666666658000, 0.02672499999999996400 ) ) ;
#1522 = CARTESIAN_POINT ( 'NONE',  ( 0.06171874377637098800, 0.05487499999999991700, -1.133717486677188400E-017 ) ) ;
#1523 = CARTESIAN_POINT ( 'NONE',  ( 0.04628905783227822700, 0.05383333333333325400, -0.02672500000000002300 ) ) ;
#1524 = CARTESIAN_POINT ( 'NONE',  ( 0.03085937188818547700, 0.05279166666666658400, -0.05344999999999999800 ) ) ;
#1525 = CARTESIAN_POINT ( 'NONE',  ( -6.545520961180605600E-018, 0.05174999999999992100, -0.05344999999999999800 ) ) ;
#1526 = CARTESIAN_POINT ( 'NONE',  ( -0.03085937188818551800, 0.05070833333333325800, -0.05344999999999998400 ) ) ;
#1527 = CARTESIAN_POINT ( 'NONE',  ( -0.04628905783227824800, 0.04966666666666659500, -0.02672499999999998500 ) ) ;
#1528 = CARTESIAN_POINT ( 'NONE',  ( -0.06171874377637098800, 0.04862499999999993200, 3.779058288923960300E-018 ) ) ;
#1529 = CARTESIAN_POINT ( 'NONE',  ( -0.04628905783227824100, 0.04758333333333326900, 0.02672500000000000200 ) ) ;
#1530 = CARTESIAN_POINT ( 'NONE',  ( -6.545520961180605600E-018, 0.06424999999999989100, -0.05344999999999999800 ) ) ;
#1531 = CARTESIAN_POINT ( 'NONE',  ( -0.03085937188818551800, 0.06320833333333324100, -0.05344999999999998400 ) ) ;
#1532 = CARTESIAN_POINT ( 'NONE',  ( -0.04628905783227824800, 0.06216666666666656500, -0.02672499999999998500 ) ) ;
#1533 = CARTESIAN_POINT ( 'NONE',  ( -0.04628905783227824100, 0.07258333333333320800, 0.02672500000000000200 ) ) ;
#1534 = CARTESIAN_POINT ( 'NONE',  ( -0.03085937188818549000, 0.07154166666666654500, 0.05344999999999999800 ) ) ;
#1535 = CARTESIAN_POINT ( 'NONE',  ( 0.0000000000000000000, 0.07049999999999988200, 0.05344999999999999800 ) ) ;
#1536 = CARTESIAN_POINT ( 'NONE',  ( 0.04628905783227822700, 0.06633333333333323000, -0.02672500000000002300 ) ) ;
#1537 = CARTESIAN_POINT ( 'NONE',  ( 0.03085937188818552200, 0.06945833333333321900, 0.05344999999999998400 ) ) ;
#1538 = CARTESIAN_POINT ( 'NONE',  ( 0.04628905783227826900, 0.06841666666666655600, 0.02672499999999996400 ) ) ;
#1539 = CARTESIAN_POINT ( 'NONE',  ( 0.06171874377637098800, 0.06737499999999989300, -1.133717486677188400E-017 ) ) ;
#1540 = CARTESIAN_POINT ( 'NONE',  ( 0.03085937188818547700, 0.06529166666666656700, -0.05344999999999999800 ) ) ;
#1541 = CARTESIAN_POINT ( 'NONE',  ( 0.03085937188818552200, 0.09445833333333317200, 0.05344999999999998400 ) ) ;
#1542 = CARTESIAN_POINT ( 'NONE',  ( 0.04628905783227826900, 0.09341666666666648100, 0.02672499999999996400 ) ) ;
#1543 = CARTESIAN_POINT ( 'NONE',  ( -0.06171874377637098800, 0.07362499999999988500, 3.779058288923960300E-018 ) ) ;
#1544 = CARTESIAN_POINT ( 'NONE',  ( -0.04628905783227824800, 0.07466666666666653400, -0.02672499999999998500 ) ) ;
#1545 = CARTESIAN_POINT ( 'NONE',  ( 0.03085937188818547700, 0.07779166666666655100, -0.05344999999999999800 ) ) ;
#1546 = CARTESIAN_POINT ( 'NONE',  ( 0.04628905783227822700, 0.07883333333333320000, -0.02672500000000002300 ) ) ;
#1547 = CARTESIAN_POINT ( 'NONE',  ( -0.03085937188818549000, 0.08404166666666651500, 0.05344999999999999800 ) ) ;
#1548 = CARTESIAN_POINT ( 'NONE',  ( 0.03085937188818547700, 0.1027916666666664800, -0.05344999999999999800 ) ) ;
#1549 = CARTESIAN_POINT ( 'NONE',  ( -6.545520961180605600E-018, 0.1017499999999998100, -0.05344999999999999800 ) ) ;
#1550 = CARTESIAN_POINT ( 'NONE',  ( -0.03085937188818551800, 0.1007083333333331500, -0.05344999999999998400 ) ) ;
#1551 = CARTESIAN_POINT ( 'NONE',  ( -0.04628905783227824800, 0.09966666666666648700, -0.02672499999999998500 ) ) ;
#1552 = CARTESIAN_POINT ( 'NONE',  ( -0.03085937188818551800, 0.07570833333333321100, -0.05344999999999998400 ) ) ;
#1553 = CARTESIAN_POINT ( 'NONE',  ( -6.545520961180605600E-018, 0.07674999999999986000, -0.05344999999999999800 ) ) ;
#1554 = CARTESIAN_POINT ( 'NONE',  ( -0.06171874377637098800, 0.09862499999999979600, 3.779058288923960300E-018 ) ) ;
#1555 = CARTESIAN_POINT ( 'NONE',  ( -0.04628905783227824100, 0.09758333333333314700, 0.02672500000000000200 ) ) ;
#1556 = CARTESIAN_POINT ( 'NONE',  ( -0.04628905783227824100, 0.1100833333333331200, 0.02672500000000000200 ) ) ;
#1557 = CARTESIAN_POINT ( 'NONE',  ( -0.03085937188818549000, 0.1090416666666664500, 0.05344999999999999800 ) ) ;
#1558 = CARTESIAN_POINT ( 'NONE',  ( 0.0000000000000000000, 0.1079999999999997900, 0.05344999999999999800 ) ) ;
#1559 = CARTESIAN_POINT ( 'NONE',  ( 0.03085937188818552200, 0.1069583333333331300, 0.05344999999999998400 ) ) ;
#1560 = CARTESIAN_POINT ( 'NONE',  ( -6.545520961180605600E-018, 0.1142499999999997800, -0.05344999999999999800 ) ) ;
#1561 = CARTESIAN_POINT ( 'NONE',  ( -0.03085937188818551800, 0.1132083333333331300, -0.05344999999999998400 ) ) ;
#1562 = CARTESIAN_POINT ( 'NONE',  ( -0.04628905783227824800, 0.1121666666666664600, -0.02672499999999998500 ) ) ;
#1563 = CARTESIAN_POINT ( 'NONE',  ( -0.06171874377637098800, 0.1111249999999998100, 3.779058288923960300E-018 ) ) ;
#1564 = CARTESIAN_POINT ( 'NONE',  ( 0.0000000000000000000, 0.08299999999999985200, 0.05344999999999999800 ) ) ;
#1565 = CARTESIAN_POINT ( 'NONE',  ( 0.03085937188818552200, 0.08195833333333317500, 0.05344999999999998400 ) ) ;
#1566 = CARTESIAN_POINT ( 'NONE',  ( -0.06171874377637098800, 0.08612499999999985400, 3.779058288923960300E-018 ) ) ;
#1567 = CARTESIAN_POINT ( 'NONE',  ( -0.04628905783227824100, 0.08508333333333317800, 0.02672500000000000200 ) ) ;
#1568 = CARTESIAN_POINT ( 'NONE',  ( -0.03085937188818549000, 0.09654166666666648400, 0.05344999999999999800 ) ) ;
#1569 = CARTESIAN_POINT ( 'NONE',  ( 0.0000000000000000000, 0.09549999999999982100, 0.05344999999999999800 ) ) ;
#1570 = CARTESIAN_POINT ( 'NONE',  ( 0.04628905783227826900, 0.1184166666666664300, 0.02672499999999996400 ) ) ;
#1571 = CARTESIAN_POINT ( 'NONE',  ( 0.06171874377637098800, 0.1173749999999997700, -1.133717486677188400E-017 ) ) ;
#1572 = CARTESIAN_POINT ( 'NONE',  ( 0.04628905783227822700, 0.1163333333333331200, -0.02672500000000002300 ) ) ;
#1573 = CARTESIAN_POINT ( 'NONE',  ( 0.03085937188818547700, 0.1152916666666664300, -0.05344999999999999800 ) ) ;
#1574 = CARTESIAN_POINT ( 'NONE',  ( -0.03085937188818551800, 0.08820833333333318000, -0.05344999999999998400 ) ) ;
#1575 = CARTESIAN_POINT ( 'NONE',  ( -0.04628905783227824800, 0.08716666666666651700, -0.02672499999999998500 ) ) ;
#1576 = CARTESIAN_POINT ( 'NONE',  ( -0.06171874377637098800, 0.1236249999999997500, 3.779058288923960300E-018 ) ) ;
#1577 = CARTESIAN_POINT ( 'NONE',  ( -0.04628905783227824100, 0.1225833333333331000, 0.02672500000000000200 ) ) ;
#1578 = CARTESIAN_POINT ( 'NONE',  ( -0.03085937188818549000, 0.1215416666666664400, 0.05344999999999999800 ) ) ;
#1579 = CARTESIAN_POINT ( 'NONE',  ( 0.0000000000000000000, 0.1204999999999997600, 0.05344999999999999800 ) ) ;
#1580 = CARTESIAN_POINT ( 'NONE',  ( 0.03085937188818552200, 0.1194583333333331100, 0.05344999999999998400 ) ) ;
#1581 = CARTESIAN_POINT ( 'NONE',  ( 0.03085937188818547700, 0.09029166666666649200, -0.05344999999999999800 ) ) ;
#1582 = CARTESIAN_POINT ( 'NONE',  ( -6.545520961180605600E-018, 0.08924999999999984300, -0.05344999999999999800 ) ) ;
#1583 = CARTESIAN_POINT ( 'NONE',  ( 0.04628905783227826900, 0.1059166666666664600, 0.02672499999999996400 ) ) ;
#1584 = CARTESIAN_POINT ( 'NONE',  ( 0.06171874377637098800, 0.1048749999999998300, -1.133717486677188400E-017 ) ) ;
#1585 = CARTESIAN_POINT ( 'NONE',  ( 0.04628905783227822700, 0.1038333333333331400, -0.02672500000000002300 ) ) ;
#1586 = CARTESIAN_POINT ( 'NONE',  ( 0.04628905783227826900, 0.08091666666666651200, 0.02672499999999996400 ) ) ;
#1587 = CARTESIAN_POINT ( 'NONE',  ( 0.06171874377637098800, 0.07987499999999984900, -1.133717486677188400E-017 ) ) ;
#1588 = CARTESIAN_POINT ( 'NONE',  ( -0.04628905783227824100, 0.1350833333333330800, 0.02672500000000000200 ) ) ;
#1589 = CARTESIAN_POINT ( 'NONE',  ( -0.03085937188818549000, 0.1340416666666664200, 0.05344999999999999800 ) ) ;
#1590 = CARTESIAN_POINT ( 'NONE',  ( 0.0000000000000000000, 0.1329999999999997300, 0.05344999999999999800 ) ) ;
#1591 = CARTESIAN_POINT ( 'NONE',  ( 0.03085937188818552200, 0.1319583333333330700, 0.05344999999999998400 ) ) ;
#1592 = CARTESIAN_POINT ( 'NONE',  ( 0.04628905783227826900, 0.1309166666666664000, 0.02672499999999996400 ) ) ;
#1593 = CARTESIAN_POINT ( 'NONE',  ( 0.06171874377637098800, 0.1298749999999997400, -1.133717486677188400E-017 ) ) ;
#1594 = CARTESIAN_POINT ( 'NONE',  ( 0.04628905783227822700, 0.1288333333333330800, -0.02672500000000002300 ) ) ;
#1595 = CARTESIAN_POINT ( 'NONE',  ( 0.03085937188818547700, 0.1277916666666664400, -0.05344999999999999800 ) ) ;
#1596 = CARTESIAN_POINT ( 'NONE',  ( -6.545520961180605600E-018, 0.1267499999999997500, -0.05344999999999999800 ) ) ;
#1597 = CARTESIAN_POINT ( 'NONE',  ( -0.03085937188818551800, 0.1257083333333330900, -0.05344999999999998400 ) ) ;
#1598 = CARTESIAN_POINT ( 'NONE',  ( -0.04628905783227824800, 0.1246666666666664300, -0.02672499999999998500 ) ) ;
#1599 = CARTESIAN_POINT ( 'NONE',  ( 0.06171874377637098800, 0.1423749999999997200, -1.133717486677188400E-017 ) ) ;
#1600 = CARTESIAN_POINT ( 'NONE',  ( 0.04628905783227822700, 0.1413333333333330600, -0.02672500000000002300 ) ) ;
#1601 = CARTESIAN_POINT ( 'NONE',  ( 0.03085937188818547700, 0.1402916666666664000, -0.05344999999999999800 ) ) ;
#1602 = CARTESIAN_POINT ( 'NONE',  ( -6.545520961180605600E-018, 0.1392499999999997100, -0.05344999999999999800 ) ) ;
#1603 = CARTESIAN_POINT ( 'NONE',  ( -0.03085937188818551800, 0.1382083333333330700, -0.05344999999999998400 ) ) ;
#1604 = CARTESIAN_POINT ( 'NONE',  ( -0.04628905783227824800, 0.1371666666666663800, -0.02672499999999998500 ) ) ;
#1605 = CARTESIAN_POINT ( 'NONE',  ( -0.06171874377637098800, 0.1361249999999997200, 3.779058288923960300E-018 ) ) ;
#1606 = CARTESIAN_POINT ( 'NONE',  ( 0.06171874377637098800, 0.09237499999999983200, -1.133717486677188400E-017 ) ) ;
#1607 = CARTESIAN_POINT ( 'NONE',  ( 0.04628905783227822700, 0.09133333333333316900, -0.02672500000000002300 ) ) ;
#1608 = CARTESIAN_POINT ( 'NONE',  ( 0.03085937188818552200, 0.2069583333333329100, 0.05344999999999998400 ) ) ;
#1609 = CARTESIAN_POINT ( 'NONE',  ( 0.04628905783227826900, 0.2059166666666662500, 0.02672499999999996400 ) ) ;
#1610 = CARTESIAN_POINT ( 'NONE',  ( 0.06171874377637098800, 0.2048749999999995900, -1.133717486677188400E-017 ) ) ;
#1611 = CARTESIAN_POINT ( 'NONE',  ( 0.04628905783227822700, 0.2038333333333329200, -0.02672500000000002300 ) ) ;
#1612 = CARTESIAN_POINT ( 'NONE',  ( 0.03085937188818547700, 0.2027916666666662600, -0.05344999999999999800 ) ) ;
#1613 = CARTESIAN_POINT ( 'NONE',  ( -6.545520961180605600E-018, 0.2017499999999996000, -0.05344999999999999800 ) ) ;
#1614 = CARTESIAN_POINT ( 'NONE',  ( 0.0000000000000000000, 0.1579999999999997000, 0.05344999999999999800 ) ) ;
#1615 = CARTESIAN_POINT ( 'NONE',  ( -0.04628905783227824100, 0.1600833333333330200, 0.02672500000000000200 ) ) ;
#1616 = CARTESIAN_POINT ( 'NONE',  ( -0.03085937188818549000, 0.1590416666666663600, 0.05344999999999999800 ) ) ;
#1617 = CARTESIAN_POINT ( 'NONE',  ( -0.03085937188818551800, 0.2007083333333329600, -0.05344999999999998400 ) ) ;
#1618 = CARTESIAN_POINT ( 'NONE',  ( -0.04628905783227824800, 0.1996666666666662400, -0.02672499999999998500 ) ) ;
#1619 = CARTESIAN_POINT ( 'NONE',  ( -0.06171874377637098800, 0.1986249999999995500, 3.779058288923960300E-018 ) ) ;
#1620 = CARTESIAN_POINT ( 'NONE',  ( -0.04628905783227824100, 0.1975833333333329200, 0.02672500000000000200 ) ) ;
#1621 = CARTESIAN_POINT ( 'NONE',  ( -0.03085937188818549000, 0.1965416666666662500, 0.05344999999999999800 ) ) ;
#1622 = CARTESIAN_POINT ( 'NONE',  ( 0.0000000000000000000, 0.1954999999999995900, 0.05344999999999999800 ) ) ;
#1623 = CARTESIAN_POINT ( 'NONE',  ( 0.03085937188818552200, 0.1569583333333330300, 0.05344999999999998400 ) ) ;
#1624 = CARTESIAN_POINT ( 'NONE',  ( 0.04628905783227826900, 0.1559166666666663400, 0.02672499999999996400 ) ) ;
#1625 = CARTESIAN_POINT ( 'NONE',  ( -0.06171874377637098800, 0.1861249999999996000, 3.779058288923960300E-018 ) ) ;
#1626 = CARTESIAN_POINT ( 'NONE',  ( -0.04628905783227824100, 0.1850833333333329600, 0.02672500000000000200 ) ) ;
#1627 = CARTESIAN_POINT ( 'NONE',  ( -0.03085937188818549000, 0.1840416666666662700, 0.05344999999999999800 ) ) ;
#1628 = CARTESIAN_POINT ( 'NONE',  ( 0.04628905783227826900, 0.1434166666666663900, 0.02672499999999996400 ) ) ;
#1629 = CARTESIAN_POINT ( 'NONE',  ( -0.03085937188818551800, 0.2257083333333328700, -0.05344999999999998400 ) ) ;
#1630 = CARTESIAN_POINT ( 'NONE',  ( -0.04628905783227824800, 0.2246666666666662100, -0.02672499999999998500 ) ) ;
#1631 = CARTESIAN_POINT ( 'NONE',  ( -0.06171874377637098800, 0.2236249999999995500, 3.779058288923960300E-018 ) ) ;
#1632 = CARTESIAN_POINT ( 'NONE',  ( -0.04628905783227824100, 0.2225833333333328600, 0.02672500000000000200 ) ) ;
#1633 = CARTESIAN_POINT ( 'NONE',  ( -0.03085937188818549000, 0.2215416666666661900, 0.05344999999999999800 ) ) ;
#1634 = CARTESIAN_POINT ( 'NONE',  ( 0.0000000000000000000, 0.2204999999999995300, 0.05344999999999999800 ) ) ;
#1635 = CARTESIAN_POINT ( 'NONE',  ( 0.04628905783227822700, 0.1788333333333329800, -0.02672500000000002300 ) ) ;
#1636 = CARTESIAN_POINT ( 'NONE',  ( 0.03085937188818547700, 0.1777916666666663200, -0.05344999999999999800 ) ) ;
#1637 = CARTESIAN_POINT ( 'NONE',  ( -6.545520961180605600E-018, 0.1767499999999996300, -0.05344999999999999800 ) ) ;
#1638 = CARTESIAN_POINT ( 'NONE',  ( 0.03085937188818552200, 0.2194583333333328700, 0.05344999999999998400 ) ) ;
#1639 = CARTESIAN_POINT ( 'NONE',  ( 0.04628905783227826900, 0.2184166666666662000, 0.02672499999999996400 ) ) ;
#1640 = CARTESIAN_POINT ( 'NONE',  ( 0.06171874377637098800, 0.2173749999999995700, -1.133717486677188400E-017 ) ) ;
#1641 = CARTESIAN_POINT ( 'NONE',  ( 0.04628905783227822700, 0.2163333333333328800, -0.02672500000000002300 ) ) ;
#1642 = CARTESIAN_POINT ( 'NONE',  ( 0.03085937188818547700, 0.2152916666666662400, -0.05344999999999999800 ) ) ;
#1643 = CARTESIAN_POINT ( 'NONE',  ( -6.545520961180605600E-018, 0.2142499999999995500, -0.05344999999999999800 ) ) ;
#1644 = CARTESIAN_POINT ( 'NONE',  ( -6.545520961180605600E-018, 0.1892499999999996400, -0.05344999999999999800 ) ) ;
#1645 = CARTESIAN_POINT ( 'NONE',  ( -0.03085937188818551800, 0.1882083333333329200, -0.05344999999999998400 ) ) ;
#1646 = CARTESIAN_POINT ( 'NONE',  ( -0.04628905783227824800, 0.1871666666666662600, -0.02672499999999998500 ) ) ;
#1647 = CARTESIAN_POINT ( 'NONE',  ( 0.0000000000000000000, 0.1829999999999996400, 0.05344999999999999800 ) ) ;
#1648 = CARTESIAN_POINT ( 'NONE',  ( 0.03085937188818552200, 0.1819583333333329400, 0.05344999999999998400 ) ) ;
#1649 = CARTESIAN_POINT ( 'NONE',  ( 0.04628905783227826900, 0.1809166666666663100, 0.02672499999999996400 ) ) ;
#1650 = CARTESIAN_POINT ( 'NONE',  ( 0.06171874377637098800, 0.1798749999999996500, -1.133717486677188400E-017 ) ) ;
#1651 = CARTESIAN_POINT ( 'NONE',  ( -6.545520961180605600E-018, 0.1517499999999996900, -0.05344999999999999800 ) ) ;
#1652 = CARTESIAN_POINT ( 'NONE',  ( -0.03085937188818549000, 0.1465416666666663800, 0.05344999999999999800 ) ) ;
#1653 = CARTESIAN_POINT ( 'NONE',  ( 0.0000000000000000000, 0.1454999999999997100, 0.05344999999999999800 ) ) ;
#1654 = CARTESIAN_POINT ( 'NONE',  ( -0.03085937188818551800, 0.1507083333333330300, -0.05344999999999998400 ) ) ;
#1655 = CARTESIAN_POINT ( 'NONE',  ( -0.04628905783227824800, 0.1496666666666663600, -0.02672499999999998500 ) ) ;
#1656 = CARTESIAN_POINT ( 'NONE',  ( -0.04628905783227824100, 0.1725833333333329800, 0.02672500000000000200 ) ) ;
#1657 = CARTESIAN_POINT ( 'NONE',  ( -0.03085937188818549000, 0.1715416666666663100, 0.05344999999999999800 ) ) ;
#1658 = CARTESIAN_POINT ( 'NONE',  ( -0.06171874377637098800, 0.1486249999999996700, 3.779058288923960300E-018 ) ) ;
#1659 = CARTESIAN_POINT ( 'NONE',  ( -0.04628905783227824100, 0.1475833333333330400, 0.02672500000000000200 ) ) ;
#1660 = CARTESIAN_POINT ( 'NONE',  ( 0.06171874377637098800, 0.1673749999999996600, -1.133717486677188400E-017 ) ) ;
#1661 = CARTESIAN_POINT ( 'NONE',  ( 0.04628905783227822700, 0.1663333333333330000, -0.02672500000000002300 ) ) ;
#1662 = CARTESIAN_POINT ( 'NONE',  ( 0.03085937188818547700, 0.1652916666666663400, -0.05344999999999999800 ) ) ;
#1663 = CARTESIAN_POINT ( 'NONE',  ( -0.04628905783227824800, 0.1621666666666663200, -0.02672499999999998500 ) ) ;
#1664 = CARTESIAN_POINT ( 'NONE',  ( -0.06171874377637098800, 0.1611249999999996900, 3.779058288923960300E-018 ) ) ;
#1665 = CARTESIAN_POINT ( 'NONE',  ( -6.545520961180605600E-018, 0.1642499999999997000, -0.05344999999999999800 ) ) ;
#1666 = CARTESIAN_POINT ( 'NONE',  ( -0.03085937188818551800, 0.1632083333333330400, -0.05344999999999998400 ) ) ;
#1667 = CARTESIAN_POINT ( 'NONE',  ( 0.06171874377637098800, 0.1548749999999996800, -1.133717486677188400E-017 ) ) ;
#1668 = CARTESIAN_POINT ( 'NONE',  ( 0.04628905783227822700, 0.1538333333333330200, -0.02672500000000002300 ) ) ;
#1669 = CARTESIAN_POINT ( 'NONE',  ( 0.03085937188818547700, 0.1527916666666663500, -0.05344999999999999800 ) ) ;
#1670 = CARTESIAN_POINT ( 'NONE',  ( 0.0000000000000000000, 0.1704999999999996500, 0.05344999999999999800 ) ) ;
#1671 = CARTESIAN_POINT ( 'NONE',  ( 0.03085937188818552200, 0.1694583333333329900, 0.05344999999999998400 ) ) ;
#1672 = CARTESIAN_POINT ( 'NONE',  ( 0.04628905783227826900, 0.1684166666666663300, 0.02672499999999996400 ) ) ;
#1673 = CARTESIAN_POINT ( 'NONE',  ( -0.03085937188818551800, 0.1757083333333329700, -0.05344999999999998400 ) ) ;
#1674 = CARTESIAN_POINT ( 'NONE',  ( -0.04628905783227824800, 0.1746666666666663000, -0.02672499999999998500 ) ) ;
#1675 = CARTESIAN_POINT ( 'NONE',  ( -0.06171874377637098800, 0.1736249999999996400, 3.779058288923960300E-018 ) ) ;
#1676 = CARTESIAN_POINT ( 'NONE',  ( 0.03085937188818552200, 0.1444583333333330200, 0.05344999999999998400 ) ) ;
#1677 = CARTESIAN_POINT ( 'NONE',  ( 0.03085937188818552200, 0.1944583333333329300, 0.05344999999999998400 ) ) ;
#1678 = CARTESIAN_POINT ( 'NONE',  ( 0.04628905783227826900, 0.1934166666666662600, 0.02672499999999996400 ) ) ;
#1679 = CARTESIAN_POINT ( 'NONE',  ( 0.06171874377637098800, 0.1923749999999996300, -1.133717486677188400E-017 ) ) ;
#1680 = CARTESIAN_POINT ( 'NONE',  ( 0.04628905783227822700, 0.1913333333333329400, -0.02672500000000002300 ) ) ;
#1681 = CARTESIAN_POINT ( 'NONE',  ( 0.03085937188818547700, 0.1902916666666663000, -0.05344999999999999800 ) ) ;
#1682 = CARTESIAN_POINT ( 'NONE',  ( -0.03085937188818551800, 0.2132083333333328900, -0.05344999999999998400 ) ) ;
#1683 = CARTESIAN_POINT ( 'NONE',  ( -0.04628905783227824800, 0.2121666666666662500, -0.02672499999999998500 ) ) ;
#1684 = CARTESIAN_POINT ( 'NONE',  ( -0.06171874377637098800, 0.2111249999999995400, 3.779058288923960300E-018 ) ) ;
#1685 = CARTESIAN_POINT ( 'NONE',  ( -0.04628905783227824100, 0.2100833333333329000, 0.02672500000000000200 ) ) ;
#1686 = CARTESIAN_POINT ( 'NONE',  ( -0.03085937188818549000, 0.2090416666666662400, 0.05344999999999999800 ) ) ;
#1687 = CARTESIAN_POINT ( 'NONE',  ( 0.0000000000000000000, 0.2079999999999995700, 0.05344999999999999800 ) ) ;
#1688 = CARTESIAN_POINT ( 'NONE',  ( -6.545520961180605600E-018, 0.2267499999999995400, -0.05344999999999999800 ) ) ;
#1689 = CARTESIAN_POINT ( 'NONE',  ( -0.04628905783227824100, 0.2350833333333328700, 0.02672500000000000200 ) ) ;
#1690 = CARTESIAN_POINT ( 'NONE',  ( -0.03085937188818549000, 0.2340416666666661800, 0.05344999999999999800 ) ) ;
#1691 = CARTESIAN_POINT ( 'NONE',  ( 0.0000000000000000000, 0.2329999999999995100, 0.05344999999999999800 ) ) ;
#1692 = CARTESIAN_POINT ( 'NONE',  ( 0.03085937188818547700, 0.2402916666666661500, -0.05344999999999999800 ) ) ;
#1693 = CARTESIAN_POINT ( 'NONE',  ( -6.545520961180605600E-018, 0.2392499999999994900, -0.05344999999999999800 ) ) ;
#1694 = CARTESIAN_POINT ( 'NONE',  ( 0.03085937188818552200, 0.2444583333333328100, 0.05344999999999998400 ) ) ;
#1695 = CARTESIAN_POINT ( 'NONE',  ( 0.04628905783227826900, 0.2434166666666661400, 0.02672499999999996400 ) ) ;
#1696 = CARTESIAN_POINT ( 'NONE',  ( 0.04628905783227822700, 0.2538333333333328000, -0.02672500000000002300 ) ) ;
#1697 = CARTESIAN_POINT ( 'NONE',  ( 0.03085937188818547700, 0.2527916666666661400, -0.05344999999999999800 ) ) ;
#1698 = CARTESIAN_POINT ( 'NONE',  ( -6.545520961180605600E-018, 0.2517499999999994700, -0.05344999999999999800 ) ) ;
#1699 = CARTESIAN_POINT ( 'NONE',  ( -0.03085937188818551800, 0.2507083333333328100, -0.05344999999999998400 ) ) ;
#1700 = CARTESIAN_POINT ( 'NONE',  ( -0.04628905783227824800, 0.2496666666666661500, -0.02672499999999998500 ) ) ;
#1701 = CARTESIAN_POINT ( 'NONE',  ( -0.06171874377637098800, 0.2486249999999994900, 3.779058288923960300E-018 ) ) ;
#1702 = CARTESIAN_POINT ( 'NONE',  ( 0.06171874377637098800, 0.2423749999999995100, -1.133717486677188400E-017 ) ) ;
#1703 = CARTESIAN_POINT ( 'NONE',  ( 0.04628905783227822700, 0.2413333333333328200, -0.02672500000000002300 ) ) ;
#1704 = CARTESIAN_POINT ( 'NONE',  ( 0.04628905783227822700, 0.2288333333333328600, -0.02672500000000002300 ) ) ;
#1705 = CARTESIAN_POINT ( 'NONE',  ( -0.04628905783227824100, 0.2475833333333328200, 0.02672500000000000200 ) ) ;
#1706 = CARTESIAN_POINT ( 'NONE',  ( -0.03085937188818549000, 0.2465416666666661300, 0.05344999999999999800 ) ) ;
#1707 = CARTESIAN_POINT ( 'NONE',  ( 0.0000000000000000000, 0.2454999999999994700, 0.05344999999999999800 ) ) ;
#1708 = CARTESIAN_POINT ( 'NONE',  ( 0.03085937188818547700, 0.2277916666666661700, -0.05344999999999999800 ) ) ;
#1709 = CARTESIAN_POINT ( 'NONE',  ( -0.03085937188818551800, 0.2382083333333328300, -0.05344999999999998400 ) ) ;
#1710 = CARTESIAN_POINT ( 'NONE',  ( -0.04628905783227824800, 0.2371666666666661900, -0.02672499999999998500 ) ) ;
#1711 = CARTESIAN_POINT ( 'NONE',  ( -0.06171874377637098800, 0.2361249999999995300, 3.779058288923960300E-018 ) ) ;
#1712 = CARTESIAN_POINT ( 'NONE',  ( 0.03085937188818552200, 0.2319583333333328500, 0.05344999999999998400 ) ) ;
#1713 = CARTESIAN_POINT ( 'NONE',  ( 0.04628905783227826900, 0.2309166666666661900, 0.02672499999999996400 ) ) ;
#1714 = CARTESIAN_POINT ( 'NONE',  ( 0.06171874377637098800, 0.2298749999999995200, -1.133717486677188400E-017 ) ) ;
#1715 = CARTESIAN_POINT ( 'NONE',  ( 0.03085937188818547700, 0.2652916666666660900, -0.05344999999999999800 ) ) ;
#1716 = CARTESIAN_POINT ( 'NONE',  ( -6.545520961180605600E-018, 0.2642499999999994300, -0.05344999999999999800 ) ) ;
#1717 = CARTESIAN_POINT ( 'NONE',  ( 0.06171874377637098800, 0.2798749999999993700, -1.133717486677188400E-017 ) ) ;
#1718 = CARTESIAN_POINT ( 'NONE',  ( 0.04628905783227822700, 0.2788333333333327100, -0.02672500000000002300 ) ) ;
#1719 = CARTESIAN_POINT ( 'NONE',  ( 0.03085937188818547700, 0.2777916666666660500, -0.05344999999999999800 ) ) ;
#1720 = CARTESIAN_POINT ( 'NONE',  ( -6.545520961180605600E-018, 0.2767499999999993900, -0.05344999999999999800 ) ) ;
#1721 = CARTESIAN_POINT ( 'NONE',  ( 0.03085937188818552200, 0.2569583333333327900, 0.05344999999999998400 ) ) ;
#1722 = CARTESIAN_POINT ( 'NONE',  ( 0.06171874377637098800, 0.2673749999999994200, -1.133717486677188400E-017 ) ) ;
#1723 = CARTESIAN_POINT ( 'NONE',  ( 0.04628905783227822700, 0.2663333333333327600, -0.02672500000000002300 ) ) ;
#1724 = CARTESIAN_POINT ( 'NONE',  ( -0.03085937188818549000, 0.2590416666666661700, 0.05344999999999999800 ) ) ;
#1725 = CARTESIAN_POINT ( 'NONE',  ( 0.0000000000000000000, 0.2579999999999994500, 0.05344999999999999800 ) ) ;
#1726 = CARTESIAN_POINT ( 'NONE',  ( -0.03085937188818551800, 0.2757083333333327800, -0.05344999999999998400 ) ) ;
#1727 = CARTESIAN_POINT ( 'NONE',  ( -0.04628905783227824800, 0.2746666666666661100, -0.02672499999999998500 ) ) ;
#1728 = CARTESIAN_POINT ( 'NONE',  ( -0.06171874377637098800, 0.2736249999999994500, 3.779058288923960300E-018 ) ) ;
#1729 = CARTESIAN_POINT ( 'NONE',  ( 0.04628905783227826900, 0.2559166666666661300, 0.02672499999999996400 ) ) ;
#1730 = CARTESIAN_POINT ( 'NONE',  ( -0.03085937188818551800, 0.2632083333333327700, -0.05344999999999998400 ) ) ;
#1731 = CARTESIAN_POINT ( 'NONE',  ( -0.04628905783227824800, 0.2621666666666661000, -0.02672499999999998500 ) ) ;
#1732 = CARTESIAN_POINT ( 'NONE',  ( -0.04628905783227824100, 0.2725833333333327900, 0.02672500000000000200 ) ) ;
#1733 = CARTESIAN_POINT ( 'NONE',  ( -0.03085937188818549000, 0.2715416666666661300, 0.05344999999999999800 ) ) ;
#1734 = CARTESIAN_POINT ( 'NONE',  ( 0.0000000000000000000, 0.2704999999999994600, 0.05344999999999999800 ) ) ;
#1735 = CARTESIAN_POINT ( 'NONE',  ( -0.03085937188818549000, 0.2840416666666660800, 0.05344999999999999800 ) ) ;
#1736 = CARTESIAN_POINT ( 'NONE',  ( 0.0000000000000000000, 0.2829999999999994200, 0.05344999999999999800 ) ) ;
#1737 = CARTESIAN_POINT ( 'NONE',  ( 0.03085937188818552200, 0.2819583333333327600, 0.05344999999999998400 ) ) ;
#1738 = CARTESIAN_POINT ( 'NONE',  ( 0.04628905783227826900, 0.2809166666666660400, 0.02672499999999996400 ) ) ;
#1739 = CARTESIAN_POINT ( 'NONE',  ( 0.03085937188818552200, 0.2694583333333327400, 0.05344999999999998400 ) ) ;
#1740 = CARTESIAN_POINT ( 'NONE',  ( 0.04628905783227826900, 0.2684166666666660800, 0.02672499999999996400 ) ) ;
#1741 = CARTESIAN_POINT ( 'NONE',  ( -0.03085937188818551800, 0.3007083333333326300, -0.05344999999999998400 ) ) ;
#1742 = CARTESIAN_POINT ( 'NONE',  ( -0.04628905783227824800, 0.2996666666666660300, -0.02672499999999998500 ) ) ;
#1743 = CARTESIAN_POINT ( 'NONE',  ( -0.06171874377637098800, 0.2986249999999993100, 3.779058288923960300E-018 ) ) ;
#1744 = CARTESIAN_POINT ( 'NONE',  ( -0.04628905783227824100, 0.2975833333333327000, 0.02672500000000000200 ) ) ;
#1745 = CARTESIAN_POINT ( 'NONE',  ( -0.03085937188818549000, 0.2965416666666660400, 0.05344999999999999800 ) ) ;
#1746 = CARTESIAN_POINT ( 'NONE',  ( 0.0000000000000000000, 0.2954999999999993700, 0.05344999999999999800 ) ) ;
#1747 = CARTESIAN_POINT ( 'NONE',  ( 0.03085937188818552200, 0.2944583333333327100, 0.05344999999999998400 ) ) ;
#1748 = CARTESIAN_POINT ( 'NONE',  ( 0.04628905783227826900, 0.2934166666666660500, 0.02672499999999996400 ) ) ;
#1749 = CARTESIAN_POINT ( 'NONE',  ( 0.06171874377637098800, 0.2923749999999994400, -1.133717486677188400E-017 ) ) ;
#1750 = CARTESIAN_POINT ( 'NONE',  ( 0.04628905783227822700, 0.2913333333333327200, -0.02672500000000002300 ) ) ;
#1751 = CARTESIAN_POINT ( 'NONE',  ( 0.03085937188818547700, 0.2902916666666660600, -0.05344999999999999800 ) ) ;
#1752 = CARTESIAN_POINT ( 'NONE',  ( -6.545520961180605600E-018, 0.2892499999999994000, -0.05344999999999999800 ) ) ;
#1753 = CARTESIAN_POINT ( 'NONE',  ( -0.03085937188818551800, 0.2882083333333327300, -0.05344999999999998400 ) ) ;
#1754 = CARTESIAN_POINT ( 'NONE',  ( -0.04628905783227824800, 0.2871666666666660700, -0.02672499999999998500 ) ) ;
#1755 = CARTESIAN_POINT ( 'NONE',  ( -0.06171874377637098800, 0.2861249999999994100, 3.779058288923960300E-018 ) ) ;
#1756 = CARTESIAN_POINT ( 'NONE',  ( -0.04628905783227824100, 0.2850833333333327400, 0.02672500000000000200 ) ) ;
#1757 = CARTESIAN_POINT ( 'NONE',  ( -0.06171874377637098800, 0.2611249999999994400, 3.779058288923960300E-018 ) ) ;
#1758 = CARTESIAN_POINT ( 'NONE',  ( -0.04628905783227824100, 0.2600833333333327800, 0.02672500000000000200 ) ) ;
#1759 = CARTESIAN_POINT ( 'NONE',  ( 0.06171874377637098800, 0.2548749999999994600, -1.133717486677188400E-017 ) ) ;
#1760 = FACE_OUTER_BOUND ( 'NONE', #2912, .T. ) ;
#1761 = CIRCLE ( 'NONE', #1763, 0.05235491526669428700 ) ;
#1762 = DIRECTION ( 'NONE',  ( 0.0000000000000000000, 0.0000000000000000000, -1.000000000000000000 ) ) ;
#1763 = AXIS2_PLACEMENT_3D ( 'NONE', #1766, #1765, #1762 ) ;
#1764 = CARTESIAN_POINT ( 'NONE',  ( -6.545520961180605600E-018, 0.3017499999999993500, -0.05344999999999999800 ) ) ;
#1765 = DIRECTION ( 'NONE',  ( 0.0000000000000000000, -1.000000000000000000, 0.0000000000000000000 ) ) ;
#1766 = CARTESIAN_POINT ( 'NONE',  ( -8.897180721553044800E-017, 0.5682048745074053100, 0.0000000000000000000 ) ) ;
#1767 = CARTESIAN_POINT ( 'NONE',  ( 0.04628905783227822700, 0.3038333333333326800, -0.02672500000000002300 ) ) ;
#1768 = CARTESIAN_POINT ( 'NONE',  ( 0.03085937188818547700, 0.3027916666666660200, -0.05344999999999999800 ) ) ;
#1769 = CARTESIAN_POINT ( 'NONE',  ( -0.06466323014923808200, 0.4806249999999990800, 2.312917735620468800E-015 ) ) ;
#1770 =( BOUNDED_CURVE ( )  B_SPLINE_CURVE ( 2, ( #1771, #1777, #1776, #1775, #1774, #1773, #1772, #1778, #875, #870, #869, #874, #873, #868, #867, #872, #871, #656, #655, #675, #676, #896, #895, #933, #932, #994, #2155, #2154, #2024, #2023, #2021, #2015, #2041, #2051, #2031, #2029, #2119, #2125, #2126, #2128, #2127, #2131, #2130, #2129, #2132, #2134, #2133, #2136, #2135, #2138, #2139, #2137, #2141, #2140, #2145, #2142, #2143, #2144, #2147, #2146, #2151, #2150, #2149, #2148, #2153, #2152, #2156, #6619, #6618, #6617, #6616, #6615, #6612, #6611, #6610, #6609, #6614, #6613, #6589, #6588, #6590, #6591, #6592, #6595, #6599, #6593, #6594, #6596, #6598, #6597, #6601, #6600, #6602, #6603, #6604, #6607, #6608, #6606, #6605, #1282, #1280, #1281, #1278, #995, #996, #999, #998, #997, #1002, #1004, #1000, #1001, #1003, #1005, #1006, #1007, #1009, #1008, #1010, #1078, #1013, #1011, #1079, #1012, #1055, #1056, #1091, #1088, #1090, #1089, #1096, #1095, #1097, #1092, #1093, #1094, #1099, #1098, #1147, #1146, #1150, #1145, #1176, #1177, #1179, #1178, #1203, #1216, #1219, #1215, #1218, #1217, #1220, #1214, #1213, #1221, #1227, #1222, #1224, #1223, #1226, #1225, #1235, #1230, #1229, #1228, #1234, #1233, #1231, #1232, #1236, #1239, #1238, #1237, #1248, #1241, #1247, #1240, #1242, #1244, #1243, #1246, #1245, #1249, #1252, #1251, #1255, #1258, #1268, #1260, #1332, #1474, #1476, #1477, #1475, #1473, #1357, #1355, #1353, #1359, #1350, #1368, #1365, #1366, #1372, #1362, #1364, #1363, #1385, #1384, #1386, #1387, #1389, #1390, #1388, #1391, #1392, #1394, #1393, #1399, #1400, #1401, #1404, #1402, #1403, #1405, #1406, #1409, #1408, #1418, #1415, #1413, #1412, #1411, #1410, #1422, #1424, #1419, #1423, #1421, #1430, #1428, #1432, #1429, #1431, #1435, #1434, #1437, #1433, #1436, #1440, #1441, #1439, #1442, #1438, #1445, #1447, #1444, #1446, #1443, #1449, #1448, #1450, #1452, #1451, #1458, #1453, #1454, #1459, #1457, #1456, #1455, #1460, #1461, #1463, #1462, #1464, #1466, #1468, #1471, #1465, #1467, #1472, #1469, #1470, #1478, #1480, #1479, #6176, #6174, #6173, #5282, #2457, #2456, #2454, #2453, #2452, #2451, #2198, #2274, #2399, #2419, #2418, #2423, #2422, #2421, #2431, #2424, #2427, #2428, #2429, #2430, #2432, #2425, #2426, #2440, #2445, #2444, #1337, #1336, #1335, #1148, #1360, #1358, #1356, #1354, #1361, #1351, #1352, #1349, #1370, #1369, #1383, #1382, #1397, #1396, #1398, #1395, #1407, #1417, #1416, #1427, #1425, #1420, #1426, #152, #151, #150, #155, #154, #164, #113, #112, #119, #118, #117, #120, #122, #121, #124, #123, #128, #127, #126, #81, #80, #79, #75, #78, #77, #76, #74, #73, #72, #2468, #2467, #2466, #2403, #2402, #2401, #2400, #2406, #2405, #2404, #2411, #2410, #2409, #2408, #2420, #2413, #2412, #2450, #2459, #2463, #2462, #2461, #2460, #2464, #2465, #2471, #2473, #2472, #2470, #2469, #1783, #1782, #1781, #1780, #1779, #1787, #1786, #1785, #1784, #99, #108, #107, #104, #1, #7, #6, #34, #41, #38, #57, #56, #66, #65, #64, #63, #71, #70, #69, #61, #60, #59, #89, #87, #86, #94, #1487, #1486, #1485, #1484, #1483, #1482, #1481, #1490, #1769, #2120, #2122, #2121, #2124, #2123, #2118, #2117, #2116, #2115 ),
 .UNSPECIFIED., .F., .T. ) 
 B_SPLINE_CURVE_WITH_KNOTS ( ( 3, 2, 2, 2, 2, 2, 2, 2, 2, 2, 2, 2, 2, 2, 2, 2, 2, 2, 2, 2, 2, 2, 2, 2, 2, 2, 2, 2, 2, 2, 2, 2, 2, 2, 2, 2, 2, 2, 2, 2, 2, 2, 2, 2, 2, 2, 2, 2, 2, 2, 2, 2, 2, 2, 2, 2, 2, 2, 2, 2, 2, 2, 2, 2, 2, 2, 2, 2, 2, 2, 2, 2, 2, 2, 2, 2, 2, 2, 2, 2, 2, 2, 2, 2, 2, 2, 2, 2, 2, 2, 2, 2, 2, 2, 2, 2, 2, 2, 2, 2, 2, 2, 2, 2, 2, 2, 2, 2, 2, 2, 2, 2, 2, 2, 2, 2, 2, 2, 2, 2, 2, 2, 2, 2, 2, 2, 2, 2, 2, 2, 2, 2, 2, 2, 2, 2, 2, 2, 2, 2, 2, 2, 2, 2, 2, 2, 2, 2, 2, 2, 2, 2, 2, 2, 2, 2, 2, 2, 2, 2, 2, 2, 2, 2, 2, 2, 2, 2, 2, 2, 2, 2, 2, 2, 2, 2, 2, 2, 2, 2, 2, 2, 2, 2, 2, 2, 2, 2, 2, 2, 2, 2, 2, 2, 2, 2, 2, 2, 2, 2, 2, 2, 2, 2, 2, 2, 2, 2, 2, 2, 2, 2, 2, 2, 2, 2, 2, 2, 2, 2, 2, 2, 2, 2, 2, 2, 2, 2, 3 ),
 ( 0.0000000000000000000, 0.004273504273504279100, 0.008547008547008558300, 0.01282051282051283700, 0.01709401709401711700, 0.02136752136752139600, 0.02564102564102567500, 0.02991452991452995700, 0.03418803418803423300, 0.03846153846153851200, 0.04273504273504279100, 0.04700854700854707700, 0.05128205128205135000, 0.05555555555555562900, 0.05982905982905991500, 0.06410256410256419400, 0.06837606837606846600, 0.07264957264957273800, 0.07692307692307702400, 0.08119658119658129700, 0.08547008547008558300, 0.08974358974358986900, 0.09401709401709415500, 0.09829059829059841300, 0.1025641025641027000, 0.1068376068376069700, 0.1111111111111112600, 0.1153846153846155300, 0.1196581196581198300, 0.1239316239316241000, 0.1282051282051283900, 0.1324786324786326500, 0.1367521367521369300, 0.1410256410256412500, 0.1452991452991454800, 0.1495726495726497900, 0.1538461538461540500, 0.1581196581196583400, 0.1623931623931625900, 0.1666666666666668800, 0.1709401709401711700, 0.1752136752136754500, 0.1794871794871797400, 0.1837606837606840000, 0.1880341880341883100, 0.1923076923076925700, 0.1965811965811968300, 0.2008547008547011100, 0.2051282051282054000, 0.2094017094017097100, 0.2136752136752139400, 0.2179487179487182600, 0.2222222222222225200, 0.2264957264957268300, 0.2307692307692310600, 0.2350427350427353500, 0.2393162393162396600, 0.2435897435897439200, 0.2478632478632482000, 0.2521367521367525200, 0.2564102564102567800, 0.2606837606837610300, 0.2649572649572652900, 0.2692307692307696100, 0.2735042735042738600, 0.2777777777777781200, 0.2820512820512824900, 0.2863247863247867500, 0.2905982905982909500, 0.2948717948717952100, 0.2991452991452995800, 0.3034188034188038400, 0.3076923076923081000, 0.3119658119658124100, 0.3162393162393166700, 0.3205128205128209800, 0.3247863247863251900, 0.3290598290598295000, 0.3333333333333337600, 0.3376068376068380700, 0.3418803418803423300, 0.3461538461538466400, 0.3504273504273509000, 0.3547008547008551600, 0.3589743589743594800, 0.3632478632478637300, 0.3675213675213679900, 0.3717948717948722500, 0.3760683760683766200, 0.3803418803418808800, 0.3846153846153851400, 0.3888888888888894500, 0.3931623931623936500, 0.3974358974358979700, 0.4017094017094022300, 0.4059829059829065400, 0.4102564102564108000, 0.4145299145299151100, 0.4188034188034194200, 0.4230769230769236800, 0.4273504273504278900, 0.4316239316239321400, 0.4358974358974365100, 0.4401709401709407700, 0.4444444444444450300, 0.4487179487179493400, 0.4529914529914536600, 0.4572649572649579200, 0.4615384615384621200, 0.4658119658119664300, 0.4700854700854706900, 0.4743589743589750100, 0.4786324786324793200, 0.4829059829059835800, 0.4871794871794878400, 0.4914529914529921500, 0.4957264957264964100, 0.5000000000000006700, 0.5042735042735050400, 0.5085470085470092900, 0.5128205128205135500, 0.5170940170940178100, 0.5213675213675220700, 0.5256410256410263300, 0.5299145299145305900, 0.5341880341880349500, 0.5384615384615392100, 0.5427350427350435800, 0.5470085470085477300, 0.5512820512820519900, 0.5555555555555562500, 0.5598290598290605000, 0.5641025641025649900, 0.5683760683760691300, 0.5726495726495735000, 0.5769230769230776500, 0.5811965811965819100, 0.5854700854700862800, 0.5897435897435904200, 0.5940170940170949000, 0.5982905982905991600, 0.6025641025641034200, 0.6068376068376076800, 0.6111111111111119400, 0.6153846153846162000, 0.6196581196581204500, 0.6239316239316248200, 0.6282051282051290800, 0.6324786324786333400, 0.6367521367521376000, 0.6410256410256419700, 0.6452991452991461200, 0.6495726495726503700, 0.6538461538461547400, 0.6581196581196590000, 0.6623931623931633700, 0.6666666666666675200, 0.6709401709401718900, 0.6752136752136761500, 0.6794871794871804000, 0.6837606837606846600, 0.6880341880341889200, 0.6923076923076932900, 0.6965811965811975500, 0.7008547008547018100, 0.7051282051282060600, 0.7094017094017103200, 0.7136752136752145800, 0.7179487179487189500, 0.7222222222222232100, 0.7264957264957274700, 0.7307692307692317300, 0.7350427350427359800, 0.7393162393162403500, 0.7435897435897445000, 0.7478632478632489800, 0.7521367521367532400, 0.7564102564102573900, 0.7606837606837617600, 0.7649572649572659000, 0.7692307692307702700, 0.7735042735042745300, 0.7777777777777789000, 0.7820512820512831600, 0.7863247863247873100, 0.7905982905982916800, 0.7948717948717959300, 0.7991452991453001900, 0.8034188034188044500, 0.8076923076923088200, 0.8119658119658130800, 0.8162393162393174500, 0.8205128205128215900, 0.8247863247863258500, 0.8290598290598302200, 0.8333333333333343700, 0.8376068376068388500, 0.8418803418803430000, 0.8461538461538473700, 0.8504273504273516200, 0.8547008547008557700, 0.8589743589743601400, 0.8632478632478642900, 0.8675213675213687700, 0.8717948717948730300, 0.8760683760683772900, 0.8803418803418815400, 0.8846153846153856900, 0.8888888888888900600, 0.8931623931623943200, 0.8974358974358986900, 0.9017094017094029500, 0.9059829059829073200, 0.9102564102564114600, 0.9145299145299158300, 0.9188034188034199800, 0.9230769230769242400, 0.9273504273504287200, 0.9316239316239328700, 0.9358974358974372400, 0.9401709401709413800, 0.9444444444444457500, 0.9487179487179500100, 0.9529914529914541600, 0.9572649572649586400, 0.9615384615384627900, 0.9658119658119671500, 0.9700854700854714100, 0.9743589743589756700 ),
 .UNSPECIFIED. ) 
 CURVE ( )  GEOMETRIC_REPRESENTATION_ITEM ( )  RATIONAL_B_SPLINE_CURVE ( ( 1.000000000000000000, 0.8660254037844387100, 1.000000000000000000, 0.8660254037844387100, 1.000000000000000000, 0.8660254037844387100, 1.000000000000000000, 0.8660254037844387100, 1.000000000000000000, 0.8660254037844387100, 1.000000000000000000, 0.8660254037844387100, 1.000000000000000000, 0.8660254037844387100, 1.000000000000000000, 0.8660254037844387100, 1.000000000000000000, 0.8660254037844387100, 1.000000000000000000, 0.8660254037844387100, 1.000000000000000000, 0.8660254037844387100, 1.000000000000000000, 0.8660254037844387100, 1.000000000000000000, 0.8660254037844387100, 1.000000000000000000, 0.8660254037844387100, 1.000000000000000000, 0.8660254037844387100, 1.000000000000000000, 0.8660254037844387100, 1.000000000000000000, 0.8660254037844387100, 1.000000000000000000, 0.8660254037844387100, 1.000000000000000000, 0.8660254037844387100, 1.000000000000000000, 0.8660254037844387100, 1.000000000000000000, 0.8660254037844387100, 1.000000000000000000, 0.8660254037844387100, 1.000000000000000000, 0.8660254037844387100, 1.000000000000000000, 0.8660254037844387100, 1.000000000000000000, 0.8660254037844387100, 1.000000000000000000, 0.8660254037844387100, 1.000000000000000000, 0.8660254037844387100, 1.000000000000000000, 0.8660254037844387100, 1.000000000000000000, 0.8660254037844387100, 1.000000000000000000, 0.8660254037844387100, 1.000000000000000000, 0.8660254037844387100, 1.000000000000000000, 0.8660254037844387100, 1.000000000000000000, 0.8660254037844387100, 1.000000000000000000, 0.8660254037844387100, 1.000000000000000000, 0.8660254037844387100, 1.000000000000000000, 0.8660254037844387100, 1.000000000000000000, 0.8660254037844387100, 1.000000000000000000, 0.8660254037844387100, 1.000000000000000000, 0.8660254037844387100, 1.000000000000000000, 0.8660254037844387100, 1.000000000000000000, 0.8660254037844387100, 1.000000000000000000, 0.8660254037844387100, 1.000000000000000000, 0.8660254037844387100, 1.000000000000000000, 0.8660254037844387100, 1.000000000000000000, 0.8660254037844387100, 1.000000000000000000, 0.8660254037844387100, 1.000000000000000000, 0.8660254037844387100, 1.000000000000000000, 0.8660254037844387100, 1.000000000000000000, 0.8660254037844387100, 1.000000000000000000, 0.8660254037844387100, 1.000000000000000000, 0.8660254037844387100, 1.000000000000000000, 0.8660254037844387100, 1.000000000000000000, 0.8660254037844387100, 1.000000000000000000, 0.8660254037844387100, 1.000000000000000000, 0.8660254037844387100, 1.000000000000000000, 0.8660254037844387100, 1.000000000000000000, 0.8660254037844387100, 1.000000000000000000, 0.8660254037844387100, 1.000000000000000000, 0.8660254037844387100, 1.000000000000000000, 0.8660254037844387100, 1.000000000000000000, 0.8660254037844387100, 1.000000000000000000, 0.8660254037844387100, 1.000000000000000000, 0.8660254037844387100, 1.000000000000000000, 0.8660254037844387100, 1.000000000000000000, 0.8660254037844387100, 1.000000000000000000, 0.8660254037844387100, 1.000000000000000000, 0.8660254037844387100, 1.000000000000000000, 0.8660254037844387100, 1.000000000000000000, 0.8660254037844387100, 1.000000000000000000, 0.8660254037844387100, 1.000000000000000000, 0.8660254037844387100, 1.000000000000000000, 0.8660254037844387100, 1.000000000000000000, 0.8660254037844387100, 1.000000000000000000, 0.8660254037844387100, 1.000000000000000000, 0.8660254037844387100, 1.000000000000000000, 0.8660254037844387100, 1.000000000000000000, 0.8660254037844387100, 1.000000000000000000, 0.8660254037844387100, 1.000000000000000000, 0.8660254037844387100, 1.000000000000000000, 0.8660254037844387100, 1.000000000000000000, 0.8660254037844387100, 1.000000000000000000, 0.8660254037844387100, 1.000000000000000000, 0.8660254037844387100, 1.000000000000000000, 0.8660254037844387100, 1.000000000000000000, 0.8660254037844387100, 1.000000000000000000, 0.8660254037844387100, 1.000000000000000000, 0.8660254037844387100, 1.000000000000000000, 0.8660254037844387100, 1.000000000000000000, 0.8660254037844387100, 1.000000000000000000, 0.8660254037844387100, 1.000000000000000000, 0.8660254037844387100, 1.000000000000000000, 0.8660254037844387100, 1.000000000000000000, 0.8660254037844387100, 1.000000000000000000, 0.8660254037844387100, 1.000000000000000000, 0.8660254037844387100, 1.000000000000000000, 0.8660254037844387100, 1.000000000000000000, 0.8660254037844387100, 1.000000000000000000, 0.8660254037844387100, 1.000000000000000000, 0.8660254037844387100, 1.000000000000000000, 0.8660254037844387100, 1.000000000000000000, 0.8660254037844387100, 1.000000000000000000, 0.8660254037844387100, 1.000000000000000000, 0.8660254037844387100, 1.000000000000000000, 0.8660254037844387100, 1.000000000000000000, 0.8660254037844387100, 1.000000000000000000, 0.8660254037844387100, 1.000000000000000000, 0.8660254037844387100, 1.000000000000000000, 0.8660254037844387100, 1.000000000000000000, 0.8660254037844387100, 1.000000000000000000, 0.8660254037844387100, 1.000000000000000000, 0.8660254037844387100, 1.000000000000000000, 0.8660254037844387100, 1.000000000000000000, 0.8660254037844387100, 1.000000000000000000, 0.8660254037844387100, 1.000000000000000000, 0.8660254037844387100, 1.000000000000000000, 0.8660254037844387100, 1.000000000000000000, 0.8660254037844387100, 1.000000000000000000, 0.8660254037844387100, 1.000000000000000000, 0.8660254037844387100, 1.000000000000000000, 0.8660254037844387100, 1.000000000000000000, 0.8660254037844387100, 1.000000000000000000, 0.8660254037844387100, 1.000000000000000000, 0.8660254037844387100, 1.000000000000000000, 0.8660254037844387100, 1.000000000000000000, 0.8660254037844387100, 1.000000000000000000, 0.8660254037844387100, 1.000000000000000000, 0.8660254037844387100, 1.000000000000000000, 0.8660254037844387100, 1.000000000000000000, 0.8660254037844387100, 1.000000000000000000, 0.8660254037844387100, 1.000000000000000000, 0.8660254037844387100, 1.000000000000000000, 0.8660254037844387100, 1.000000000000000000, 0.8660254037844387100, 1.000000000000000000, 0.8660254037844387100, 1.000000000000000000, 0.8660254037844387100, 1.000000000000000000, 0.8660254037844387100, 1.000000000000000000, 0.8660254037844387100, 1.000000000000000000, 0.8660254037844387100, 1.000000000000000000, 0.8660254037844387100, 1.000000000000000000, 0.8660254037844387100, 1.000000000000000000, 0.8660254037844387100, 1.000000000000000000, 0.8660254037844387100, 1.000000000000000000, 0.8660254037844387100, 1.000000000000000000, 0.8660254037844387100, 1.000000000000000000, 0.8660254037844387100, 1.000000000000000000, 0.8660254037844387100, 1.000000000000000000, 0.8660254037844387100, 1.000000000000000000, 0.8660254037844387100, 1.000000000000000000, 0.8660254037844387100, 1.000000000000000000, 0.8660254037844387100, 1.000000000000000000, 0.8660254037844387100, 1.000000000000000000, 0.8660254037844387100, 1.000000000000000000, 0.8660254037844387100, 1.000000000000000000, 0.8660254037844387100, 1.000000000000000000, 0.8660254037844387100, 1.000000000000000000, 0.8660254037844387100, 1.000000000000000000, 0.8660254037844387100, 1.000000000000000000, 0.8660254037844387100, 1.000000000000000000, 0.8660254037844387100, 1.000000000000000000, 0.8660254037844387100, 1.000000000000000000, 0.8660254037844387100, 1.000000000000000000, 0.8660254037844387100, 1.000000000000000000, 0.8660254037844387100, 1.000000000000000000, 0.8660254037844387100, 1.000000000000000000, 0.8660254037844387100, 1.000000000000000000, 0.8660254037844387100, 1.000000000000000000, 0.8660254037844387100, 1.000000000000000000, 0.8660254037844387100, 1.000000000000000000, 0.8660254037844387100, 1.000000000000000000, 0.8660254037844387100, 1.000000000000000000, 0.8660254037844387100, 1.000000000000000000, 0.8660254037844387100, 1.000000000000000000, 0.8660254037844387100, 1.000000000000000000, 0.8660254037844387100, 1.000000000000000000, 0.8660254037844387100, 1.000000000000000000, 0.8660254037844387100, 1.000000000000000000, 0.8660254037844387100, 1.000000000000000000, 0.8660254037844387100, 1.000000000000000000, 0.8660254037844387100, 1.000000000000000000, 0.8660254037844387100, 1.000000000000000000, 0.8660254037844387100, 1.000000000000000000, 0.8660254037844387100, 1.000000000000000000, 0.8660254037844387100, 1.000000000000000000, 0.8660254037844387100, 1.000000000000000000, 0.8660254037844387100, 1.000000000000000000, 0.8660254037844387100, 1.000000000000000000, 0.8660254037844387100, 1.000000000000000000, 0.8660254037844387100, 1.000000000000000000, 0.8660254037844387100, 1.000000000000000000, 0.8660254037844387100, 1.000000000000000000, 0.8660254037844387100, 1.000000000000000000, 0.8660254037844387100, 1.000000000000000000, 0.8660254037844387100, 1.000000000000000000, 0.8660254037844387100, 1.000000000000000000, 0.8660254037844387100, 1.000000000000000000, 0.8660254037844387100, 1.000000000000000000, 0.8660254037844387100, 1.000000000000000000, 0.8660254037844387100, 1.000000000000000000, 0.8660254037844387100, 1.000000000000000000, 0.8660254037844387100, 1.000000000000000000, 0.8660254037844387100, 1.000000000000000000, 0.8660254037844387100, 1.000000000000000000, 0.8660254037844387100, 1.000000000000000000, 0.8660254037844387100, 1.000000000000000000, 0.8660254037844387100, 1.000000000000000000, 0.8660254037844387100, 1.000000000000000000, 0.8660254037844387100, 1.000000000000000000, 0.8660254037844387100, 1.000000000000000000, 0.8660254037844387100, 1.000000000000000000, 0.8660254037844387100, 1.000000000000000000, 0.8660254037844387100, 1.000000000000000000, 0.8660254037844387100, 1.000000000000000000, 0.8660254037844387100, 1.000000000000000000, 0.8660254037844387100, 1.000000000000000000, 0.8660254037844387100, 1.000000000000000000, 0.8660254037844387100, 1.000000000000000000, 0.8660254037844387100, 1.000000000000000000, 0.8660254037844387100, 1.000000000000000000, 0.8660254037844387100, 1.000000000000000000, 0.8660254037844387100, 1.000000000000000000, 0.8660254037844387100, 1.000000000000000000, 0.8660254037844387100, 1.000000000000000000, 0.8660254037844387100, 1.000000000000000000, 0.8660254037844387100, 1.000000000000000000, 0.8660254037844387100, 1.000000000000000000, 0.8660254037844387100, 1.000000000000000000, 0.8660254037844387100, 1.000000000000000000, 0.8660254037844004000, 1.000000000000038200 ) ) 
 REPRESENTATION_ITEM ( '' )  );
#1771 = CARTESIAN_POINT ( 'NONE',  ( 0.0000000000000000000, 0.01499999999999999900, 0.05600000000000000800 ) ) ;
#1772 = CARTESIAN_POINT ( 'NONE',  ( -6.857795581405312900E-018, 0.02124999999999998800, -0.05600000000000000800 ) ) ;
#1773 = CARTESIAN_POINT ( 'NONE',  ( -0.03233161507461906900, 0.02020833333333332100, -0.05599999999999998700 ) ) ;
#1774 = CARTESIAN_POINT ( 'NONE',  ( -0.04849742261192858300, 0.01916666666666665800, -0.02799999999999999000 ) ) ;
#1775 = CARTESIAN_POINT ( 'NONE',  ( -0.06466323014923808200, 0.01812499999999998800, 3.959350124971783400E-018 ) ) ;
#1776 = CARTESIAN_POINT ( 'NONE',  ( -0.04849742261192856200, 0.01708333333333332900, 0.02800000000000000800 ) ) ;
#1777 = CARTESIAN_POINT ( 'NONE',  ( -0.03233161507461903400, 0.01604166666666666200, 0.05600000000000000800 ) ) ;
#1778 = CARTESIAN_POINT ( 'NONE',  ( 0.03233161507461902700, 0.02229166666666664700, -0.05600000000000000800 ) ) ;
#1779 = CARTESIAN_POINT ( 'NONE',  ( 1.262137963586873600E-015, 0.4399999999999990000, 0.05600000000000000800 ) ) ;
#1780 = CARTESIAN_POINT ( 'NONE',  ( 0.03233161507461966600, 0.4389583333333323400, 0.05599999999999964000 ) ) ;
#1781 = CARTESIAN_POINT ( 'NONE',  ( 0.04849742261192936700, 0.4379166666666656800, 0.02799999999999862300 ) ) ;
#1782 = CARTESIAN_POINT ( 'NONE',  ( 0.06466323014923808200, 0.4368749999999990100, -1.108837122537748400E-015 ) ) ;
#1783 = CARTESIAN_POINT ( 'NONE',  ( 0.04849742261192760400, 0.4358333333333323500, -0.02800000000000166600 ) ) ;
#1784 = CARTESIAN_POINT ( 'NONE',  ( -0.04849742261192886700, 0.4441666666666657100, -0.02799999999999948400 ) ) ;
#1785 = CARTESIAN_POINT ( 'NONE',  ( -0.06466323014923808200, 0.4431249999999989900, 1.805945649587561500E-015 ) ) ;
#1786 = CARTESIAN_POINT ( 'NONE',  ( -0.04849742261192810400, 0.4420833333333323300, 0.02800000000000080900 ) ) ;
#1787 = CARTESIAN_POINT ( 'NONE',  ( -0.03233161507461714700, 0.4410416666666656700, 0.05600000000000109800 ) ) ;
#1788 = CYLINDRICAL_SURFACE ( 'NONE', #1799, 0.05345000000000005300 ) ;
#1789 = DIRECTION ( 'NONE',  ( 1.000000000000000000, 2.449212707644754500E-016, 0.0000000000000000000 ) ) ;
#1790 = PLANE ( 'NONE',  #1796 ) ;
#1791 = CIRCLE ( 'NONE', #1805, 0.04645000000000002600 ) ;
#1792 = PLANE ( 'NONE',  #1803 ) ;
#1793 = DIRECTION ( 'NONE',  ( 0.0000000000000000000, 0.0000000000000000000, -1.000000000000000000 ) ) ;
#1794 = DIRECTION ( 'NONE',  ( 1.000000000000000000, 0.0000000000000000000, 0.0000000000000000000 ) ) ;
#1795 = CARTESIAN_POINT ( 'NONE',  ( 0.0000000000000000000, 0.01500000000000000600, 0.05600000000000000800 ) ) ;
#1796 = AXIS2_PLACEMENT_3D ( 'NONE', #1795, #1794, #1793 ) ;
#1797 = FACE_OUTER_BOUND ( 'NONE', #3063, .T. ) ;
#1798 = CARTESIAN_POINT ( 'NONE',  ( 0.0000000000000000000, 0.0000000000000000000, 0.0000000000000000000 ) ) ;
#1799 = AXIS2_PLACEMENT_3D ( 'NONE', #1798, #1800, #1789 ) ;
#1800 = DIRECTION ( 'NONE',  ( 2.449212707644754500E-016, -1.000000000000000000, 0.0000000000000000000 ) ) ;
#1801 = FACE_OUTER_BOUND ( 'NONE', #3062, .T. ) ;
#1802 = CARTESIAN_POINT ( 'NONE',  ( 0.0000000000000000000, 0.01499999999999999900, 0.05600000000000000800 ) ) ;
#1803 = AXIS2_PLACEMENT_3D ( 'NONE', #1804, #1807, #1806 ) ;
#1804 = CARTESIAN_POINT ( 'NONE',  ( 1.393184810572766500E-033, -5.688296513504945300E-018, 0.0000000000000000000 ) ) ;
#1805 = AXIS2_PLACEMENT_3D ( 'NONE', #1809, #1810, #1815 ) ;
#1806 = DIRECTION ( 'NONE',  ( 1.000000000000000000, 2.449212707644754500E-016, 0.0000000000000000000 ) ) ;
#1807 = DIRECTION ( 'NONE',  ( 2.449212707644754500E-016, -1.000000000000000000, 0.0000000000000000000 ) ) ;
#1808 = DIRECTION ( 'NONE',  ( 2.449212707644754500E-016, -1.000000000000000000, 0.0000000000000000000 ) ) ;
#1809 = CARTESIAN_POINT ( 'NONE',  ( 2.786369621145532900E-033, -1.137659302700989100E-017, 0.0000000000000000000 ) ) ;
#1810 = DIRECTION ( 'NONE',  ( 2.449212707644754500E-016, -1.000000000000000000, 0.0000000000000000000 ) ) ;
#1811 = CARTESIAN_POINT ( 'NONE',  ( -0.05345000000000007400, 0.3745667725157676400, 0.01432188433544434400 ) ) ;
#1812 = CARTESIAN_POINT ( 'NONE',  ( -0.04628905783227764400, 0.3740833333333325500, 0.02672500000000104300 ) ) ;
#1813 =( BOUNDED_CURVE ( )  B_SPLINE_CURVE ( 2, ( #1868, #1867, #1830, #1836, #1844, #1843, #1842, #1845, #1850 ),
 .UNSPECIFIED., .F., .F. ) 
 B_SPLINE_CURVE_WITH_KNOTS ( ( 3, 2, 2, 2, 3 ),
 ( 0.6346153846153848000, 0.6367521367521368200, 0.6410256410256410800, 0.6452991452991453400, 0.6474358974358974700 ),
 .UNSPECIFIED. ) 
 CURVE ( )  GEOMETRIC_REPRESENTATION_ITEM ( )  RATIONAL_B_SPLINE_CURVE ( ( 0.9330127018922194100, 0.9330127018922228500, 1.000000000000000000, 0.8660254037844387100, 1.000000000000000000, 0.8660254037844387100, 1.000000000000000000, 0.9330127018922194100, 0.9330127018922194100 ) ) 
 REPRESENTATION_ITEM ( '' )  );
#1814 = CARTESIAN_POINT ( 'NONE',  ( -0.03085937188818489400, 0.3730416666666658800, 0.05345000000000033800 ) ) ;
#1815 = DIRECTION ( 'NONE',  ( 1.000000000000000000, 2.449212707644754500E-016, 0.0000000000000000000 ) ) ;
#1816 =( BOUNDED_CURVE ( )  B_SPLINE_CURVE ( 2, ( #1825, #1824, #1822, #1821, #1820, #1819, #1818, #1817, #1826 ),
 .UNSPECIFIED., .F., .T. ) 
 B_SPLINE_CURVE_WITH_KNOTS ( ( 3, 2, 2, 2, 3 ),
 ( 0.9294871794871797400, 0.9316239316239317600, 0.9358974358974360100, 0.9401709401709402700, 0.9423076923076925100 ),
 .UNSPECIFIED. ) 
 CURVE ( )  GEOMETRIC_REPRESENTATION_ITEM ( )  RATIONAL_B_SPLINE_CURVE ( ( 0.9330127018922194100, 0.9330127018922228500, 1.000000000000000000, 0.8660254037844387100, 1.000000000000000000, 0.8660254037844387100, 1.000000000000000000, 0.9330127018922158600, 0.9330127018922194100 ) ) 
 REPRESENTATION_ITEM ( '' )  );
#1817 = CARTESIAN_POINT ( 'NONE',  ( 0.05345000000000019200, 0.4793167725157674300, -0.01432188433544387200 ) ) ;
#1818 = CARTESIAN_POINT ( 'NONE',  ( 0.04628905783227787300, 0.4788333333333322800, -0.02672500000000063400 ) ) ;
#1819 = CARTESIAN_POINT ( 'NONE',  ( 0.03085937188818384200, 0.4777916666666656200, -0.05345000000000094100 ) ) ;
#1820 = CARTESIAN_POINT ( 'NONE',  ( -1.047500668561844500E-015, 0.4767499999999989500, -0.05344999999999999800 ) ) ;
#1821 = CARTESIAN_POINT ( 'NONE',  ( -0.03085937188818745800, 0.4757083333333322900, -0.05344999999999886000 ) ) ;
#1822 = CARTESIAN_POINT ( 'NONE',  ( -0.04628905783227892100, 0.4746666666666656300, -0.02672499999999881900 ) ) ;
#1823 = FACE_OUTER_BOUND ( 'NONE', #2818, .T. ) ;
#1824 = CARTESIAN_POINT ( 'NONE',  ( -0.05344999999999997000, 0.4741832274842304700, -0.01432188433544315800 ) ) ;
#1825 = CARTESIAN_POINT ( 'NONE',  ( -0.05344999999999995600, 0.4736249999999989600, -3.740044431956930300E-016 ) ) ;
#1826 = CARTESIAN_POINT ( 'NONE',  ( 0.05345000000000015000, 0.4798749999999990000, 1.509742706478027000E-016 ) ) ;
#1827 = AXIS2_PLACEMENT_3D ( 'NONE', #1828, #1831, #1829 ) ;
#1828 = CARTESIAN_POINT ( 'NONE',  ( 0.0000000000000000000, 0.0000000000000000000, 0.0000000000000000000 ) ) ;
#1829 = DIRECTION ( 'NONE',  ( 1.000000000000000000, 2.449212707644754500E-016, 0.0000000000000000000 ) ) ;
#1830 = CARTESIAN_POINT ( 'NONE',  ( 0.04628905783227836600, 0.3309166666666659700, 0.02672499999999977300 ) ) ;
#1831 = DIRECTION ( 'NONE',  ( 2.449212707644754500E-016, -1.000000000000000000, 0.0000000000000000000 ) ) ;
#1832 = CYLINDRICAL_SURFACE ( 'NONE', #1827, 0.05345000000000005300 ) ;
#1833 = VECTOR ( 'NONE', #1808, 39.37007874015748100 ) ;
#1834 = CARTESIAN_POINT ( 'NONE',  ( -0.05345000000000005300, -1.309104192236122700E-017, 6.545520961180613300E-018 ) ) ;
#1835 = LINE ( 'NONE', #1834, #1833 ) ;
#1836 = CARTESIAN_POINT ( 'NONE',  ( 0.03085937188818636100, 0.3319583333333326300, 0.05344999999999949100 ) ) ;
#1837 = CARTESIAN_POINT ( 'NONE',  ( -0.05344999999999995600, 0.3376249999999992900, -4.506353229941988900E-016 ) ) ;
#1838 = CARTESIAN_POINT ( 'NONE',  ( -0.01777070675434741900, 0.5733985861218930900, -0.01777070675434741200 ) ) ;
#1839 = CARTESIAN_POINT ( 'NONE',  ( -0.02849501606396969600, 0.5724747254454256600, -0.01760780519067063600 ) ) ;
#1840 = CARTESIAN_POINT ( 'NONE',  ( -0.03909365067751488500, 0.5707413201685820300, -0.01730215907186066800 ) ) ;
#1841 = CARTESIAN_POINT ( 'NONE',  ( -0.04956762031745418800, 0.5682048745074053100, -0.01685491526669429700 ) ) ;
#1842 = CARTESIAN_POINT ( 'NONE',  ( -0.04628905783227767200, 0.3350833333333326200, 0.02672500000000099800 ) ) ;
#1843 = CARTESIAN_POINT ( 'NONE',  ( -0.03085937188818494200, 0.3340416666666659600, 0.05345000000000030300 ) ) ;
#1844 = CARTESIAN_POINT ( 'NONE',  ( 1.466631324850350800E-015, 0.3329999999999993000, 0.05344999999999999800 ) ) ;
#1845 = CARTESIAN_POINT ( 'NONE',  ( -0.05344999999999968500, 0.3355667725157677700, 0.01432188433544416700 ) ) ;
#1846 = CARTESIAN_POINT ( 'NONE',  ( 0.05345000000000015000, 0.3313749999999993600, 6.748092400166938300E-016 ) ) ;
#1847 = CARTESIAN_POINT ( 'NONE',  ( 0.04628905783227894900, 0.3324166666666659200, 0.02672499999999877400 ) ) ;
#1848 = CARTESIAN_POINT ( 'NONE',  ( 0.05344999999999997700, 0.3319332274842307600, 0.01432188433544310700 ) ) ;
#1849 = CARTESIAN_POINT ( 'NONE',  ( -0.05344999999999995600, 0.3751249999999992600, -3.202484528892784700E-017 ) ) ;
#1850 = CARTESIAN_POINT ( 'NONE',  ( -0.05344999999999995600, 0.3361249999999992900, 5.878846599467468100E-016 ) ) ;
#1851 = B_SPLINE_CURVE_WITH_KNOTS ( 'NONE', 3,
 ( #1841, #1840, #1839, #1838 ),
 .UNSPECIFIED., .F., .F.,
 ( 4, 4 ),
 ( 3.846639411342208800E-005, 0.0008570759831709915600 ),
 .UNSPECIFIED. ) ;
#1852 = CARTESIAN_POINT ( 'NONE',  ( -0.05344999999999995600, 0.3376249999999993400, -4.506353229941988900E-016 ) ) ;
#1853 = CARTESIAN_POINT ( 'NONE',  ( -0.05345000000000018500, 0.3370667725157677200, 0.01432188433544392600 ) ) ;
#1854 = CARTESIAN_POINT ( 'NONE',  ( -0.04628905783227784500, 0.3365833333333325700, 0.02672500000000068200 ) ) ;
#1855 = CARTESIAN_POINT ( 'NONE',  ( -0.04628905783227787300, 0.2865833333333326900, 0.02672500000000063400 ) ) ;
#1856 = CARTESIAN_POINT ( 'NONE',  ( -0.03085937188818536200, 0.2855416666666660300, 0.05345000000000005300 ) ) ;
#1857 =( BOUNDED_CURVE ( )  B_SPLINE_CURVE ( 2, ( #1846, #1848, #1847, #1860, #1859, #1858, #1854, #1853, #1852 ),
 .UNSPECIFIED., .F., .T. ) 
 B_SPLINE_CURVE_WITH_KNOTS ( ( 3, 2, 2, 2, 3 ),
 ( 0.6602564102564104600, 0.6623931623931624800, 0.6666666666666667400, 0.6709401709401710000, 0.6730769230769232400 ),
 .UNSPECIFIED. ) 
 CURVE ( )  GEOMETRIC_REPRESENTATION_ITEM ( )  RATIONAL_B_SPLINE_CURVE ( ( 0.9330127018922194100, 0.9330127018922228500, 1.000000000000000000, 0.8660254037844387100, 1.000000000000000000, 0.8660254037844387100, 1.000000000000000000, 0.9330127018922158600, 0.9330127018922194100 ) ) 
 REPRESENTATION_ITEM ( '' )  );
#1858 = CARTESIAN_POINT ( 'NONE',  ( -0.03085937188818379000, 0.3355416666666658500, 0.05345000000000097600 ) ) ;
#1859 = CARTESIAN_POINT ( 'NONE',  ( 1.099937274508938600E-015, 0.3344999999999992400, 0.05344999999999999800 ) ) ;
#1860 = CARTESIAN_POINT ( 'NONE',  ( 0.03085937188818599400, 0.3334583333333325800, 0.05344999999999969900 ) ) ;
#1861 = CARTESIAN_POINT ( 'NONE',  ( 0.05345000000000015000, 0.3313749999999993600, 6.748092400166938300E-016 ) ) ;
#1862 = CARTESIAN_POINT ( 'NONE',  ( 0.05345000000000005300, 1.309104192236122700E-017, 0.0000000000000000000 ) ) ;
#1863 = LINE ( 'NONE', #1862, #1871 ) ;
#1864 = DIRECTION ( 'NONE',  ( 1.000000000000000000, 2.449212707644754500E-016, 0.0000000000000000000 ) ) ;
#1865 = DIRECTION ( 'NONE',  ( 2.449212707644754500E-016, -1.000000000000000000, 0.0000000000000000000 ) ) ;
#1866 = CARTESIAN_POINT ( 'NONE',  ( 0.0000000000000000000, 0.0000000000000000000, 0.0000000000000000000 ) ) ;
#1867 = CARTESIAN_POINT ( 'NONE',  ( 0.05344999999999966400, 0.3304332274842308200, 0.01432188433544344400 ) ) ;
#1868 = CARTESIAN_POINT ( 'NONE',  ( 0.05344999999999994200, 0.3298749999999993600, 6.610843063214390500E-016 ) ) ;
#1869 = FACE_OUTER_BOUND ( 'NONE', #3087, .T. ) ;
#1870 = CARTESIAN_POINT ( 'NONE',  ( 0.05344999999999994200, 0.3298749999999993600, 6.610843063214390500E-016 ) ) ;
#1871 = VECTOR ( 'NONE', #1872, 39.37007874015748100 ) ;
#1872 = DIRECTION ( 'NONE',  ( 2.449212707644754500E-016, -1.000000000000000000, 0.0000000000000000000 ) ) ;
#1873 = CYLINDRICAL_SURFACE ( 'NONE', #1874, 0.05345000000000005300 ) ;
#1874 = AXIS2_PLACEMENT_3D ( 'NONE', #1866, #1865, #1864 ) ;
#1875 = LINE ( 'NONE', #1880, #1877 ) ;
#1876 = CARTESIAN_POINT ( 'NONE',  ( -0.05344999999999995600, 0.3861249999999991600, -3.202484528892784100E-017 ) ) ;
#1877 = VECTOR ( 'NONE', #1881, 39.37007874015748100 ) ;
#1878 =( BOUNDED_CURVE ( )  B_SPLINE_CURVE ( 2, ( #1887, #1886, #1884, #1883, #1882, #1814, #1812, #1811, #1849 ),
 .UNSPECIFIED., .F., .T. ) 
 B_SPLINE_CURVE_WITH_KNOTS ( ( 3, 2, 2, 2, 3 ),
 ( 0.7371794871794873400, 0.7393162393162393500, 0.7435897435897436100, 0.7478632478632479800, 0.7500000000000002200 ),
 .UNSPECIFIED. ) 
 CURVE ( )  GEOMETRIC_REPRESENTATION_ITEM ( )  RATIONAL_B_SPLINE_CURVE ( ( 0.9330127018922194100, 0.9330127018922228500, 1.000000000000000000, 0.8660254037844387100, 1.000000000000000000, 0.8660254037844387100, 1.000000000000000000, 0.9330127018922158600, 0.9330127018922194100 ) ) 
 REPRESENTATION_ITEM ( '' )  );
#1879 = CARTESIAN_POINT ( 'NONE',  ( -0.05345000000000019200, 0.2870667725157679500, 0.01432188433544387200 ) ) ;
#1880 = CARTESIAN_POINT ( 'NONE',  ( -0.05345000000000005300, -1.309104192236122700E-017, 6.545520961180613300E-018 ) ) ;
#1881 = DIRECTION ( 'NONE',  ( 2.449212707644754500E-016, -1.000000000000000000, 0.0000000000000000000 ) ) ;
#1882 = CARTESIAN_POINT ( 'NONE',  ( 1.518995492539795700E-015, 0.3719999999999992200, 0.05344999999999999800 ) ) ;
#1883 = CARTESIAN_POINT ( 'NONE',  ( 0.03085937188818640600, 0.3709583333333325600, 0.05344999999999945600 ) ) ;
#1884 = CARTESIAN_POINT ( 'NONE',  ( 0.04628905783227840000, 0.3699166666666658900, 0.02672499999999972500 ) ) ;
#1885 = CARTESIAN_POINT ( 'NONE',  ( -0.05344999999999994200, 0.2876249999999994100, -5.032475688260089000E-016 ) ) ;
#1886 = CARTESIAN_POINT ( 'NONE',  ( 0.05344999999999967800, 0.3694332274842306900, 0.01432188433544339200 ) ) ;
#1887 = CARTESIAN_POINT ( 'NONE',  ( 0.05344999999999994200, 0.3688749999999991800, 6.084720604896289300E-016 ) ) ;
#1888 = CARTESIAN_POINT ( 'NONE',  ( -0.01777070675434741900, 0.5733985861218930900, -0.01777070675434741200 ) ) ;
#1889 =( BOUNDED_CURVE ( )  B_SPLINE_CURVE ( 2, ( #1899, #1953, #1952, #1951, #1950, #1949, #1948, #1894, #1893 ),
 .UNSPECIFIED., .F., .T. ) 
 B_SPLINE_CURVE_WITH_KNOTS ( ( 3, 2, 2, 2, 3 ),
 ( 0.6858974358974360100, 0.6880341880341881400, 0.6923076923076924000, 0.6965811965811966600, 0.6987179487179489000 ),
 .UNSPECIFIED. ) 
 CURVE ( )  GEOMETRIC_REPRESENTATION_ITEM ( )  RATIONAL_B_SPLINE_CURVE ( ( 0.9330127018922194100, 0.9330127018922210700, 1.000000000000000000, 0.8660254037844387100, 1.000000000000000000, 0.8660254037844387100, 1.000000000000000000, 0.9330127018922158600, 0.9330127018922194100 ) ) 
 REPRESENTATION_ITEM ( '' )  );
#1890 = CARTESIAN_POINT ( 'NONE',  ( -0.05344999999999995600, 0.3486249999999993000, -4.506353229941988900E-016 ) ) ;
#1891 = LINE ( 'NONE', #1898, #1897 ) ;
#1892 = CARTESIAN_POINT ( 'NONE',  ( 0.05344999999999994200, 0.3438749999999992600, -5.261224583181003300E-017 ) ) ;
#1893 = CARTESIAN_POINT ( 'NONE',  ( -0.05345000000000015000, 0.3501249999999992400, -4.666477456386628800E-016 ) ) ;
#1894 = CARTESIAN_POINT ( 'NONE',  ( -0.05345000000000027500, 0.3495667725157677300, 0.01432188433544355800 ) ) ;
#1895 = CARTESIAN_POINT ( 'NONE',  ( -0.05344999999999994200, 0.2611249999999994400, -1.967240496319853200E-016 ) ) ;
#1896 = DIRECTION ( 'NONE',  ( 2.449212707644754500E-016, -1.000000000000000000, 0.0000000000000000000 ) ) ;
#1897 = VECTOR ( 'NONE', #1896, 39.37007874015748100 ) ;
#1898 = CARTESIAN_POINT ( 'NONE',  ( -0.05345000000000005300, -1.309104192236122700E-017, 6.545520961180613300E-018 ) ) ;
#1899 = CARTESIAN_POINT ( 'NONE',  ( 0.05344999999999994200, 0.3438749999999992600, -5.261224583181002700E-017 ) ) ;
#1900 = CARTESIAN_POINT ( 'NONE',  ( 0.05344999999999994200, 0.3813749999999993000, 2.710674404812820700E-016 ) ) ;
#1901 = CARTESIAN_POINT ( 'NONE',  ( 1.152301442198383500E-015, 0.3844999999999991200, 0.05344999999999999800 ) ) ;
#1902 = CARTESIAN_POINT ( 'NONE',  ( 0.03085937188818604600, 0.3834583333333324600, 0.05344999999999967100 ) ) ;
#1903 = CARTESIAN_POINT ( 'NONE',  ( 0.04628905783227897600, 0.3824166666666657900, 0.02672499999999872500 ) ) ;
#1904 = CARTESIAN_POINT ( 'NONE',  ( 0.05344999999999999100, 0.3819332274842306400, 0.01432188433544305400 ) ) ;
#1905 = CARTESIAN_POINT ( 'NONE',  ( -0.05344999999999995600, 0.3876249999999991600, 3.408358534321605800E-016 ) ) ;
#1906 =( BOUNDED_CURVE ( )  B_SPLINE_CURVE ( 2, ( #1900, #1904, #1903, #1902, #1901, #1931, #1930, #1929, #1928 ),
 .UNSPECIFIED., .F., .F. ) 
 B_SPLINE_CURVE_WITH_KNOTS ( ( 3, 2, 2, 2, 3 ),
 ( 0.7628205128205130000, 0.7649572649572650200, 0.7692307692307692700, 0.7735042735042735300, 0.7756410256410257700 ),
 .UNSPECIFIED. ) 
 CURVE ( )  GEOMETRIC_REPRESENTATION_ITEM ( )  RATIONAL_B_SPLINE_CURVE ( ( 0.9330127018922194100, 0.9330127018922228500, 1.000000000000000000, 0.8660254037844387100, 1.000000000000000000, 0.8660254037844387100, 1.000000000000000000, 0.9330127018922176300, 0.9330127018922194100 ) ) 
 REPRESENTATION_ITEM ( '' )  );
#1907 = CARTESIAN_POINT ( 'NONE',  ( 0.05344999999999994200, 0.2673749999999994200, -7.342839526961312800E-016 ) ) ;
#1908 =( BOUNDED_CURVE ( )  B_SPLINE_CURVE ( 2, ( #1941, #1940, #1939, #1938, #1937, #1936, #1935, #1934, #1933 ),
 .UNSPECIFIED., .F., .T. ) 
 B_SPLINE_CURVE_WITH_KNOTS ( ( 3, 2, 2, 2, 3 ),
 ( 0.5064102564102565000, 0.5085470085470086300, 0.5128205128205128900, 0.5170940170940171400, 0.5192307692307692700 ),
 .UNSPECIFIED. ) 
 CURVE ( )  GEOMETRIC_REPRESENTATION_ITEM ( )  RATIONAL_B_SPLINE_CURVE ( ( 0.9330127018922194100, 0.9330127018922194100, 1.000000000000000000, 0.8660254037844387100, 1.000000000000000000, 0.8660254037844387100, 1.000000000000000000, 0.9330127018922194100, 0.9330127018922194100 ) ) 
 REPRESENTATION_ITEM ( '' )  );
#1909 = CARTESIAN_POINT ( 'NONE',  ( 0.05344999999999994200, 0.2563749999999994100, -7.342839526961312800E-016 ) ) ;
#1910 = DIRECTION ( 'NONE',  ( 1.000000000000000000, 2.449212707644754500E-016, 0.0000000000000000000 ) ) ;
#1911 = DIRECTION ( 'NONE',  ( 2.449212707644754500E-016, -1.000000000000000000, 0.0000000000000000000 ) ) ;
#1912 = AXIS2_PLACEMENT_3D ( 'NONE', #1922, #1911, #1910 ) ;
#1913 =( BOUNDED_CURVE ( )  B_SPLINE_CURVE ( 2, ( #1956, #1955, #1915, #1914, #1920, #1919, #1918, #1917, #1916 ),
 .UNSPECIFIED., .F., .F. ) 
 B_SPLINE_CURVE_WITH_KNOTS ( ( 3, 2, 2, 2, 3 ),
 ( 0.7371794871794873400, 0.7393162393162393500, 0.7435897435897436100, 0.7478632478632479800, 0.7500000000000002200 ),
 .UNSPECIFIED. ) 
 CURVE ( )  GEOMETRIC_REPRESENTATION_ITEM ( )  RATIONAL_B_SPLINE_CURVE ( ( 0.9330127018922194100, 0.9330127018922228500, 1.000000000000000000, 0.8660254037844387100, 1.000000000000000000, 0.8660254037844387100, 1.000000000000000000, 0.9330127018922158600, 0.9330127018922194100 ) ) 
 REPRESENTATION_ITEM ( '' )  );
#1914 = CARTESIAN_POINT ( 'NONE',  ( 0.03085937188818640600, 0.3819583333333325100, 0.05344999999999945600 ) ) ;
#1915 = CARTESIAN_POINT ( 'NONE',  ( 0.04628905783227840000, 0.3809166666666658500, 0.02672499999999972500 ) ) ;
#1916 = CARTESIAN_POINT ( 'NONE',  ( -0.05344999999999995600, 0.3861249999999991600, -3.202484528892784700E-017 ) ) ;
#1917 = CARTESIAN_POINT ( 'NONE',  ( -0.05345000000000007400, 0.3855667725157676000, 0.01432188433544434400 ) ) ;
#1918 = CARTESIAN_POINT ( 'NONE',  ( -0.04628905783227764400, 0.3850833333333325000, 0.02672500000000104300 ) ) ;
#1919 = CARTESIAN_POINT ( 'NONE',  ( -0.03085937188818489400, 0.3840416666666658400, 0.05345000000000033800 ) ) ;
#1920 = CARTESIAN_POINT ( 'NONE',  ( 1.518995492539795700E-015, 0.3829999999999991700, 0.05344999999999999800 ) ) ;
#1921 = CYLINDRICAL_SURFACE ( 'NONE', #1912, 0.05345000000000005300 ) ;
#1922 = CARTESIAN_POINT ( 'NONE',  ( 0.0000000000000000000, 0.0000000000000000000, 0.0000000000000000000 ) ) ;
#1923 = FACE_OUTER_BOUND ( 'NONE', #3139, .T. ) ;
#1924 = DIRECTION ( 'NONE',  ( 2.449212707644754500E-016, -1.000000000000000000, 0.0000000000000000000 ) ) ;
#1925 = VECTOR ( 'NONE', #1924, 39.37007874015748100 ) ;
#1926 = CARTESIAN_POINT ( 'NONE',  ( 0.05345000000000005300, 1.309104192236122700E-017, 0.0000000000000000000 ) ) ;
#1927 = LINE ( 'NONE', #1926, #1925 ) ;
#1928 = CARTESIAN_POINT ( 'NONE',  ( -0.05344999999999995600, 0.3876249999999991600, 3.408358534321605800E-016 ) ) ;
#1929 = CARTESIAN_POINT ( 'NONE',  ( -0.05344999999999997000, 0.3870667725157676000, 0.01432188433544432200 ) ) ;
#1930 = CARTESIAN_POINT ( 'NONE',  ( -0.04628905783227782500, 0.3865833333333324500, 0.02672500000000072400 ) ) ;
#1931 = CARTESIAN_POINT ( 'NONE',  ( -0.03085937188818373100, 0.3855416666666657800, 0.05345000000000100400 ) ) ;
#1932 = CARTESIAN_POINT ( 'NONE',  ( -0.05344999999999994200, 0.2736249999999994500, 5.501410922847960800E-016 ) ) ;
#1933 = CARTESIAN_POINT ( 'NONE',  ( -0.05344999999999994200, 0.2626249999999993900, 5.501410922847960800E-016 ) ) ;
#1934 = CARTESIAN_POINT ( 'NONE',  ( -0.05344999999999979600, 0.2620667725157678800, 0.01432188433544412900 ) ) ;
#1935 = CARTESIAN_POINT ( 'NONE',  ( -0.04628905783227789400, 0.2615833333333327800, 0.02672500000000060900 ) ) ;
#1936 = CARTESIAN_POINT ( 'NONE',  ( -0.03085937188818462300, 0.2605416666666661200, 0.05345000000000049000 ) ) ;
#1937 = CARTESIAN_POINT ( 'NONE',  ( 1.021391022974771200E-015, 0.2594999999999994500, 0.05344999999999999800 ) ) ;
#1938 = CARTESIAN_POINT ( 'NONE',  ( 0.03085937188818591400, 0.2584583333333327300, 0.05344999999999976200 ) ) ;
#1939 = CARTESIAN_POINT ( 'NONE',  ( 0.04628905783227853200, 0.2574166666666660700, 0.02672499999999949900 ) ) ;
#1940 = CARTESIAN_POINT ( 'NONE',  ( 0.05345000000000015000, 0.2569332274842309200, 0.01432188433544284500 ) ) ;
#1941 = CARTESIAN_POINT ( 'NONE',  ( 0.05344999999999994200, 0.2563749999999994100, -7.342839526961312800E-016 ) ) ;
#1942 = CARTESIAN_POINT ( 'NONE',  ( -0.05345000000000015000, 0.3501249999999992400, -4.666477456386628800E-016 ) ) ;
#1943 = CARTESIAN_POINT ( 'NONE',  ( -0.05344999999999994200, 0.2626249999999993900, 5.501410922847960800E-016 ) ) ;
#1944 = DIRECTION ( 'NONE',  ( 2.449212707644754500E-016, -1.000000000000000000, 0.0000000000000000000 ) ) ;
#1945 = VECTOR ( 'NONE', #1944, 39.37007874015748100 ) ;
#1946 = CARTESIAN_POINT ( 'NONE',  ( -0.05345000000000005300, -1.309104192236122700E-017, 6.545520961180613300E-018 ) ) ;
#1947 = LINE ( 'NONE', #1946, #1945 ) ;
#1948 = CARTESIAN_POINT ( 'NONE',  ( -0.04628905783227803300, 0.3490833333333325800, 0.02672500000000036000 ) ) ;
#1949 = CARTESIAN_POINT ( 'NONE',  ( -0.03085937188818415800, 0.3480416666666659200, 0.05345000000000075400 ) ) ;
#1950 = CARTESIAN_POINT ( 'NONE',  ( 7.332432241675262000E-016, 0.3469999999999992500, 0.05344999999999999800 ) ) ;
#1951 = CARTESIAN_POINT ( 'NONE',  ( 0.03085937188818714500, 0.3459583333333325900, 0.05344999999999904700 ) ) ;
#1952 = CARTESIAN_POINT ( 'NONE',  ( 0.04628905783227876100, 0.3449166666666658700, 0.02672499999999909000 ) ) ;
#1953 = CARTESIAN_POINT ( 'NONE',  ( 0.05345000000000005300, 0.3444332274842307200, 0.01432188433544312800 ) ) ;
#1954 = CARTESIAN_POINT ( 'NONE',  ( 0.05344999999999994200, 0.3813749999999993000, 2.710674404812820700E-016 ) ) ;
#1955 = CARTESIAN_POINT ( 'NONE',  ( 0.05344999999999967800, 0.3804332274842307500, 0.01432188433544339200 ) ) ;
#1956 = CARTESIAN_POINT ( 'NONE',  ( 0.05344999999999994200, 0.3798749999999992400, 6.084720604896289300E-016 ) ) ;
#1957 = DIRECTION ( 'NONE',  ( 2.449212707644754500E-016, -1.000000000000000000, 0.0000000000000000000 ) ) ;
#1958 = VECTOR ( 'NONE', #1957, 39.37007874015748100 ) ;
#1959 = CARTESIAN_POINT ( 'NONE',  ( -0.05345000000000005300, -1.309104192236122700E-017, 6.545520961180613300E-018 ) ) ;
#1960 = CARTESIAN_POINT ( 'NONE',  ( -0.04628905783227789400, 0.2725833333333327900, 0.02672500000000060900 ) ) ;
#1961 = CARTESIAN_POINT ( 'NONE',  ( -0.03085937188818462300, 0.2715416666666661300, 0.05345000000000049000 ) ) ;
#1962 = CARTESIAN_POINT ( 'NONE',  ( 1.021391022974771200E-015, 0.2704999999999994600, 0.05344999999999999800 ) ) ;
#1963 =( BOUNDED_CURVE ( )  B_SPLINE_CURVE ( 2, ( #1971, #1970, #1969, #1985, #1984, #1983, #1982, #1981, #1980 ),
 .UNSPECIFIED., .F., .F. ) 
 B_SPLINE_CURVE_WITH_KNOTS ( ( 3, 2, 2, 2, 3 ),
 ( 0.5320512820512821600, 0.5341880341880342900, 0.5384615384615385500, 0.5427350427350428100, 0.5448717948717949300 ),
 .UNSPECIFIED. ) 
 CURVE ( )  GEOMETRIC_REPRESENTATION_ITEM ( )  RATIONAL_B_SPLINE_CURVE ( ( 0.9330127018922194100, 0.9330127018922210700, 1.000000000000000000, 0.8660254037844387100, 1.000000000000000000, 0.8660254037844387100, 1.000000000000000000, 0.9330127018922194100, 0.9330127018922194100 ) ) 
 REPRESENTATION_ITEM ( '' )  );
#1964 = CARTESIAN_POINT ( 'NONE',  ( 0.03085937188818591400, 0.2694583333333327400, 0.05344999999999976200 ) ) ;
#1965 = CARTESIAN_POINT ( 'NONE',  ( 0.04628905783227853200, 0.2684166666666660800, 0.02672499999999949900 ) ) ;
#1966 =( BOUNDED_CURVE ( )  B_SPLINE_CURVE ( 2, ( #1968, #1967, #1965, #1964, #1962, #1961, #1960, #1976, #1975 ),
 .UNSPECIFIED., .F., .T. ) 
 B_SPLINE_CURVE_WITH_KNOTS ( ( 3, 2, 2, 2, 3 ),
 ( 0.5064102564102565000, 0.5085470085470086300, 0.5128205128205128900, 0.5170940170940171400, 0.5192307692307692700 ),
 .UNSPECIFIED. ) 
 CURVE ( )  GEOMETRIC_REPRESENTATION_ITEM ( )  RATIONAL_B_SPLINE_CURVE ( ( 0.9330127018922194100, 0.9330127018922194100, 1.000000000000000000, 0.8660254037844387100, 1.000000000000000000, 0.8660254037844387100, 1.000000000000000000, 0.9330127018922194100, 0.9330127018922194100 ) ) 
 REPRESENTATION_ITEM ( '' )  );
#1967 = CARTESIAN_POINT ( 'NONE',  ( 0.05345000000000015000, 0.2679332274842309300, 0.01432188433544284500 ) ) ;
#1968 = CARTESIAN_POINT ( 'NONE',  ( 0.05344999999999994200, 0.2673749999999994200, -7.342839526961312800E-016 ) ) ;
#1969 = CARTESIAN_POINT ( 'NONE',  ( 0.04628905783227834500, 0.2809166666666660400, 0.02672499999999981800 ) ) ;
#1970 = CARTESIAN_POINT ( 'NONE',  ( 0.05344999999999985200, 0.2804332274842309400, 0.01432188433544315400 ) ) ;
#1971 = CARTESIAN_POINT ( 'NONE',  ( 0.05344999999999994200, 0.2798749999999994300, -2.744986739050957900E-017 ) ) ;
#1972 = CARTESIAN_POINT ( 'NONE',  ( -0.01730108538710696500, 0.5707352309997583100, -0.03911879522145971600 ) ) ;
#1973 = CARTESIAN_POINT ( 'NONE',  ( -0.01760801365379354600, 0.5724759076985447300, -0.02848129229754721400 ) ) ;
#1974 = DIRECTION ( 'NONE',  ( 2.449212707644754500E-016, -1.000000000000000000, 0.0000000000000000000 ) ) ;
#1975 = CARTESIAN_POINT ( 'NONE',  ( -0.05344999999999994200, 0.2736249999999994500, 5.501410922847960800E-016 ) ) ;
#1976 = CARTESIAN_POINT ( 'NONE',  ( -0.05344999999999979600, 0.2730667725157678900, 0.01432188433544412900 ) ) ;
#1977 = VECTOR ( 'NONE', #1974, 39.37007874015748100 ) ;
#1978 = CARTESIAN_POINT ( 'NONE',  ( 0.05345000000000005300, 1.309104192236122700E-017, 0.0000000000000000000 ) ) ;
#1979 = LINE ( 'NONE', #1978, #1977 ) ;
#1980 = CARTESIAN_POINT ( 'NONE',  ( -0.05344999999999994200, 0.2861249999999994100, 5.364161585895414000E-016 ) ) ;
#1981 = CARTESIAN_POINT ( 'NONE',  ( -0.05344999999999969900, 0.2855667725157679000, 0.01432188433544412000 ) ) ;
#1982 = CARTESIAN_POINT ( 'NONE',  ( -0.04628905783227769300, 0.2850833333333327400, 0.02672500000000095300 ) ) ;
#1983 = CARTESIAN_POINT ( 'NONE',  ( -0.03085937188818499400, 0.2840416666666660800, 0.05345000000000026800 ) ) ;
#1984 = CARTESIAN_POINT ( 'NONE',  ( 1.414267157160906100E-015, 0.2829999999999994200, 0.05344999999999999800 ) ) ;
#1985 = CARTESIAN_POINT ( 'NONE',  ( 0.03085937188818630600, 0.2819583333333327600, 0.05344999999999951900 ) ) ;
#1986 = LINE ( 'NONE', #1959, #1958 ) ;
#1987 = CARTESIAN_POINT ( 'NONE',  ( 0.05344999999999994200, 0.2688749999999994200, -2.744986739050957900E-017 ) ) ;
#1988 = CARTESIAN_POINT ( 'NONE',  ( 0.05345000000000015700, 0.2813749999999993800, 7.262777413738992400E-016 ) ) ;
#1989 =( BOUNDED_CURVE ( )  B_SPLINE_CURVE ( 2, ( #1988, #1993, #1992, #1991, #1990, #1856, #1855, #1879, #1885 ),
 .UNSPECIFIED., .F., .T. ) 
 B_SPLINE_CURVE_WITH_KNOTS ( ( 3, 2, 2, 2, 3 ),
 ( 0.5576923076923078200, 0.5598290598290598400, 0.5641025641025642100, 0.5683760683760684700, 0.5705128205128207100 ),
 .UNSPECIFIED. ) 
 CURVE ( )  GEOMETRIC_REPRESENTATION_ITEM ( )  RATIONAL_B_SPLINE_CURVE ( ( 0.9330127018922194100, 0.9330127018922228500, 1.000000000000000000, 0.8660254037844387100, 1.000000000000000000, 0.8660254037844387100, 1.000000000000000000, 0.9330127018922158600, 0.9330127018922194100 ) ) 
 REPRESENTATION_ITEM ( '' )  );
#1990 = CARTESIAN_POINT ( 'NONE',  ( 1.047573106819493700E-015, 0.2844999999999993600, 0.05344999999999999800 ) ) ;
#1991 = CARTESIAN_POINT ( 'NONE',  ( 0.03085937188818593800, 0.2834583333333327000, 0.05344999999999973400 ) ) ;
#1992 = CARTESIAN_POINT ( 'NONE',  ( 0.04628905783227892100, 0.2824166666666660400, 0.02672499999999881600 ) ) ;
#1993 = CARTESIAN_POINT ( 'NONE',  ( 0.05344999999999997000, 0.2819332274842309400, 0.01432188433544315600 ) ) ;
#1994 = CARTESIAN_POINT ( 'NONE',  ( -0.05344999999999994200, 0.2751249999999994000, 5.364161585895414000E-016 ) ) ;
#1995 = VECTOR ( 'NONE', #2002, 39.37007874015748100 ) ;
#1996 = CARTESIAN_POINT ( 'NONE',  ( -0.01100000000000000500, 0.5349999999999999200, -0.01099999999999999900 ) ) ;
#1997 = CARTESIAN_POINT ( 'NONE',  ( -0.01777070675434741900, 0.5733985861218930900, -0.01777070675434741200 ) ) ;
#1998 = CARTESIAN_POINT ( 'NONE',  ( -0.03085937188818458100, 0.3105416666666659900, 0.05345000000000051800 ) ) ;
#1999 = CARTESIAN_POINT ( 'NONE',  ( 3.141850061366690800E-016, 0.3094999999999993300, 0.05344999999999999800 ) ) ;
#2000 = CARTESIAN_POINT ( 'NONE',  ( 0.03085937188818672200, 0.3084583333333326700, 0.05344999999999929700 ) ) ;
#2001 = B_SPLINE_CURVE_WITH_KNOTS ( 'NONE', 3,
 ( #1997, #1973, #1972, #2022 ),
 .UNSPECIFIED., .F., .F.,
 ( 4, 4 ),
 ( 0.0001725068873764866900, 0.0009916394087687591800 ),
 .UNSPECIFIED. ) ;
#2002 = DIRECTION ( 'NONE',  ( 0.1710878697460358500, -0.9702875252478139200, 0.1710878697460358800 ) ) ;
#2003 = DIRECTION ( 'NONE',  ( 1.000000000000000000, 2.449212707644754500E-016, 0.0000000000000000000 ) ) ;
#2004 = DIRECTION ( 'NONE',  ( 2.449212707644754500E-016, -1.000000000000000000, 0.0000000000000000000 ) ) ;
#2005 = AXIS2_PLACEMENT_3D ( 'NONE', #2012, #2004, #2003 ) ;
#2006 = LINE ( 'NONE', #1996, #1995 ) ;
#2007 = CARTESIAN_POINT ( 'NONE',  ( -0.04628905783227748500, 0.3115833333333326600, 0.02672500000000131700 ) ) ;
#2008 = DIRECTION ( 'NONE',  ( -1.000000000000000000, 0.0000000000000000000, 0.0000000000000000000 ) ) ;
#2009 = VECTOR ( 'NONE', #2008, 39.37007874015748100 ) ;
#2010 = CARTESIAN_POINT ( 'NONE',  ( -0.01100000000000000500, 0.5349999999999999200, -0.01099999999999999900 ) ) ;
#2011 = VECTOR ( 'NONE', #2014, 39.37007874015748100 ) ;
#2012 = CARTESIAN_POINT ( 'NONE',  ( 0.0000000000000000000, 0.0000000000000000000, 0.0000000000000000000 ) ) ;
#2013 = FACE_OUTER_BOUND ( 'NONE', #3082, .T. ) ;
#2014 = DIRECTION ( 'NONE',  ( 2.449212707644754500E-016, -1.000000000000000000, 0.0000000000000000000 ) ) ;
#2015 = CARTESIAN_POINT ( 'NONE',  ( 0.03233161507461897900, 0.04729166666666659300, -0.05600000000000004300 ) ) ;
#2016 = CYLINDRICAL_SURFACE ( 'NONE', #2005, 0.05345000000000005300 ) ;
#2017 = CARTESIAN_POINT ( 'NONE',  ( 0.05345000000000015000, 0.3423749999999992600, 6.748092400166938300E-016 ) ) ;
#2018 = LINE ( 'NONE', #2028, #2011 ) ;
#2019 = LINE ( 'NONE', #2010, #2009 ) ;
#2020 = DIRECTION ( 'NONE',  ( 1.873239394071793700E-016, 0.0000000000000000000, 1.000000000000000000 ) ) ;
#2021 = CARTESIAN_POINT ( 'NONE',  ( -1.337649609134406000E-016, 0.04624999999999993700, -0.05600000000000000800 ) ) ;
#2022 = CARTESIAN_POINT ( 'NONE',  ( -0.01685491526669592400, 0.5682048745074146400, -0.04956762031745531900 ) ) ;
#2023 = CARTESIAN_POINT ( 'NONE',  ( -0.03233161507461914500, 0.04520833333333326700, -0.05599999999999994600 ) ) ;
#2024 = CARTESIAN_POINT ( 'NONE',  ( -0.04849742261192860300, 0.04416666666666660400, -0.02799999999999994900 ) ) ;
#2025 = VECTOR ( 'NONE', #2020, 39.37007874015748100 ) ;
#2026 = CARTESIAN_POINT ( 'NONE',  ( -0.01099999999999999900, 0.5349999999999999200, 0.04518019477602991400 ) ) ;
#2027 = LINE ( 'NONE', #2026, #2025 ) ;
#2028 = CARTESIAN_POINT ( 'NONE',  ( 0.05345000000000005300, 1.309104192236122700E-017, 0.0000000000000000000 ) ) ;
#2029 = CARTESIAN_POINT ( 'NONE',  ( 0.03233161507461924900, 0.05145833333333324500, 0.05599999999999987600 ) ) ;
#2030 = B_SPLINE_CURVE_WITH_KNOTS ( 'NONE', 3,
 ( #2033, #2032, #2050, #2049 ),
 .UNSPECIFIED., .F., .F.,
 ( 4, 4 ),
 ( 0.0003064892814248915400, 0.001170122457373340600 ),
 .UNSPECIFIED. ) ;
#2031 = CARTESIAN_POINT ( 'NONE',  ( 0.04849742261192865900, 0.05041666666666658900, 0.02799999999999985500 ) ) ;
#2032 = CARTESIAN_POINT ( 'NONE',  ( 0.01490186898517828100, 0.5571285986381716600, -0.04816886156022925200 ) ) ;
#2033 = CARTESIAN_POINT ( 'NONE',  ( 0.01685491526667404600, 0.5682048745072905100, -0.04956762031743967200 ) ) ;
#2034 = DIRECTION ( 'NONE',  ( -1.873239394071793700E-016, 0.0000000000000000000, 1.000000000000000000 ) ) ;
#2035 = VECTOR ( 'NONE', #2034, 39.37007874015748100 ) ;
#2036 = CARTESIAN_POINT ( 'NONE',  ( -0.01100000000000000500, 0.5349999999999999200, -0.01099999999999999900 ) ) ;
#2037 = CARTESIAN_POINT ( 'NONE',  ( 0.05344999999999976900, 0.3069332274842308500, 0.01432188433544308000 ) ) ;
#2038 = CARTESIAN_POINT ( 'NONE',  ( 0.05344999999999994200, 0.3063749999999994000, 2.939423299733734000E-016 ) ) ;
#2039 = CARTESIAN_POINT ( 'NONE',  ( 0.01099999999999999900, 0.5349999999999999200, -0.04518019477602991400 ) ) ;
#2040 = DIRECTION ( 'NONE',  ( 0.1736481776669307200, -0.9848077530122080200, 0.0000000000000000000 ) ) ;
#2041 = CARTESIAN_POINT ( 'NONE',  ( 0.04849742261192852000, 0.04833333333333325600, -0.02800000000000008700 ) ) ;
#2042 = PLANE ( 'NONE',  #2043 ) ;
#2043 = AXIS2_PLACEMENT_3D ( 'NONE', #2054, #2053, #2040 ) ;
#2044 = FACE_OUTER_BOUND ( 'NONE', #3180, .T. ) ;
#2045 = CARTESIAN_POINT ( 'NONE',  ( -0.01100000000000000500, 0.5349999999999999200, -0.01099999999999999900 ) ) ;
#2046 = LINE ( 'NONE', #2036, #2035 ) ;
#2047 = CARTESIAN_POINT ( 'NONE',  ( -0.04518019477602992800, 0.5349999999999999200, -0.01099999999999999900 ) ) ;
#2048 = CARTESIAN_POINT ( 'NONE',  ( 0.04628905783227856000, 0.3074166666666660100, 0.02672499999999945800 ) ) ;
#2049 = CARTESIAN_POINT ( 'NONE',  ( 0.01099999999999999900, 0.5349999999999999200, -0.04518019477602991400 ) ) ;
#2050 = CARTESIAN_POINT ( 'NONE',  ( 0.01295002430072246700, 0.5460591373644999600, -0.04671241177994101000 ) ) ;
#2051 = CARTESIAN_POINT ( 'NONE',  ( 0.06466323014923808200, 0.04937499999999993300, -1.584178225080011600E-016 ) ) ;
#2052 = B_SPLINE_CURVE_WITH_KNOTS ( 'NONE', 3,
 ( #2055, #2057, #2056, #2047 ),
 .UNSPECIFIED., .F., .F.,
 ( 4, 4 ),
 ( 0.0003064892814219062400, 0.001170122457373340400 ),
 .UNSPECIFIED. ) ;
#2053 = DIRECTION ( 'NONE',  ( -0.9848077530122080200, -0.1736481776669307200, -1.844780678529793300E-016 ) ) ;
#2054 = CARTESIAN_POINT ( 'NONE',  ( -0.01100000000000000500, 0.5349999999999999200, -0.01099999999999999900 ) ) ;
#2055 = CARTESIAN_POINT ( 'NONE',  ( -0.04956762031745418800, 0.5682048745074053100, -0.01685491526669429700 ) ) ;
#2056 = CARTESIAN_POINT ( 'NONE',  ( -0.04671241177994632500, 0.5460591373645381500, -0.01295002430072920800 ) ) ;
#2057 = CARTESIAN_POINT ( 'NONE',  ( -0.04816886156023934800, 0.5571285986382481500, -0.01490186898519177200 ) ) ;
#2058 = CARTESIAN_POINT ( 'NONE',  ( -0.04849742261192856900, 0.4816666666666655800, -0.02799999999999999000 ) ) ;
#2059 = CARTESIAN_POINT ( 'NONE',  ( 0.04849742261192858900, 0.4879166666666655500, 0.02799999999999996600 ) ) ;
#2060 = LINE ( 'NONE', #2064, #2063 ) ;
#2061 = CARTESIAN_POINT ( 'NONE',  ( 0.0000000000000000000, 0.5024999999999988400, 0.05600000000000000800 ) ) ;
#2062 = DIRECTION ( 'NONE',  ( 0.0000000000000000000, -0.9072338509570867500, 0.4206266036255604800 ) ) ;
#2063 = VECTOR ( 'NONE', #2062, 39.37007874015748900 ) ;
#2064 = CARTESIAN_POINT ( 'NONE',  ( 0.0000000000000000000, 0.02049999999999999400, 0.05344999999999999800 ) ) ;
#2065 = CARTESIAN_POINT ( 'NONE',  ( -0.04849742261192856200, 0.4920833333333322600, 0.02800000000000000800 ) ) ;
#2066 = CARTESIAN_POINT ( 'NONE',  ( 0.04849742261192855500, 0.4983333333333322400, -0.02800000000000002800 ) ) ;
#2067 = CARTESIAN_POINT ( 'NONE',  ( 0.06466323014923809600, 0.4993749999999988500, -1.187805037491535100E-017 ) ) ;
#2068 = CARTESIAN_POINT ( 'NONE',  ( -0.04849742261192856200, 0.4795833333333322500, 0.02800000000000000800 ) ) ;
#2069 = CARTESIAN_POINT ( 'NONE',  ( 0.0000000000000000000, 0.4899999999999988800, 0.05600000000000000800 ) ) ;
#2070 = CARTESIAN_POINT ( 'NONE',  ( 0.03233161507461902700, 0.4972916666666655800, -0.05600000000000000100 ) ) ;
#2071 = CARTESIAN_POINT ( 'NONE',  ( -6.857795581405312900E-018, 0.4962499999999989100, -0.05600000000000000800 ) ) ;
#2072 = CARTESIAN_POINT ( 'NONE',  ( -0.03233161507461906900, 0.4827083333333323000, -0.05599999999999998700 ) ) ;
#2073 = CARTESIAN_POINT ( 'NONE',  ( 0.04849742261192855500, 0.4858333333333322300, -0.02800000000000002800 ) ) ;
#2074 = CARTESIAN_POINT ( 'NONE',  ( -0.03233161507461903400, 0.4785416666666655900, 0.05600000000000000100 ) ) ;
#2075 = DIRECTION ( 'NONE',  ( 1.000000000000000000, 0.0000000000000000000, 5.449163256038280800E-013 ) ) ;
#2076 = CARTESIAN_POINT ( 'NONE',  ( -3.051531423381437400E-014, 0.4900000000000000500, 0.05600000000000000800 ) ) ;
#2077 = AXIS2_PLACEMENT_3D ( 'NONE', #2076, #2075, #2083 ) ;
#2078 = PLANE ( 'NONE',  #2077 ) ;
#2079 = CARTESIAN_POINT ( 'NONE',  ( -1.224606353822377300E-016, 0.5000000000000000000, 0.0000000000000000000 ) ) ;
#2080 = CARTESIAN_POINT ( 'NONE',  ( -0.03233161507461903400, 0.4910416666666656000, 0.05600000000000000100 ) ) ;
#2081 = CARTESIAN_POINT ( 'NONE',  ( -6.857795581405312900E-018, 0.4837499999999989000, -0.05600000000000000800 ) ) ;
#2082 = CIRCLE ( 'NONE', #2103, 0.1059999999999999300 ) ;
#2083 = DIRECTION ( 'NONE',  ( 5.449163256038280800E-013, 0.0000000000000000000, -1.000000000000000000 ) ) ;
#2084 = CARTESIAN_POINT ( 'NONE',  ( -0.06466323014923809600, 0.4806249999999990300, 3.959350124971783400E-018 ) ) ;
#2085 = CARTESIAN_POINT ( 'NONE',  ( -0.03233161507461906900, 0.4952083333333322500, -0.05599999999999998700 ) ) ;
#2086 = CARTESIAN_POINT ( 'NONE',  ( -0.06466323014923809600, 0.4931249999999989300, 3.959350124971783400E-018 ) ) ;
#2087 = AXIS2_PLACEMENT_3D ( 'NONE', #2094, #2093, #2092 ) ;
#2088 = FACE_OUTER_BOUND ( 'NONE', #2984, .T. ) ;
#2089 = PLANE ( 'NONE',  #2087 ) ;
#2090 = CARTESIAN_POINT ( 'NONE',  ( -0.05344999999999995600, 0.3126249999999993200, 2.104489833272401100E-016 ) ) ;
#2091 = CARTESIAN_POINT ( 'NONE',  ( -0.05344999999999978900, 0.3120667725157678100, 0.01432188433544419200 ) ) ;
#2092 = DIRECTION ( 'NONE',  ( 1.000000000000000000, 2.449212707644754500E-016, 0.0000000000000000000 ) ) ;
#2093 = DIRECTION ( 'NONE',  ( 2.449212707644754500E-016, -1.000000000000000000, 0.0000000000000000000 ) ) ;
#2094 = CARTESIAN_POINT ( 'NONE',  ( 0.05344999999999999800, 0.5000000000000000000, 0.0000000000000000000 ) ) ;
#2095 = CARTESIAN_POINT ( 'NONE',  ( -0.04849742261192856900, 0.4941666666666655900, -0.02799999999999999000 ) ) ;
#2096 = FACE_OUTER_BOUND ( 'NONE', #3046, .T. ) ;
#2097 = DIRECTION ( 'NONE',  ( 2.292063032988578000E-013, -0.9072338509570872000, -0.4206266036255597000 ) ) ;
#2098 = CARTESIAN_POINT ( 'NONE',  ( 0.06466323014923809600, 0.4868749999999988900, -1.187805037491535100E-017 ) ) ;
#2099 = CARTESIAN_POINT ( 'NONE',  ( 0.03233161507461907600, 0.4889583333333322200, 0.05599999999999998700 ) ) ;
#2100 = FACE_OUTER_BOUND ( 'NONE', #3051, .T. ) ;
#2101 = DIRECTION ( 'NONE',  ( 1.000000000000000000, 0.0000000000000000000, 0.0000000000000000000 ) ) ;
#2102 = DIRECTION ( 'NONE',  ( 2.449212707644754500E-016, -1.000000000000000000, 0.0000000000000000000 ) ) ;
#2103 = AXIS2_PLACEMENT_3D ( 'NONE', #2079, #2102, #2101 ) ;
#2104 = FACE_BOUND ( 'NONE', #2978, .T. ) ;
#2105 = CARTESIAN_POINT ( 'NONE',  ( 0.0000000000000000000, 0.009499999999999994600, 0.05344999999999999800 ) ) ;
#2106 = LINE ( 'NONE', #2105, #2108 ) ;
#2107 = DIRECTION ( 'NONE',  ( 0.0000000000000000000, -0.9072338509570872000, -0.4206266036255597000 ) ) ;
#2108 = VECTOR ( 'NONE', #2107, 39.37007874015748100 ) ;
#2109 = CARTESIAN_POINT ( 'NONE',  ( 0.03233161507461907600, 0.5014583333333322300, 0.05599999999999998700 ) ) ;
#2110 = CARTESIAN_POINT ( 'NONE',  ( 0.04849742261192858900, 0.5004166666666655100, 0.02799999999999996600 ) ) ;
#2111 = VECTOR ( 'NONE', #2097, 39.37007874015748100 ) ;
#2112 = CARTESIAN_POINT ( 'NONE',  ( -2.912577760352460600E-014, 0.4845000000000000400, 0.05344999999999999800 ) ) ;
#2113 = LINE ( 'NONE', #2112, #2111 ) ;
#2114 = CARTESIAN_POINT ( 'NONE',  ( 0.03233161507461902700, 0.4847916666666656200, -0.05600000000000000100 ) ) ;
#2115 = CARTESIAN_POINT ( 'NONE',  ( -1.459915695278813200E-014, 0.4899999999999994400, 0.05600000000000000800 ) ) ;
#2116 = CARTESIAN_POINT ( 'NONE',  ( 0.03233161507461439900, 0.4889583333333325000, 0.05600000000000884100 ) ) ;
#2117 = CARTESIAN_POINT ( 'NONE',  ( 0.04849742261192938700, 0.4879166666666655500, 0.02799999999999857800 ) ) ;
#2118 = CARTESIAN_POINT ( 'NONE',  ( 0.06466323014923808200, 0.4868749999999988400, -1.172186724537297000E-015 ) ) ;
#2119 = CARTESIAN_POINT ( 'NONE',  ( 4.114677348843188200E-017, 0.05249999999999991500, 0.05600000000000000800 ) ) ;
#2120 = CARTESIAN_POINT ( 'NONE',  ( -0.04849742261192908900, 0.4816666666666655800, -0.02799999999999910200 ) ) ;
#2121 = CARTESIAN_POINT ( 'NONE',  ( -7.132866346182266400E-016, 0.4837499999999989000, -0.05600000000000000800 ) ) ;
#2122 = CARTESIAN_POINT ( 'NONE',  ( -0.03233161507462072700, 0.4827083333333322400, -0.05599999999999903000 ) ) ;
#2123 = CARTESIAN_POINT ( 'NONE',  ( 0.04849742261192758300, 0.4858333333333322300, -0.02800000000000171400 ) ) ;
#2124 = CARTESIAN_POINT ( 'NONE',  ( 0.03233161507461770200, 0.4847916666666656200, -0.05600000000000077100 ) ) ;
#2125 = CARTESIAN_POINT ( 'NONE',  ( -0.03233161507461896500, 0.05354166666666658500, 0.05600000000000004300 ) ) ;
#2126 = CARTESIAN_POINT ( 'NONE',  ( -0.04849742261192851300, 0.05458333333333324800, 0.02800000000000009800 ) ) ;
#2127 = CARTESIAN_POINT ( 'NONE',  ( -0.04849742261192865900, 0.05666666666666657400, -0.02799999999999984800 ) ) ;
#2128 = CARTESIAN_POINT ( 'NONE',  ( -0.06466323014923808200, 0.05562499999999991100, 1.663365227579447400E-016 ) ) ;
#2129 = CARTESIAN_POINT ( 'NONE',  ( 0.03233161507461896500, 0.05979166666666656200, -0.05600000000000005700 ) ) ;
#2130 = CARTESIAN_POINT ( 'NONE',  ( -4.800456906983719600E-017, 0.05874999999999990000, -0.05600000000000000800 ) ) ;
#2131 = CARTESIAN_POINT ( 'NONE',  ( -0.03233161507461925600, 0.05770833333333324300, -0.05599999999999987600 ) ) ;
#2132 = CARTESIAN_POINT ( 'NONE',  ( 0.04849742261192851300, 0.06083333333333323200, -0.02800000000000010100 ) ) ;
#2133 = CARTESIAN_POINT ( 'NONE',  ( 0.04849742261192866600, 0.06291666666666656500, 0.02799999999999984100 ) ) ;
#2134 = CARTESIAN_POINT ( 'NONE',  ( 0.06466323014923808200, 0.06187499999999989500, -1.742552230078882700E-016 ) ) ;
#2135 = CARTESIAN_POINT ( 'NONE',  ( 5.486236465124250300E-017, 0.06499999999999989100, 0.05600000000000000800 ) ) ;
#2136 = CARTESIAN_POINT ( 'NONE',  ( 0.03233161507461926300, 0.06395833333333322800, 0.05599999999999987600 ) ) ;
#2137 = CARTESIAN_POINT ( 'NONE',  ( -0.06466323014923808200, 0.06812499999999988000, 1.821739232578318700E-016 ) ) ;
#2138 = CARTESIAN_POINT ( 'NONE',  ( -0.03233161507461895800, 0.06604166666666655400, 0.05600000000000005700 ) ) ;
#2139 = CARTESIAN_POINT ( 'NONE',  ( -0.04849742261192851300, 0.06708333333333321700, 0.02800000000000010800 ) ) ;
#2140 = CARTESIAN_POINT ( 'NONE',  ( -0.03233161507461926300, 0.07020833333333320600, -0.05599999999999987600 ) ) ;
#2141 = CARTESIAN_POINT ( 'NONE',  ( -0.04849742261192866600, 0.06916666666666654300, -0.02799999999999983800 ) ) ;
#2142 = CARTESIAN_POINT ( 'NONE',  ( 0.03233161507461895100, 0.07229166666666654600, -0.05600000000000005700 ) ) ;
#2143 = CARTESIAN_POINT ( 'NONE',  ( 0.04849742261192849900, 0.07333333333333320900, -0.02800000000000011500 ) ) ;
#2144 = CARTESIAN_POINT ( 'NONE',  ( 0.06466323014923808200, 0.07437499999999985800, -1.900926235077754500E-016 ) ) ;
#2145 = CARTESIAN_POINT ( 'NONE',  ( -2.606721262454759000E-016, 0.07124999999999986900, -0.05600000000000000800 ) ) ;
#2146 = CARTESIAN_POINT ( 'NONE',  ( 0.03233161507461927700, 0.07645833333333319800, 0.05599999999999987600 ) ) ;
#2147 = CARTESIAN_POINT ( 'NONE',  ( 0.04849742261192866600, 0.07541666666666653500, 0.02799999999999983100 ) ) ;
#2148 = CARTESIAN_POINT ( 'NONE',  ( -0.06466323014923808200, 0.08062499999999986300, 4.277412660243421400E-016 ) ) ;
#2149 = CARTESIAN_POINT ( 'NONE',  ( -0.04849742261192849900, 0.07958333333333317300, 0.02800000000000012200 ) ) ;
#2150 = CARTESIAN_POINT ( 'NONE',  ( -0.03233161507461894400, 0.07854166666666651000, 0.05600000000000006400 ) ) ;
#2151 = CARTESIAN_POINT ( 'NONE',  ( 2.675299218268812100E-016, 0.07749999999999986100, 0.05600000000000000800 ) ) ;
#2152 = CARTESIAN_POINT ( 'NONE',  ( -0.03233161507461909000, 0.08270833333333317500, -0.05599999999999998700 ) ) ;
#2153 = CARTESIAN_POINT ( 'NONE',  ( -0.04849742261192867300, 0.08166666666666651300, -0.02799999999999982400 ) ) ;
#2154 = CARTESIAN_POINT ( 'NONE',  ( -0.06466323014923808200, 0.04312499999999993400, 1.504991222580576100E-016 ) ) ;
#2155 = CARTESIAN_POINT ( 'NONE',  ( -0.04849742261192852000, 0.04208333333333327100, 0.02800000000000008400 ) ) ;
#2156 = CARTESIAN_POINT ( 'NONE',  ( -2.743877174082865100E-016, 0.08374999999999983800, -0.05600000000000000800 ) ) ;
#2157 = CARTESIAN_POINT ( 'NONE',  ( 0.0000000000000000000, 0.0000000000000000000, 0.0000000000000000000 ) ) ;
#2158 = CYLINDRICAL_SURFACE ( 'NONE', #2173, 0.05345000000000005300 ) ;
#2159 =( BOUNDED_CURVE ( )  B_SPLINE_CURVE ( 2, ( #2171, #2170, #2169, #2168, #2167, #2166, #2165, #2177, #2176 ),
 .UNSPECIFIED., .F., .F. ) 
 B_SPLINE_CURVE_WITH_KNOTS ( ( 3, 2, 2, 2, 3 ),
 ( 0.4935897435897437200, 0.4957264957264958000, 0.5000000000000000000, 0.5042735042735043700, 0.5064102564102565000 ),
 .UNSPECIFIED. ) 
 CURVE ( )  GEOMETRIC_REPRESENTATION_ITEM ( )  RATIONAL_B_SPLINE_CURVE ( ( 0.9330127018922194100, 0.9330127018922219600, 1.000000000000000000, 0.8660254037844387100, 1.000000000000000000, 0.8660254037844387100, 1.000000000000000000, 0.9330127018922194100, 0.9330127018922194100 ) ) 
 REPRESENTATION_ITEM ( '' )  );
#2160 = FACE_OUTER_BOUND ( 'NONE', #2757, .T. ) ;
#2161 = DIRECTION ( 'NONE',  ( 1.000000000000000000, 2.449212707644754500E-016, 0.0000000000000000000 ) ) ;
#2162 = DIRECTION ( 'NONE',  ( 2.449212707644754500E-016, -1.000000000000000000, 0.0000000000000000000 ) ) ;
#2163 = CARTESIAN_POINT ( 'NONE',  ( 0.0000000000000000000, 0.0000000000000000000, 0.0000000000000000000 ) ) ;
#2164 = AXIS2_PLACEMENT_3D ( 'NONE', #2163, #2162, #2161 ) ;
#2165 = CARTESIAN_POINT ( 'NONE',  ( 0.04628905783227779700, 0.2663333333333327600, -0.02672500000000076900 ) ) ;
#2166 = CARTESIAN_POINT ( 'NONE',  ( 0.03085937188818444300, 0.2652916666666660900, -0.05345000000000060100 ) ) ;
#2167 = CARTESIAN_POINT ( 'NONE',  ( -4.451678636179303700E-016, 0.2642499999999994300, -0.05344999999999999800 ) ) ;
#2168 = CARTESIAN_POINT ( 'NONE',  ( -0.03085937188818610100, 0.2632083333333327700, -0.05344999999999964400 ) ) ;
#2169 = CARTESIAN_POINT ( 'NONE',  ( -0.04628905783227862300, 0.2621666666666661000, -0.02672499999999934000 ) ) ;
#2170 = CARTESIAN_POINT ( 'NONE',  ( -0.05344999999999990700, 0.2616832274842310100, -0.01432188433544317800 ) ) ;
#2171 = CARTESIAN_POINT ( 'NONE',  ( -0.05344999999999994200, 0.2611249999999994400, -1.967240496319853200E-016 ) ) ;
#2172 = DIRECTION ( 'NONE',  ( 2.449212707644754500E-016, -1.000000000000000000, 0.0000000000000000000 ) ) ;
#2173 = AXIS2_PLACEMENT_3D ( 'NONE', #2157, #2172, #2190 ) ;
#2174 = CARTESIAN_POINT ( 'NONE',  ( -0.03085937188818558400, 0.05070833333333325100, -0.05344999999999992800 ) ) ;
#2175 = CARTESIAN_POINT ( 'NONE',  ( -0.04628905783227827600, 0.04966666666666659500, -0.02672499999999994300 ) ) ;
#2176 = CARTESIAN_POINT ( 'NONE',  ( 0.05344999999999994200, 0.2673749999999994200, -7.342839526961312800E-016 ) ) ;
#2177 = CARTESIAN_POINT ( 'NONE',  ( 0.05344999999999974800, 0.2668167725157679100, -0.01432188433544431500 ) ) ;
#2178 =( BOUNDED_CURVE ( )  B_SPLINE_CURVE ( 2, ( #2185, #2184, #2183, #2182, #2181, #2180, #2189, #2188, #2187 ),
 .UNSPECIFIED., .F., .T. ) 
 B_SPLINE_CURVE_WITH_KNOTS ( ( 3, 2, 2, 2, 3 ),
 ( 0.4679487179487180600, 0.4700854700854701400, 0.4743589743589743900, 0.4786324786324787100, 0.4807692307692308900 ),
 .UNSPECIFIED. ) 
 CURVE ( )  GEOMETRIC_REPRESENTATION_ITEM ( )  RATIONAL_B_SPLINE_CURVE ( ( 0.9330127018922194100, 0.9330127018922210700, 1.000000000000000000, 0.8660254037844387100, 1.000000000000000000, 0.8660254037844387100, 1.000000000000000000, 0.9330127018922176300, 0.9330127018922194100 ) ) 
 REPRESENTATION_ITEM ( '' )  );
#2179 = FACE_OUTER_BOUND ( 'NONE', #2752, .T. ) ;
#2180 = CARTESIAN_POINT ( 'NONE',  ( 0.03085937188818484200, 0.2527916666666661400, -0.05345000000000037200 ) ) ;
#2181 = CARTESIAN_POINT ( 'NONE',  ( -8.118619139593426700E-016, 0.2517499999999994700, -0.05344999999999999800 ) ) ;
#2182 = CARTESIAN_POINT ( 'NONE',  ( -0.03085937188818645800, 0.2507083333333328100, -0.05344999999999943500 ) ) ;
#2183 = CARTESIAN_POINT ( 'NONE',  ( -0.04628905783227842800, 0.2496666666666661500, -0.02672499999999968300 ) ) ;
#2184 = CARTESIAN_POINT ( 'NONE',  ( -0.05344999999999989300, 0.2491832274842310000, -0.01432188433544340600 ) ) ;
#2185 = CARTESIAN_POINT ( 'NONE',  ( -0.05344999999999994200, 0.2486249999999995400, -2.218864280732857500E-016 ) ) ;
#2186 = CYLINDRICAL_SURFACE ( 'NONE', #2164, 0.05345000000000005300 ) ;
#2187 = CARTESIAN_POINT ( 'NONE',  ( 0.05345000000000005300, 0.2548749999999994600, 2.287488949209131700E-016 ) ) ;
#2188 = CARTESIAN_POINT ( 'NONE',  ( 0.05345000000000006000, 0.2543167725157679500, -0.01432188433544357600 ) ) ;
#2189 = CARTESIAN_POINT ( 'NONE',  ( 0.04628905783227799100, 0.2538333333333328000, -0.02672500000000042900 ) ) ;
#2190 = DIRECTION ( 'NONE',  ( 1.000000000000000000, 2.449212707644754500E-016, 0.0000000000000000000 ) ) ;
#2191 = CARTESIAN_POINT ( 'NONE',  ( -1.046558971212405100E-016, 0.3017499999999993500, -0.05344999999999999800 ) ) ;
#2192 = CARTESIAN_POINT ( 'NONE',  ( -0.03085937188818651400, 0.3007083333333327400, -0.05344999999999940100 ) ) ;
#2193 = CARTESIAN_POINT ( 'NONE',  ( -0.04628905783227845600, 0.2996666666666660300, -0.02672499999999963400 ) ) ;
#2194 = CARTESIAN_POINT ( 'NONE',  ( -0.05344999999999971300, 0.2991832274842308700, -0.01432188433544328600 ) ) ;
#2195 = CARTESIAN_POINT ( 'NONE',  ( -0.05344999999999994200, 0.2986249999999994200, -5.032475688260089000E-016 ) ) ;
#2196 = CARTESIAN_POINT ( 'NONE',  ( -0.05344999999999971300, 0.2881832274842309200, -0.01432188433544328600 ) ) ;
#2197 = CARTESIAN_POINT ( 'NONE',  ( -0.05344999999999994200, 0.2876249999999994100, -5.032475688260089000E-016 ) ) ;
#2198 = CARTESIAN_POINT ( 'NONE',  ( 0.04849742261192870700, 0.3254166666666659100, 0.02799999999999976800 ) ) ;
#2199 = CARTESIAN_POINT ( 'NONE',  ( -2.618932767048734200E-016, 0.07824999999999984700, -0.05344999999999999800 ) ) ;
#2200 =( BOUNDED_CURVE ( )  B_SPLINE_CURVE ( 2, ( #2242, #2241, #2175, #2174, #2273, #2272, #2277, #2276, #2275 ),
 .UNSPECIFIED., .F., .T. ) 
 B_SPLINE_CURVE_WITH_KNOTS ( ( 3, 2, 2, 2, 3 ),
 ( 0.05769230769230770900, 0.05982905982905983900, 0.06410256410256411100, 0.06837606837606838300, 0.07051282051282052600 ),
 .UNSPECIFIED. ) 
 CURVE ( )  GEOMETRIC_REPRESENTATION_ITEM ( )  RATIONAL_B_SPLINE_CURVE ( ( 0.9330127018922193000, 0.9330127018922196300, 1.000000000000000000, 0.8660254037844387100, 1.000000000000000000, 0.8660254037844387100, 1.000000000000000000, 0.9330127018922191900, 0.9330127018922194100 ) ) 
 REPRESENTATION_ITEM ( '' )  );
#2201 =( BOUNDED_CURVE ( )  B_SPLINE_CURVE ( 2, ( #2417, #2416, #2415, #2414, #2199, #2388, #2387, #2386, #2407 ),
 .UNSPECIFIED., .F., .T. ) 
 B_SPLINE_CURVE_WITH_KNOTS ( ( 3, 2, 2, 2, 3 ),
 ( 0.1346153846153846400, 0.1367521367521367700, 0.1410256410256410500, 0.1452991452991453100, 0.1474358974358974700 ),
 .UNSPECIFIED. ) 
 CURVE ( )  GEOMETRIC_REPRESENTATION_ITEM ( )  RATIONAL_B_SPLINE_CURVE ( ( 0.9330127018922194100, 0.9330127018922198500, 1.000000000000000000, 0.8660254037844387100, 1.000000000000000000, 0.8660254037844387100, 1.000000000000000000, 0.9330127018922189700, 0.9330127018922194100 ) ) 
 REPRESENTATION_ITEM ( '' )  );
#2202 = CARTESIAN_POINT ( 'NONE',  ( 0.05344999999999994200, 0.3173749999999994600, 2.939423299733734000E-016 ) ) ;
#2203 = CARTESIAN_POINT ( 'NONE',  ( 0.05345000000000014300, 0.3168167725157679000, -0.01432188433544408400 ) ) ;
#2204 = CARTESIAN_POINT ( 'NONE',  ( 0.04628905783227776900, 0.3163333333333326900, -0.02672500000000081800 ) ) ;
#2205 = CARTESIAN_POINT ( 'NONE',  ( 0.03085937188818515700, 0.3152916666666659700, -0.05345000000000018500 ) ) ;
#2206 = CARTESIAN_POINT ( 'NONE',  ( -1.257102215834922300E-015, 0.3142499999999993100, -0.05344999999999999800 ) ) ;
#2207 = CARTESIAN_POINT ( 'NONE',  ( -0.03085937188818614600, 0.3132083333333326400, -0.05344999999999962300 ) ) ;
#2208 = CARTESIAN_POINT ( 'NONE',  ( -0.04628905783227902500, 0.3121666666666659800, -0.02672499999999863500 ) ) ;
#2209 =( BOUNDED_CURVE ( )  B_SPLINE_CURVE ( 2, ( #2197, #2196, #2222, #2221, #2220, #2219, #2218, #2217, #2216 ),
 .UNSPECIFIED., .F., .T. ) 
 B_SPLINE_CURVE_WITH_KNOTS ( ( 3, 2, 2, 2, 3 ),
 ( 0.5705128205128207100, 0.5726495726495727200, 0.5769230769230769800, 0.5811965811965812400, 0.5833333333333334800 ),
 .UNSPECIFIED. ) 
 CURVE ( )  GEOMETRIC_REPRESENTATION_ITEM ( )  RATIONAL_B_SPLINE_CURVE ( ( 0.9330127018922194100, 0.9330127018922228500, 1.000000000000000000, 0.8660254037844387100, 1.000000000000000000, 0.8660254037844387100, 1.000000000000000000, 0.9330127018922158600, 0.9330127018922194100 ) ) 
 REPRESENTATION_ITEM ( '' )  );
#2210 = CYLINDRICAL_SURFACE ( 'NONE', #2236, 0.05345000000000005300 ) ;
#2211 = FACE_OUTER_BOUND ( 'NONE', #2764, .T. ) ;
#2212 =( BOUNDED_CURVE ( )  B_SPLINE_CURVE ( 2, ( #2195, #2194, #2193, #2192, #2191, #2240, #2239, #2238, #2237 ),
 .UNSPECIFIED., .F., .T. ) 
 B_SPLINE_CURVE_WITH_KNOTS ( ( 3, 2, 2, 2, 3 ),
 ( 0.5705128205128207100, 0.5726495726495727200, 0.5769230769230769800, 0.5811965811965812400, 0.5833333333333334800 ),
 .UNSPECIFIED. ) 
 CURVE ( )  GEOMETRIC_REPRESENTATION_ITEM ( )  RATIONAL_B_SPLINE_CURVE ( ( 0.9330127018922194100, 0.9330127018922228500, 1.000000000000000000, 0.8660254037844387100, 1.000000000000000000, 0.8660254037844387100, 1.000000000000000000, 0.9330127018922158600, 0.9330127018922194100 ) ) 
 REPRESENTATION_ITEM ( '' )  );
#2213 = CARTESIAN_POINT ( 'NONE',  ( -0.05345000000000019900, 0.2756832274842309100, -0.01432188433544304500 ) ) ;
#2214 = CARTESIAN_POINT ( 'NONE',  ( -0.05344999999999994200, 0.2751249999999994000, 5.364161585895414000E-016 ) ) ;
#2215 =( BOUNDED_CURVE ( )  B_SPLINE_CURVE ( 2, ( #2214, #2213, #2232, #2231, #2230, #2229, #2228, #2227, #2226 ),
 .UNSPECIFIED., .F., .T. ) 
 B_SPLINE_CURVE_WITH_KNOTS ( ( 3, 2, 2, 2, 3 ),
 ( 0.5448717948717949300, 0.5470085470085470600, 0.5512820512820513200, 0.5555555555555555800, 0.5576923076923078200 ),
 .UNSPECIFIED. ) 
 CURVE ( )  GEOMETRIC_REPRESENTATION_ITEM ( )  RATIONAL_B_SPLINE_CURVE ( ( 0.9330127018922194100, 0.9330127018922194100, 1.000000000000000000, 0.8660254037844387100, 1.000000000000000000, 0.8660254037844387100, 1.000000000000000000, 0.9330127018922158600, 0.9330127018922194100 ) ) 
 REPRESENTATION_ITEM ( '' )  );
#2216 = CARTESIAN_POINT ( 'NONE',  ( 0.05344999999999994200, 0.2938749999999993900, 7.411464195437586200E-016 ) ) ;
#2217 = CARTESIAN_POINT ( 'NONE',  ( 0.05345000000000003900, 0.2933167725157678200, -0.01432188433544363600 ) ) ;
#2218 = CARTESIAN_POINT ( 'NONE',  ( 0.04628905783227758200, 0.2928333333333326700, -0.02672500000000113300 ) ) ;
#2219 = CARTESIAN_POINT ( 'NONE',  ( 0.03085937188818479000, 0.2917916666666660100, -0.05345000000000040000 ) ) ;
#2220 = CARTESIAN_POINT ( 'NONE',  ( -1.046558971212405100E-016, 0.2907499999999993400, -0.05344999999999999800 ) ) ;
#2221 = CARTESIAN_POINT ( 'NONE',  ( -0.03085937188818651400, 0.2897083333333326800, -0.05344999999999940100 ) ) ;
#2222 = CARTESIAN_POINT ( 'NONE',  ( -0.04628905783227845600, 0.2886666666666660200, -0.02672499999999963400 ) ) ;
#2223 = CARTESIAN_POINT ( 'NONE',  ( -0.05345000000000001800, 0.3116832274842308300, -0.01432188433544294900 ) ) ;
#2224 = CARTESIAN_POINT ( 'NONE',  ( -0.05345000000000015700, 0.3111249999999993200, -5.181162469958682900E-016 ) ) ;
#2225 =( BOUNDED_CURVE ( )  B_SPLINE_CURVE ( 2, ( #2224, #2223, #2208, #2207, #2206, #2205, #2204, #2203, #2202 ),
 .UNSPECIFIED., .F., .T. ) 
 B_SPLINE_CURVE_WITH_KNOTS ( ( 3, 2, 2, 2, 3 ),
 ( 0.5961538461538463700, 0.5982905982905983900, 0.6025641025641026400, 0.6068376068376069000, 0.6089743589743591400 ),
 .UNSPECIFIED. ) 
 CURVE ( )  GEOMETRIC_REPRESENTATION_ITEM ( )  RATIONAL_B_SPLINE_CURVE ( ( 0.9330127018922194100, 0.9330127018922228500, 1.000000000000000000, 0.8660254037844387100, 1.000000000000000000, 0.8660254037844387100, 1.000000000000000000, 0.9330127018922158600, 0.9330127018922194100 ) ) 
 REPRESENTATION_ITEM ( '' )  );
#2226 = CARTESIAN_POINT ( 'NONE',  ( 0.05345000000000015700, 0.2813749999999993800, 7.262777413738992400E-016 ) ) ;
#2227 = CARTESIAN_POINT ( 'NONE',  ( 0.05345000000000034400, 0.2808167725157678700, -0.01432188433544329500 ) ) ;
#2228 = CARTESIAN_POINT ( 'NONE',  ( 0.04628905783227816500, 0.2803333333333327100, -0.02672500000000013400 ) ) ;
#2229 = CARTESIAN_POINT ( 'NONE',  ( 0.03085937188818441800, 0.2792916666666660500, -0.05345000000000060800 ) ) ;
#2230 = CARTESIAN_POINT ( 'NONE',  ( -4.713499474626528300E-016, 0.2782499999999993900, -0.05344999999999999800 ) ) ;
#2231 = CARTESIAN_POINT ( 'NONE',  ( -0.03085937188818688500, 0.2772083333333327200, -0.05344999999999919300 ) ) ;
#2232 = CARTESIAN_POINT ( 'NONE',  ( -0.04628905783227863600, 0.2761666666666660600, -0.02672499999999931900 ) ) ;
#2233 = DIRECTION ( 'NONE',  ( 1.000000000000000000, 2.449212707644754500E-016, 0.0000000000000000000 ) ) ;
#2234 = DIRECTION ( 'NONE',  ( 2.449212707644754500E-016, -1.000000000000000000, 0.0000000000000000000 ) ) ;
#2235 = CARTESIAN_POINT ( 'NONE',  ( 0.0000000000000000000, 0.0000000000000000000, 0.0000000000000000000 ) ) ;
#2236 = AXIS2_PLACEMENT_3D ( 'NONE', #2235, #2234, #2233 ) ;
#2237 = CARTESIAN_POINT ( 'NONE',  ( 0.05344999999999994200, 0.3048749999999994000, 7.411464195437586200E-016 ) ) ;
#2238 = CARTESIAN_POINT ( 'NONE',  ( 0.05345000000000003900, 0.3043167725157678300, -0.01432188433544363600 ) ) ;
#2239 = CARTESIAN_POINT ( 'NONE',  ( 0.04628905783227758200, 0.3038333333333326800, -0.02672500000000113300 ) ) ;
#2240 = CARTESIAN_POINT ( 'NONE',  ( 0.03085937188818479000, 0.3027916666666660200, -0.05345000000000040000 ) ) ;
#2241 = CARTESIAN_POINT ( 'NONE',  ( -0.05344999999999997000, 0.04918322748423143600, -0.01432188433544347900 ) ) ;
#2242 = CARTESIAN_POINT ( 'NONE',  ( -0.05344999999999999100, 0.04862499999999993200, -4.003105661115980100E-017 ) ) ;
#2243 = CARTESIAN_POINT ( 'NONE',  ( -0.05345000000000015700, 0.3001249999999994200, -5.181162469958682900E-016 ) ) ;
#2244 = CARTESIAN_POINT ( 'NONE',  ( -0.05345000000000015000, 0.3611249999999993600, -4.666477456386628800E-016 ) ) ;
#2245 = CARTESIAN_POINT ( 'NONE',  ( -0.05345000000000027500, 0.3605667725157678000, 0.01432188433544355800 ) ) ;
#2246 = CARTESIAN_POINT ( 'NONE',  ( -0.04628905783227803300, 0.3600833333333326400, 0.02672500000000036000 ) ) ;
#2247 = CARTESIAN_POINT ( 'NONE',  ( -0.03085937188818415800, 0.3590416666666659800, 0.05345000000000075400 ) ) ;
#2248 = CARTESIAN_POINT ( 'NONE',  ( 7.332432241675262000E-016, 0.3579999999999993200, 0.05344999999999999800 ) ) ;
#2249 = CARTESIAN_POINT ( 'NONE',  ( 0.03085937188818714500, 0.3569583333333326600, 0.05344999999999904700 ) ) ;
#2250 = CARTESIAN_POINT ( 'NONE',  ( 0.04628905783227876100, 0.3559166666666658300, 0.02672499999999909000 ) ) ;
#2251 = CARTESIAN_POINT ( 'NONE',  ( 0.05345000000000005300, 0.3554332274842307300, 0.01432188433544312800 ) ) ;
#2252 =( BOUNDED_CURVE ( )  B_SPLINE_CURVE ( 2, ( #2243, #2256, #2255, #2254, #2291, #2290, #2289, #2288, #2287 ),
 .UNSPECIFIED., .F., .T. ) 
 B_SPLINE_CURVE_WITH_KNOTS ( ( 3, 2, 2, 2, 3 ),
 ( 0.5961538461538463700, 0.5982905982905983900, 0.6025641025641026400, 0.6068376068376069000, 0.6089743589743591400 ),
 .UNSPECIFIED. ) 
 CURVE ( )  GEOMETRIC_REPRESENTATION_ITEM ( )  RATIONAL_B_SPLINE_CURVE ( ( 0.9330127018922194100, 0.9330127018922228500, 1.000000000000000000, 0.8660254037844387100, 1.000000000000000000, 0.8660254037844387100, 1.000000000000000000, 0.9330127018922158600, 0.9330127018922194100 ) ) 
 REPRESENTATION_ITEM ( '' )  );
#2253 = CARTESIAN_POINT ( 'NONE',  ( 0.0000000000000000000, 0.0000000000000000000, 0.0000000000000000000 ) ) ;
#2254 = CARTESIAN_POINT ( 'NONE',  ( -0.03085937188818614600, 0.3022083333333326300, -0.05344999999999962300 ) ) ;
#2255 = CARTESIAN_POINT ( 'NONE',  ( -0.04628905783227902500, 0.3011666666666659700, -0.02672499999999863500 ) ) ;
#2256 = CARTESIAN_POINT ( 'NONE',  ( -0.05345000000000001800, 0.3006832274842308700, -0.01432188433544294900 ) ) ;
#2257 = CARTESIAN_POINT ( 'NONE',  ( -0.03085937188818599400, 0.1632083333333330400, -0.05344999999999969900 ) ) ;
#2258 = CARTESIAN_POINT ( 'NONE',  ( -0.04628905783227856700, 0.1621666666666663200, -0.02672499999999943000 ) ) ;
#2259 = CARTESIAN_POINT ( 'NONE',  ( -0.05345000000000016400, 0.1616832274842311700, -0.01432188433544317500 ) ) ;
#2260 = CARTESIAN_POINT ( 'NONE',  ( -0.05345000000000005300, 0.1611249999999996600, 2.287488949209131700E-016 ) ) ;
#2261 =( BOUNDED_CURVE ( )  B_SPLINE_CURVE ( 2, ( #2260, #2259, #2258, #2257, #2319, #2318, #2317, #2316, #2315 ),
 .UNSPECIFIED., .F., .T. ) 
 B_SPLINE_CURVE_WITH_KNOTS ( ( 3, 2, 2, 2, 3 ),
 ( 0.2884615384615384900, 0.2905982905982906200, 0.2948717948717948800, 0.2991452991452991900, 0.3012820512820513800 ),
 .UNSPECIFIED. ) 
 CURVE ( )  GEOMETRIC_REPRESENTATION_ITEM ( )  RATIONAL_B_SPLINE_CURVE ( ( 0.9330127018922194100, 0.9330127018922194100, 1.000000000000000000, 0.8660254037844387100, 1.000000000000000000, 0.8660254037844387100, 1.000000000000000000, 0.9330127018922176300, 0.9330127018922194100 ) ) 
 REPRESENTATION_ITEM ( '' )  );
#2262 = CARTESIAN_POINT ( 'NONE',  ( -0.03085937188818573000, 0.2757083333333327200, -0.05344999999999986600 ) ) ;
#2263 = CARTESIAN_POINT ( 'NONE',  ( -0.04628905783227843500, 0.2746666666666661100, -0.02672499999999965500 ) ) ;
#2264 = CARTESIAN_POINT ( 'NONE',  ( -0.05345000000000008800, 0.2741832274842309100, -0.01432188433544302900 ) ) ;
#2265 = CYLINDRICAL_SURFACE ( 'NONE', #2372, 0.05345000000000005300 ) ;
#2266 = FACE_OUTER_BOUND ( 'NONE', #2784, .T. ) ;
#2267 = CARTESIAN_POINT ( 'NONE',  ( 0.05344999999999994200, 0.3548749999999991600, -5.261224583181003300E-017 ) ) ;
#2268 = DIRECTION ( 'NONE',  ( 2.449212707644754500E-016, -1.000000000000000000, 0.0000000000000000000 ) ) ;
#2269 = VECTOR ( 'NONE', #2268, 39.37007874015748100 ) ;
#2270 = CARTESIAN_POINT ( 'NONE',  ( -0.05345000000000005300, -1.309104192236122700E-017, 6.545520961180613300E-018 ) ) ;
#2271 = CYLINDRICAL_SURFACE ( 'NONE', #2293, 0.05345000000000005300 ) ;
#2272 = CARTESIAN_POINT ( 'NONE',  ( 0.03085937188818542500, 0.05279166666666658400, -0.05345000000000003200 ) ) ;
#2273 = CARTESIAN_POINT ( 'NONE',  ( -1.276738778718464000E-016, 0.05174999999999992100, -0.05344999999999999800 ) ) ;
#2274 = CARTESIAN_POINT ( 'NONE',  ( 0.03233161507461995700, 0.3264583333333325700, 0.05599999999999946700 ) ) ;
#2275 = CARTESIAN_POINT ( 'NONE',  ( 0.05345000000000000400, 0.05487499999999993100, -3.659982318734610600E-017 ) ) ;
#2276 = CARTESIAN_POINT ( 'NONE',  ( 0.05344999999999999800, 0.05431677251576841300, -0.01432188433544357600 ) ) ;
#2277 = CARTESIAN_POINT ( 'NONE',  ( 0.04628905783227819200, 0.05383333333333325400, -0.02672500000000007900 ) ) ;
#2278 = CARTESIAN_POINT ( 'NONE',  ( 0.05344999999999995600, 0.4813749999999990000, 1.658429488176620400E-016 ) ) ;
#2279 = CARTESIAN_POINT ( 'NONE',  ( 0.05344999999999988600, 0.4808167725157673200, -0.01432188433544421100 ) ) ;
#2280 = CARTESIAN_POINT ( 'NONE',  ( 0.04628905783227730400, 0.4803333333333322200, -0.02672500000000162900 ) ) ;
#2281 = CARTESIAN_POINT ( 'NONE',  ( 0.03085937188818421000, 0.4792916666666655100, -0.05345000000000073300 ) ) ;
#2282 = CARTESIAN_POINT ( 'NONE',  ( -6.808066182204322800E-016, 0.4782499999999989000, -0.05344999999999999800 ) ) ;
#2283 = CARTESIAN_POINT ( 'NONE',  ( -0.03085937188818708600, 0.4772083333333322400, -0.05344999999999907500 ) ) ;
#2284 = CARTESIAN_POINT ( 'NONE',  ( -0.04628905783227873400, 0.4761666666666655700, -0.02672499999999913500 ) ) ;
#2285 = CARTESIAN_POINT ( 'NONE',  ( -0.05344999999999966400, 0.4756832274842304800, -0.01432188433544305500 ) ) ;
#2286 = CARTESIAN_POINT ( 'NONE',  ( -0.05344999999999994900, 0.4751249999999990200, -6.725217510674847100E-016 ) ) ;
#2287 = CARTESIAN_POINT ( 'NONE',  ( 0.05344999999999994200, 0.3063749999999994000, 2.939423299733734000E-016 ) ) ;
#2288 = CARTESIAN_POINT ( 'NONE',  ( 0.05345000000000014300, 0.3058167725157678300, -0.01432188433544408400 ) ) ;
#2289 = CARTESIAN_POINT ( 'NONE',  ( 0.04628905783227776900, 0.3053333333333326800, -0.02672500000000081800 ) ) ;
#2290 = CARTESIAN_POINT ( 'NONE',  ( 0.03085937188818515700, 0.3042916666666659600, -0.05345000000000018500 ) ) ;
#2291 = CARTESIAN_POINT ( 'NONE',  ( -1.257102215834922300E-015, 0.3032499999999993000, -0.05344999999999999800 ) ) ;
#2292 = DIRECTION ( 'NONE',  ( 1.000000000000000000, 2.449212707644754500E-016, 0.0000000000000000000 ) ) ;
#2293 = AXIS2_PLACEMENT_3D ( 'NONE', #2253, #2385, #2292 ) ;
#2294 = FACE_OUTER_BOUND ( 'NONE', #2604, .T. ) ;
#2295 = DIRECTION ( 'NONE',  ( 1.000000000000000000, 2.449212707644754500E-016, 0.0000000000000000000 ) ) ;
#2296 = DIRECTION ( 'NONE',  ( 2.449212707644754500E-016, -1.000000000000000000, 0.0000000000000000000 ) ) ;
#2297 = CARTESIAN_POINT ( 'NONE',  ( 0.0000000000000000000, 0.0000000000000000000, 0.0000000000000000000 ) ) ;
#2298 = AXIS2_PLACEMENT_3D ( 'NONE', #2297, #2296, #2295 ) ;
#2299 = CARTESIAN_POINT ( 'NONE',  ( 0.05344999999999995600, 0.4548749999999991400, 5.833096820483286800E-016 ) ) ;
#2300 = CARTESIAN_POINT ( 'NONE',  ( 0.05345000000000000400, 0.4543167725157675800, -0.01432188433544379400 ) ) ;
#2301 = CARTESIAN_POINT ( 'NONE',  ( 0.04628905783227750500, 0.4538333333333324200, -0.02672500000000126900 ) ) ;
#2302 = CARTESIAN_POINT ( 'NONE',  ( 0.03085937188818462300, 0.4527916666666658200, -0.05345000000000049000 ) ) ;
#2303 = CARTESIAN_POINT ( 'NONE',  ( -0.05344999999999995600, 0.4626249999999990600, -3.740044431956930300E-016 ) ) ;
#2304 = DIRECTION ( 'NONE',  ( -0.1391731009600709100, -0.9902680687415695800, 1.704322637168663300E-017 ) ) ;
#2305 = VECTOR ( 'NONE', #2304, 39.37007874015748100 ) ;
#2306 = CARTESIAN_POINT ( 'NONE',  ( -0.1060000000000000400, 0.5000000000000000000, 1.298082735051719000E-017 ) ) ;
#2307 = LINE ( 'NONE', #2306, #2305 ) ;
#2308 = CARTESIAN_POINT ( 'NONE',  ( -0.1000588100200513200, 0.5422737632982581600, 1.225326545064608200E-017 ) ) ;
#2309 = CARTESIAN_POINT ( 'NONE',  ( 0.1000588100200510600, 0.5422737632982581600, 0.0000000000000000000 ) ) ;
#2310 = DIRECTION ( 'NONE',  ( 1.000000000000000000, 0.0000000000000000000, 0.0000000000000000000 ) ) ;
#2311 = DIRECTION ( 'NONE',  ( 2.449212707644754500E-016, -1.000000000000000000, 0.0000000000000000000 ) ) ;
#2312 = CARTESIAN_POINT ( 'NONE',  ( -1.328143792092437700E-016, 0.5422737632982581600, 0.0000000000000000000 ) ) ;
#2313 = AXIS2_PLACEMENT_3D ( 'NONE', #2312, #2311, #2310 ) ;
#2314 = CIRCLE ( 'NONE', #2313, 0.1000588100200511500 ) ;
#2315 = CARTESIAN_POINT ( 'NONE',  ( 0.05344999999999994200, 0.1673749999999996600, 1.166619364096657200E-016 ) ) ;
#2316 = CARTESIAN_POINT ( 'NONE',  ( 0.05344999999999997700, 0.1668167725157681800, -0.01432188433544386200 ) ) ;
#2317 = CARTESIAN_POINT ( 'NONE',  ( 0.04628905783227784500, 0.1663333333333330000, -0.02672500000000068200 ) ) ;
#2318 = CARTESIAN_POINT ( 'NONE',  ( 0.03085937188818531000, 0.1652916666666663400, -0.05345000000000010900 ) ) ;
#2319 = CARTESIAN_POINT ( 'NONE',  ( -3.404395282390406900E-016, 0.1642499999999997000, -0.05344999999999999800 ) ) ;
#2320 = CARTESIAN_POINT ( 'NONE',  ( 1.990417878260097900E-015, 0.4704999999999989700, 0.05344999999999999800 ) ) ;
#2321 = CARTESIAN_POINT ( 'NONE',  ( 0.03085937188818688500, 0.4694583333333322600, 0.05344999999999919300 ) ) ;
#2322 = CARTESIAN_POINT ( 'NONE',  ( 0.04628905783227863600, 0.4684166666666656500, 0.02672499999999931900 ) ) ;
#2323 = CARTESIAN_POINT ( 'NONE',  ( 0.05344999999999979600, 0.4679332274842305000, 0.01432188433544292200 ) ) ;
#2324 = CARTESIAN_POINT ( 'NONE',  ( 0.05344999999999994200, 0.4673749999999990400, 1.361055924779433400E-016 ) ) ;
#2325 =( BOUNDED_CURVE ( )  B_SPLINE_CURVE ( 2, ( #2324, #2323, #2322, #2321, #2320, #2349, #2348, #2347, #2346 ),
 .UNSPECIFIED., .F., .T. ) 
 B_SPLINE_CURVE_WITH_KNOTS ( ( 3, 2, 2, 2, 3 ),
 ( 0.9166666666666668500, 0.9188034188034188700, 0.9230769230769231300, 0.9273504273504275000, 0.9294871794871797400 ),
 .UNSPECIFIED. ) 
 CURVE ( )  GEOMETRIC_REPRESENTATION_ITEM ( )  RATIONAL_B_SPLINE_CURVE ( ( 0.9330127018922194100, 0.9330127018922228500, 1.000000000000000000, 0.8660254037844387100, 1.000000000000000000, 0.8660254037844387100, 1.000000000000000000, 0.9330127018922158600, 0.9330127018922194100 ) ) 
 REPRESENTATION_ITEM ( '' )  );
#2326 = DIRECTION ( 'NONE',  ( 2.449212707644754500E-016, -1.000000000000000000, 0.0000000000000000000 ) ) ;
#2327 = VECTOR ( 'NONE', #2326, 39.37007874015748100 ) ;
#2328 = CARTESIAN_POINT ( 'NONE',  ( -0.05345000000000005300, -1.309104192236122700E-017, 6.545520961180613300E-018 ) ) ;
#2329 = LINE ( 'NONE', #2328, #2327 ) ;
#2330 =( BOUNDED_CURVE ( )  B_SPLINE_CURVE ( 2, ( #2332, #2251, #2250, #2249, #2248, #2247, #2246, #2245, #2244 ),
 .UNSPECIFIED., .F., .T. ) 
 B_SPLINE_CURVE_WITH_KNOTS ( ( 3, 2, 2, 2, 3 ),
 ( 0.6858974358974360100, 0.6880341880341881400, 0.6923076923076924000, 0.6965811965811966600, 0.6987179487179489000 ),
 .UNSPECIFIED. ) 
 CURVE ( )  GEOMETRIC_REPRESENTATION_ITEM ( )  RATIONAL_B_SPLINE_CURVE ( ( 0.9330127018922194100, 0.9330127018922210700, 1.000000000000000000, 0.8660254037844387100, 1.000000000000000000, 0.8660254037844387100, 1.000000000000000000, 0.9330127018922158600, 0.9330127018922194100 ) ) 
 REPRESENTATION_ITEM ( '' )  );
#2331 = LINE ( 'NONE', #2270, #2269 ) ;
#2332 = CARTESIAN_POINT ( 'NONE',  ( 0.05344999999999994200, 0.3548749999999991600, -5.261224583181002700E-017 ) ) ;
#2333 = CARTESIAN_POINT ( 'NONE',  ( -0.05344999999999995600, 0.4626249999999990600, -3.740044431956930300E-016 ) ) ;
#2334 = CARTESIAN_POINT ( 'NONE',  ( -0.05344999999999994200, 0.4620667725157675000, 0.01432188433544400600 ) ) ;
#2335 = CARTESIAN_POINT ( 'NONE',  ( -0.04628905783227740100, 0.4615833333333322900, 0.02672500000000145200 ) ) ;
#2336 = CARTESIAN_POINT ( 'NONE',  ( -0.03085937188818441800, 0.4605416666666656300, 0.05345000000000060800 ) ) ;
#2337 = CARTESIAN_POINT ( 'NONE',  ( 1.990417878260097900E-015, 0.4594999999999989600, 0.05344999999999999800 ) ) ;
#2338 = CARTESIAN_POINT ( 'NONE',  ( 0.03085937188818688500, 0.4584583333333323000, 0.05344999999999919300 ) ) ;
#2339 = CARTESIAN_POINT ( 'NONE',  ( 0.04628905783227863600, 0.4574166666666656400, 0.02672499999999931900 ) ) ;
#2340 = CARTESIAN_POINT ( 'NONE',  ( 0.05344999999999979600, 0.4569332274842304900, 0.01432188433544292200 ) ) ;
#2341 = CARTESIAN_POINT ( 'NONE',  ( 0.05344999999999994200, 0.4563749999999990300, 1.361055924779433400E-016 ) ) ;
#2342 = CARTESIAN_POINT ( 'NONE',  ( 0.05344999999999994200, 0.4563749999999990300, 1.361055924779433400E-016 ) ) ;
#2343 = CARTESIAN_POINT ( 'NONE',  ( -0.05344999999999994200, 0.4611249999999991200, -8.006211322231960300E-018 ) ) ;
#2344 =( BOUNDED_CURVE ( )  B_SPLINE_CURVE ( 2, ( #2341, #2340, #2339, #2338, #2337, #2336, #2335, #2334, #2333 ),
 .UNSPECIFIED., .F., .T. ) 
 B_SPLINE_CURVE_WITH_KNOTS ( ( 3, 2, 2, 2, 3 ),
 ( 0.9166666666666668500, 0.9188034188034188700, 0.9230769230769231300, 0.9273504273504275000, 0.9294871794871797400 ),
 .UNSPECIFIED. ) 
 CURVE ( )  GEOMETRIC_REPRESENTATION_ITEM ( )  RATIONAL_B_SPLINE_CURVE ( ( 0.9330127018922194100, 0.9330127018922228500, 1.000000000000000000, 0.8660254037844387100, 1.000000000000000000, 0.8660254037844387100, 1.000000000000000000, 0.9330127018922158600, 0.9330127018922194100 ) ) 
 REPRESENTATION_ITEM ( '' )  );
#2345 =( BOUNDED_CURVE ( )  B_SPLINE_CURVE ( 2, ( #2286, #2285, #2284, #2283, #2282, #2281, #2280, #2279, #2278 ),
 .UNSPECIFIED., .F., .T. ) 
 B_SPLINE_CURVE_WITH_KNOTS ( ( 3, 2, 2, 2, 3 ),
 ( 0.9551282051282054000, 0.9572649572649574200, 0.9615384615384616800, 0.9658119658119659300, 0.9679487179487181700 ),
 .UNSPECIFIED. ) 
 CURVE ( )  GEOMETRIC_REPRESENTATION_ITEM ( )  RATIONAL_B_SPLINE_CURVE ( ( 0.9330127018922193000, 0.9330127018922245200, 1.000000000000000000, 0.8660254037844387100, 1.000000000000000000, 0.8660254037844387100, 1.000000000000000000, 0.9330127018922158600, 0.9330127018922194100 ) ) 
 REPRESENTATION_ITEM ( '' )  );
#2346 = CARTESIAN_POINT ( 'NONE',  ( -0.05344999999999995600, 0.4736249999999989600, -3.740044431956930300E-016 ) ) ;
#2347 = CARTESIAN_POINT ( 'NONE',  ( -0.05344999999999994200, 0.4730667725157674000, 0.01432188433544400600 ) ) ;
#2348 = CARTESIAN_POINT ( 'NONE',  ( -0.04628905783227740100, 0.4725833333333323000, 0.02672500000000145200 ) ) ;
#2349 = CARTESIAN_POINT ( 'NONE',  ( -0.03085937188818441800, 0.4715416666666655800, 0.05345000000000060800 ) ) ;
#2350 = CARTESIAN_POINT ( 'NONE',  ( -0.05344999999999994200, 0.2736249999999994500, 5.501410922847960800E-016 ) ) ;
#2351 = CYLINDRICAL_SURFACE ( 'NONE', #2298, 0.05345000000000005300 ) ;
#2352 = FACE_OUTER_BOUND ( 'NONE', #2799, .T. ) ;
#2353 =( BOUNDED_CURVE ( )  B_SPLINE_CURVE ( 2, ( #2378, #2377, #2376, #2375, #2374, #2302, #2301, #2300, #2299 ),
 .UNSPECIFIED., .F., .T. ) 
 B_SPLINE_CURVE_WITH_KNOTS ( ( 3, 2, 2, 2, 3 ),
 ( 0.8782051282051284200, 0.8803418803418804300, 0.8846153846153846900, 0.8888888888888889500, 0.8910256410256411900 ),
 .UNSPECIFIED. ) 
 CURVE ( )  GEOMETRIC_REPRESENTATION_ITEM ( )  RATIONAL_B_SPLINE_CURVE ( ( 0.9330127018922194100, 0.9330127018922228500, 1.000000000000000000, 0.8660254037844387100, 1.000000000000000000, 0.8660254037844387100, 1.000000000000000000, 0.9330127018922158600, 0.9330127018922194100 ) ) 
 REPRESENTATION_ITEM ( '' )  );
#2354 = CARTESIAN_POINT ( 'NONE',  ( 0.05344999999999995600, 0.4438749999999990200, 5.833096820483286800E-016 ) ) ;
#2355 = CARTESIAN_POINT ( 'NONE',  ( 0.05345000000000000400, 0.4433167725157675100, -0.01432188433544379400 ) ) ;
#2356 = CARTESIAN_POINT ( 'NONE',  ( 0.04628905783227750500, 0.4428333333333323600, -0.02672500000000126900 ) ) ;
#2357 = CARTESIAN_POINT ( 'NONE',  ( 0.03085937188818462300, 0.4417916666666656900, -0.05345000000000049000 ) ) ;
#2358 = CARTESIAN_POINT ( 'NONE',  ( -1.780888769244669100E-015, 0.4407499999999990300, -0.05344999999999999800 ) ) ;
#2359 = CARTESIAN_POINT ( 'NONE',  ( -0.03085937188818667700, 0.4397083333333323700, -0.05344999999999931100 ) ) ;
#2360 = CARTESIAN_POINT ( 'NONE',  ( -0.04628905783227853200, 0.4386666666666657100, -0.02672499999999949900 ) ) ;
#2361 = CARTESIAN_POINT ( 'NONE',  ( -0.05344999999999974800, 0.4381832274842305500, -0.01432188433544312800 ) ) ;
#2362 = CARTESIAN_POINT ( 'NONE',  ( -0.05344999999999994200, 0.4376249999999990400, -3.454108313305788100E-016 ) ) ;
#2363 =( BOUNDED_CURVE ( )  B_SPLINE_CURVE ( 2, ( #2362, #2361, #2360, #2359, #2358, #2357, #2356, #2355, #2354 ),
 .UNSPECIFIED., .F., .T. ) 
 B_SPLINE_CURVE_WITH_KNOTS ( ( 3, 2, 2, 2, 3 ),
 ( 0.8782051282051284200, 0.8803418803418804300, 0.8846153846153846900, 0.8888888888888889500, 0.8910256410256411900 ),
 .UNSPECIFIED. ) 
 CURVE ( )  GEOMETRIC_REPRESENTATION_ITEM ( )  RATIONAL_B_SPLINE_CURVE ( ( 0.9330127018922194100, 0.9330127018922228500, 1.000000000000000000, 0.8660254037844387100, 1.000000000000000000, 0.8660254037844387100, 1.000000000000000000, 0.9330127018922158600, 0.9330127018922194100 ) ) 
 REPRESENTATION_ITEM ( '' )  );
#2364 = DIRECTION ( 'NONE',  ( -0.7071067811865462400, 0.7071067811865487900, 0.0000000000000000000 ) ) ;
#2365 = VECTOR ( 'NONE', #2364, 39.37007874015748100 ) ;
#2366 = CARTESIAN_POINT ( 'NONE',  ( -0.04645000000000002600, -2.275318605401978100E-017, 0.0000000000000000000 ) ) ;
#2367 = LINE ( 'NONE', #2366, #2365 ) ;
#2368 = CARTESIAN_POINT ( 'NONE',  ( -0.05344999999999999800, 0.006999999999999975000, 6.545520961180608700E-018 ) ) ;
#2369 = DIRECTION ( 'NONE',  ( 1.000000000000000000, 2.449212707644754500E-016, 0.0000000000000000000 ) ) ;
#2370 = DIRECTION ( 'NONE',  ( 2.449212707644754500E-016, -1.000000000000000000, 0.0000000000000000000 ) ) ;
#2371 = CARTESIAN_POINT ( 'NONE',  ( 0.0000000000000000000, 0.0000000000000000000, 0.0000000000000000000 ) ) ;
#2372 = AXIS2_PLACEMENT_3D ( 'NONE', #2371, #2370, #2369 ) ;
#2373 = CARTESIAN_POINT ( 'NONE',  ( -0.05345000000000015000, 0.3611249999999994200, -4.666477456386628800E-016 ) ) ;
#2374 = CARTESIAN_POINT ( 'NONE',  ( -1.780888769244669100E-015, 0.4517499999999991000, -0.05344999999999999800 ) ) ;
#2375 = CARTESIAN_POINT ( 'NONE',  ( -0.03085937188818667700, 0.4507083333333323800, -0.05344999999999931100 ) ) ;
#2376 = CARTESIAN_POINT ( 'NONE',  ( -0.04628905783227853200, 0.4496666666666657700, -0.02672499999999949900 ) ) ;
#2377 = CARTESIAN_POINT ( 'NONE',  ( -0.05344999999999974800, 0.4491832274842305100, -0.01432188433544312800 ) ) ;
#2378 = CARTESIAN_POINT ( 'NONE',  ( -0.05344999999999994200, 0.4486249999999990500, -3.454108313305788100E-016 ) ) ;
#2379 = CARTESIAN_POINT ( 'NONE',  ( 0.05344999999999994200, 0.2798749999999994300, -2.744986739050957900E-017 ) ) ;
#2380 = CARTESIAN_POINT ( 'NONE',  ( 0.05345000000000004600, 0.2793167725157679200, -0.01432188433544400800 ) ) ;
#2381 = CARTESIAN_POINT ( 'NONE',  ( 0.04628905783227797700, 0.2788333333333327100, -0.02672500000000045000 ) ) ;
#2382 = CARTESIAN_POINT ( 'NONE',  ( 0.03085937188818405400, 0.2777916666666660500, -0.05345000000000083000 ) ) ;
#2383 = CARTESIAN_POINT ( 'NONE',  ( -8.380439978040651300E-016, 0.2767499999999993900, -0.05344999999999999800 ) ) ;
#2384 =( BOUNDED_CURVE ( )  B_SPLINE_CURVE ( 2, ( #2350, #2264, #2263, #2262, #2383, #2382, #2381, #2380, #2379 ),
 .UNSPECIFIED., .F., .T. ) 
 B_SPLINE_CURVE_WITH_KNOTS ( ( 3, 2, 2, 2, 3 ),
 ( 0.5192307692307692700, 0.5213675213675214000, 0.5256410256410256600, 0.5299145299145299200, 0.5320512820512821600 ),
 .UNSPECIFIED. ) 
 CURVE ( )  GEOMETRIC_REPRESENTATION_ITEM ( )  RATIONAL_B_SPLINE_CURVE ( ( 0.9330127018922194100, 0.9330127018922194100, 1.000000000000000000, 0.8660254037844387100, 1.000000000000000000, 0.8660254037844387100, 1.000000000000000000, 0.9330127018922176300, 0.9330127018922194100 ) ) 
 REPRESENTATION_ITEM ( '' )  );
#2385 = DIRECTION ( 'NONE',  ( 2.449212707644754500E-016, -1.000000000000000000, 0.0000000000000000000 ) ) ;
#2386 = CARTESIAN_POINT ( 'NONE',  ( 0.05344999999999995600, 0.08081677251576831200, -0.01432188433544366600 ) ) ;
#2387 = CARTESIAN_POINT ( 'NONE',  ( 0.04628905783227808100, 0.08033333333333316000, -0.02672500000000028300 ) ) ;
#2388 = CARTESIAN_POINT ( 'NONE',  ( 0.03085937188818538600, 0.07929166666666649700, -0.05345000000000005300 ) ) ;
#2389 = CARTESIAN_POINT ( 'NONE',  ( 0.05345000000000000400, 0.04387499999999993500, -3.659982318734610600E-017 ) ) ;
#2390 = CARTESIAN_POINT ( 'NONE',  ( 0.05344999999999999800, 0.04331677251576841100, -0.01432188433544357600 ) ) ;
#2391 = CARTESIAN_POINT ( 'NONE',  ( 0.04628905783227819200, 0.04283333333333325800, -0.02672500000000007900 ) ) ;
#2392 =( BOUNDED_CURVE ( )  B_SPLINE_CURVE ( 2, ( #2398, #2397, #2396, #2395, #2394, #2393, #2391, #2390, #2389 ),
 .UNSPECIFIED., .F., .T. ) 
 B_SPLINE_CURVE_WITH_KNOTS ( ( 3, 2, 2, 2, 3 ),
 ( 0.05769230769230770900, 0.05982905982905983900, 0.06410256410256411100, 0.06837606837606838300, 0.07051282051282052600 ),
 .UNSPECIFIED. ) 
 CURVE ( )  GEOMETRIC_REPRESENTATION_ITEM ( )  RATIONAL_B_SPLINE_CURVE ( ( 0.9330127018922193000, 0.9330127018922196300, 1.000000000000000000, 0.8660254037844387100, 1.000000000000000000, 0.8660254037844387100, 1.000000000000000000, 0.9330127018922191900, 0.9330127018922194100 ) ) 
 REPRESENTATION_ITEM ( '' )  );
#2393 = CARTESIAN_POINT ( 'NONE',  ( 0.03085937188818542500, 0.04179166666666658800, -0.05345000000000003200 ) ) ;
#2394 = CARTESIAN_POINT ( 'NONE',  ( -1.276738778718464000E-016, 0.04074999999999992500, -0.05344999999999999800 ) ) ;
#2395 = CARTESIAN_POINT ( 'NONE',  ( -0.03085937188818558400, 0.03970833333333325500, -0.05344999999999992800 ) ) ;
#2396 = CARTESIAN_POINT ( 'NONE',  ( -0.04628905783227827600, 0.03866666666666659200, -0.02672499999999994300 ) ) ;
#2397 = CARTESIAN_POINT ( 'NONE',  ( -0.05344999999999997000, 0.03818322748423144000, -0.01432188433544347900 ) ) ;
#2398 = CARTESIAN_POINT ( 'NONE',  ( -0.05344999999999999100, 0.03762499999999993600, -4.003105661115980100E-017 ) ) ;
#2399 = CARTESIAN_POINT ( 'NONE',  ( 1.536601575147234100E-015, 0.3274999999999992400, 0.05600000000000000800 ) ) ;
#2400 = CARTESIAN_POINT ( 'NONE',  ( 0.04849742261192801400, 0.4108333333333323800, -0.02800000000000095500 ) ) ;
#2401 = CARTESIAN_POINT ( 'NONE',  ( 0.03233161507461857600, 0.4097916666666657800, -0.05600000000000027200 ) ) ;
#2402 = CARTESIAN_POINT ( 'NONE',  ( -1.426800951692675100E-015, 0.4087499999999991100, -0.05600000000000000800 ) ) ;
#2403 = CARTESIAN_POINT ( 'NONE',  ( -0.03233161507461983900, 0.4077083333333324500, -0.05599999999999954300 ) ) ;
#2404 = CARTESIAN_POINT ( 'NONE',  ( 0.03233161507462044300, 0.4139583333333323700, 0.05599999999999920300 ) ) ;
#2405 = CARTESIAN_POINT ( 'NONE',  ( 0.04849742261192895700, 0.4129166666666657100, 0.02799999999999933800 ) ) ;
#2406 = CARTESIAN_POINT ( 'NONE',  ( 0.06466323014923808200, 0.4118749999999990500, -1.996082090604466900E-015 ) ) ;
#2407 = CARTESIAN_POINT ( 'NONE',  ( 0.05345000000000000400, 0.08137499999999982200, -7.663087979850590700E-017 ) ) ;
#2408 = CARTESIAN_POINT ( 'NONE',  ( -0.06466323014923808200, 0.4181249999999991400, 8.553510795212948300E-016 ) ) ;
#2409 = CARTESIAN_POINT ( 'NONE',  ( -0.04849742261192771500, 0.4170833333333323600, 0.02800000000000147500 ) ) ;
#2410 = CARTESIAN_POINT ( 'NONE',  ( -0.03233161507461797300, 0.4160416666666657000, 0.05600000000000061200 ) ) ;
#2411 = CARTESIAN_POINT ( 'NONE',  ( 4.388989172099400300E-016, 0.4149999999999990400, 0.05600000000000000800 ) ) ;
#2412 = CARTESIAN_POINT ( 'NONE',  ( -1.042612610829829700E-015, 0.4212499999999990700, -0.05600000000000000800 ) ) ;
#2413 = CARTESIAN_POINT ( 'NONE',  ( -0.03233161507462104700, 0.4202083333333323500, -0.05599999999999884200 ) ) ;
#2414 = CARTESIAN_POINT ( 'NONE',  ( -0.03085937188818553200, 0.07720833333333318400, -0.05344999999999997000 ) ) ;
#2415 = CARTESIAN_POINT ( 'NONE',  ( -0.04628905783227834500, 0.07616666666666650800, -0.02672499999999982900 ) ) ;
#2416 = CARTESIAN_POINT ( 'NONE',  ( -0.05344999999999999100, 0.07568322748423134100, -0.01432188433544330700 ) ) ;
#2417 = CARTESIAN_POINT ( 'NONE',  ( -0.05345000000000000400, 0.07512499999999984500, 8.234960217152872900E-017 ) ) ;
#2418 = CARTESIAN_POINT ( 'NONE',  ( -0.04849742261192796500, 0.3295833333333326200, 0.02800000000000104800 ) ) ;
#2419 = CARTESIAN_POINT ( 'NONE',  ( -0.03233161507461846500, 0.3285416666666659500, 0.05600000000000032700 ) ) ;
#2420 = CARTESIAN_POINT ( 'NONE',  ( -0.04849742261192925600, 0.4191666666666656900, -0.02799999999999881800 ) ) ;
#2421 = CARTESIAN_POINT ( 'NONE',  ( -0.03233161507462055400, 0.3327083333333326100, -0.05599999999999912700 ) ) ;
#2422 = CARTESIAN_POINT ( 'NONE',  ( -0.04849742261192900600, 0.3316666666666659400, -0.02799999999999924400 ) ) ;
#2423 = CARTESIAN_POINT ( 'NONE',  ( -0.06466323014923808200, 0.3306249999999992800, 2.850293914888386100E-016 ) ) ;
#2424 = CARTESIAN_POINT ( 'NONE',  ( 0.03233161507461786200, 0.3347916666666659300, -0.05600000000000068100 ) ) ;
#2425 = CARTESIAN_POINT ( 'NONE',  ( -0.03233161507461725800, 0.3410416666666659100, 0.05600000000000103500 ) ) ;
#2426 = CARTESIAN_POINT ( 'NONE',  ( -0.04849742261192815900, 0.3420833333333325700, 0.02800000000000071900 ) ) ;
#2427 = CARTESIAN_POINT ( 'NONE',  ( 0.04849742261192845800, 0.3358333333333326000, -0.02800000000000019500 ) ) ;
#2428 = CARTESIAN_POINT ( 'NONE',  ( 0.06466323014923808200, 0.3368749999999992600, -9.821379185386515400E-016 ) ) ;
#2429 = CARTESIAN_POINT ( 'NONE',  ( 0.04849742261192931100, 0.3379166666666659200, 0.02799999999999871700 ) ) ;
#2430 = CARTESIAN_POINT ( 'NONE',  ( 0.03233161507461956900, 0.3389583333333325800, 0.05599999999999969600 ) ) ;
#2431 = CARTESIAN_POINT ( 'NONE',  ( -5.486995406644990600E-016, 0.3337499999999992700, -0.05600000000000000800 ) ) ;
#2432 = CARTESIAN_POINT ( 'NONE',  ( 1.152413234284388700E-015, 0.3399999999999992500, 0.05600000000000000800 ) ) ;
#2433 = CARTESIAN_POINT ( 'NONE',  ( 0.05344999999999995600, 0.1438749999999997000, -2.344676172939360000E-016 ) ) ;
#2434 = CARTESIAN_POINT ( 'NONE',  ( 0.05344999999999989300, 0.1433167725157681900, -0.01432188433544381300 ) ) ;
#2435 = CARTESIAN_POINT ( 'NONE',  ( 0.04628905783227804700, 0.1428333333333330300, -0.02672500000000033500 ) ) ;
#2436 = CARTESIAN_POINT ( 'NONE',  ( 0.03085937188818494200, 0.1417916666666663700, -0.05345000000000030300 ) ) ;
#2437 = CARTESIAN_POINT ( 'NONE',  ( -7.071335785804530500E-016, 0.1407499999999997100, -0.05344999999999999800 ) ) ;
#2438 = CARTESIAN_POINT ( 'NONE',  ( -0.03085937188818560100, 0.1397083333333330200, -0.05344999999999992800 ) ) ;
#2439 = CARTESIAN_POINT ( 'NONE',  ( -0.04628905783227836600, 0.1386666666666663500, -0.02672499999999977300 ) ) ;
#2440 = CARTESIAN_POINT ( 'NONE',  ( -0.06466323014923808200, 0.3431249999999992400, 1.679246445588464300E-015 ) ) ;
#2441 =( BOUNDED_CURVE ( )  B_SPLINE_CURVE ( 2, ( #2443, #2442, #2439, #2438, #2437, #2436, #2435, #2434, #2433 ),
 .UNSPECIFIED., .F., .T. ) 
 B_SPLINE_CURVE_WITH_KNOTS ( ( 3, 2, 2, 2, 3 ),
 ( 0.2628205128205128300, 0.2649572649572649600, 0.2692307692307692700, 0.2735042735042735300, 0.2756410256410256600 ),
 .UNSPECIFIED. ) 
 CURVE ( )  GEOMETRIC_REPRESENTATION_ITEM ( )  RATIONAL_B_SPLINE_CURVE ( ( 0.9330127018922194100, 0.9330127018922194100, 1.000000000000000000, 0.8660254037844387100, 1.000000000000000000, 0.8660254037844387100, 1.000000000000000000, 0.9330127018922194100, 0.9330127018922194100 ) ) 
 REPRESENTATION_ITEM ( '' )  );
#2442 = CARTESIAN_POINT ( 'NONE',  ( -0.05345000000000005300, 0.1381832274842312300, -0.01432188433544316300 ) ) ;
#2443 = CARTESIAN_POINT ( 'NONE',  ( -0.05345000000000000400, 0.1376249999999996900, 3.305421531607195200E-016 ) ) ;
#2444 = CARTESIAN_POINT ( 'NONE',  ( -0.03233161507462017200, 0.3452083333333325600, -0.05599999999999934900 ) ) ;
#2445 = CARTESIAN_POINT ( 'NONE',  ( -0.04849742261192881800, 0.3441666666666659000, -0.02799999999999957000 ) ) ;
#2446 = DIRECTION ( 'NONE',  ( 2.449212707644754500E-016, -1.000000000000000000, 0.0000000000000000000 ) ) ;
#2447 = CARTESIAN_POINT ( 'NONE',  ( 0.0000000000000000000, 0.0000000000000000000, 0.0000000000000000000 ) ) ;
#2448 = CYLINDRICAL_SURFACE ( 'NONE', #2458, 0.05345000000000005300 ) ;
#2449 = FACE_OUTER_BOUND ( 'NONE', #2836, .T. ) ;
#2450 = CARTESIAN_POINT ( 'NONE',  ( 0.03233161507461736900, 0.4222916666666657300, -0.05600000000000096600 ) ) ;
#2451 = CARTESIAN_POINT ( 'NONE',  ( 0.06466323014923808200, 0.3243749999999992500, -1.425760402572010600E-015 ) ) ;
#2452 = CARTESIAN_POINT ( 'NONE',  ( 0.04849742261192826300, 0.3233333333333325800, -0.02800000000000052400 ) ) ;
#2453 = CARTESIAN_POINT ( 'NONE',  ( 0.03233161507461748000, 0.3222916666666660300, -0.05600000000000090300 ) ) ;
#2454 = CARTESIAN_POINT ( 'NONE',  ( -9.328878815273446100E-016, 0.3212499999999992600, -0.05600000000000000800 ) ) ;
#2455 = DIRECTION ( 'NONE',  ( 1.000000000000000000, 2.449212707644754500E-016, 0.0000000000000000000 ) ) ;
#2456 = CARTESIAN_POINT ( 'NONE',  ( -0.03233161507461934600, 0.3202083333333326000, -0.05599999999999982800 ) ) ;
#2457 = CARTESIAN_POINT ( 'NONE',  ( -0.04849742261192920000, 0.3191666666666659300, -0.02799999999999891100 ) ) ;
#2458 = AXIS2_PLACEMENT_3D ( 'NONE', #2447, #2446, #2455 ) ;
#2459 = CARTESIAN_POINT ( 'NONE',  ( 0.04849742261192821500, 0.4233333333333324000, -0.02800000000000061800 ) ) ;
#2460 = CARTESIAN_POINT ( 'NONE',  ( 1.646326304449719000E-015, 0.4274999999999990500, 0.05600000000000000800 ) ) ;
#2461 = CARTESIAN_POINT ( 'NONE',  ( 0.03233161507462005400, 0.4264583333333323300, 0.05599999999999941800 ) ) ;
#2462 = CARTESIAN_POINT ( 'NONE',  ( 0.04849742261192955400, 0.4254166666666657200, 0.02799999999999829000 ) ) ;
#2463 = CARTESIAN_POINT ( 'NONE',  ( 0.06466323014923808200, 0.4243749999999990600, -1.552459606571107500E-015 ) ) ;
#2464 = CARTESIAN_POINT ( 'NONE',  ( -0.03233161507461836100, 0.4285416666666657700, 0.05600000000000040400 ) ) ;
#2465 = CARTESIAN_POINT ( 'NONE',  ( -0.04849742261192791600, 0.4295833333333323700, 0.02800000000000114200 ) ) ;
#2466 = CARTESIAN_POINT ( 'NONE',  ( -0.04849742261192945000, 0.4066666666666657900, -0.02799999999999848400 ) ) ;
#2467 = CARTESIAN_POINT ( 'NONE',  ( -0.06466323014923808200, 0.4056249999999991300, 1.298973563554653800E-015 ) ) ;
#2468 = CARTESIAN_POINT ( 'NONE',  ( -0.04849742261192832600, 0.4045833333333324600, 0.02800000000000043400 ) ) ;
#2469 = CARTESIAN_POINT ( 'NONE',  ( 0.03233161507461775700, 0.4347916666666656900, -0.05600000000000073700 ) ) ;
#2470 = CARTESIAN_POINT ( 'NONE',  ( -6.584242699669839800E-016, 0.4337499999999990300, -0.05600000000000000800 ) ) ;
#2471 = CARTESIAN_POINT ( 'NONE',  ( -0.06466323014923808200, 0.4306249999999990400, 2.249568133620920400E-015 ) ) ;
#2472 = CARTESIAN_POINT ( 'NONE',  ( -0.03233161507462066500, 0.4327083333333323600, -0.05599999999999906400 ) ) ;
#2473 = CARTESIAN_POINT ( 'NONE',  ( -0.04849742261192906800, 0.4316666666666657000, -0.02799999999999915100 ) ) ;
#2474 = ORIENTED_EDGE ( 'NONE', *, *, #2479, .T. ) ;
#2475 = EDGE_LOOP ( 'NONE', ( #2474, #2477, #2498, #2499 ) ) ;
#2476 = VERTEX_POINT ( 'NONE', #3716 ) ;
#2477 = ORIENTED_EDGE ( 'NONE', *, *, #2478, .T. ) ;
#2478 = EDGE_CURVE ( 'NONE', #2480, #2805, #3715, .T. ) ;
#2479 = EDGE_CURVE ( 'NONE', #2476, #2480, #3710, .T. ) ;
#2480 = VERTEX_POINT ( 'NONE', #3646 ) ;
#2481 = ADVANCED_FACE ( 'NONE', ( #3645 ), #3643, .T. ) ;
#2482 = EDGE_CURVE ( 'NONE', #2804, #2575, #3639, .T. ) ;
#2483 = ORIENTED_EDGE ( 'NONE', *, *, #2482, .F. ) ;
#2484 = VERTEX_POINT ( 'NONE', #3635 ) ;
#2485 = EDGE_LOOP ( 'NONE', ( #2494, #2513, #2486, #2491, #2511, #2506, #2507, #2505 ) ) ;
#2486 = ORIENTED_EDGE ( 'NONE', *, *, #2512, .F. ) ;
#2487 = EDGE_CURVE ( 'NONE', #2488, #2495, #3634, .T. ) ;
#2488 = VERTEX_POINT ( 'NONE', #3629 ) ;
#2489 = EDGE_CURVE ( 'NONE', #2495, #2490, #3628, .T. ) ;
#2490 = VERTEX_POINT ( 'NONE', #3624 ) ;
#2491 = ORIENTED_EDGE ( 'NONE', *, *, #2492, .F. ) ;
#2492 = EDGE_CURVE ( 'NONE', #2493, #2484, #3623, .T. ) ;
#2493 = VERTEX_POINT ( 'NONE', #3619 ) ;
#2494 = ORIENTED_EDGE ( 'NONE', *, *, #2487, .T. ) ;
#2495 = VERTEX_POINT ( 'NONE', #3618 ) ;
#2496 = ADVANCED_FACE ( 'NONE', ( #3617 ), #3691, .T. ) ;
#2497 = EDGE_CURVE ( 'NONE', #2476, #2804, #3686, .T. ) ;
#2498 = ORIENTED_EDGE ( 'NONE', *, *, #2803, .F. ) ;
#2499 = ORIENTED_EDGE ( 'NONE', *, *, #2497, .F. ) ;
#2500 = VERTEX_POINT ( 'NONE', #3681 ) ;
#2501 = ADVANCED_FACE ( 'NONE', ( #3680 ), #3679, .T. ) ;
#2502 = EDGE_CURVE ( 'NONE', #2508, #2509, #3674, .T. ) ;
#2503 = EDGE_CURVE ( 'NONE', #2488, #2508, #3818, .T. ) ;
#2504 = EDGE_CURVE ( 'NONE', #2500, #2509, #3814, .T. ) ;
#2505 = ORIENTED_EDGE ( 'NONE', *, *, #2503, .F. ) ;
#2506 = ORIENTED_EDGE ( 'NONE', *, *, #2504, .T. ) ;
#2507 = ORIENTED_EDGE ( 'NONE', *, *, #2502, .F. ) ;
#2508 = VERTEX_POINT ( 'NONE', #3867 ) ;
#2509 = VERTEX_POINT ( 'NONE', #3866 ) ;
#2510 = EDGE_CURVE ( 'NONE', #2493, #2500, #3865, .T. ) ;
#2511 = ORIENTED_EDGE ( 'NONE', *, *, #2510, .T. ) ;
#2512 = EDGE_CURVE ( 'NONE', #2484, #2490, #3971, .T. ) ;
#2513 = ORIENTED_EDGE ( 'NONE', *, *, #2489, .T. ) ;
#2514 = ADVANCED_FACE ( 'NONE', ( #3999 ), #3967, .F. ) ;
#2515 = VERTEX_POINT ( 'NONE', #3968 ) ;
#2516 = EDGE_CURVE ( 'NONE', #2520, #2517, #3992, .T. ) ;
#2517 = VERTEX_POINT ( 'NONE', #3995 ) ;
#2518 = ORIENTED_EDGE ( 'NONE', *, *, #2817, .F. ) ;
#2519 = ORIENTED_EDGE ( 'NONE', *, *, #2516, .T. ) ;
#2520 = VERTEX_POINT ( 'NONE', #3954 ) ;
#2521 = EDGE_CURVE ( 'NONE', #2522, #2520, #3970, .T. ) ;
#2522 = VERTEX_POINT ( 'NONE', #3969 ) ;
#2523 = EDGE_LOOP ( 'NONE', ( #2524, #2519, #2518, #2816 ) ) ;
#2524 = ORIENTED_EDGE ( 'NONE', *, *, #2521, .T. ) ;
#2525 = EDGE_CURVE ( 'NONE', #3561, #3549, #3955, .T. ) ;
#2526 = EDGE_CURVE ( 'NONE', #3543, #3438, #3904, .T. ) ;
#2527 = ADVANCED_FACE ( 'NONE', ( #3905 ), #3930, .T. ) ;
#2528 = EDGE_LOOP ( 'NONE', ( #2529, #2530, #2532, #3076 ) ) ;
#2529 = ORIENTED_EDGE ( 'NONE', *, *, #3449, .F. ) ;
#2530 = ORIENTED_EDGE ( 'NONE', *, *, #2531, .T. ) ;
#2531 = EDGE_CURVE ( 'NONE', #3447, #3539, #3884, .T. ) ;
#2532 = ORIENTED_EDGE ( 'NONE', *, *, #3441, .T. ) ;
#2533 = EDGE_CURVE ( 'NONE', #3558, #3553, #3989, .T. ) ;
#2534 = ADVANCED_FACE ( 'NONE', ( #3988 ), #3987, .T. ) ;
#2535 = EDGE_LOOP ( 'NONE', ( #2538, #2537, #2536, #2830 ) ) ;
#2536 = ORIENTED_EDGE ( 'NONE', *, *, #3410, .T. ) ;
#2537 = ORIENTED_EDGE ( 'NONE', *, *, #2533, .T. ) ;
#2538 = ORIENTED_EDGE ( 'NONE', *, *, #3560, .F. ) ;
#2539 = ORIENTED_EDGE ( 'NONE', *, *, #3488, .T. ) ;
#2540 = ORIENTED_EDGE ( 'NONE', *, *, #2801, .F. ) ;
#2541 = EDGE_CURVE ( 'NONE', #3554, #3400, #3872, .T. ) ;
#2542 = ORIENTED_EDGE ( 'NONE', *, *, #3486, .F. ) ;
#2543 = ADVANCED_FACE ( 'NONE', ( #3871 ), #3870, .T. ) ;
#2544 = EDGE_LOOP ( 'NONE', ( #2548, #2549, #2539, #2540 ) ) ;
#2545 = ORIENTED_EDGE ( 'NONE', *, *, #2546, .T. ) ;
#2546 = EDGE_CURVE ( 'NONE', #3404, #3373, #3921, .T. ) ;
#2547 = EDGE_CURVE ( 'NONE', #3552, #3563, #4116, .T. ) ;
#2548 = ORIENTED_EDGE ( 'NONE', *, *, #3556, .F. ) ;
#2549 = ORIENTED_EDGE ( 'NONE', *, *, #2541, .T. ) ;
#2550 = ORIENTED_EDGE ( 'NONE', *, *, #3572, .T. ) ;
#2551 = ORIENTED_EDGE ( 'NONE', *, *, #2547, .F. ) ;
#2552 = EDGE_CURVE ( 'NONE', #2643, #2553, #4121, .T. ) ;
#2553 = VERTEX_POINT ( 'NONE', #4117 ) ;
#2554 = ORIENTED_EDGE ( 'NONE', *, *, #2555, .F. ) ;
#2555 = EDGE_CURVE ( 'NONE', #2560, #2785, #4007, .T. ) ;
#2556 = EDGE_LOOP ( 'NONE', ( #2559, #2808, #2787, #2554 ) ) ;
#2557 = ADVANCED_FACE ( 'NONE', ( #4003 ), #4023, .T. ) ;
#2558 = ORIENTED_EDGE ( 'NONE', *, *, #3128, .T. ) ;
#2559 = ORIENTED_EDGE ( 'NONE', *, *, #2562, .T. ) ;
#2560 = VERTEX_POINT ( 'NONE', #4024 ) ;
#2561 = VERTEX_POINT ( 'NONE', #4018 ) ;
#2562 = EDGE_CURVE ( 'NONE', #2560, #2561, #4096, .T. ) ;
#2563 = ORIENTED_EDGE ( 'NONE', *, *, #3718, .T. ) ;
#2564 = EDGE_CURVE ( 'NONE', #3805, #2814, #4086, .T. ) ;
#2565 = EDGE_LOOP ( 'NONE', ( #2566, #2567, #2563, #2796 ) ) ;
#2566 = ORIENTED_EDGE ( 'NONE', *, *, #3798, .F. ) ;
#2567 = ORIENTED_EDGE ( 'NONE', *, *, #2564, .T. ) ;
#2568 = ADVANCED_FACE ( 'NONE', ( #4085 ), #4084, .T. ) ;
#2569 = EDGE_CURVE ( 'NONE', #2809, #2522, #4153, .T. ) ;
#2570 = ORIENTED_EDGE ( 'NONE', *, *, #2633, .T. ) ;
#2571 = EDGE_CURVE ( 'NONE', #2813, #2632, #4143, .T. ) ;
#2572 = VERTEX_POINT ( 'NONE', #4142 ) ;
#2573 = ORIENTED_EDGE ( 'NONE', *, *, #2574, .F. ) ;
#2574 = EDGE_CURVE ( 'NONE', #2575, #2572, #4179, .T. ) ;
#2575 = VERTEX_POINT ( 'NONE', #4174 ) ;
#2576 = ORIENTED_EDGE ( 'NONE', *, *, #2577, .T. ) ;
#2577 = EDGE_CURVE ( 'NONE', #2553, #2789, #4173, .T. ) ;
#2578 = ADVANCED_FACE ( 'NONE', ( #4168 ), #4167, .T. ) ;
#2579 = EDGE_CURVE ( 'NONE', #3129, #2560, #4159, .T. ) ;
#2580 = ORIENTED_EDGE ( 'NONE', *, *, #2581, .T. ) ;
#2581 = EDGE_CURVE ( 'NONE', #3196, #3080, #4124, .T. ) ;
#2582 = ORIENTED_EDGE ( 'NONE', *, *, #3091, .T. ) ;
#2583 = ORIENTED_EDGE ( 'NONE', *, *, #2584, .F. ) ;
#2584 = EDGE_CURVE ( 'NONE', #3205, #3090, #4028, .T. ) ;
#2585 = ORIENTED_EDGE ( 'NONE', *, *, #3282, .T. ) ;
#2586 = EDGE_LOOP ( 'NONE', ( #2612, #2592, #2608, #2613 ) ) ;
#2587 = ORIENTED_EDGE ( 'NONE', *, *, #2591, .T. ) ;
#2588 = ORIENTED_EDGE ( 'NONE', *, *, #3164, .T. ) ;
#2589 = EDGE_CURVE ( 'NONE', #3279, #3168, #4115, .T. ) ;
#2590 = EDGE_CURVE ( 'NONE', #3130, #2785, #4017, .T. ) ;
#2591 = EDGE_CURVE ( 'NONE', #3078, #3131, #4075, .T. ) ;
#2592 = ORIENTED_EDGE ( 'NONE', *, *, #2579, .T. ) ;
#2593 = ORIENTED_EDGE ( 'NONE', *, *, #2594, .T. ) ;
#2594 = EDGE_CURVE ( 'NONE', #3113, #3730, #4060, .T. ) ;
#2595 = EDGE_CURVE ( 'NONE', #3314, #3110, #4222, .T. ) ;
#2596 = ORIENTED_EDGE ( 'NONE', *, *, #3231, .T. ) ;
#2597 = ORIENTED_EDGE ( 'NONE', *, *, #2598, .F. ) ;
#2598 = EDGE_CURVE ( 'NONE', #3317, #3361, #4211, .T. ) ;
#2599 = ADVANCED_FACE ( 'NONE', ( #4210 ), #4209, .T. ) ;
#2600 = EDGE_LOOP ( 'NONE', ( #2601, #2602, #2585, #2607 ) ) ;
#2601 = ORIENTED_EDGE ( 'NONE', *, *, #2783, .F. ) ;
#2602 = ORIENTED_EDGE ( 'NONE', *, *, #2704, .T. ) ;
#2603 = ORIENTED_EDGE ( 'NONE', *, *, #2775, .F. ) ;
#2604 = EDGE_LOOP ( 'NONE', ( #2741, #2742, #2770, #2754 ) ) ;
#2605 = ADVANCED_FACE ( 'NONE', ( #4192 ), #4191, .T. ) ;
#2606 = EDGE_LOOP ( 'NONE', ( #2616, #2580, #2582, #2583 ) ) ;
#2607 = ORIENTED_EDGE ( 'NONE', *, *, #2610, .F. ) ;
#2608 = ORIENTED_EDGE ( 'NONE', *, *, #2555, .T. ) ;
#2609 = EDGE_LOOP ( 'NONE', ( #2614, #2587, #2588, #2617 ) ) ;
#2610 = EDGE_CURVE ( 'NONE', #2788, #3285, #4346, .T. ) ;
#2611 = ADVANCED_FACE ( 'NONE', ( #4345 ), #4344, .T. ) ;
#2612 = ORIENTED_EDGE ( 'NONE', *, *, #3132, .F. ) ;
#2613 = ORIENTED_EDGE ( 'NONE', *, *, #2590, .F. ) ;
#2614 = ORIENTED_EDGE ( 'NONE', *, *, #3077, .F. ) ;
#2615 = ADVANCED_FACE ( 'NONE', ( #4329 ), #4328, .T. ) ;
#2616 = ORIENTED_EDGE ( 'NONE', *, *, #3204, .F. ) ;
#2617 = ORIENTED_EDGE ( 'NONE', *, *, #2589, .F. ) ;
#2618 = EDGE_CURVE ( 'NONE', #3452, #3433, #4251, .T. ) ;
#2619 = ADVANCED_FACE ( 'NONE', ( #4250 ), #4249, .T. ) ;
#2620 = EDGE_LOOP ( 'NONE', ( #2621, #2920, #2922, #2923 ) ) ;
#2621 = ORIENTED_EDGE ( 'NONE', *, *, #3607, .F. ) ;
#2622 = ORIENTED_EDGE ( 'NONE', *, *, #3434, .T. ) ;
#2623 = ORIENTED_EDGE ( 'NONE', *, *, #2627, .F. ) ;
#2624 = EDGE_LOOP ( 'NONE', ( #2869, #2865, #2867, #2868 ) ) ;
#2625 = ADVANCED_FACE ( 'NONE', ( #4233 ), #4232, .T. ) ;
#2626 = ORIENTED_EDGE ( 'NONE', *, *, #3613, .F. ) ;
#2627 = EDGE_CURVE ( 'NONE', #3614, #3407, #4228, .T. ) ;
#2628 = ADVANCED_FACE ( 'NONE', ( #4227 ), #4226, .T. ) ;
#2629 = ORIENTED_EDGE ( 'NONE', *, *, #2832, .T. ) ;
#2630 = ORIENTED_EDGE ( 'NONE', *, *, #2811, .T. ) ;
#2631 = EDGE_LOOP ( 'NONE', ( #2630, #2812, #2810, #3717 ) ) ;
#2632 = VERTEX_POINT ( 'NONE', #4312 ) ;
#2633 = EDGE_CURVE ( 'NONE', #2522, #2632, #4308, .T. ) ;
#2634 = ADVANCED_FACE ( 'NONE', ( #4304 ), #4301, .T. ) ;
#2635 = MANIFOLD_SOLID_BREP ( 'NONE', #3416 ) ;
#2636 = VERTEX_POINT ( 'NONE', #4258 ) ;
#2637 = ORIENTED_EDGE ( 'NONE', *, *, #2638, .F. ) ;
#2638 = EDGE_CURVE ( 'NONE', #2639, #2636, #4257, .T. ) ;
#2639 = VERTEX_POINT ( 'NONE', #4252 ) ;
#2640 = ORIENTED_EDGE ( 'NONE', *, *, #2641, .T. ) ;
#2641 = EDGE_CURVE ( 'NONE', #2639, #2658, #4294, .T. ) ;
#2642 = ADVANCED_FACE ( 'NONE', ( #4295 ), #4289, .T. ) ;
#2643 = VERTEX_POINT ( 'NONE', #4284 ) ;
#2644 = VERTEX_POINT ( 'NONE', #4283 ) ;
#2645 = ORIENTED_EDGE ( 'NONE', *, *, #2552, .T. ) ;
#2646 = ADVANCED_FACE ( 'NONE', ( #4282 ), #4280, .T. ) ;
#2647 = ORIENTED_EDGE ( 'NONE', *, *, #3393, .T. ) ;
#2648 = ORIENTED_EDGE ( 'NONE', *, *, #2649, .F. ) ;
#2649 = EDGE_CURVE ( 'NONE', #3385, #3501, #4276, .T. ) ;
#2650 = EDGE_LOOP ( 'NONE', ( #2680, #2682, #2684, #2677 ) ) ;
#2651 = EDGE_CURVE ( 'NONE', #3462, #3517, #4369, .T. ) ;
#2652 = ADVANCED_FACE ( 'NONE', ( #4368 ), #4367, .T. ) ;
#2653 = EDGE_LOOP ( 'NONE', ( #2673, #2674, #2689, #2690 ) ) ;
#2654 = ORIENTED_EDGE ( 'NONE', *, *, #2665, .T. ) ;
#2655 = EDGE_LOOP ( 'NONE', ( #2656, #2659, #2637, #2640 ) ) ;
#2656 = ORIENTED_EDGE ( 'NONE', *, *, #2657, .F. ) ;
#2657 = EDGE_CURVE ( 'NONE', #2515, #2658, #4355, .T. ) ;
#2658 = VERTEX_POINT ( 'NONE', #4849 ) ;
#2659 = ORIENTED_EDGE ( 'NONE', *, *, #2660, .T. ) ;
#2660 = EDGE_CURVE ( 'NONE', #2515, #2636, #4935, .T. ) ;
#2661 = ADVANCED_FACE ( 'NONE', ( #4848 ), #4938, .T. ) ;
#2662 = EDGE_LOOP ( 'NONE', ( #2663, #2645, #2576, #2790 ) ) ;
#2663 = ORIENTED_EDGE ( 'NONE', *, *, #2664, .F. ) ;
#2664 = EDGE_CURVE ( 'NONE', #2643, #2644, #4953, .T. ) ;
#2665 = EDGE_CURVE ( 'NONE', #3466, #3380, #4880, .T. ) ;
#2666 = ADVANCED_FACE ( 'NONE', ( #4853 ), #4881, .T. ) ;
#2667 = ORIENTED_EDGE ( 'NONE', *, *, #3491, .F. ) ;
#2668 = ORIENTED_EDGE ( 'NONE', *, *, #3519, .T. ) ;
#2669 = ORIENTED_EDGE ( 'NONE', *, *, #2651, .F. ) ;
#2670 = ADVANCED_FACE ( 'NONE', ( #4864 ), #4858, .T. ) ;
#2671 = ORIENTED_EDGE ( 'NONE', *, *, #2672, .T. ) ;
#2672 = EDGE_CURVE ( 'NONE', #3424, #3504, #4964, .T. ) ;
#2673 = ORIENTED_EDGE ( 'NONE', *, *, #3562, .F. ) ;
#2674 = ORIENTED_EDGE ( 'NONE', *, *, #2675, .T. ) ;
#2675 = EDGE_CURVE ( 'NONE', #3374, #3463, #4879, .T. ) ;
#2676 = EDGE_CURVE ( 'NONE', #3429, #3847, #4949, .T. ) ;
#2677 = ORIENTED_EDGE ( 'NONE', *, *, #2679, .F. ) ;
#2678 = EDGE_LOOP ( 'NONE', ( #2667, #2654, #2668, #2669 ) ) ;
#2679 = EDGE_CURVE ( 'NONE', #3521, #3384, #4899, .T. ) ;
#2680 = ORIENTED_EDGE ( 'NONE', *, *, #3520, .F. ) ;
#2681 = ORIENTED_EDGE ( 'NONE', *, *, #3383, .F. ) ;
#2682 = ORIENTED_EDGE ( 'NONE', *, *, #2683, .T. ) ;
#2683 = EDGE_CURVE ( 'NONE', #3514, #3390, #4887, .T. ) ;
#2684 = ORIENTED_EDGE ( 'NONE', *, *, #3379, .T. ) ;
#2685 = ORIENTED_EDGE ( 'NONE', *, *, #2686, .F. ) ;
#2686 = EDGE_CURVE ( 'NONE', #3428, #3807, #4912, .T. ) ;
#2687 = EDGE_LOOP ( 'NONE', ( #2681, #2671, #2647, #2648 ) ) ;
#2688 = ORIENTED_EDGE ( 'NONE', *, *, #3851, .T. ) ;
#2689 = ORIENTED_EDGE ( 'NONE', *, *, #3468, .T. ) ;
#2690 = ORIENTED_EDGE ( 'NONE', *, *, #2691, .F. ) ;
#2691 = EDGE_CURVE ( 'NONE', #3402, #3493, #5229, .T. ) ;
#2692 = ADVANCED_FACE ( 'NONE', ( #5230 ), #5246, .T. ) ;
#2693 = EDGE_LOOP ( 'NONE', ( #2542, #2545, #2550, #2551 ) ) ;
#2694 = ORIENTED_EDGE ( 'NONE', *, *, #2676, .T. ) ;
#2695 = EDGE_CURVE ( 'NONE', #3263, #3237, #5251, .T. ) ;
#2696 = ADVANCED_FACE ( 'NONE', ( #5252 ), #5250, .T. ) ;
#2697 = ORIENTED_EDGE ( 'NONE', *, *, #3855, .F. ) ;
#2698 = ORIENTED_EDGE ( 'NONE', *, *, #2699, .T. ) ;
#2699 = EDGE_CURVE ( 'NONE', #3811, #3142, #5210, .T. ) ;
#2700 = ORIENTED_EDGE ( 'NONE', *, *, #3853, .T. ) ;
#2701 = ADVANCED_FACE ( 'NONE', ( #5214 ), #5213, .T. ) ;
#2702 = EDGE_LOOP ( 'NONE', ( #2744, #2745, #2768, #2769 ) ) ;
#2703 = EDGE_CURVE ( 'NONE', #3193, #3195, #5265, .T. ) ;
#2704 = EDGE_CURVE ( 'NONE', #2561, #3313, #5281, .T. ) ;
#2705 = ORIENTED_EDGE ( 'NONE', *, *, #2732, .T. ) ;
#2706 = EDGE_CURVE ( 'NONE', #3669, #3829, #5237, .T. ) ;
#2707 = ORIENTED_EDGE ( 'NONE', *, *, #3667, .F. ) ;
#2708 = ORIENTED_EDGE ( 'NONE', *, *, #2706, .T. ) ;
#2709 = ORIENTED_EDGE ( 'NONE', *, *, #3779, .T. ) ;
#2710 = ORIENTED_EDGE ( 'NONE', *, *, #2722, .F. ) ;
#2711 = ORIENTED_EDGE ( 'NONE', *, *, #3673, .T. ) ;
#2712 = ADVANCED_FACE ( 'NONE', ( #5232 ), #5231, .T. ) ;
#2713 = EDGE_LOOP ( 'NONE', ( #2714, #2593, #2717, #2718 ) ) ;
#2714 = ORIENTED_EDGE ( 'NONE', *, *, #3101, .F. ) ;
#2715 = ORIENTED_EDGE ( 'NONE', *, *, #2720, .F. ) ;
#2716 = ADVANCED_FACE ( 'NONE', ( #5290 ), #5289, .T. ) ;
#2717 = ORIENTED_EDGE ( 'NONE', *, *, #3284, .T. ) ;
#2718 = ORIENTED_EDGE ( 'NONE', *, *, #2719, .F. ) ;
#2719 = EDGE_CURVE ( 'NONE', #3102, #3724, #6215, .T. ) ;
#2720 = EDGE_CURVE ( 'NONE', #3781, #3793, #6155, .T. ) ;
#2721 = ORIENTED_EDGE ( 'NONE', *, *, #3833, .F. ) ;
#2722 = EDGE_CURVE ( 'NONE', #3825, #3777, #6247, .T. ) ;
#2723 = ADVANCED_FACE ( 'NONE', ( #6248 ), #6246, .T. ) ;
#2724 = EDGE_LOOP ( 'NONE', ( #2707, #2708, #2711, #2739 ) ) ;
#2725 = ORIENTED_EDGE ( 'NONE', *, *, #2726, .F. ) ;
#2726 = EDGE_CURVE ( 'NONE', #3726, #3658, #6234, .T. ) ;
#2727 = ORIENTED_EDGE ( 'NONE', *, *, #3656, .T. ) ;
#2728 = EDGE_LOOP ( 'NONE', ( #2721, #2705, #2709, #2710 ) ) ;
#2729 = ADVANCED_FACE ( 'NONE', ( #6233 ), #6232, .T. ) ;
#2730 = EDGE_LOOP ( 'NONE', ( #2731, #2733, #2727, #2725 ) ) ;
#2731 = ORIENTED_EDGE ( 'NONE', *, *, #3728, .F. ) ;
#2732 = EDGE_CURVE ( 'NONE', #3827, #3788, #6229, .T. ) ;
#2733 = ORIENTED_EDGE ( 'NONE', *, *, #2734, .T. ) ;
#2734 = EDGE_CURVE ( 'NONE', #3729, #3668, #6217, .T. ) ;
#2735 = ADVANCED_FACE ( 'NONE', ( #6218 ), #6216, .T. ) ;
#2736 = EDGE_LOOP ( 'NONE', ( #2737, #2738, #2596, #2597 ) ) ;
#2737 = ORIENTED_EDGE ( 'NONE', *, *, #3316, .F. ) ;
#2738 = ORIENTED_EDGE ( 'NONE', *, *, #2595, .T. ) ;
#2739 = ORIENTED_EDGE ( 'NONE', *, *, #2740, .F. ) ;
#2740 = EDGE_CURVE ( 'NONE', #3664, #3831, #6195, .T. ) ;
#2741 = ORIENTED_EDGE ( 'NONE', *, *, #3136, .F. ) ;
#2742 = ORIENTED_EDGE ( 'NONE', *, *, #2743, .T. ) ;
#2743 = EDGE_CURVE ( 'NONE', #3138, #3155, #6175, .T. ) ;
#2744 = ORIENTED_EDGE ( 'NONE', *, *, #3258, .F. ) ;
#2745 = ORIENTED_EDGE ( 'NONE', *, *, #2761, .T. ) ;
#2746 = ORIENTED_EDGE ( 'NONE', *, *, #3272, .F. ) ;
#2747 = ORIENTED_EDGE ( 'NONE', *, *, #2777, .T. ) ;
#2748 = ORIENTED_EDGE ( 'NONE', *, *, #2703, .T. ) ;
#2749 = ORIENTED_EDGE ( 'NONE', *, *, #2750, .F. ) ;
#2750 = EDGE_CURVE ( 'NONE', #3849, #3856, #2178, .T. ) ;
#2751 = ADVANCED_FACE ( 'NONE', ( #2179 ), #2186, .T. ) ;
#2752 = EDGE_LOOP ( 'NONE', ( #2753, #2694, #2688, #2685 ) ) ;
#2753 = ORIENTED_EDGE ( 'NONE', *, *, #3502, .F. ) ;
#2754 = ORIENTED_EDGE ( 'NONE', *, *, #2755, .F. ) ;
#2755 = EDGE_CURVE ( 'NONE', #3135, #3144, #2159, .T. ) ;
#2756 = ADVANCED_FACE ( 'NONE', ( #2160 ), #2158, .T. ) ;
#2757 = EDGE_LOOP ( 'NONE', ( #2697, #2698, #2700, #2749 ) ) ;
#2758 = ORIENTED_EDGE ( 'NONE', *, *, #3244, .F. ) ;
#2759 = EDGE_LOOP ( 'NONE', ( #2758, #2748, #2773, #2760 ) ) ;
#2760 = ORIENTED_EDGE ( 'NONE', *, *, #2774, .F. ) ;
#2761 = EDGE_CURVE ( 'NONE', #3256, #3271, #2209, .T. ) ;
#2762 = EDGE_CURVE ( 'NONE', #3273, #3246, #2212, .T. ) ;
#2763 = ORIENTED_EDGE ( 'NONE', *, *, #3240, .T. ) ;
#2764 = EDGE_LOOP ( 'NONE', ( #2746, #2747, #2763, #2778 ) ) ;
#2765 = ADVANCED_FACE ( 'NONE', ( #2211 ), #2210, .T. ) ;
#2766 = EDGE_LOOP ( 'NONE', ( #2767, #2771, #2779, #2603 ) ) ;
#2767 = ORIENTED_EDGE ( 'NONE', *, *, #3148, .F. ) ;
#2768 = ORIENTED_EDGE ( 'NONE', *, *, #3265, .T. ) ;
#2769 = ORIENTED_EDGE ( 'NONE', *, *, #2695, .F. ) ;
#2770 = ORIENTED_EDGE ( 'NONE', *, *, #3137, .T. ) ;
#2771 = ORIENTED_EDGE ( 'NONE', *, *, #2772, .T. ) ;
#2772 = EDGE_CURVE ( 'NONE', #3156, #3264, #2215, .T. ) ;
#2773 = ORIENTED_EDGE ( 'NONE', *, *, #3198, .T. ) ;
#2774 = EDGE_CURVE ( 'NONE', #3247, #3203, #2225, .T. ) ;
#2775 = EDGE_CURVE ( 'NONE', #3145, #3257, #2384, .T. ) ;
#2776 = ADVANCED_FACE ( 'NONE', ( #2294 ), #2271, .T. ) ;
#2777 = EDGE_CURVE ( 'NONE', #3269, #3192, #2252, .T. ) ;
#2778 = ORIENTED_EDGE ( 'NONE', *, *, #2762, .F. ) ;
#2779 = ORIENTED_EDGE ( 'NONE', *, *, #3152, .T. ) ;
#2780 = ORIENTED_EDGE ( 'NONE', *, *, #2571, .F. ) ;
#2781 = ORIENTED_EDGE ( 'NONE', *, *, #2569, .T. ) ;
#2782 = EDGE_CURVE ( 'NONE', #2785, #2788, #2330, .T. ) ;
#2783 = EDGE_CURVE ( 'NONE', #2561, #2788, #2331, .T. ) ;
#2784 = EDGE_LOOP ( 'NONE', ( #2558, #3127, #3280, #3169 ) ) ;
#2785 = VERTEX_POINT ( 'NONE', #2267 ) ;
#2786 = ADVANCED_FACE ( 'NONE', ( #2266 ), #2265, .T. ) ;
#2787 = ORIENTED_EDGE ( 'NONE', *, *, #2782, .F. ) ;
#2788 = VERTEX_POINT ( 'NONE', #2373 ) ;
#2789 = VERTEX_POINT ( 'NONE', #2368 ) ;
#2790 = ORIENTED_EDGE ( 'NONE', *, *, #2791, .F. ) ;
#2791 = EDGE_CURVE ( 'NONE', #2644, #2789, #2367, .T. ) ;
#2792 = EDGE_LOOP ( 'NONE', ( #2802, #2806, #2573, #2483 ) ) ;
#2793 = EDGE_CURVE ( 'NONE', #3783, #3804, #2363, .T. ) ;
#2794 = ORIENTED_EDGE ( 'NONE', *, *, #2793, .T. ) ;
#2795 = ORIENTED_EDGE ( 'NONE', *, *, #3791, .T. ) ;
#2796 = ORIENTED_EDGE ( 'NONE', *, *, #2797, .F. ) ;
#2797 = EDGE_CURVE ( 'NONE', #3800, #3720, #2353, .T. ) ;
#2798 = ADVANCED_FACE ( 'NONE', ( #2352 ), #2351, .T. ) ;
#2799 = EDGE_LOOP ( 'NONE', ( #2800, #2794, #2795, #2715 ) ) ;
#2800 = ORIENTED_EDGE ( 'NONE', *, *, #3787, .F. ) ;
#2801 = EDGE_CURVE ( 'NONE', #3546, #3566, #2261, .T. ) ;
#2802 = ORIENTED_EDGE ( 'NONE', *, *, #2803, .T. ) ;
#2803 = EDGE_CURVE ( 'NONE', #2804, #2805, #2314, .T. ) ;
#2804 = VERTEX_POINT ( 'NONE', #2309 ) ;
#2805 = VERTEX_POINT ( 'NONE', #2308 ) ;
#2806 = ORIENTED_EDGE ( 'NONE', *, *, #2807, .T. ) ;
#2807 = EDGE_CURVE ( 'NONE', #2805, #2572, #2307, .T. ) ;
#2808 = ORIENTED_EDGE ( 'NONE', *, *, #2783, .T. ) ;
#2809 = VERTEX_POINT ( 'NONE', #2303 ) ;
#2810 = ORIENTED_EDGE ( 'NONE', *, *, #3722, .F. ) ;
#2811 = EDGE_CURVE ( 'NONE', #2814, #2809, #2344, .T. ) ;
#2812 = ORIENTED_EDGE ( 'NONE', *, *, #2815, .T. ) ;
#2813 = VERTEX_POINT ( 'NONE', #2343 ) ;
#2814 = VERTEX_POINT ( 'NONE', #2342 ) ;
#2815 = EDGE_CURVE ( 'NONE', #2809, #2813, #2329, .T. ) ;
#2816 = ORIENTED_EDGE ( 'NONE', *, *, #2633, .F. ) ;
#2817 = EDGE_CURVE ( 'NONE', #2632, #2517, #2325, .T. ) ;
#2818 = EDGE_LOOP ( 'NONE', ( #3073, #2781, #2570, #2780 ) ) ;
#2819 = EDGE_CURVE ( 'NONE', #2520, #2493, #2345, .T. ) ;
#2820 = ORIENTED_EDGE ( 'NONE', *, *, #2492, .T. ) ;
#2821 = ORIENTED_EDGE ( 'NONE', *, *, #3071, .F. ) ;
#2822 = EDGE_LOOP ( 'NONE', ( #2825, #2826, #2870, #2985 ) ) ;
#2823 = EDGE_CURVE ( 'NONE', #3759, #3774, #2200, .T. ) ;
#2824 = ORIENTED_EDGE ( 'NONE', *, *, #3736, .T. ) ;
#2825 = ORIENTED_EDGE ( 'NONE', *, *, #3707, .F. ) ;
#2826 = ORIENTED_EDGE ( 'NONE', *, *, #2827, .T. ) ;
#2827 = EDGE_CURVE ( 'NONE', #3705, #3704, #2392, .T. ) ;
#2828 = EDGE_CURVE ( 'NONE', #3585, #3737, #2201, .T. ) ;
#2829 = ORIENTED_EDGE ( 'NONE', *, *, #3699, .F. ) ;
#2830 = ORIENTED_EDGE ( 'NONE', *, *, #2525, .F. ) ;
#2831 = EDGE_LOOP ( 'NONE', ( #2626, #2629, #2622, #2623 ) ) ;
#2832 = EDGE_CURVE ( 'NONE', #3545, #3557, #2441, .T. ) ;
#2833 = ADVANCED_FACE ( 'NONE', ( #2449 ), #2448, .T. ) ;
#2834 = ORIENTED_EDGE ( 'NONE', *, *, #3594, .T. ) ;
#2835 = EDGE_CURVE ( 'NONE', #3700, #3605, #1112, .T. ) ;
#2836 = EDGE_LOOP ( 'NONE', ( #2829, #2944, #2834, #2864 ) ) ;
#2837 = VERTEX_POINT ( 'NONE', #1142 ) ;
#2838 = ORIENTED_EDGE ( 'NONE', *, *, #2839, .T. ) ;
#2839 = EDGE_CURVE ( 'NONE', #2837, #2840, #1109, .T. ) ;
#2840 = VERTEX_POINT ( 'NONE', #1113 ) ;
#2841 = ORIENTED_EDGE ( 'NONE', *, *, #2842, .T. ) ;
#2842 = EDGE_CURVE ( 'NONE', #2840, #2843, #1141, .T. ) ;
#2843 = VERTEX_POINT ( 'NONE', #1140 ) ;
#2844 = ORIENTED_EDGE ( 'NONE', *, *, #2845, .T. ) ;
#2845 = EDGE_CURVE ( 'NONE', #2843, #2846, #1134, .T. ) ;
#2846 = VERTEX_POINT ( 'NONE', #1133 ) ;
#2847 = ORIENTED_EDGE ( 'NONE', *, *, #2848, .T. ) ;
#2848 = EDGE_CURVE ( 'NONE', #2846, #2991, #1127, .T. ) ;
#2849 = ORIENTED_EDGE ( 'NONE', *, *, #2990, .T. ) ;
#2850 = ORIENTED_EDGE ( 'NONE', *, *, #2851, .F. ) ;
#2851 = EDGE_CURVE ( 'NONE', #2480, #2476, #1122, .T. ) ;
#2852 = ADVANCED_FACE ( 'NONE', ( #1123 ), #1117, .T. ) ;
#2853 = EDGE_LOOP ( 'NONE', ( #2854, #2892, #2894, #2895 ) ) ;
#2854 = ORIENTED_EDGE ( 'NONE', *, *, #2489, .F. ) ;
#2855 = ORIENTED_EDGE ( 'NONE', *, *, #2574, .T. ) ;
#2856 = ORIENTED_EDGE ( 'NONE', *, *, #3049, .T. ) ;
#2857 = EDGE_CURVE ( 'NONE', #3735, #3576, #1166, .T. ) ;
#2858 = ORIENTED_EDGE ( 'NONE', *, *, #3758, .F. ) ;
#2859 = ORIENTED_EDGE ( 'NONE', *, *, #2860, .T. ) ;
#2860 = EDGE_CURVE ( 'NONE', #3581, #3584, #1152, .T. ) ;
#2861 = ORIENTED_EDGE ( 'NONE', *, *, #3589, .T. ) ;
#2862 = ORIENTED_EDGE ( 'NONE', *, *, #2857, .F. ) ;
#2863 = EDGE_CURVE ( 'NONE', #3744, #3702, #1259, .T. ) ;
#2864 = ORIENTED_EDGE ( 'NONE', *, *, #2863, .F. ) ;
#2865 = ORIENTED_EDGE ( 'NONE', *, *, #2866, .T. ) ;
#2866 = EDGE_CURVE ( 'NONE', #3540, #3437, #1151, .T. ) ;
#2867 = ORIENTED_EDGE ( 'NONE', *, *, #3534, .T. ) ;
#2868 = ORIENTED_EDGE ( 'NONE', *, *, #2526, .F. ) ;
#2869 = ORIENTED_EDGE ( 'NONE', *, *, #3542, .F. ) ;
#2870 = ORIENTED_EDGE ( 'NONE', *, *, #3755, .T. ) ;
#2871 = ORIENTED_EDGE ( 'NONE', *, *, #2823, .F. ) ;
#2872 = ADVANCED_FACE ( 'NONE', ( #1283 ), #1271, .T. ) ;
#2873 = ORIENTED_EDGE ( 'NONE', *, *, #2874, .T. ) ;
#2874 = EDGE_CURVE ( 'NONE', #3734, #3580, #1285, .T. ) ;
#2875 = ADVANCED_FACE ( 'NONE', ( #1307 ), #1294, .T. ) ;
#2876 = EDGE_LOOP ( 'NONE', ( #2858, #2873, #2824, #2871 ) ) ;
#2877 = ORIENTED_EDGE ( 'NONE', *, *, #2878, .T. ) ;
#2878 = EDGE_CURVE ( 'NONE', #2885, #2886, #1319, .T. ) ;
#2879 = ORIENTED_EDGE ( 'NONE', *, *, #2478, .F. ) ;
#2880 = ORIENTED_EDGE ( 'NONE', *, *, #2851, .T. ) ;
#2881 = ORIENTED_EDGE ( 'NONE', *, *, #2497, .T. ) ;
#2882 = ORIENTED_EDGE ( 'NONE', *, *, #2883, .F. ) ;
#2883 = EDGE_CURVE ( 'NONE', #2805, #2804, #1299, .T. ) ;
#2884 = ADVANCED_FACE ( 'NONE', ( #1300 ), #1295, .T. ) ;
#2885 = VERTEX_POINT ( 'NONE', #1331 ) ;
#2886 = VERTEX_POINT ( 'NONE', #1291 ) ;
#2887 = ORIENTED_EDGE ( 'NONE', *, *, #2888, .T. ) ;
#2888 = EDGE_CURVE ( 'NONE', #2886, #2480, #1289, .T. ) ;
#2889 = ORIENTED_EDGE ( 'NONE', *, *, #2890, .F. ) ;
#2890 = EDGE_CURVE ( 'NONE', #2789, #2553, #1313, .T. ) ;
#2891 = ADVANCED_FACE ( 'NONE', ( #1333 ), #1348, .T. ) ;
#2892 = ORIENTED_EDGE ( 'NONE', *, *, #2893, .T. ) ;
#2893 = EDGE_CURVE ( 'NONE', #2495, #2488, #1342, .T. ) ;
#2894 = ORIENTED_EDGE ( 'NONE', *, *, #2503, .T. ) ;
#2895 = ORIENTED_EDGE ( 'NONE', *, *, #2896, .F. ) ;
#2896 = EDGE_CURVE ( 'NONE', #2490, #2508, #1367, .T. ) ;
#2897 = ADVANCED_FACE ( 'NONE', ( #1381 ), #1149, .T. ) ;
#2898 = EDGE_LOOP ( 'NONE', ( #2879, #2880, #2881, #2882 ) ) ;
#2899 = ORIENTED_EDGE ( 'NONE', *, *, #2627, .T. ) ;
#2900 = ORIENTED_EDGE ( 'NONE', *, *, #3406, .T. ) ;
#2901 = ORIENTED_EDGE ( 'NONE', *, *, #3586, .T. ) ;
#2902 = ORIENTED_EDGE ( 'NONE', *, *, #3311, .T. ) ;
#2903 = ORIENTED_EDGE ( 'NONE', *, *, #2598, .T. ) ;
#2904 = ORIENTED_EDGE ( 'NONE', *, *, #3105, .T. ) ;
#2905 = ORIENTED_EDGE ( 'NONE', *, *, #2719, .T. ) ;
#2906 = ADVANCED_FACE ( 'NONE', ( #1414 ), #1314, .T. ) ;
#2907 = ORIENTED_EDGE ( 'NONE', *, *, #3616, .T. ) ;
#2908 = ORIENTED_EDGE ( 'NONE', *, *, #2762, .T. ) ;
#2909 = ORIENTED_EDGE ( 'NONE', *, *, #3248, .T. ) ;
#2910 = ORIENTED_EDGE ( 'NONE', *, *, #2774, .T. ) ;
#2911 = ORIENTED_EDGE ( 'NONE', *, *, #3764, .T. ) ;
#2912 = EDGE_LOOP ( 'NONE', ( #3034, #2917, #2918, #3057, #3033, #2915, #3043, #3044, #2911, #3027, #3011, #3012, #2901, #2971, #2972, #2973, #2974, #2975, #2976, #2977, #2907, #2899, #2900, #2938, #2939, #2940, #3004, #3005, #3006, #3007, #3008, #3009, #3010, #3013, #3014, #3015, #3016, #3017, #3018, #3019, #3020, #3021, #3022, #3023, #3024, #3025, #3026, #2908, #2909, #2910, #3028, #3029, #3030, #3031, #2958, #2959, #2960, #2961, #2902, #2903, #2904, #2905, #2925, #2926, #2962, #2963, #2964, #2965, #2966, #2967, #2968, #2969, #2970, #2927, #2928, #2929, #2930, #2931, #2932, #2933 ) ) ;
#2913 = ORIENTED_EDGE ( 'NONE', *, *, #3040, .T. ) ;
#2914 = EDGE_CURVE ( 'NONE', #2509, #2916, #605, .T. ) ;
#2915 = ORIENTED_EDGE ( 'NONE', *, *, #2983, .T. ) ;
#2916 = VERTEX_POINT ( 'NONE', #603 ) ;
#2917 = ORIENTED_EDGE ( 'NONE', *, *, #3039, .F. ) ;
#2918 = ORIENTED_EDGE ( 'NONE', *, *, #3749, .T. ) ;
#2919 = ORIENTED_EDGE ( 'NONE', *, *, #3738, .F. ) ;
#2920 = ORIENTED_EDGE ( 'NONE', *, *, #2921, .T. ) ;
#2921 = EDGE_CURVE ( 'NONE', #3600, #3446, #139, .T. ) ;
#2922 = ORIENTED_EDGE ( 'NONE', *, *, #3457, .T. ) ;
#2923 = ORIENTED_EDGE ( 'NONE', *, *, #2924, .F. ) ;
#2924 = EDGE_CURVE ( 'NONE', #3608, #3455, #135, .T. ) ;
#2925 = ORIENTED_EDGE ( 'NONE', *, *, #3780, .T. ) ;
#2926 = ORIENTED_EDGE ( 'NONE', *, *, #2726, .T. ) ;
#2927 = ORIENTED_EDGE ( 'NONE', *, *, #2571, .T. ) ;
#2928 = ORIENTED_EDGE ( 'NONE', *, *, #2817, .T. ) ;
#2929 = ORIENTED_EDGE ( 'NONE', *, *, #3071, .T. ) ;
#2930 = ORIENTED_EDGE ( 'NONE', *, *, #2512, .T. ) ;
#2931 = ORIENTED_EDGE ( 'NONE', *, *, #2896, .T. ) ;
#2932 = ORIENTED_EDGE ( 'NONE', *, *, #2502, .T. ) ;
#2933 = ORIENTED_EDGE ( 'NONE', *, *, #2914, .T. ) ;
#2934 = ADVANCED_FACE ( 'NONE', ( #149 ), #163, .F. ) ;
#2935 = EDGE_LOOP ( 'NONE', ( #2936, #2937, #3162, #3085, #3084, #3108, #3157, #3158, #3116, #3107, #3096, #3097, #3098, #3083, #3235, #3251, #3252, #3115, #3236, #3250, #3253, #3254, #3278, #3099, #3100, #3319, #3320, #3321, #3322, #3323, #3324, #3289, #3290, #3291, #3292, #3159, #3160, #3161, #3286, #3287, #3070, #3474, #3365, #3526, #3530, #3531, #3525, #3496, #3527, #3364, #3528, #3529, #3497, #3417, #3524, #3366, #3367, #3495, #3475, #3476, #3477, #3478, #3479, #3119, #3310, #3122, #3126, #3307, #3120, #3308, #3309, #3121, #3118, #3124, #3125, #3123, #3117, #3305, #3306, #3303 ) ) ;
#2936 = ORIENTED_EDGE ( 'NONE', *, *, #3761, .F. ) ;
#2937 = ORIENTED_EDGE ( 'NONE', *, *, #3040, .F. ) ;
#2938 = ORIENTED_EDGE ( 'NONE', *, *, #2525, .T. ) ;
#2939 = ORIENTED_EDGE ( 'NONE', *, *, #3548, .T. ) ;
#2940 = ORIENTED_EDGE ( 'NONE', *, *, #2801, .T. ) ;
#2941 = ADVANCED_FACE ( 'NONE', ( #125 ), #111, .T. ) ;
#2942 = EDGE_LOOP ( 'NONE', ( #2943, #2859, #2861, #2862 ) ) ;
#2943 = ORIENTED_EDGE ( 'NONE', *, *, #3765, .F. ) ;
#2944 = ORIENTED_EDGE ( 'NONE', *, *, #2828, .T. ) ;
#2945 = EDGE_LOOP ( 'NONE', ( #2919, #3074, #3075, #3055 ) ) ;
#2946 = VERTEX_POINT ( 'NONE', #95 ) ;
#2947 = ORIENTED_EDGE ( 'NONE', *, *, #2948, .T. ) ;
#2948 = EDGE_CURVE ( 'NONE', #2946, #2949, #83, .T. ) ;
#2949 = VERTEX_POINT ( 'NONE', #97 ) ;
#2950 = ORIENTED_EDGE ( 'NONE', *, *, #2951, .T. ) ;
#2951 = EDGE_CURVE ( 'NONE', #2949, #2885, #88, .T. ) ;
#2952 = ADVANCED_FACE ( 'NONE', ( #6656 ), #6655, .T. ) ;
#2953 = EDGE_LOOP ( 'NONE', ( #3229, #3230, #3318, #3234, #2838, #2841, #2844, #2847, #2849, #2850 ) ) ;
#2954 = EDGE_LOOP ( 'NONE', ( #2955, #2956, #3047, #3048 ) ) ;
#2955 = ORIENTED_EDGE ( 'NONE', *, *, #2807, .F. ) ;
#2956 = ORIENTED_EDGE ( 'NONE', *, *, #2883, .T. ) ;
#2957 = EDGE_CURVE ( 'NONE', #3587, #3596, #18, .T. ) ;
#2958 = ORIENTED_EDGE ( 'NONE', *, *, #3281, .T. ) ;
#2959 = ORIENTED_EDGE ( 'NONE', *, *, #2590, .T. ) ;
#2960 = ORIENTED_EDGE ( 'NONE', *, *, #2782, .T. ) ;
#2961 = ORIENTED_EDGE ( 'NONE', *, *, #2610, .T. ) ;
#2962 = ORIENTED_EDGE ( 'NONE', *, *, #3659, .T. ) ;
#2963 = ORIENTED_EDGE ( 'NONE', *, *, #2740, .T. ) ;
#2964 = ORIENTED_EDGE ( 'NONE', *, *, #3832, .T. ) ;
#2965 = ORIENTED_EDGE ( 'NONE', *, *, #2722, .T. ) ;
#2966 = ORIENTED_EDGE ( 'NONE', *, *, #3784, .T. ) ;
#2967 = ORIENTED_EDGE ( 'NONE', *, *, #2720, .T. ) ;
#2968 = ORIENTED_EDGE ( 'NONE', *, *, #3790, .T. ) ;
#2969 = ORIENTED_EDGE ( 'NONE', *, *, #2797, .T. ) ;
#2970 = ORIENTED_EDGE ( 'NONE', *, *, #3722, .T. ) ;
#2971 = ORIENTED_EDGE ( 'NONE', *, *, #2835, .T. ) ;
#2972 = ORIENTED_EDGE ( 'NONE', *, *, #3601, .T. ) ;
#2973 = ORIENTED_EDGE ( 'NONE', *, *, #2924, .T. ) ;
#2974 = ORIENTED_EDGE ( 'NONE', *, *, #3454, .T. ) ;
#2975 = ORIENTED_EDGE ( 'NONE', *, *, #2618, .T. ) ;
#2976 = ORIENTED_EDGE ( 'NONE', *, *, #3432, .T. ) ;
#2977 = ORIENTED_EDGE ( 'NONE', *, *, #2526, .T. ) ;
#2978 = EDGE_LOOP ( 'NONE', ( #2979, #2980 ) ) ;
#2979 = ORIENTED_EDGE ( 'NONE', *, *, #2487, .F. ) ;
#2980 = ORIENTED_EDGE ( 'NONE', *, *, #2893, .F. ) ;
#2981 = ADVANCED_FACE ( 'NONE', ( #19 ), #25, .T. ) ;
#2982 = EDGE_LOOP ( 'NONE', ( #3069, #3068, #3067, #3065 ) ) ;
#2983 = EDGE_CURVE ( 'NONE', #3708, #3768, #45, .T. ) ;
#2984 = EDGE_LOOP ( 'NONE', ( #3001, #2986, #3052, #2889 ) ) ;
#2985 = ORIENTED_EDGE ( 'NONE', *, *, #2983, .F. ) ;
#2986 = ORIENTED_EDGE ( 'NONE', *, *, #2987, .T. ) ;
#2987 = EDGE_CURVE ( 'NONE', #3762, #3695, #5, .T. ) ;
#2988 = ORIENTED_EDGE ( 'NONE', *, *, #2479, .F. ) ;
#2989 = ORIENTED_EDGE ( 'NONE', *, *, #2990, .F. ) ;
#2990 = EDGE_CURVE ( 'NONE', #2991, #2476, #31, .T. ) ;
#2991 = VERTEX_POINT ( 'NONE', #27 ) ;
#2992 = ORIENTED_EDGE ( 'NONE', *, *, #2993, .T. ) ;
#2993 = EDGE_CURVE ( 'NONE', #2991, #2994, #36, .T. ) ;
#2994 = VERTEX_POINT ( 'NONE', #33 ) ;
#2995 = ORIENTED_EDGE ( 'NONE', *, *, #2996, .T. ) ;
#2996 = EDGE_CURVE ( 'NONE', #2994, #2997, #39, .T. ) ;
#2997 = VERTEX_POINT ( 'NONE', #106 ) ;
#2998 = ORIENTED_EDGE ( 'NONE', *, *, #2999, .T. ) ;
#2999 = EDGE_CURVE ( 'NONE', #2997, #2639, #105, .T. ) ;
#3000 = ORIENTED_EDGE ( 'NONE', *, *, #2638, .T. ) ;
#3001 = ORIENTED_EDGE ( 'NONE', *, *, #3842, .F. ) ;
#3002 = ORIENTED_EDGE ( 'NONE', *, *, #3003, .T. ) ;
#3003 = EDGE_CURVE ( 'NONE', #2636, #2946, #1761, .T. ) ;
#3004 = ORIENTED_EDGE ( 'NONE', *, *, #3565, .T. ) ;
#3005 = ORIENTED_EDGE ( 'NONE', *, *, #2547, .T. ) ;
#3006 = ORIENTED_EDGE ( 'NONE', *, *, #3484, .T. ) ;
#3007 = ORIENTED_EDGE ( 'NONE', *, *, #2691, .T. ) ;
#3008 = ORIENTED_EDGE ( 'NONE', *, *, #3461, .T. ) ;
#3009 = ORIENTED_EDGE ( 'NONE', *, *, #2651, .T. ) ;
#3010 = ORIENTED_EDGE ( 'NONE', *, *, #3516, .T. ) ;
#3011 = ORIENTED_EDGE ( 'NONE', *, *, #3575, .T. ) ;
#3012 = ORIENTED_EDGE ( 'NONE', *, *, #2863, .T. ) ;
#3013 = ORIENTED_EDGE ( 'NONE', *, *, #2679, .T. ) ;
#3014 = ORIENTED_EDGE ( 'NONE', *, *, #3382, .T. ) ;
#3015 = ORIENTED_EDGE ( 'NONE', *, *, #2649, .T. ) ;
#3016 = ORIENTED_EDGE ( 'NONE', *, *, #3500, .T. ) ;
#3017 = ORIENTED_EDGE ( 'NONE', *, *, #2686, .T. ) ;
#3018 = ORIENTED_EDGE ( 'NONE', *, *, #3809, .T. ) ;
#3019 = ORIENTED_EDGE ( 'NONE', *, *, #2750, .T. ) ;
#3020 = ORIENTED_EDGE ( 'NONE', *, *, #3848, .T. ) ;
#3021 = ORIENTED_EDGE ( 'NONE', *, *, #2755, .T. ) ;
#3022 = ORIENTED_EDGE ( 'NONE', *, *, #3146, .T. ) ;
#3023 = ORIENTED_EDGE ( 'NONE', *, *, #2775, .T. ) ;
#3024 = ORIENTED_EDGE ( 'NONE', *, *, #3149, .T. ) ;
#3025 = ORIENTED_EDGE ( 'NONE', *, *, #2695, .T. ) ;
#3026 = ORIENTED_EDGE ( 'NONE', *, *, #3270, .T. ) ;
#3027 = ORIENTED_EDGE ( 'NONE', *, *, #2857, .T. ) ;
#3028 = ORIENTED_EDGE ( 'NONE', *, *, #3202, .T. ) ;
#3029 = ORIENTED_EDGE ( 'NONE', *, *, #2584, .T. ) ;
#3030 = ORIENTED_EDGE ( 'NONE', *, *, #3093, .T. ) ;
#3031 = ORIENTED_EDGE ( 'NONE', *, *, #2589, .T. ) ;
#3032 = ORIENTED_EDGE ( 'NONE', *, *, #3041, .F. ) ;
#3033 = ORIENTED_EDGE ( 'NONE', *, *, #3739, .T. ) ;
#3034 = ORIENTED_EDGE ( 'NONE', *, *, #3058, .F. ) ;
#3035 = ORIENTED_EDGE ( 'NONE', *, *, #2504, .F. ) ;
#3036 = ORIENTED_EDGE ( 'NONE', *, *, #2664, .T. ) ;
#3037 = ORIENTED_EDGE ( 'NONE', *, *, #3066, .T. ) ;
#3038 = ADVANCED_FACE ( 'NONE', ( #1760 ), #1491, .F. ) ;
#3039 = EDGE_CURVE ( 'NONE', #3750, #3059, #2060, .T. ) ;
#3040 = EDGE_CURVE ( 'NONE', #3059, #3753, #2106, .T. ) ;
#3041 = EDGE_CURVE ( 'NONE', #2916, #2500, #2113, .T. ) ;
#3042 = ORIENTED_EDGE ( 'NONE', *, *, #3752, .T. ) ;
#3043 = ORIENTED_EDGE ( 'NONE', *, *, #3767, .T. ) ;
#3044 = ORIENTED_EDGE ( 'NONE', *, *, #2823, .T. ) ;
#3045 = ADVANCED_FACE ( 'NONE', ( #2096 ), #2078, .F. ) ;
#3046 = EDGE_LOOP ( 'NONE', ( #3032, #3060, #3035 ) ) ;
#3047 = ORIENTED_EDGE ( 'NONE', *, *, #2482, .T. ) ;
#3048 = ORIENTED_EDGE ( 'NONE', *, *, #3049, .F. ) ;
#3049 = EDGE_CURVE ( 'NONE', #2572, #2575, #2082, .T. ) ;
#3050 = ADVANCED_FACE ( 'NONE', ( #2100, #2104 ), #2089, .T. ) ;
#3051 = EDGE_LOOP ( 'NONE', ( #2855, #2856 ) ) ;
#3052 = ORIENTED_EDGE ( 'NONE', *, *, #3769, .T. ) ;
#3053 = ADVANCED_FACE ( 'NONE', ( #2088 ), #1788, .T. ) ;
#3054 = EDGE_LOOP ( 'NONE', ( #2877, #2887, #2988, #2989, #2992, #2995, #2998, #3000, #3002, #2947, #2950 ) ) ;
#3055 = ORIENTED_EDGE ( 'NONE', *, *, #2835, .F. ) ;
#3056 = ORIENTED_EDGE ( 'NONE', *, *, #3039, .T. ) ;
#3057 = ORIENTED_EDGE ( 'NONE', *, *, #3858, .T. ) ;
#3058 = EDGE_CURVE ( 'NONE', #3059, #2916, #1770, .T. ) ;
#3059 = VERTEX_POINT ( 'NONE', #1802 ) ;
#3060 = ORIENTED_EDGE ( 'NONE', *, *, #2914, .F. ) ;
#3061 = ADVANCED_FACE ( 'NONE', ( #1801 ), #1790, .T. ) ;
#3062 = EDGE_LOOP ( 'NONE', ( #2913, #3042, #3056 ) ) ;
#3063 = EDGE_LOOP ( 'NONE', ( #3037, #3036 ) ) ;
#3064 = ADVANCED_FACE ( 'NONE', ( #1797 ), #1792, .T. ) ;
#3065 = ORIENTED_EDGE ( 'NONE', *, *, #2890, .T. ) ;
#3066 = EDGE_CURVE ( 'NONE', #2644, #2643, #1791, .T. ) ;
#3067 = ORIENTED_EDGE ( 'NONE', *, *, #2791, .T. ) ;
#3068 = ORIENTED_EDGE ( 'NONE', *, *, #3066, .F. ) ;
#3069 = ORIENTED_EDGE ( 'NONE', *, *, #2552, .F. ) ;
#3070 = ORIENTED_EDGE ( 'NONE', *, *, #3141, .F. ) ;
#3071 = EDGE_CURVE ( 'NONE', #2517, #2484, #1816, .T. ) ;
#3072 = ADVANCED_FACE ( 'NONE', ( #1823 ), #1832, .T. ) ;
#3073 = ORIENTED_EDGE ( 'NONE', *, *, #2815, .F. ) ;
#3074 = ORIENTED_EDGE ( 'NONE', *, *, #2957, .T. ) ;
#3075 = ORIENTED_EDGE ( 'NONE', *, *, #3603, .T. ) ;
#3076 = ORIENTED_EDGE ( 'NONE', *, *, #2618, .F. ) ;
#3077 = EDGE_CURVE ( 'NONE', #3078, #3279, #1835, .T. ) ;
#3078 = VERTEX_POINT ( 'NONE', #1837 ) ;
#3079 = EDGE_CURVE ( 'NONE', #3080, #3078, #1857, .T. ) ;
#3080 = VERTEX_POINT ( 'NONE', #1861 ) ;
#3081 = ORIENTED_EDGE ( 'NONE', *, *, #3148, .T. ) ;
#3082 = EDGE_LOOP ( 'NONE', ( #3166, #3167, #3094, #3088 ) ) ;
#3083 = ORIENTED_EDGE ( 'NONE', *, *, #2732, .F. ) ;
#3084 = ORIENTED_EDGE ( 'NONE', *, *, #2510, .F. ) ;
#3085 = ORIENTED_EDGE ( 'NONE', *, *, #3041, .T. ) ;
#3086 = EDGE_CURVE ( 'NONE', #3277, #3114, #1851, .T. ) ;
#3087 = EDGE_LOOP ( 'NONE', ( #3089, #3194, #3201, #3249 ) ) ;
#3088 = ORIENTED_EDGE ( 'NONE', *, *, #3091, .F. ) ;
#3089 = ORIENTED_EDGE ( 'NONE', *, *, #3197, .T. ) ;
#3090 = VERTEX_POINT ( 'NONE', #1870 ) ;
#3091 = EDGE_CURVE ( 'NONE', #3080, #3090, #1863, .T. ) ;
#3092 = ADVANCED_FACE ( 'NONE', ( #1869 ), #1873, .T. ) ;
#3093 = EDGE_CURVE ( 'NONE', #3090, #3279, #1813, .T. ) ;
#3094 = ORIENTED_EDGE ( 'NONE', *, *, #3093, .F. ) ;
#3095 = ORIENTED_EDGE ( 'NONE', *, *, #3137, .F. ) ;
#3096 = ORIENTED_EDGE ( 'NONE', *, *, #3803, .F. ) ;
#3097 = ORIENTED_EDGE ( 'NONE', *, *, #2793, .F. ) ;
#3098 = ORIENTED_EDGE ( 'NONE', *, *, #3799, .F. ) ;
#3099 = ORIENTED_EDGE ( 'NONE', *, *, #2704, .F. ) ;
#3100 = ORIENTED_EDGE ( 'NONE', *, *, #2562, .F. ) ;
#3101 = EDGE_CURVE ( 'NONE', #3113, #3102, #1875, .T. ) ;
#3102 = VERTEX_POINT ( 'NONE', #1876 ) ;
#3103 = ORIENTED_EDGE ( 'NONE', *, *, #3231, .F. ) ;
#3104 = EDGE_CURVE ( 'NONE', #3313, #3314, #1878, .T. ) ;
#3105 = EDGE_CURVE ( 'NONE', #3361, #3102, #1913, .T. ) ;
#3106 = ORIENTED_EDGE ( 'NONE', *, *, #3104, .T. ) ;
#3107 = ORIENTED_EDGE ( 'NONE', *, *, #2564, .F. ) ;
#3108 = ORIENTED_EDGE ( 'NONE', *, *, #2819, .F. ) ;
#3109 = ORIENTED_EDGE ( 'NONE', *, *, #3101, .T. ) ;
#3110 = VERTEX_POINT ( 'NONE', #1954 ) ;
#3111 = ORIENTED_EDGE ( 'NONE', *, *, #3112, .T. ) ;
#3112 = EDGE_CURVE ( 'NONE', #3110, #3113, #1906, .T. ) ;
#3113 = VERTEX_POINT ( 'NONE', #1905 ) ;
#3114 = VERTEX_POINT ( 'NONE', #1888 ) ;
#3115 = ORIENTED_EDGE ( 'NONE', *, *, #2734, .F. ) ;
#3116 = ORIENTED_EDGE ( 'NONE', *, *, #2811, .F. ) ;
#3117 = ORIENTED_EDGE ( 'NONE', *, *, #3697, .F. ) ;
#3118 = ORIENTED_EDGE ( 'NONE', *, *, #3579, .F. ) ;
#3119 = ORIENTED_EDGE ( 'NONE', *, *, #2531, .F. ) ;
#3120 = ORIENTED_EDGE ( 'NONE', *, *, #3523, .F. ) ;
#3121 = ORIENTED_EDGE ( 'NONE', *, *, #2860, .F. ) ;
#3122 = ORIENTED_EDGE ( 'NONE', *, *, #2921, .F. ) ;
#3123 = ORIENTED_EDGE ( 'NONE', *, *, #2827, .F. ) ;
#3124 = ORIENTED_EDGE ( 'NONE', *, *, #2874, .F. ) ;
#3125 = ORIENTED_EDGE ( 'NONE', *, *, #3743, .F. ) ;
#3126 = ORIENTED_EDGE ( 'NONE', *, *, #3610, .F. ) ;
#3127 = ORIENTED_EDGE ( 'NONE', *, *, #3132, .T. ) ;
#3128 = EDGE_CURVE ( 'NONE', #3131, #3129, #1889, .T. ) ;
#3129 = VERTEX_POINT ( 'NONE', #1942 ) ;
#3130 = VERTEX_POINT ( 'NONE', #1890 ) ;
#3131 = VERTEX_POINT ( 'NONE', #1892 ) ;
#3132 = EDGE_CURVE ( 'NONE', #3129, #3130, #1891, .T. ) ;
#3133 = ORIENTED_EDGE ( 'NONE', *, *, #3136, .T. ) ;
#3134 = ORIENTED_EDGE ( 'NONE', *, *, #3848, .F. ) ;
#3135 = VERTEX_POINT ( 'NONE', #1895 ) ;
#3136 = EDGE_CURVE ( 'NONE', #3138, #3135, #1947, .T. ) ;
#3137 = EDGE_CURVE ( 'NONE', #3155, #3144, #1927, .T. ) ;
#3138 = VERTEX_POINT ( 'NONE', #1943 ) ;
#3139 = EDGE_LOOP ( 'NONE', ( #3143, #3133, #3134, #3812 ) ) ;
#3140 = ADVANCED_FACE ( 'NONE', ( #1923 ), #1921, .T. ) ;
#3141 = EDGE_CURVE ( 'NONE', #3142, #3138, #1908, .T. ) ;
#3142 = VERTEX_POINT ( 'NONE', #1909 ) ;
#3143 = ORIENTED_EDGE ( 'NONE', *, *, #3141, .T. ) ;
#3144 = VERTEX_POINT ( 'NONE', #1907 ) ;
#3145 = VERTEX_POINT ( 'NONE', #1932 ) ;
#3146 = EDGE_CURVE ( 'NONE', #3144, #3145, #1966, .T. ) ;
#3147 = ORIENTED_EDGE ( 'NONE', *, *, #3146, .F. ) ;
#3148 = EDGE_CURVE ( 'NONE', #3156, #3145, #1986, .T. ) ;
#3149 = EDGE_CURVE ( 'NONE', #3257, #3263, #1963, .T. ) ;
#3150 = EDGE_LOOP ( 'NONE', ( #3262, #3081, #3147, #3095 ) ) ;
#3151 = ORIENTED_EDGE ( 'NONE', *, *, #3149, .F. ) ;
#3152 = EDGE_CURVE ( 'NONE', #3264, #3257, #1979, .T. ) ;
#3153 = ORIENTED_EDGE ( 'NONE', *, *, #3152, .F. ) ;
#3154 = EDGE_CURVE ( 'NONE', #3264, #3256, #1989, .T. ) ;
#3155 = VERTEX_POINT ( 'NONE', #1987 ) ;
#3156 = VERTEX_POINT ( 'NONE', #1994 ) ;
#3157 = ORIENTED_EDGE ( 'NONE', *, *, #2521, .F. ) ;
#3158 = ORIENTED_EDGE ( 'NONE', *, *, #2569, .F. ) ;
#3159 = ORIENTED_EDGE ( 'NONE', *, *, #2761, .F. ) ;
#3160 = ORIENTED_EDGE ( 'NONE', *, *, #3154, .F. ) ;
#3161 = ORIENTED_EDGE ( 'NONE', *, *, #2772, .F. ) ;
#3162 = ORIENTED_EDGE ( 'NONE', *, *, #3058, .T. ) ;
#3163 = EDGE_CURVE ( 'NONE', #3114, #2837, #2001, .T. ) ;
#3164 = EDGE_CURVE ( 'NONE', #3131, #3168, #2018, .T. ) ;
#3165 = ADVANCED_FACE ( 'NONE', ( #2013 ), #2016, .T. ) ;
#3166 = ORIENTED_EDGE ( 'NONE', *, *, #3079, .T. ) ;
#3167 = ORIENTED_EDGE ( 'NONE', *, *, #3077, .T. ) ;
#3168 = VERTEX_POINT ( 'NONE', #2017 ) ;
#3169 = ORIENTED_EDGE ( 'NONE', *, *, #3164, .F. ) ;
#3170 = ORIENTED_EDGE ( 'NONE', *, *, #3171, .F. ) ;
#3171 = EDGE_CURVE ( 'NONE', #3327, #3227, #2027, .T. ) ;
#3172 = ORIENTED_EDGE ( 'NONE', *, *, #3326, .F. ) ;
#3173 = ORIENTED_EDGE ( 'NONE', *, *, #3176, .F. ) ;
#3174 = ORIENTED_EDGE ( 'NONE', *, *, #3175, .F. ) ;
#3175 = EDGE_CURVE ( 'NONE', #3178, #3296, #2019, .T. ) ;
#3176 = EDGE_CURVE ( 'NONE', #3114, #3178, #2006, .T. ) ;
#3177 = ORIENTED_EDGE ( 'NONE', *, *, #3297, .F. ) ;
#3178 = VERTEX_POINT ( 'NONE', #2045 ) ;
#3179 = ADVANCED_FACE ( 'NONE', ( #2044 ), #2042, .F. ) ;
#3180 = EDGE_LOOP ( 'NONE', ( #3182, #3183, #3177, #3181 ) ) ;
#3181 = ORIENTED_EDGE ( 'NONE', *, *, #3163, .F. ) ;
#3182 = ORIENTED_EDGE ( 'NONE', *, *, #3176, .T. ) ;
#3183 = ORIENTED_EDGE ( 'NONE', *, *, #3187, .F. ) ;
#3184 = ORIENTED_EDGE ( 'NONE', *, *, #2839, .F. ) ;
#3185 = VERTEX_POINT ( 'NONE', #2039 ) ;
#3186 = EDGE_CURVE ( 'NONE', #3277, #3296, #2052, .T. ) ;
#3187 = EDGE_CURVE ( 'NONE', #3299, #3178, #2046, .T. ) ;
#3188 = ORIENTED_EDGE ( 'NONE', *, *, #3189, .F. ) ;
#3189 = EDGE_CURVE ( 'NONE', #2840, #3185, #2030, .T. ) ;
#3190 = ORIENTED_EDGE ( 'NONE', *, *, #3191, .T. ) ;
#3191 = EDGE_CURVE ( 'NONE', #3192, #3193, #82, .T. ) ;
#3192 = VERTEX_POINT ( 'NONE', #4400 ) ;
#3193 = VERTEX_POINT ( 'NONE', #4399 ) ;
#3194 = ORIENTED_EDGE ( 'NONE', *, *, #3204, .T. ) ;
#3195 = VERTEX_POINT ( 'NONE', #4398 ) ;
#3196 = VERTEX_POINT ( 'NONE', #4397 ) ;
#3197 = EDGE_CURVE ( 'NONE', #3195, #3196, #4396, .T. ) ;
#3198 = EDGE_CURVE ( 'NONE', #3195, #3203, #4386, .T. ) ;
#3199 = ADVANCED_FACE ( 'NONE', ( #4382 ), #4381, .T. ) ;
#3200 = EDGE_LOOP ( 'NONE', ( #3190, #3245, #3243, #3239 ) ) ;
#3201 = ORIENTED_EDGE ( 'NONE', *, *, #3202, .F. ) ;
#3202 = EDGE_CURVE ( 'NONE', #3203, #3205, #4431, .T. ) ;
#3203 = VERTEX_POINT ( 'NONE', #4430 ) ;
#3204 = EDGE_CURVE ( 'NONE', #3196, #3205, #4429, .T. ) ;
#3205 = VERTEX_POINT ( 'NONE', #4414 ) ;
#3206 = ADVANCED_FACE ( 'NONE', ( #4413 ), #4412, .F. ) ;
#3207 = EDGE_LOOP ( 'NONE', ( #3225, #3170, #3172, #3336 ) ) ;
#3208 = EDGE_CURVE ( 'NONE', #3296, #3335, #4405, .T. ) ;
#3209 = ADVANCED_FACE ( 'NONE', ( #4464 ), #4463, .F. ) ;
#3210 = EDGE_LOOP ( 'NONE', ( #3334, #3328, #3325, #3343 ) ) ;
#3211 = ORIENTED_EDGE ( 'NONE', *, *, #3208, .F. ) ;
#3212 = EDGE_CURVE ( 'NONE', #3356, #3349, #4456, .T. ) ;
#3213 = ORIENTED_EDGE ( 'NONE', *, *, #3355, .F. ) ;
#3214 = ORIENTED_EDGE ( 'NONE', *, *, #2996, .F. ) ;
#3215 = ORIENTED_EDGE ( 'NONE', *, *, #2999, .F. ) ;
#3216 = ADVANCED_FACE ( 'NONE', ( #4452 ), #4451, .F. ) ;
#3217 = EDGE_LOOP ( 'NONE', ( #3218, #3350, #3213, #3214 ) ) ;
#3218 = ORIENTED_EDGE ( 'NONE', *, *, #3348, .T. ) ;
#3219 = EDGE_LOOP ( 'NONE', ( #3330, #3211, #3357, #3331, #3332 ) ) ;
#3220 = ADVANCED_FACE ( 'NONE', ( #4446 ), #4443, .F. ) ;
#3221 = EDGE_LOOP ( 'NONE', ( #3422, #3499, #3512, #3513 ) ) ;
#3222 = ORIENTED_EDGE ( 'NONE', *, *, #3223, .F. ) ;
#3223 = EDGE_CURVE ( 'NONE', #2658, #3356, #4438, .T. ) ;
#3224 = ORIENTED_EDGE ( 'NONE', *, *, #2641, .F. ) ;
#3225 = ORIENTED_EDGE ( 'NONE', *, *, #3226, .T. ) ;
#3226 = EDGE_CURVE ( 'NONE', #2946, #3227, #4433, .T. ) ;
#3227 = VERTEX_POINT ( 'NONE', #4432 ) ;
#3228 = ADVANCED_FACE ( 'NONE', ( #4434 ), #4500, .F. ) ;
#3229 = ORIENTED_EDGE ( 'NONE', *, *, #2888, .F. ) ;
#3230 = ORIENTED_EDGE ( 'NONE', *, *, #3288, .T. ) ;
#3231 = EDGE_CURVE ( 'NONE', #3110, #3361, #4491, .T. ) ;
#3232 = EDGE_LOOP ( 'NONE', ( #3111, #3109, #3360, #3103 ) ) ;
#3233 = ADVANCED_FACE ( 'NONE', ( #4486 ), #4485, .T. ) ;
#3234 = ORIENTED_EDGE ( 'NONE', *, *, #3163, .T. ) ;
#3235 = ORIENTED_EDGE ( 'NONE', *, *, #3828, .F. ) ;
#3236 = ORIENTED_EDGE ( 'NONE', *, *, #3661, .F. ) ;
#3237 = VERTEX_POINT ( 'NONE', #4484 ) ;
#3238 = ORIENTED_EDGE ( 'NONE', *, *, #3272, .T. ) ;
#3239 = ORIENTED_EDGE ( 'NONE', *, *, #3240, .F. ) ;
#3240 = EDGE_CURVE ( 'NONE', #3192, #3246, #4479, .T. ) ;
#3241 = ADVANCED_FACE ( 'NONE', ( #4475 ), #4473, .T. ) ;
#3242 = EDGE_LOOP ( 'NONE', ( #3275, #3238, #3274, #3268 ) ) ;
#3243 = ORIENTED_EDGE ( 'NONE', *, *, #3248, .F. ) ;
#3244 = EDGE_CURVE ( 'NONE', #3193, #3247, #4474, .T. ) ;
#3245 = ORIENTED_EDGE ( 'NONE', *, *, #3244, .T. ) ;
#3246 = VERTEX_POINT ( 'NONE', #4529 ) ;
#3247 = VERTEX_POINT ( 'NONE', #4528 ) ;
#3248 = EDGE_CURVE ( 'NONE', #3246, #3247, #4527, .T. ) ;
#3249 = ORIENTED_EDGE ( 'NONE', *, *, #3198, .F. ) ;
#3250 = ORIENTED_EDGE ( 'NONE', *, *, #2594, .F. ) ;
#3251 = ORIENTED_EDGE ( 'NONE', *, *, #2706, .F. ) ;
#3252 = ORIENTED_EDGE ( 'NONE', *, *, #3665, .F. ) ;
#3253 = ORIENTED_EDGE ( 'NONE', *, *, #3112, .F. ) ;
#3254 = ORIENTED_EDGE ( 'NONE', *, *, #2595, .F. ) ;
#3255 = ORIENTED_EDGE ( 'NONE', *, *, #3154, .T. ) ;
#3256 = VERTEX_POINT ( 'NONE', #4526 ) ;
#3257 = VERTEX_POINT ( 'NONE', #4525 ) ;
#3258 = EDGE_CURVE ( 'NONE', #3256, #3263, #4513, .T. ) ;
#3259 = ADVANCED_FACE ( 'NONE', ( #4509 ), #4507, .T. ) ;
#3260 = EDGE_LOOP ( 'NONE', ( #3255, #3267, #3151, #3153 ) ) ;
#3261 = ADVANCED_FACE ( 'NONE', ( #4502 ), #4501, .T. ) ;
#3262 = ORIENTED_EDGE ( 'NONE', *, *, #3266, .T. ) ;
#3263 = VERTEX_POINT ( 'NONE', #4553 ) ;
#3264 = VERTEX_POINT ( 'NONE', #4550 ) ;
#3265 = EDGE_CURVE ( 'NONE', #3271, #3237, #4549, .T. ) ;
#3266 = EDGE_CURVE ( 'NONE', #3155, #3156, #4545, .T. ) ;
#3267 = ORIENTED_EDGE ( 'NONE', *, *, #3258, .T. ) ;
#3268 = ORIENTED_EDGE ( 'NONE', *, *, #3265, .F. ) ;
#3269 = VERTEX_POINT ( 'NONE', #4544 ) ;
#3270 = EDGE_CURVE ( 'NONE', #3237, #3273, #4532, .T. ) ;
#3271 = VERTEX_POINT ( 'NONE', #4531 ) ;
#3272 = EDGE_CURVE ( 'NONE', #3269, #3273, #4530, .T. ) ;
#3273 = VERTEX_POINT ( 'NONE', #4565 ) ;
#3274 = ORIENTED_EDGE ( 'NONE', *, *, #3270, .F. ) ;
#3275 = ORIENTED_EDGE ( 'NONE', *, *, #3276, .T. ) ;
#3276 = EDGE_CURVE ( 'NONE', #3271, #3269, #4562, .T. ) ;
#3277 = VERTEX_POINT ( 'NONE', #4563 ) ;
#3278 = ORIENTED_EDGE ( 'NONE', *, *, #3104, .F. ) ;
#3279 = VERTEX_POINT ( 'NONE', #4564 ) ;
#3280 = ORIENTED_EDGE ( 'NONE', *, *, #3281, .F. ) ;
#3281 = EDGE_CURVE ( 'NONE', #3168, #3130, #4602, .T. ) ;
#3282 = EDGE_CURVE ( 'NONE', #3313, #3285, #4592, .T. ) ;
#3283 = ORIENTED_EDGE ( 'NONE', *, *, #3282, .F. ) ;
#3284 = EDGE_CURVE ( 'NONE', #3730, #3724, #4585, .T. ) ;
#3285 = VERTEX_POINT ( 'NONE', #4580 ) ;
#3286 = ORIENTED_EDGE ( 'NONE', *, *, #3266, .F. ) ;
#3287 = ORIENTED_EDGE ( 'NONE', *, *, #2743, .F. ) ;
#3288 = EDGE_CURVE ( 'NONE', #2886, #3277, #6645, .T. ) ;
#3289 = ORIENTED_EDGE ( 'NONE', *, *, #2703, .F. ) ;
#3290 = ORIENTED_EDGE ( 'NONE', *, *, #3191, .F. ) ;
#3291 = ORIENTED_EDGE ( 'NONE', *, *, #2777, .F. ) ;
#3292 = ORIENTED_EDGE ( 'NONE', *, *, #3276, .F. ) ;
#3293 = EDGE_LOOP ( 'NONE', ( #3295, #3174, #3173, #3358 ) ) ;
#3294 = ADVANCED_FACE ( 'NONE', ( #4634 ), #4632, .F. ) ;
#3295 = ORIENTED_EDGE ( 'NONE', *, *, #3186, .T. ) ;
#3296 = VERTEX_POINT ( 'NONE', #4633 ) ;
#3297 = EDGE_CURVE ( 'NONE', #2837, #3299, #4625, .T. ) ;
#3298 = ORIENTED_EDGE ( 'NONE', *, *, #3297, .T. ) ;
#3299 = VERTEX_POINT ( 'NONE', #4624 ) ;
#3300 = EDGE_LOOP ( 'NONE', ( #3298, #3301, #3188, #3184 ) ) ;
#3301 = ORIENTED_EDGE ( 'NONE', *, *, #3302, .F. ) ;
#3302 = EDGE_CURVE ( 'NONE', #3185, #3299, #4626, .T. ) ;
#3303 = ORIENTED_EDGE ( 'NONE', *, *, #2987, .F. ) ;
#3304 = ADVANCED_FACE ( 'NONE', ( #4615 ), #4614, .F. ) ;
#3305 = ORIENTED_EDGE ( 'NONE', *, *, #3835, .F. ) ;
#3306 = ORIENTED_EDGE ( 'NONE', *, *, #3837, .F. ) ;
#3307 = ORIENTED_EDGE ( 'NONE', *, *, #2957, .F. ) ;
#3308 = ORIENTED_EDGE ( 'NONE', *, *, #2828, .F. ) ;
#3309 = ORIENTED_EDGE ( 'NONE', *, *, #3583, .F. ) ;
#3310 = ORIENTED_EDGE ( 'NONE', *, *, #3445, .F. ) ;
#3311 = EDGE_CURVE ( 'NONE', #3285, #3317, #4609, .T. ) ;
#3312 = ORIENTED_EDGE ( 'NONE', *, *, #3311, .F. ) ;
#3313 = VERTEX_POINT ( 'NONE', #4608 ) ;
#3314 = VERTEX_POINT ( 'NONE', #4607 ) ;
#3315 = ORIENTED_EDGE ( 'NONE', *, *, #3316, .T. ) ;
#3316 = EDGE_CURVE ( 'NONE', #3314, #3317, #4653, .T. ) ;
#3317 = VERTEX_POINT ( 'NONE', #4649 ) ;
#3318 = ORIENTED_EDGE ( 'NONE', *, *, #3086, .T. ) ;
#3319 = ORIENTED_EDGE ( 'NONE', *, *, #2579, .F. ) ;
#3320 = ORIENTED_EDGE ( 'NONE', *, *, #3128, .F. ) ;
#3321 = ORIENTED_EDGE ( 'NONE', *, *, #2591, .F. ) ;
#3322 = ORIENTED_EDGE ( 'NONE', *, *, #3079, .F. ) ;
#3323 = ORIENTED_EDGE ( 'NONE', *, *, #2581, .F. ) ;
#3324 = ORIENTED_EDGE ( 'NONE', *, *, #3197, .F. ) ;
#3325 = ORIENTED_EDGE ( 'NONE', *, *, #3333, .F. ) ;
#3326 = EDGE_CURVE ( 'NONE', #2949, #3327, #4648, .T. ) ;
#3327 = VERTEX_POINT ( 'NONE', #4642 ) ;
#3328 = ORIENTED_EDGE ( 'NONE', *, *, #3359, .F. ) ;
#3329 = ADVANCED_FACE ( 'NONE', ( #4641 ), #4640, .F. ) ;
#3330 = ORIENTED_EDGE ( 'NONE', *, *, #3333, .T. ) ;
#3331 = ORIENTED_EDGE ( 'NONE', *, *, #3288, .F. ) ;
#3332 = ORIENTED_EDGE ( 'NONE', *, *, #2878, .F. ) ;
#3333 = EDGE_CURVE ( 'NONE', #2885, #3335, #4693, .T. ) ;
#3334 = ORIENTED_EDGE ( 'NONE', *, *, #3326, .T. ) ;
#3335 = VERTEX_POINT ( 'NONE', #4692 ) ;
#3336 = ORIENTED_EDGE ( 'NONE', *, *, #2948, .F. ) ;
#3337 = ADVANCED_FACE ( 'NONE', ( #4635 ), #4691, .F. ) ;
#3338 = EDGE_LOOP ( 'NONE', ( #3339, #3340, #3342, #3351 ) ) ;
#3339 = ORIENTED_EDGE ( 'NONE', *, *, #2660, .F. ) ;
#3340 = ORIENTED_EDGE ( 'NONE', *, *, #3341, .F. ) ;
#3341 = EDGE_CURVE ( 'NONE', #3227, #2515, #4686, .T. ) ;
#3342 = ORIENTED_EDGE ( 'NONE', *, *, #3226, .F. ) ;
#3343 = ORIENTED_EDGE ( 'NONE', *, *, #2951, .F. ) ;
#3344 = EDGE_LOOP ( 'NONE', ( #3345, #3423, #3392, #3372, #3459 ) ) ;
#3345 = ORIENTED_EDGE ( 'NONE', *, *, #3346, .T. ) ;
#3346 = EDGE_CURVE ( 'NONE', #2846, #3347, #4674, .T. ) ;
#3347 = VERTEX_POINT ( 'NONE', #4673 ) ;
#3348 = EDGE_CURVE ( 'NONE', #2994, #3349, #4667, .T. ) ;
#3349 = VERTEX_POINT ( 'NONE', #4668 ) ;
#3350 = ORIENTED_EDGE ( 'NONE', *, *, #3212, .F. ) ;
#3351 = ORIENTED_EDGE ( 'NONE', *, *, #3003, .F. ) ;
#3352 = ADVANCED_FACE ( 'NONE', ( #4666 ), #4723, .F. ) ;
#3353 = EDGE_LOOP ( 'NONE', ( #3354, #3222, #3224, #3215 ) ) ;
#3354 = ORIENTED_EDGE ( 'NONE', *, *, #3355, .T. ) ;
#3355 = EDGE_CURVE ( 'NONE', #2997, #3356, #4717, .T. ) ;
#3356 = VERTEX_POINT ( 'NONE', #4713 ) ;
#3357 = ORIENTED_EDGE ( 'NONE', *, *, #3186, .F. ) ;
#3358 = ORIENTED_EDGE ( 'NONE', *, *, #3086, .F. ) ;
#3359 = EDGE_CURVE ( 'NONE', #3335, #3327, #4712, .T. ) ;
#3360 = ORIENTED_EDGE ( 'NONE', *, *, #3105, .F. ) ;
#3361 = VERTEX_POINT ( 'NONE', #4708 ) ;
#3362 = ADVANCED_FACE ( 'NONE', ( #4707 ), #4706, .T. ) ;
#3363 = EDGE_LOOP ( 'NONE', ( #3106, #3315, #3312, #3283 ) ) ;
#3364 = ORIENTED_EDGE ( 'NONE', *, *, #2665, .F. ) ;
#3365 = ORIENTED_EDGE ( 'NONE', *, *, #3846, .F. ) ;
#3366 = ORIENTED_EDGE ( 'NONE', *, *, #2541, .F. ) ;
#3367 = ORIENTED_EDGE ( 'NONE', *, *, #3569, .F. ) ;
#3368 = ORIENTED_EDGE ( 'NONE', *, *, #3189, .T. ) ;
#3369 = ORIENTED_EDGE ( 'NONE', *, *, #3171, .T. ) ;
#3370 = ORIENTED_EDGE ( 'NONE', *, *, #3341, .T. ) ;
#3371 = ORIENTED_EDGE ( 'NONE', *, *, #2657, .T. ) ;
#3372 = ORIENTED_EDGE ( 'NONE', *, *, #2993, .F. ) ;
#3373 = VERTEX_POINT ( 'NONE', #4705 ) ;
#3374 = VERTEX_POINT ( 'NONE', #4700 ) ;
#3375 = ORIENTED_EDGE ( 'NONE', *, *, #3378, .T. ) ;
#3376 = ADVANCED_FACE ( 'NONE', ( #4699 ), #4698, .T. ) ;
#3377 = EDGE_LOOP ( 'NONE', ( #3375, #3515, #3522, #3518 ) ) ;
#3378 = EDGE_CURVE ( 'NONE', #3380, #3514, #4748, .T. ) ;
#3379 = EDGE_CURVE ( 'NONE', #3390, #3384, #4735, .T. ) ;
#3380 = VERTEX_POINT ( 'NONE', #4731 ) ;
#3381 = ORIENTED_EDGE ( 'NONE', *, *, #3379, .F. ) ;
#3382 = EDGE_CURVE ( 'NONE', #3384, #3385, #4730, .T. ) ;
#3383 = EDGE_CURVE ( 'NONE', #3424, #3385, #4776, .T. ) ;
#3384 = VERTEX_POINT ( 'NONE', #4772 ) ;
#3385 = VERTEX_POINT ( 'NONE', #4771 ) ;
#3386 = ORIENTED_EDGE ( 'NONE', *, *, #3382, .F. ) ;
#3387 = ORIENTED_EDGE ( 'NONE', *, *, #3383, .T. ) ;
#3388 = CARTESIAN_POINT ( 'NONE',  ( -0.03085937188818549000, 0.3340416666666659600, 0.05344999999999999800 ) ) ;
#3389 = CARTESIAN_POINT ( 'NONE',  ( 0.0000000000000000000, 0.3329999999999993000, 0.05344999999999999800 ) ) ;
#3390 = VERTEX_POINT ( 'NONE', #4770 ) ;
#3391 = CARTESIAN_POINT ( 'NONE',  ( 0.03085937188818552200, 0.3319583333333326300, 0.05344999999999998400 ) ) ;
#3392 = ORIENTED_EDGE ( 'NONE', *, *, #3348, .F. ) ;
#3393 = EDGE_CURVE ( 'NONE', #3504, #3501, #4769, .T. ) ;
#3394 = ADVANCED_FACE ( 'NONE', ( #4765 ), #4764, .T. ) ;
#3395 = EDGE_LOOP ( 'NONE', ( #3396, #3387, #3386, #3381 ) ) ;
#3396 = ORIENTED_EDGE ( 'NONE', *, *, #3425, .T. ) ;
#3397 = ORIENTED_EDGE ( 'NONE', *, *, #3500, .F. ) ;
#3398 = ORIENTED_EDGE ( 'NONE', *, *, #3498, .F. ) ;
#3399 = ADVANCED_FACE ( 'NONE', ( #4758 ), #4763, .T. ) ;
#3400 = VERTEX_POINT ( 'NONE', #4753 ) ;
#3401 = ADVANCED_FACE ( 'NONE', ( #4752 ), #4750, .T. ) ;
#3402 = VERTEX_POINT ( 'NONE', #4816 ) ;
#3403 = EDGE_LOOP ( 'NONE', ( #3570, #3485, #3564, #3487 ) ) ;
#3404 = VERTEX_POINT ( 'NONE', #4809 ) ;
#3405 = ORIENTED_EDGE ( 'NONE', *, *, #3406, .F. ) ;
#3406 = EDGE_CURVE ( 'NONE', #3407, #3561, #4805, .T. ) ;
#3407 = VERTEX_POINT ( 'NONE', #4804 ) ;
#3408 = ORIENTED_EDGE ( 'NONE', *, *, #3484, .F. ) ;
#3409 = ORIENTED_EDGE ( 'NONE', *, *, #3410, .F. ) ;
#3410 = EDGE_CURVE ( 'NONE', #3553, #3549, #4803, .T. ) ;
#3411 = ADVANCED_FACE ( 'NONE', ( #4789 ), #4788, .T. ) ;
#3412 = EDGE_LOOP ( 'NONE', ( #3413, #3418, #3419, #3509, #3510, #3369, #3370, #3371, #3505, #3506, #3507, #3414, #3415 ) ) ;
#3413 = ORIENTED_EDGE ( 'NONE', *, *, #3302, .T. ) ;
#3414 = ORIENTED_EDGE ( 'NONE', *, *, #3508, .T. ) ;
#3415 = ORIENTED_EDGE ( 'NONE', *, *, #3421, .T. ) ;
#3416 = CLOSED_SHELL ( 'NONE', ( #2514, #2661, #2642, #2481, #2496, #2501, #2634, #3721, #3794, #3776, #3830, #3660, #3233, #3362, #2557, #2786, #3165, #3092, #3199, #3241, #3259, #3261, #3140, #3808, #3852, #3394, #3376, #3460, #3470, #3551, #3401, #3411, #3451, #3535, #3442, #3532, #3597, #3595, #3590, #3733, #3763, #3693, #3770, #3859, #3072, #2568, #2798, #2716, #2723, #2729, #2712, #2735, #2599, #2578, #2611, #2615, #2605, #2765, #2701, #2696, #2776, #2756, #2751, #2670, #2646, #2666, #2652, #2692, #2543, #2534, #2625, #2628, #2527, #2619, #2906, #2833, #2941, #2875, #2872, #3053, #2891, #2952, #2852, #2897, #2884, #3050, #2981, #3064, #3061, #3045, #3038, #2934, #3304, #3179, #3294, #3329, #3209, #3206, #3337, #3352, #3216, #3228, #3220, #3458, #3399 ) ) ;
#3417 = ORIENTED_EDGE ( 'NONE', *, *, #2546, .F. ) ;
#3418 = ORIENTED_EDGE ( 'NONE', *, *, #3187, .T. ) ;
#3419 = ORIENTED_EDGE ( 'NONE', *, *, #3175, .T. ) ;
#3420 = ORIENTED_EDGE ( 'NONE', *, *, #3421, .F. ) ;
#3421 = EDGE_CURVE ( 'NONE', #3511, #3185, #4839, .T. ) ;
#3422 = ORIENTED_EDGE ( 'NONE', *, *, #3498, .T. ) ;
#3423 = ORIENTED_EDGE ( 'NONE', *, *, #3494, .F. ) ;
#3424 = VERTEX_POINT ( 'NONE', #4835 ) ;
#3425 = EDGE_CURVE ( 'NONE', #3390, #3424, #4834, .T. ) ;
#3426 = ORIENTED_EDGE ( 'NONE', *, *, #3503, .T. ) ;
#3427 = ORIENTED_EDGE ( 'NONE', *, *, #3502, .T. ) ;
#3428 = VERTEX_POINT ( 'NONE', #4833 ) ;
#3429 = VERTEX_POINT ( 'NONE', #4832 ) ;
#3430 = ORIENTED_EDGE ( 'NONE', *, *, #3393, .F. ) ;
#3431 = ORIENTED_EDGE ( 'NONE', *, *, #3432, .F. ) ;
#3432 = EDGE_CURVE ( 'NONE', #3433, #3543, #6649, .T. ) ;
#3433 = VERTEX_POINT ( 'NONE', #5000 ) ;
#3434 = EDGE_CURVE ( 'NONE', #3557, #3407, #4999, .T. ) ;
#3435 = ORIENTED_EDGE ( 'NONE', *, *, #3613, .T. ) ;
#3436 = ORIENTED_EDGE ( 'NONE', *, *, #3544, .T. ) ;
#3437 = VERTEX_POINT ( 'NONE', #4995 ) ;
#3438 = VERTEX_POINT ( 'NONE', #4994 ) ;
#3439 = ORIENTED_EDGE ( 'NONE', *, *, #3534, .F. ) ;
#3440 = ORIENTED_EDGE ( 'NONE', *, *, #3441, .F. ) ;
#3441 = EDGE_CURVE ( 'NONE', #3539, #3433, #4992, .T. ) ;
#3442 = ADVANCED_FACE ( 'NONE', ( #4985 ), #4983, .T. ) ;
#3443 = EDGE_LOOP ( 'NONE', ( #3444, #3448, #3453, #3456 ) ) ;
#3444 = ORIENTED_EDGE ( 'NONE', *, *, #3445, .T. ) ;
#3445 = EDGE_CURVE ( 'NONE', #3446, #3447, #4978, .T. ) ;
#3446 = VERTEX_POINT ( 'NONE', #4977 ) ;
#3447 = VERTEX_POINT ( 'NONE', #4976 ) ;
#3448 = ORIENTED_EDGE ( 'NONE', *, *, #3449, .T. ) ;
#3449 = EDGE_CURVE ( 'NONE', #3447, #3452, #5025, .T. ) ;
#3450 = EDGE_LOOP ( 'NONE', ( #3436, #3435, #3615, #3439 ) ) ;
#3451 = ADVANCED_FACE ( 'NONE', ( #5021 ), #5018, .T. ) ;
#3452 = VERTEX_POINT ( 'NONE', #5019 ) ;
#3453 = ORIENTED_EDGE ( 'NONE', *, *, #3454, .F. ) ;
#3454 = EDGE_CURVE ( 'NONE', #3455, #3452, #5011, .T. ) ;
#3455 = VERTEX_POINT ( 'NONE', #5010 ) ;
#3456 = ORIENTED_EDGE ( 'NONE', *, *, #3457, .F. ) ;
#3457 = EDGE_CURVE ( 'NONE', #3446, #3455, #5062, .T. ) ;
#3458 = ADVANCED_FACE ( 'NONE', ( #5057 ), #5056, .F. ) ;
#3459 = ORIENTED_EDGE ( 'NONE', *, *, #2848, .F. ) ;
#3460 = ADVANCED_FACE ( 'NONE', ( #5051 ), #5050, .T. ) ;
#3461 = EDGE_CURVE ( 'NONE', #3493, #3462, #5044, .T. ) ;
#3462 = VERTEX_POINT ( 'NONE', #5043 ) ;
#3463 = VERTEX_POINT ( 'NONE', #5042 ) ;
#3464 = ORIENTED_EDGE ( 'NONE', *, *, #3491, .T. ) ;
#3465 = EDGE_LOOP ( 'NONE', ( #3471, #3550, #3408, #3571 ) ) ;
#3466 = VERTEX_POINT ( 'NONE', #5089 ) ;
#3467 = ORIENTED_EDGE ( 'NONE', *, *, #3468, .F. ) ;
#3468 = EDGE_CURVE ( 'NONE', #3463, #3493, #5088, .T. ) ;
#3469 = ORIENTED_EDGE ( 'NONE', *, *, #3490, .T. ) ;
#3470 = ADVANCED_FACE ( 'NONE', ( #5084 ), #5083, .T. ) ;
#3471 = ORIENTED_EDGE ( 'NONE', *, *, #3472, .T. ) ;
#3472 = EDGE_CURVE ( 'NONE', #3373, #3374, #5078, .T. ) ;
#3473 = ORIENTED_EDGE ( 'NONE', *, *, #2842, .F. ) ;
#3474 = ORIENTED_EDGE ( 'NONE', *, *, #2699, .F. ) ;
#3475 = ORIENTED_EDGE ( 'NONE', *, *, #3483, .F. ) ;
#3476 = ORIENTED_EDGE ( 'NONE', *, *, #2832, .F. ) ;
#3477 = ORIENTED_EDGE ( 'NONE', *, *, #3544, .F. ) ;
#3478 = ORIENTED_EDGE ( 'NONE', *, *, #2866, .F. ) ;
#3479 = ORIENTED_EDGE ( 'NONE', *, *, #3538, .F. ) ;
#3480 = EDGE_LOOP ( 'NONE', ( #3368, #3420, #3398, #3473 ) ) ;
#3481 = EDGE_LOOP ( 'NONE', ( #3482, #3559, #3405, #3612 ) ) ;
#3482 = ORIENTED_EDGE ( 'NONE', *, *, #3483, .T. ) ;
#3483 = EDGE_CURVE ( 'NONE', #3557, #3558, #5111, .T. ) ;
#3484 = EDGE_CURVE ( 'NONE', #3563, #3402, #5100, .T. ) ;
#3485 = ORIENTED_EDGE ( 'NONE', *, *, #3486, .T. ) ;
#3486 = EDGE_CURVE ( 'NONE', #3404, #3552, #5135, .T. ) ;
#3487 = ORIENTED_EDGE ( 'NONE', *, *, #3488, .F. ) ;
#3488 = EDGE_CURVE ( 'NONE', #3400, #3566, #5131, .T. ) ;
#3489 = EDGE_LOOP ( 'NONE', ( #3469, #3464, #3492, #3467 ) ) ;
#3490 = EDGE_CURVE ( 'NONE', #3463, #3466, #5127, .T. ) ;
#3491 = EDGE_CURVE ( 'NONE', #3466, #3462, #5117, .T. ) ;
#3492 = ORIENTED_EDGE ( 'NONE', *, *, #3461, .F. ) ;
#3493 = VERTEX_POINT ( 'NONE', #5113 ) ;
#3494 = EDGE_CURVE ( 'NONE', #3349, #3347, #5112, .T. ) ;
#3495 = ORIENTED_EDGE ( 'NONE', *, *, #2533, .F. ) ;
#3496 = ORIENTED_EDGE ( 'NONE', *, *, #2683, .F. ) ;
#3497 = ORIENTED_EDGE ( 'NONE', *, *, #3472, .F. ) ;
#3498 = EDGE_CURVE ( 'NONE', #2843, #3511, #5156, .T. ) ;
#3499 = ORIENTED_EDGE ( 'NONE', *, *, #3508, .F. ) ;
#3500 = EDGE_CURVE ( 'NONE', #3501, #3428, #5152, .T. ) ;
#3501 = VERTEX_POINT ( 'NONE', #5151 ) ;
#3502 = EDGE_CURVE ( 'NONE', #3429, #3428, #5150, .T. ) ;
#3503 = EDGE_CURVE ( 'NONE', #3504, #3429, #5188, .T. ) ;
#3504 = VERTEX_POINT ( 'NONE', #5187 ) ;
#3505 = ORIENTED_EDGE ( 'NONE', *, *, #3223, .T. ) ;
#3506 = ORIENTED_EDGE ( 'NONE', *, *, #3212, .T. ) ;
#3507 = ORIENTED_EDGE ( 'NONE', *, *, #3494, .T. ) ;
#3508 = EDGE_CURVE ( 'NONE', #3347, #3511, #5189, .T. ) ;
#3509 = ORIENTED_EDGE ( 'NONE', *, *, #3208, .T. ) ;
#3510 = ORIENTED_EDGE ( 'NONE', *, *, #3359, .T. ) ;
#3511 = VERTEX_POINT ( 'NONE', #5173 ) ;
#3512 = ORIENTED_EDGE ( 'NONE', *, *, #3346, .F. ) ;
#3513 = ORIENTED_EDGE ( 'NONE', *, *, #2845, .F. ) ;
#3514 = VERTEX_POINT ( 'NONE', #5172 ) ;
#3515 = ORIENTED_EDGE ( 'NONE', *, *, #3520, .T. ) ;
#3516 = EDGE_CURVE ( 'NONE', #3517, #3521, #6643, .T. ) ;
#3517 = VERTEX_POINT ( 'NONE', #5331 ) ;
#3518 = ORIENTED_EDGE ( 'NONE', *, *, #3519, .F. ) ;
#3519 = EDGE_CURVE ( 'NONE', #3380, #3517, #5330, .T. ) ;
#3520 = EDGE_CURVE ( 'NONE', #3514, #3521, #5326, .T. ) ;
#3521 = VERTEX_POINT ( 'NONE', #5322 ) ;
#3522 = ORIENTED_EDGE ( 'NONE', *, *, #3516, .F. ) ;
#3523 = EDGE_CURVE ( 'NONE', #3737, #3587, #5320, .T. ) ;
#3524 = ORIENTED_EDGE ( 'NONE', *, *, #3573, .F. ) ;
#3525 = ORIENTED_EDGE ( 'NONE', *, *, #3425, .F. ) ;
#3526 = ORIENTED_EDGE ( 'NONE', *, *, #2676, .F. ) ;
#3527 = ORIENTED_EDGE ( 'NONE', *, *, #3378, .F. ) ;
#3528 = ORIENTED_EDGE ( 'NONE', *, *, #3490, .F. ) ;
#3529 = ORIENTED_EDGE ( 'NONE', *, *, #2675, .F. ) ;
#3530 = ORIENTED_EDGE ( 'NONE', *, *, #3503, .F. ) ;
#3531 = ORIENTED_EDGE ( 'NONE', *, *, #2672, .F. ) ;
#3532 = ADVANCED_FACE ( 'NONE', ( #5321 ), #5310, .T. ) ;
#3533 = EDGE_LOOP ( 'NONE', ( #3606, #3611, #3604, #3602 ) ) ;
#3534 = EDGE_CURVE ( 'NONE', #3437, #3438, #5309, .T. ) ;
#3535 = ADVANCED_FACE ( 'NONE', ( #5351 ), #5350, .T. ) ;
#3536 = EDGE_LOOP ( 'NONE', ( #3537, #3541, #3431, #3440 ) ) ;
#3537 = ORIENTED_EDGE ( 'NONE', *, *, #3538, .T. ) ;
#3538 = EDGE_CURVE ( 'NONE', #3539, #3540, #5345, .T. ) ;
#3539 = VERTEX_POINT ( 'NONE', #5344 ) ;
#3540 = VERTEX_POINT ( 'NONE', #5343 ) ;
#3541 = ORIENTED_EDGE ( 'NONE', *, *, #3542, .T. ) ;
#3542 = EDGE_CURVE ( 'NONE', #3540, #3543, #5333, .T. ) ;
#3543 = VERTEX_POINT ( 'NONE', #5376 ) ;
#3544 = EDGE_CURVE ( 'NONE', #3437, #3545, #5375, .T. ) ;
#3545 = VERTEX_POINT ( 'NONE', #5374 ) ;
#3546 = VERTEX_POINT ( 'NONE', #5373 ) ;
#3547 = ORIENTED_EDGE ( 'NONE', *, *, #3548, .F. ) ;
#3548 = EDGE_CURVE ( 'NONE', #3549, #3546, #5363, .T. ) ;
#3549 = VERTEX_POINT ( 'NONE', #5362 ) ;
#3550 = ORIENTED_EDGE ( 'NONE', *, *, #3562, .T. ) ;
#3551 = ADVANCED_FACE ( 'NONE', ( #5361 ), #5402, .T. ) ;
#3552 = VERTEX_POINT ( 'NONE', #5401 ) ;
#3553 = VERTEX_POINT ( 'NONE', #5396 ) ;
#3554 = VERTEX_POINT ( 'NONE', #5395 ) ;
#3555 = ORIENTED_EDGE ( 'NONE', *, *, #3556, .T. ) ;
#3556 = EDGE_CURVE ( 'NONE', #3554, #3546, #5394, .T. ) ;
#3557 = VERTEX_POINT ( 'NONE', #5390 ) ;
#3558 = VERTEX_POINT ( 'NONE', #5389 ) ;
#3559 = ORIENTED_EDGE ( 'NONE', *, *, #3560, .T. ) ;
#3560 = EDGE_CURVE ( 'NONE', #3558, #3561, #5388, .T. ) ;
#3561 = VERTEX_POINT ( 'NONE', #5384 ) ;
#3562 = EDGE_CURVE ( 'NONE', #3374, #3402, #5383, .T. ) ;
#3563 = VERTEX_POINT ( 'NONE', #5379 ) ;
#3564 = ORIENTED_EDGE ( 'NONE', *, *, #3565, .F. ) ;
#3565 = EDGE_CURVE ( 'NONE', #3566, #3552, #5429, .T. ) ;
#3566 = VERTEX_POINT ( 'NONE', #5430 ) ;
#3567 = EDGE_LOOP ( 'NONE', ( #3568, #3555, #3547, #3409 ) ) ;
#3568 = ORIENTED_EDGE ( 'NONE', *, *, #3569, .T. ) ;
#3569 = EDGE_CURVE ( 'NONE', #3553, #3554, #5419, .T. ) ;
#3570 = ORIENTED_EDGE ( 'NONE', *, *, #3573, .T. ) ;
#3571 = ORIENTED_EDGE ( 'NONE', *, *, #3572, .F. ) ;
#3572 = EDGE_CURVE ( 'NONE', #3373, #3563, #5450, .T. ) ;
#3573 = EDGE_CURVE ( 'NONE', #3400, #3404, #5446, .T. ) ;
#3574 = ORIENTED_EDGE ( 'NONE', *, *, #3575, .F. ) ;
#3575 = EDGE_CURVE ( 'NONE', #3576, #3744, #5436, .T. ) ;
#3576 = VERTEX_POINT ( 'NONE', #5435 ) ;
#3577 = ORIENTED_EDGE ( 'NONE', *, *, #3738, .T. ) ;
#3578 = ORIENTED_EDGE ( 'NONE', *, *, #3579, .T. ) ;
#3579 = EDGE_CURVE ( 'NONE', #3580, #3581, #5465, .T. ) ;
#3580 = VERTEX_POINT ( 'NONE', #5464 ) ;
#3581 = VERTEX_POINT ( 'NONE', #5463 ) ;
#3582 = ORIENTED_EDGE ( 'NONE', *, *, #3583, .T. ) ;
#3583 = EDGE_CURVE ( 'NONE', #3584, #3585, #5451, .T. ) ;
#3584 = VERTEX_POINT ( 'NONE', #5452 ) ;
#3585 = VERTEX_POINT ( 'NONE', #5453 ) ;
#3586 = EDGE_CURVE ( 'NONE', #3702, #3700, #5482, .T. ) ;
#3587 = VERTEX_POINT ( 'NONE', #5481 ) ;
#3588 = ORIENTED_EDGE ( 'NONE', *, *, #3589, .F. ) ;
#3589 = EDGE_CURVE ( 'NONE', #3584, #3576, #5480, .T. ) ;
#3590 = ADVANCED_FACE ( 'NONE', ( #5542 ), #5539, .T. ) ;
#3591 = EDGE_LOOP ( 'NONE', ( #3578, #3745, #3840, #3766 ) ) ;
#3592 = ORIENTED_EDGE ( 'NONE', *, *, #3594, .F. ) ;
#3593 = EDGE_LOOP ( 'NONE', ( #3582, #3698, #3574, #3588 ) ) ;
#3594 = EDGE_CURVE ( 'NONE', #3737, #3702, #5537, .T. ) ;
#3595 = ADVANCED_FACE ( 'NONE', ( #5530 ), #5528, .T. ) ;
#3596 = VERTEX_POINT ( 'NONE', #5529 ) ;
#3597 = ADVANCED_FACE ( 'NONE', ( #5523 ), #5522, .T. ) ;
#3598 = EDGE_LOOP ( 'NONE', ( #3599, #3577, #3701, #3592 ) ) ;
#3599 = ORIENTED_EDGE ( 'NONE', *, *, #3523, .T. ) ;
#3600 = VERTEX_POINT ( 'NONE', #5521 ) ;
#3601 = EDGE_CURVE ( 'NONE', #3605, #3608, #5516, .T. ) ;
#3602 = ORIENTED_EDGE ( 'NONE', *, *, #3603, .F. ) ;
#3603 = EDGE_CURVE ( 'NONE', #3596, #3605, #5564, .T. ) ;
#3604 = ORIENTED_EDGE ( 'NONE', *, *, #3601, .F. ) ;
#3605 = VERTEX_POINT ( 'NONE', #5557 ) ;
#3606 = ORIENTED_EDGE ( 'NONE', *, *, #3610, .T. ) ;
#3607 = EDGE_CURVE ( 'NONE', #3600, #3608, #5556, .T. ) ;
#3608 = VERTEX_POINT ( 'NONE', #5552 ) ;
#3609 = CARTESIAN_POINT ( 'NONE',  ( 0.04628905783227826900, 0.3309166666666659700, 0.02672499999999996400 ) ) ;
#3610 = EDGE_CURVE ( 'NONE', #3596, #3600, #5551, .T. ) ;
#3611 = ORIENTED_EDGE ( 'NONE', *, *, #3607, .T. ) ;
#3612 = ORIENTED_EDGE ( 'NONE', *, *, #3434, .F. ) ;
#3613 = EDGE_CURVE ( 'NONE', #3545, #3614, #5596, .T. ) ;
#3614 = VERTEX_POINT ( 'NONE', #5592 ) ;
#3615 = ORIENTED_EDGE ( 'NONE', *, *, #3616, .F. ) ;
#3616 = EDGE_CURVE ( 'NONE', #3438, #3614, #5591, .T. ) ;
#3617 = FACE_OUTER_BOUND ( 'NONE', #2485, .T. ) ;
#3618 = CARTESIAN_POINT ( 'NONE',  ( -0.05345000000000023300, 0.5000000000000000000, 6.545520961180621000E-018 ) ) ;
#3619 = CARTESIAN_POINT ( 'NONE',  ( 0.05344999999999995600, 0.4813749999999990000, 1.658429488176620400E-016 ) ) ;
#3620 = DIRECTION ( 'NONE',  ( 2.449212707644754500E-016, -1.000000000000000000, 0.0000000000000000000 ) ) ;
#3621 = VECTOR ( 'NONE', #3620, 39.37007874015748100 ) ;
#3622 = CARTESIAN_POINT ( 'NONE',  ( 0.05345000000000005300, 1.309104192236122700E-017, 0.0000000000000000000 ) ) ;
#3623 = LINE ( 'NONE', #3622, #3621 ) ;
#3624 = CARTESIAN_POINT ( 'NONE',  ( -0.05344999999999994200, 0.4861249999999990300, -6.725217510674847100E-016 ) ) ;
#3625 = DIRECTION ( 'NONE',  ( 2.449212707644754500E-016, -1.000000000000000000, 0.0000000000000000000 ) ) ;
#3626 = VECTOR ( 'NONE', #3625, 39.37007874015748100 ) ;
#3627 = CARTESIAN_POINT ( 'NONE',  ( -0.05345000000000005300, -1.309104192236122700E-017, 6.545520961180613300E-018 ) ) ;
#3628 = LINE ( 'NONE', #3627, #3626 ) ;
#3629 = CARTESIAN_POINT ( 'NONE',  ( 0.05344999999999999800, 0.5000000000000000000, 0.0000000000000000000 ) ) ;
#3630 = DIRECTION ( 'NONE',  ( 1.000000000000000000, 0.0000000000000000000, 0.0000000000000000000 ) ) ;
#3631 = DIRECTION ( 'NONE',  ( 2.449212707644754500E-016, -1.000000000000000000, 0.0000000000000000000 ) ) ;
#3632 = CARTESIAN_POINT ( 'NONE',  ( -1.224606353822377300E-016, 0.5000000000000000000, 0.0000000000000000000 ) ) ;
#3633 = AXIS2_PLACEMENT_3D ( 'NONE', #3632, #3631, #3630 ) ;
#3634 = CIRCLE ( 'NONE', #3633, 0.05345000000000011500 ) ;
#3635 = CARTESIAN_POINT ( 'NONE',  ( 0.05345000000000015000, 0.4798749999999990000, 1.509742706478027000E-016 ) ) ;
#3636 = DIRECTION ( 'NONE',  ( 0.1391731009600713800, -0.9902680687415694700, 0.0000000000000000000 ) ) ;
#3637 = VECTOR ( 'NONE', #3636, 39.37007874015748100 ) ;
#3638 = CARTESIAN_POINT ( 'NONE',  ( 0.1059999999999998000, 0.5000000000000000000, 0.0000000000000000000 ) ) ;
#3639 = LINE ( 'NONE', #3638, #3637 ) ;
#3640 = DIRECTION ( 'NONE',  ( 1.000000000000000000, 2.449212707644754500E-016, 0.0000000000000000000 ) ) ;
#3641 = DIRECTION ( 'NONE',  ( 2.449212707644754500E-016, -1.000000000000000000, 0.0000000000000000000 ) ) ;
#3642 = AXIS2_PLACEMENT_3D ( 'NONE', #3644, #3641, #3640 ) ;
#3643 = TOROIDAL_SURFACE ( 'NONE', #3642, 0.08520478898892759600, 0.01500000000000006200 ) ;
#3644 = CARTESIAN_POINT ( 'NONE',  ( -1.365923996832131600E-016, 0.5401861667838571100, 0.0000000000000000000 ) ) ;
#3645 = FACE_OUTER_BOUND ( 'NONE', #2475, .T. ) ;
#3646 = CARTESIAN_POINT ( 'NONE',  ( -0.09176243282732804400, 0.5536768045481991200, 1.123728582825448600E-017 ) ) ;
#3647 = DIRECTION ( 'NONE',  ( 1.000000000000000000, 0.0000000000000000000, 0.0000000000000000000 ) ) ;
#3648 = DIRECTION ( 'NONE',  ( 2.449212707644754500E-016, -1.000000000000000000, 0.0000000000000000000 ) ) ;
#3649 = AXIS2_PLACEMENT_3D ( 'NONE', #3709, #3648, #3647 ) ;
#3650 = DIRECTION ( 'NONE',  ( 0.0000000000000000000, 0.0000000000000000000, 1.000000000000000000 ) ) ;
#3651 = CARTESIAN_POINT ( 'NONE',  ( 0.0000000000000000000, 0.4844999999999988800, 0.05344999999999999800 ) ) ;
#3652 = CARTESIAN_POINT ( 'NONE',  ( 0.03085937188818568500, 0.4834583333333322100, 0.05345000000000042100 ) ) ;
#3653 = CARTESIAN_POINT ( 'NONE',  ( 0.04628905783227902500, 0.4824166666666655500, 0.02672499999999863500 ) ) ;
#3654 = CARTESIAN_POINT ( 'NONE',  ( 0.05345000000000001800, 0.4819332274842304500, 0.01432188433544294900 ) ) ;
#3655 = CARTESIAN_POINT ( 'NONE',  ( 0.05344999999999995600, 0.4813749999999990000, 1.658429488176620400E-016 ) ) ;
#3656 = EDGE_CURVE ( 'NONE', #3668, #3658, #5578, .T. ) ;
#3657 = EDGE_LOOP ( 'NONE', ( #3662, #3725, #3727, #3723 ) ) ;
#3658 = VERTEX_POINT ( 'NONE', #5574 ) ;
#3659 = EDGE_CURVE ( 'NONE', #3658, #3664, #5628, .T. ) ;
#3660 = ADVANCED_FACE ( 'NONE', ( #5627 ), #5626, .T. ) ;
#3661 = EDGE_CURVE ( 'NONE', #3730, #3729, #5607, .T. ) ;
#3662 = ORIENTED_EDGE ( 'NONE', *, *, #3661, .T. ) ;
#3663 = ORIENTED_EDGE ( 'NONE', *, *, #3659, .F. ) ;
#3664 = VERTEX_POINT ( 'NONE', #5606 ) ;
#3665 = EDGE_CURVE ( 'NONE', #3668, #3669, #5655, .T. ) ;
#3666 = ORIENTED_EDGE ( 'NONE', *, *, #3667, .T. ) ;
#3667 = EDGE_CURVE ( 'NONE', #3669, #3664, #5636, .T. ) ;
#3668 = VERTEX_POINT ( 'NONE', #5632 ) ;
#3669 = VERTEX_POINT ( 'NONE', #5631 ) ;
#3670 = ORIENTED_EDGE ( 'NONE', *, *, #3832, .F. ) ;
#3671 = ORIENTED_EDGE ( 'NONE', *, *, #3828, .T. ) ;
#3672 = ORIENTED_EDGE ( 'NONE', *, *, #3673, .F. ) ;
#3673 = EDGE_CURVE ( 'NONE', #3829, #3831, #5630, .T. ) ;
#3674 =( BOUNDED_CURVE ( )  B_SPLINE_CURVE ( 2, ( #3823, #3822, #3821, #3820, #3819 ),
 .UNSPECIFIED., .F., .T. ) 
 B_SPLINE_CURVE_WITH_KNOTS ( ( 3, 2, 3 ),
 ( 0.9679487179487181700, 0.9700854700854706400, 0.9743589743589756700 ),
 .UNSPECIFIED. ) 
 CURVE ( )  GEOMETRIC_REPRESENTATION_ITEM ( )  RATIONAL_B_SPLINE_CURVE ( ( 0.9330127018922194100, 0.9330127018922228500, 1.000000000000000000, 0.8660254037844004000, 1.000000000000038200 ) ) 
 REPRESENTATION_ITEM ( '' )  );
#3675 = DIRECTION ( 'NONE',  ( 1.000000000000000000, 2.449212707644754500E-016, 0.0000000000000000000 ) ) ;
#3676 = DIRECTION ( 'NONE',  ( 2.449212707644754500E-016, -1.000000000000000000, 0.0000000000000000000 ) ) ;
#3677 = CARTESIAN_POINT ( 'NONE',  ( 0.0000000000000000000, 0.0000000000000000000, 0.0000000000000000000 ) ) ;
#3678 = AXIS2_PLACEMENT_3D ( 'NONE', #3677, #3676, #3675 ) ;
#3679 = CYLINDRICAL_SURFACE ( 'NONE', #3678, 0.05345000000000005300 ) ;
#3680 = FACE_OUTER_BOUND ( 'NONE', #2523, .T. ) ;
#3681 = CARTESIAN_POINT ( 'NONE',  ( 0.0000000000000000000, 0.4844999999999988800, 0.05344999999999999800 ) ) ;
#3682 = DIRECTION ( 'NONE',  ( -1.000000000000000000, 0.0000000000000000000, 0.0000000000000000000 ) ) ;
#3683 = DIRECTION ( 'NONE',  ( 0.0000000000000000000, 0.0000000000000000000, -1.000000000000000000 ) ) ;
#3684 = CARTESIAN_POINT ( 'NONE',  ( 0.08520478898892745700, 0.5401861667838571100, 0.0000000000000000000 ) ) ;
#3685 = AXIS2_PLACEMENT_3D ( 'NONE', #3684, #3683, #3682 ) ;
#3686 = CIRCLE ( 'NONE', #3685, 0.01500000000000006200 ) ;
#3687 = DIRECTION ( 'NONE',  ( 1.000000000000000000, 2.449212707644754500E-016, 0.0000000000000000000 ) ) ;
#3688 = DIRECTION ( 'NONE',  ( 2.449212707644754500E-016, -1.000000000000000000, 0.0000000000000000000 ) ) ;
#3689 = CARTESIAN_POINT ( 'NONE',  ( 0.0000000000000000000, 0.0000000000000000000, 0.0000000000000000000 ) ) ;
#3690 = AXIS2_PLACEMENT_3D ( 'NONE', #3689, #3688, #3687 ) ;
#3691 = CYLINDRICAL_SURFACE ( 'NONE', #3690, 0.05345000000000005300 ) ;
#3692 = ORIENTED_EDGE ( 'NONE', *, *, #3767, .F. ) ;
#3693 = ADVANCED_FACE ( 'NONE', ( #5687 ), #5686, .T. ) ;
#3694 = EDGE_LOOP ( 'NONE', ( #3836, #3746, #3748, #3751, #3760, #3841, #3843, #3844 ) ) ;
#3695 = VERTEX_POINT ( 'NONE', #5685 ) ;
#3696 = ORIENTED_EDGE ( 'NONE', *, *, #3697, .T. ) ;
#3697 = EDGE_CURVE ( 'NONE', #3732, #3705, #5680, .T. ) ;
#3698 = ORIENTED_EDGE ( 'NONE', *, *, #3699, .T. ) ;
#3699 = EDGE_CURVE ( 'NONE', #3585, #3744, #5670, .T. ) ;
#3700 = VERTEX_POINT ( 'NONE', #5665 ) ;
#3701 = ORIENTED_EDGE ( 'NONE', *, *, #3586, .F. ) ;
#3702 = VERTEX_POINT ( 'NONE', #5664 ) ;
#3703 = ORIENTED_EDGE ( 'NONE', *, *, #3743, .T. ) ;
#3704 = VERTEX_POINT ( 'NONE', #5663 ) ;
#3705 = VERTEX_POINT ( 'NONE', #5662 ) ;
#3706 = ORIENTED_EDGE ( 'NONE', *, *, #3707, .T. ) ;
#3707 = EDGE_CURVE ( 'NONE', #3705, #3708, #5718, .T. ) ;
#3708 = VERTEX_POINT ( 'NONE', #5714 ) ;
#3709 = CARTESIAN_POINT ( 'NONE',  ( -1.356072265627590200E-016, 0.5536768045481991200, 0.0000000000000000000 ) ) ;
#3710 = CIRCLE ( 'NONE', #3649, 0.09176243282732789200 ) ;
#3711 = DIRECTION ( 'NONE',  ( 1.000000000000000000, 0.0000000000000000000, -1.224606353822377500E-016 ) ) ;
#3712 = DIRECTION ( 'NONE',  ( 1.224606353822377300E-016, 2.999321443644274900E-032, 1.000000000000000000 ) ) ;
#3713 = CARTESIAN_POINT ( 'NONE',  ( -0.08520478898892773500, 0.5401861667838571100, 1.043423259719356600E-017 ) ) ;
#3714 = AXIS2_PLACEMENT_3D ( 'NONE', #3713, #3712, #3711 ) ;
#3715 = CIRCLE ( 'NONE', #3714, 0.01500000000000006200 ) ;
#3716 = CARTESIAN_POINT ( 'NONE',  ( 0.09176243282732775300, 0.5536768045481991200, 0.0000000000000000000 ) ) ;
#3717 = ORIENTED_EDGE ( 'NONE', *, *, #3718, .F. ) ;
#3718 = EDGE_CURVE ( 'NONE', #2814, #3720, #5711, .T. ) ;
#3719 = EDGE_LOOP ( 'NONE', ( #3801, #3802, #3789, #3792 ) ) ;
#3720 = VERTEX_POINT ( 'NONE', #5707 ) ;
#3721 = ADVANCED_FACE ( 'NONE', ( #5706 ), #5705, .T. ) ;
#3722 = EDGE_CURVE ( 'NONE', #3720, #2813, #5700, .T. ) ;
#3723 = ORIENTED_EDGE ( 'NONE', *, *, #3284, .F. ) ;
#3724 = VERTEX_POINT ( 'NONE', #5699 ) ;
#3725 = ORIENTED_EDGE ( 'NONE', *, *, #3728, .T. ) ;
#3726 = VERTEX_POINT ( 'NONE', #5698 ) ;
#3727 = ORIENTED_EDGE ( 'NONE', *, *, #3780, .F. ) ;
#3728 = EDGE_CURVE ( 'NONE', #3729, #3726, #5743, .T. ) ;
#3729 = VERTEX_POINT ( 'NONE', #5739 ) ;
#3730 = VERTEX_POINT ( 'NONE', #5738 ) ;
#3731 = ORIENTED_EDGE ( 'NONE', *, *, #3656, .F. ) ;
#3732 = VERTEX_POINT ( 'NONE', #5737 ) ;
#3733 = ADVANCED_FACE ( 'NONE', ( #5736 ), #5735, .T. ) ;
#3734 = VERTEX_POINT ( 'NONE', #5734 ) ;
#3735 = VERTEX_POINT ( 'NONE', #5729 ) ;
#3736 = EDGE_CURVE ( 'NONE', #3580, #3774, #5728, .T. ) ;
#3737 = VERTEX_POINT ( 'NONE', #5724 ) ;
#3738 = EDGE_CURVE ( 'NONE', #3587, #3700, #5723, .T. ) ;
#3739 = EDGE_CURVE ( 'NONE', #3740, #3708, #5719, .T. ) ;
#3740 = VERTEX_POINT ( 'NONE', #5761 ) ;
#3741 = ORIENTED_EDGE ( 'NONE', *, *, #3742, .F. ) ;
#3742 = EDGE_CURVE ( 'NONE', #3732, #3740, #5760, .T. ) ;
#3743 = EDGE_CURVE ( 'NONE', #3704, #3734, #5756, .T. ) ;
#3744 = VERTEX_POINT ( 'NONE', #5755 ) ;
#3745 = ORIENTED_EDGE ( 'NONE', *, *, #3765, .T. ) ;
#3746 = ORIENTED_EDGE ( 'NONE', *, *, #3747, .T. ) ;
#3747 = EDGE_CURVE ( 'NONE', #3838, #3839, #5754, .T. ) ;
#3748 = ORIENTED_EDGE ( 'NONE', *, *, #3749, .F. ) ;
#3749 = EDGE_CURVE ( 'NONE', #3750, #3839, #5790, .T. ) ;
#3750 = VERTEX_POINT ( 'NONE', #5789 ) ;
#3751 = ORIENTED_EDGE ( 'NONE', *, *, #3752, .F. ) ;
#3752 = EDGE_CURVE ( 'NONE', #3753, #3750, #5783, .T. ) ;
#3753 = VERTEX_POINT ( 'NONE', #5779 ) ;
#3754 = ORIENTED_EDGE ( 'NONE', *, *, #3755, .F. ) ;
#3755 = EDGE_CURVE ( 'NONE', #3704, #3768, #5778, .T. ) ;
#3756 = EDGE_LOOP ( 'NONE', ( #3696, #3706, #3757, #3741 ) ) ;
#3757 = ORIENTED_EDGE ( 'NONE', *, *, #3739, .F. ) ;
#3758 = EDGE_CURVE ( 'NONE', #3734, #3759, #5774, .T. ) ;
#3759 = VERTEX_POINT ( 'NONE', #5811 ) ;
#3760 = ORIENTED_EDGE ( 'NONE', *, *, #3761, .T. ) ;
#3761 = EDGE_CURVE ( 'NONE', #3753, #3762, #5809, .T. ) ;
#3762 = VERTEX_POINT ( 'NONE', #5808 ) ;
#3763 = ADVANCED_FACE ( 'NONE', ( #5810 ), #5801, .T. ) ;
#3764 = EDGE_CURVE ( 'NONE', #3774, #3735, #5797, .T. ) ;
#3765 = EDGE_CURVE ( 'NONE', #3581, #3735, #5835, .T. ) ;
#3766 = ORIENTED_EDGE ( 'NONE', *, *, #3736, .F. ) ;
#3767 = EDGE_CURVE ( 'NONE', #3768, #3759, #5826, .T. ) ;
#3768 = VERTEX_POINT ( 'NONE', #5825 ) ;
#3769 = EDGE_CURVE ( 'NONE', #3695, #2553, #5824, .T. ) ;
#3770 = ADVANCED_FACE ( 'NONE', ( #5871 ), #5869, .T. ) ;
#3771 = EDGE_LOOP ( 'NONE', ( #3772, #3834, #3863, #3864 ) ) ;
#3772 = ORIENTED_EDGE ( 'NONE', *, *, #3747, .F. ) ;
#3773 = ORIENTED_EDGE ( 'NONE', *, *, #3758, .T. ) ;
#3774 = VERTEX_POINT ( 'NONE', #5870 ) ;
#3775 = EDGE_LOOP ( 'NONE', ( #3703, #3773, #3692, #3754 ) ) ;
#3776 = ADVANCED_FACE ( 'NONE', ( #5862 ), #5861, .T. ) ;
#3777 = VERTEX_POINT ( 'NONE', #5860 ) ;
#3778 = ORIENTED_EDGE ( 'NONE', *, *, #3779, .F. ) ;
#3779 = EDGE_CURVE ( 'NONE', #3788, #3777, #5855, .T. ) ;
#3780 = EDGE_CURVE ( 'NONE', #3724, #3726, #5849, .T. ) ;
#3781 = VERTEX_POINT ( 'NONE', #5848 ) ;
#3782 = ORIENTED_EDGE ( 'NONE', *, *, #3784, .F. ) ;
#3783 = VERTEX_POINT ( 'NONE', #5847 ) ;
#3784 = EDGE_CURVE ( 'NONE', #3777, #3781, #5889, .T. ) ;
#3785 = ORIENTED_EDGE ( 'NONE', *, *, #3787, .T. ) ;
#3786 = ORIENTED_EDGE ( 'NONE', *, *, #3665, .T. ) ;
#3787 = EDGE_CURVE ( 'NONE', #3783, #3781, #5879, .T. ) ;
#3788 = VERTEX_POINT ( 'NONE', #5875 ) ;
#3789 = ORIENTED_EDGE ( 'NONE', *, *, #3790, .F. ) ;
#3790 = EDGE_CURVE ( 'NONE', #3793, #3800, #5928, .T. ) ;
#3791 = EDGE_CURVE ( 'NONE', #3804, #3793, #5917, .T. ) ;
#3792 = ORIENTED_EDGE ( 'NONE', *, *, #3791, .F. ) ;
#3793 = VERTEX_POINT ( 'NONE', #5911 ) ;
#3794 = ADVANCED_FACE ( 'NONE', ( #5910 ), #5909, .T. ) ;
#3795 = EDGE_LOOP ( 'NONE', ( #3796, #3785, #3782, #3778 ) ) ;
#3796 = ORIENTED_EDGE ( 'NONE', *, *, #3799, .T. ) ;
#3797 = EDGE_LOOP ( 'NONE', ( #3671, #3824, #3670, #3672 ) ) ;
#3798 = EDGE_CURVE ( 'NONE', #3805, #3800, #5901, .T. ) ;
#3799 = EDGE_CURVE ( 'NONE', #3788, #3783, #5950, .T. ) ;
#3800 = VERTEX_POINT ( 'NONE', #5897 ) ;
#3801 = ORIENTED_EDGE ( 'NONE', *, *, #3803, .T. ) ;
#3802 = ORIENTED_EDGE ( 'NONE', *, *, #3798, .T. ) ;
#3803 = EDGE_CURVE ( 'NONE', #3804, #3805, #5938, .T. ) ;
#3804 = VERTEX_POINT ( 'NONE', #5976 ) ;
#3805 = VERTEX_POINT ( 'NONE', #5975 ) ;
#3806 = ORIENTED_EDGE ( 'NONE', *, *, #3809, .F. ) ;
#3807 = VERTEX_POINT ( 'NONE', #5974 ) ;
#3808 = ADVANCED_FACE ( 'NONE', ( #5973 ), #5971, .T. ) ;
#3809 = EDGE_CURVE ( 'NONE', #3807, #3849, #5967, .T. ) ;
#3810 = EDGE_LOOP ( 'NONE', ( #3426, #3427, #3397, #3430 ) ) ;
#3811 = VERTEX_POINT ( 'NONE', #5966 ) ;
#3812 = ORIENTED_EDGE ( 'NONE', *, *, #3853, .F. ) ;
#3813 = CARTESIAN_POINT ( 'NONE',  ( -2.912577760352460600E-014, 0.4845000000000000400, 0.05344999999999999800 ) ) ;
#3814 = LINE ( 'NONE', #3813, #3869 ) ;
#3815 = DIRECTION ( 'NONE',  ( 2.449212707644754500E-016, -1.000000000000000000, 0.0000000000000000000 ) ) ;
#3816 = VECTOR ( 'NONE', #3815, 39.37007874015748100 ) ;
#3817 = CARTESIAN_POINT ( 'NONE',  ( 0.05345000000000005300, 1.309104192236122700E-017, 0.0000000000000000000 ) ) ;
#3818 = LINE ( 'NONE', #3817, #3816 ) ;
#3819 = CARTESIAN_POINT ( 'NONE',  ( -1.393437391297366800E-014, 0.4954999999999994400, 0.05344999999999999800 ) ) ;
#3820 = CARTESIAN_POINT ( 'NONE',  ( 0.03085937188818105700, 0.4944583333333325600, 0.05345000000000842800 ) ) ;
#3821 = CARTESIAN_POINT ( 'NONE',  ( 0.04628905783227902500, 0.4934166666666655000, 0.02672499999999863500 ) ) ;
#3822 = CARTESIAN_POINT ( 'NONE',  ( 0.05345000000000001800, 0.4929332274842304100, 0.01432188433544294900 ) ) ;
#3823 = CARTESIAN_POINT ( 'NONE',  ( 0.05344999999999995600, 0.4923749999999990100, 1.658429488176620400E-016 ) ) ;
#3824 = ORIENTED_EDGE ( 'NONE', *, *, #3833, .T. ) ;
#3825 = VERTEX_POINT ( 'NONE', #5965 ) ;
#3826 = EDGE_LOOP ( 'NONE', ( #3786, #3666, #3663, #3731 ) ) ;
#3827 = VERTEX_POINT ( 'NONE', #5954 ) ;
#3828 = EDGE_CURVE ( 'NONE', #3829, #3827, #5953, .T. ) ;
#3829 = VERTEX_POINT ( 'NONE', #5952 ) ;
#3830 = ADVANCED_FACE ( 'NONE', ( #5986 ), #5985, .T. ) ;
#3831 = VERTEX_POINT ( 'NONE', #5984 ) ;
#3832 = EDGE_CURVE ( 'NONE', #3831, #3825, #5980, .T. ) ;
#3833 = EDGE_CURVE ( 'NONE', #3827, #3825, #6017, .T. ) ;
#3834 = ORIENTED_EDGE ( 'NONE', *, *, #3835, .T. ) ;
#3835 = EDGE_CURVE ( 'NONE', #3838, #3732, #6013, .T. ) ;
#3836 = ORIENTED_EDGE ( 'NONE', *, *, #3837, .T. ) ;
#3837 = EDGE_CURVE ( 'NONE', #3695, #3838, #6001, .T. ) ;
#3838 = VERTEX_POINT ( 'NONE', #6000 ) ;
#3839 = VERTEX_POINT ( 'NONE', #5999 ) ;
#3840 = ORIENTED_EDGE ( 'NONE', *, *, #3764, .F. ) ;
#3841 = ORIENTED_EDGE ( 'NONE', *, *, #3842, .T. ) ;
#3842 = EDGE_CURVE ( 'NONE', #3762, #2789, #6035, .T. ) ;
#3843 = ORIENTED_EDGE ( 'NONE', *, *, #2577, .F. ) ;
#3844 = ORIENTED_EDGE ( 'NONE', *, *, #3769, .F. ) ;
#3845 = ORIENTED_EDGE ( 'NONE', *, *, #3846, .T. ) ;
#3846 = EDGE_CURVE ( 'NONE', #3847, #3811, #6031, .T. ) ;
#3847 = VERTEX_POINT ( 'NONE', #6030 ) ;
#3848 = EDGE_CURVE ( 'NONE', #3856, #3135, #6070, .T. ) ;
#3849 = VERTEX_POINT ( 'NONE', #6069 ) ;
#3850 = ORIENTED_EDGE ( 'NONE', *, *, #3851, .F. ) ;
#3851 = EDGE_CURVE ( 'NONE', #3847, #3807, #6068, .T. ) ;
#3852 = ADVANCED_FACE ( 'NONE', ( #6052 ), #6050, .T. ) ;
#3853 = EDGE_CURVE ( 'NONE', #3142, #3856, #6045, .T. ) ;
#3854 = ORIENTED_EDGE ( 'NONE', *, *, #3855, .T. ) ;
#3855 = EDGE_CURVE ( 'NONE', #3811, #3849, #6096, .T. ) ;
#3856 = VERTEX_POINT ( 'NONE', #6092 ) ;
#3857 = EDGE_LOOP ( 'NONE', ( #3845, #3854, #3806, #3850 ) ) ;
#3858 = EDGE_CURVE ( 'NONE', #3839, #3740, #6088, .T. ) ;
#3859 = ADVANCED_FACE ( 'NONE', ( #6089 ), #6078, .T. ) ;
#3860 = ORIENTED_EDGE ( 'NONE', *, *, #2516, .F. ) ;
#3861 = EDGE_LOOP ( 'NONE', ( #3860, #3862, #2820, #2821 ) ) ;
#3862 = ORIENTED_EDGE ( 'NONE', *, *, #2819, .T. ) ;
#3863 = ORIENTED_EDGE ( 'NONE', *, *, #3742, .T. ) ;
#3864 = ORIENTED_EDGE ( 'NONE', *, *, #3858, .F. ) ;
#3865 =( BOUNDED_CURVE ( )  B_SPLINE_CURVE ( 2, ( #3655, #3654, #3653, #3652, #3651 ),
 .UNSPECIFIED., .F., .T. ) 
 B_SPLINE_CURVE_WITH_KNOTS ( ( 3, 2, 3 ),
 ( 0.9679487179487181700, 0.9700854700854701900, 0.9743589743589745600 ),
 .UNSPECIFIED. ) 
 CURVE ( )  GEOMETRIC_REPRESENTATION_ITEM ( )  RATIONAL_B_SPLINE_CURVE ( ( 0.9330127018922194100, 0.9330127018922228500, 1.000000000000000000, 0.8660254037844352700, 1.000000000000003600 ) ) 
 REPRESENTATION_ITEM ( '' )  );
#3866 = CARTESIAN_POINT ( 'NONE',  ( -1.393437391297366800E-014, 0.4954999999999994400, 0.05344999999999999800 ) ) ;
#3867 = CARTESIAN_POINT ( 'NONE',  ( 0.05344999999999995600, 0.4923749999999990100, 1.658429488176620400E-016 ) ) ;
#3868 = DIRECTION ( 'NONE',  ( 0.0000000000000000000, 1.000000000000000000, 0.0000000000000000000 ) ) ;
#3869 = VECTOR ( 'NONE', #3868, 39.37007874015748100 ) ;
#3870 = CYLINDRICAL_SURFACE ( 'NONE', #3928, 0.05345000000000005300 ) ;
#3871 = FACE_OUTER_BOUND ( 'NONE', #2544, .T. ) ;
#3872 =( BOUNDED_CURVE ( )  B_SPLINE_CURVE ( 2, ( #3919, #3918, #3917, #3916, #3915, #3914, #3913, #3912, #3929 ),
 .UNSPECIFIED., .F., .T. ) 
 B_SPLINE_CURVE_WITH_KNOTS ( ( 3, 2, 2, 2, 3 ),
 ( 0.3141025641025642100, 0.3162393162393162800, 0.3205128205128205400, 0.3247863247863248000, 0.3269230769230769800 ),
 .UNSPECIFIED. ) 
 CURVE ( )  GEOMETRIC_REPRESENTATION_ITEM ( )  RATIONAL_B_SPLINE_CURVE ( ( 0.9330127018922194100, 0.9330127018922210700, 1.000000000000000000, 0.8660254037844387100, 1.000000000000000000, 0.8660254037844387100, 1.000000000000000000, 0.9330127018922185200, 0.9330127018922194100 ) ) 
 REPRESENTATION_ITEM ( '' )  );
#3873 = DIRECTION ( 'NONE',  ( 1.000000000000000000, 2.449212707644754500E-016, 0.0000000000000000000 ) ) ;
#3874 = DIRECTION ( 'NONE',  ( 2.449212707644754500E-016, -1.000000000000000000, 0.0000000000000000000 ) ) ;
#3875 = CARTESIAN_POINT ( 'NONE',  ( 0.0000000000000000000, 0.0000000000000000000, 0.0000000000000000000 ) ) ;
#3876 = CARTESIAN_POINT ( 'NONE',  ( 0.05345000000000011500, 0.4694332274842305500, 0.01432188433544258200 ) ) ;
#3877 = CARTESIAN_POINT ( 'NONE',  ( 0.05345000000000015000, 0.4688749999999989300, 1.509742706478027000E-016 ) ) ;
#3878 = CARTESIAN_POINT ( 'NONE',  ( -0.03085937188818551800, 0.3507083333333325100, -0.05344999999999998400 ) ) ;
#3879 = CARTESIAN_POINT ( 'NONE',  ( -0.04628905783227824800, 0.3496666666666658500, -0.02672499999999998500 ) ) ;
#3880 = CARTESIAN_POINT ( 'NONE',  ( -0.06171874377637098800, 0.3486249999999991900, 3.779058288923960300E-018 ) ) ;
#3881 = CARTESIAN_POINT ( 'NONE',  ( 0.04628905783227921200, 0.4809166666666656000, 0.02672499999999832000 ) ) ;
#3882 = CARTESIAN_POINT ( 'NONE',  ( 0.05345000000000011500, 0.4804332274842305100, 0.01432188433544258200 ) ) ;
#3883 = CARTESIAN_POINT ( 'NONE',  ( -0.03085937188818551800, 0.3382083333333325600, -0.05344999999999998400 ) ) ;
#3884 =( BOUNDED_CURVE ( )  B_SPLINE_CURVE ( 2, ( #3964, #3963, #3962, #3893, #3892, #3891, #3890, #3889, #3888 ),
 .UNSPECIFIED., .F., .T. ) 
 B_SPLINE_CURVE_WITH_KNOTS ( ( 3, 2, 2, 2, 3 ),
 ( 0.2115384615384615900, 0.2136752136752136900, 0.2179487179487179800, 0.2222222222222222400, 0.2243589743589743900 ),
 .UNSPECIFIED. ) 
 CURVE ( )  GEOMETRIC_REPRESENTATION_ITEM ( )  RATIONAL_B_SPLINE_CURVE ( ( 0.9330127018922194100, 0.9330127018922203000, 1.000000000000000000, 0.8660254037844387100, 1.000000000000000000, 0.8660254037844387100, 1.000000000000000000, 0.9330127018922189700, 0.9330127018922194100 ) ) 
 REPRESENTATION_ITEM ( '' )  );
#3885 = DIRECTION ( 'NONE',  ( 1.000000000000000000, 2.449212707644754500E-016, 0.0000000000000000000 ) ) ;
#3886 = DIRECTION ( 'NONE',  ( 2.449212707644754500E-016, -1.000000000000000000, 0.0000000000000000000 ) ) ;
#3887 = CARTESIAN_POINT ( 'NONE',  ( 0.0000000000000000000, 0.0000000000000000000, 0.0000000000000000000 ) ) ;
#3888 = CARTESIAN_POINT ( 'NONE',  ( 0.05345000000000000400, 0.1188749999999997400, -1.155181919350611400E-016 ) ) ;
#3889 = CARTESIAN_POINT ( 'NONE',  ( 0.05344999999999994200, 0.1183167725157682500, -0.01432188433544370200 ) ) ;
#3890 = CARTESIAN_POINT ( 'NONE',  ( 0.04628905783227806000, 0.1178333333333330800, -0.02672500000000031800 ) ) ;
#3891 = CARTESIAN_POINT ( 'NONE',  ( 0.03085937188818534800, 0.1167916666666664000, -0.05345000000000008100 ) ) ;
#3892 = CARTESIAN_POINT ( 'NONE',  ( -3.011664024719571100E-016, 0.1157499999999997400, -0.05344999999999999800 ) ) ;
#3893 = CARTESIAN_POINT ( 'NONE',  ( -0.03085937188818595200, 0.1147083333333330900, -0.05344999999999973400 ) ) ;
#3894 = CARTESIAN_POINT ( 'NONE',  ( -0.04628905783227824100, 0.3475833333333325200, 0.02672500000000000200 ) ) ;
#3895 = CARTESIAN_POINT ( 'NONE',  ( -0.05345000000000024000, 0.4745667725157674500, 0.01432188433544410300 ) ) ;
#3896 = CARTESIAN_POINT ( 'NONE',  ( -0.03085937188818549000, 0.3465416666666659200, 0.05344999999999999800 ) ) ;
#3898 = CARTESIAN_POINT ( 'NONE',  ( -0.04628905783227758200, 0.4740833333333323000, 0.02672500000000113300 ) ) ;
#3897 = CARTESIAN_POINT ( 'NONE',  ( 0.0000000000000000000, 0.3454999999999992000, 0.05344999999999999800 ) ) ;
#3899 = CARTESIAN_POINT ( 'NONE',  ( -0.03085937188818479000, 0.4730416666666656400, 0.05345000000000040000 ) ) ;
#3900 = CARTESIAN_POINT ( 'NONE',  ( 1.623723827918685300E-015, 0.4719999999999989800, 0.05344999999999999800 ) ) ;
#3901 = CARTESIAN_POINT ( 'NONE',  ( 0.03085937188818651400, 0.4709583333333323100, 0.05344999999999940100 ) ) ;
#3902 = CARTESIAN_POINT ( 'NONE',  ( 0.04628905783227921200, 0.4699166666666656500, 0.02672499999999832000 ) ) ;
#3903 = AXIS2_PLACEMENT_3D ( 'NONE', #3887, #3886, #3885 ) ;
#3904 =( BOUNDED_CURVE ( )  B_SPLINE_CURVE ( 2, ( #3961, #3960, #3959, #3958, #3957, #3935, #3934, #3933, #3932 ),
 .UNSPECIFIED., .F., .T. ) 
 B_SPLINE_CURVE_WITH_KNOTS ( ( 3, 2, 2, 2, 3 ),
 ( 0.2115384615384615900, 0.2136752136752136900, 0.2179487179487179800, 0.2222222222222222400, 0.2243589743589743900 ),
 .UNSPECIFIED. ) 
 CURVE ( )  GEOMETRIC_REPRESENTATION_ITEM ( )  RATIONAL_B_SPLINE_CURVE ( ( 0.9330127018922194100, 0.9330127018922203000, 1.000000000000000000, 0.8660254037844387100, 1.000000000000000000, 0.8660254037844387100, 1.000000000000000000, 0.9330127018922189700, 0.9330127018922194100 ) ) 
 REPRESENTATION_ITEM ( '' )  );
#3905 = FACE_OUTER_BOUND ( 'NONE', #2528, .T. ) ;
#3906 = CARTESIAN_POINT ( 'NONE',  ( 0.03085937188818552200, 0.3444583333333325900, 0.05344999999999998400 ) ) ;
#3907 = CARTESIAN_POINT ( 'NONE',  ( 0.04628905783227826900, 0.3434166666666659300, 0.02672499999999996400 ) ) ;
#3908 = CARTESIAN_POINT ( 'NONE',  ( 0.05344999999999995600, 0.1548749999999996800, -2.344676172939360000E-016 ) ) ;
#3909 = CARTESIAN_POINT ( 'NONE',  ( 0.05344999999999989300, 0.1543167725157681700, -0.01432188433544381300 ) ) ;
#3910 = CARTESIAN_POINT ( 'NONE',  ( 0.04628905783227804700, 0.1538333333333330200, -0.02672500000000033500 ) ) ;
#3911 = CARTESIAN_POINT ( 'NONE',  ( -6.545520961180605600E-018, 0.3392499999999992700, -0.05344999999999999800 ) ) ;
#3912 = CARTESIAN_POINT ( 'NONE',  ( 0.05344999999999997000, 0.1683167725157681300, -0.01432188433544366800 ) ) ;
#3913 = CARTESIAN_POINT ( 'NONE',  ( 0.04628905783227803300, 0.1678333333333329700, -0.02672500000000036000 ) ) ;
#3914 = CARTESIAN_POINT ( 'NONE',  ( 0.03085937188818491800, 0.1667916666666663400, -0.05345000000000033100 ) ) ;
#3915 = CARTESIAN_POINT ( 'NONE',  ( -7.333156624251754000E-016, 0.1657499999999996200, -0.05344999999999999800 ) ) ;
#3916 = CARTESIAN_POINT ( 'NONE',  ( -0.03085937188818562200, 0.1647083333333329800, -0.05344999999999992100 ) ) ;
#3917 = CARTESIAN_POINT ( 'NONE',  ( -0.04628905783227838700, 0.1636666666666662900, -0.02672499999999974900 ) ) ;
#3918 = CARTESIAN_POINT ( 'NONE',  ( -0.05344999999999986600, 0.1631832274842311700, -0.01432188433544348000 ) ) ;
#3919 = CARTESIAN_POINT ( 'NONE',  ( -0.05344999999999994200, 0.1626249999999996900, -3.019485412956054000E-016 ) ) ;
#3920 = CARTESIAN_POINT ( 'NONE',  ( -0.06171874377637098800, 0.3361249999999992300, 3.779058288923960300E-018 ) ) ;
#3921 =( BOUNDED_CURVE ( )  B_SPLINE_CURVE ( 2, ( #3980, #3979, #3978, #3977, #3976, #3975, #3974, #3973, #3972 ),
 .UNSPECIFIED., .F., .T. ) 
 B_SPLINE_CURVE_WITH_KNOTS ( ( 3, 2, 2, 2, 3 ),
 ( 0.3397435897435898100, 0.3418803418803418900, 0.3461538461538462000, 0.3504273504273504600, 0.3525641025641026400 ),
 .UNSPECIFIED. ) 
 CURVE ( )  GEOMETRIC_REPRESENTATION_ITEM ( )  RATIONAL_B_SPLINE_CURVE ( ( 0.9330127018922194100, 0.9330127018922210700, 1.000000000000000000, 0.8660254037844387100, 1.000000000000000000, 0.8660254037844387100, 1.000000000000000000, 0.9330127018922176300, 0.9330127018922194100 ) ) 
 REPRESENTATION_ITEM ( '' )  );
#3922 = CARTESIAN_POINT ( 'NONE',  ( -0.04628905783227860900, 0.2371666666666661900, -0.02672499999999936000 ) ) ;
#3923 = CARTESIAN_POINT ( 'NONE',  ( -4.189857797732079600E-016, 0.2392499999999994900, -0.05344999999999999800 ) ) ;
#3924 = CARTESIAN_POINT ( 'NONE',  ( -0.03085937188818607000, 0.2382083333333328800, -0.05344999999999965800 ) ) ;
#3925 = DIRECTION ( 'NONE',  ( 1.000000000000000000, 2.449212707644754500E-016, 0.0000000000000000000 ) ) ;
#3926 = DIRECTION ( 'NONE',  ( 2.449212707644754500E-016, -1.000000000000000000, 0.0000000000000000000 ) ) ;
#3927 = CARTESIAN_POINT ( 'NONE',  ( 0.0000000000000000000, 0.0000000000000000000, 0.0000000000000000000 ) ) ;
#3928 = AXIS2_PLACEMENT_3D ( 'NONE', #3927, #3926, #3925 ) ;
#3929 = CARTESIAN_POINT ( 'NONE',  ( 0.05344999999999996300, 0.1688749999999997200, 1.086557250874337700E-016 ) ) ;
#3930 = CYLINDRICAL_SURFACE ( 'NONE', #3903, 0.05345000000000005300 ) ;
#3931 = CARTESIAN_POINT ( 'NONE',  ( -0.04628905783227824800, 0.3371666666666659500, -0.02672499999999998500 ) ) ;
#3932 = CARTESIAN_POINT ( 'NONE',  ( 0.05345000000000000400, 0.1298749999999997400, -1.155181919350611400E-016 ) ) ;
#3933 = CARTESIAN_POINT ( 'NONE',  ( 0.05344999999999994200, 0.1293167725157682300, -0.01432188433544370200 ) ) ;
#3934 = CARTESIAN_POINT ( 'NONE',  ( 0.04628905783227806000, 0.1288333333333330800, -0.02672500000000031800 ) ) ;
#3935 = CARTESIAN_POINT ( 'NONE',  ( 0.03085937188818534800, 0.1277916666666664100, -0.05345000000000008100 ) ) ;
#3936 = AXIS2_PLACEMENT_3D ( 'NONE', #3875, #3874, #3873 ) ;
#3937 = CARTESIAN_POINT ( 'NONE',  ( 0.05344999999999994200, 0.1563749999999996800, 1.166619364096657200E-016 ) ) ;
#3938 = CARTESIAN_POINT ( 'NONE',  ( 0.05344999999999997700, 0.1558167725157681400, -0.01432188433544386200 ) ) ;
#3939 = CARTESIAN_POINT ( 'NONE',  ( 0.04628905783227784500, 0.1553333333333329900, -0.02672500000000068200 ) ) ;
#3940 = CARTESIAN_POINT ( 'NONE',  ( 0.03085937188818531000, 0.1542916666666663300, -0.05345000000000010900 ) ) ;
#3941 = CARTESIAN_POINT ( 'NONE',  ( -3.404395282390406900E-016, 0.1532499999999996600, -0.05344999999999999800 ) ) ;
#3942 = CARTESIAN_POINT ( 'NONE',  ( -0.03085937188818599400, 0.1522083333333330000, -0.05344999999999969900 ) ) ;
#3943 = CARTESIAN_POINT ( 'NONE',  ( 0.06171874377637098800, 0.3423749999999992100, -1.133717486677188400E-017 ) ) ;
#3944 = CARTESIAN_POINT ( 'NONE',  ( 0.04628905783227822700, 0.3413333333333326000, -0.02672500000000002300 ) ) ;
#3945 = CARTESIAN_POINT ( 'NONE',  ( 0.03085937188818494200, 0.1527916666666663500, -0.05345000000000030300 ) ) ;
#3946 = CARTESIAN_POINT ( 'NONE',  ( -7.071335785804530500E-016, 0.1517499999999996900, -0.05344999999999999800 ) ) ;
#3947 = CARTESIAN_POINT ( 'NONE',  ( -0.03085937188818560100, 0.1507083333333330300, -0.05344999999999992800 ) ) ;
#3948 = CARTESIAN_POINT ( 'NONE',  ( -0.05345000000000024000, 0.4855667725157674100, 0.01432188433544410300 ) ) ;
#3949 = CARTESIAN_POINT ( 'NONE',  ( -0.04628905783227758200, 0.4850833333333322600, 0.02672500000000113300 ) ) ;
#3950 = CARTESIAN_POINT ( 'NONE',  ( -0.04628905783227824100, 0.3350833333333326200, 0.02672500000000000200 ) ) ;
#3951 = CARTESIAN_POINT ( 'NONE',  ( -0.03085937188818479000, 0.4840416666666655900, 0.05345000000000040000 ) ) ;
#3952 = CARTESIAN_POINT ( 'NONE',  ( 1.623723827918685300E-015, 0.4829999999999989300, 0.05344999999999999800 ) ) ;
#3953 = CARTESIAN_POINT ( 'NONE',  ( 0.03085937188818651400, 0.4819583333333323200, 0.05344999999999940100 ) ) ;
#3954 = CARTESIAN_POINT ( 'NONE',  ( -0.05344999999999994200, 0.4751249999999990200, -6.725217510674847100E-016 ) ) ;
#3955 =( BOUNDED_CURVE ( )  B_SPLINE_CURVE ( 2, ( #3983, #3982, #3981, #3947, #3946, #3945, #3910, #3909, #3908 ),
 .UNSPECIFIED., .F., .T. ) 
 B_SPLINE_CURVE_WITH_KNOTS ( ( 3, 2, 2, 2, 3 ),
 ( 0.2628205128205128300, 0.2649572649572649600, 0.2692307692307692700, 0.2735042735042735300, 0.2756410256410256600 ),
 .UNSPECIFIED. ) 
 CURVE ( )  GEOMETRIC_REPRESENTATION_ITEM ( )  RATIONAL_B_SPLINE_CURVE ( ( 0.9330127018922194100, 0.9330127018922194100, 1.000000000000000000, 0.8660254037844387100, 1.000000000000000000, 0.8660254037844387100, 1.000000000000000000, 0.9330127018922194100, 0.9330127018922194100 ) ) 
 REPRESENTATION_ITEM ( '' )  );
#3956 = CARTESIAN_POINT ( 'NONE',  ( 0.05345000000000015000, 0.4798749999999990000, 1.509742706478027000E-016 ) ) ;
#3957 = CARTESIAN_POINT ( 'NONE',  ( -3.011664024719571100E-016, 0.1267499999999997500, -0.05344999999999999800 ) ) ;
#3958 = CARTESIAN_POINT ( 'NONE',  ( -0.03085937188818595200, 0.1257083333333330900, -0.05344999999999973400 ) ) ;
#3959 = CARTESIAN_POINT ( 'NONE',  ( -0.04628905783227835900, 0.1246666666666664300, -0.02672499999999979400 ) ) ;
#3960 = CARTESIAN_POINT ( 'NONE',  ( -0.05344999999999994200, 0.1241832274842312600, -0.01432188433544335900 ) ) ;
#3961 = CARTESIAN_POINT ( 'NONE',  ( -0.05345000000000000400, 0.1236249999999998000, -6.519343505246026400E-017 ) ) ;
#3962 = CARTESIAN_POINT ( 'NONE',  ( -0.04628905783227835900, 0.1136666666666664300, -0.02672499999999979400 ) ) ;
#3963 = CARTESIAN_POINT ( 'NONE',  ( -0.05344999999999994200, 0.1131832274842312600, -0.01432188433544335900 ) ) ;
#3964 = CARTESIAN_POINT ( 'NONE',  ( -0.05345000000000000400, 0.1126249999999997800, -6.519343505246026400E-017 ) ) ;
#3965 = CARTESIAN_POINT ( 'NONE',  ( 1.694065894508600700E-017, 0.5349999999999999200, 0.0000000000000000000 ) ) ;
#3966 = AXIS2_PLACEMENT_3D ( 'NONE', #3965, #3990, #3993 ) ;
#3967 = CONICAL_SURFACE ( 'NONE', #3966, 0.04650000000000000000, 0.1745329251994333400 ) ;
#3968 = CARTESIAN_POINT ( 'NONE',  ( 1.694065894508600700E-017, 0.5349999999999999200, 0.04650000000000000000 ) ) ;
#3969 = CARTESIAN_POINT ( 'NONE',  ( 0.05345000000000015000, 0.4688749999999990400, 1.509742706478027000E-016 ) ) ;
#3970 =( BOUNDED_CURVE ( )  B_SPLINE_CURVE ( 2, ( #3877, #3876, #3902, #3901, #3900, #3899, #3898, #3895, #3991 ),
 .UNSPECIFIED., .F., .T. ) 
 B_SPLINE_CURVE_WITH_KNOTS ( ( 3, 2, 2, 2, 3 ),
 ( 0.9423076923076925100, 0.9444444444444445300, 0.9487179487179487900, 0.9529914529914530500, 0.9551282051282054000 ),
 .UNSPECIFIED. ) 
 CURVE ( )  GEOMETRIC_REPRESENTATION_ITEM ( )  RATIONAL_B_SPLINE_CURVE ( ( 0.9330127018922194100, 0.9330127018922228500, 1.000000000000000000, 0.8660254037844387100, 1.000000000000000000, 0.8660254037844387100, 1.000000000000000000, 0.9330127018922140800, 0.9330127018922193000 ) ) 
 REPRESENTATION_ITEM ( '' )  );
#3971 =( BOUNDED_CURVE ( )  B_SPLINE_CURVE ( 2, ( #3956, #3882, #3881, #3953, #3952, #3951, #3949, #3948, #4000 ),
 .UNSPECIFIED., .F., .T. ) 
 B_SPLINE_CURVE_WITH_KNOTS ( ( 3, 2, 2, 2, 3 ),
 ( 0.9423076923076925100, 0.9444444444444445300, 0.9487179487179487900, 0.9529914529914530500, 0.9551282051282054000 ),
 .UNSPECIFIED. ) 
 CURVE ( )  GEOMETRIC_REPRESENTATION_ITEM ( )  RATIONAL_B_SPLINE_CURVE ( ( 0.9330127018922194100, 0.9330127018922228500, 1.000000000000000000, 0.8660254037844387100, 1.000000000000000000, 0.8660254037844387100, 1.000000000000000000, 0.9330127018922140800, 0.9330127018922193000 ) ) 
 REPRESENTATION_ITEM ( '' )  );
#3972 = CARTESIAN_POINT ( 'NONE',  ( 0.05344999999999994200, 0.1813749999999996500, 9.264330244296982800E-017 ) ) ;
#3973 = CARTESIAN_POINT ( 'NONE',  ( 0.05344999999999997000, 0.1808167725157681100, -0.01432188433544388400 ) ) ;
#3974 = CARTESIAN_POINT ( 'NONE',  ( 0.04628905783227783800, 0.1803333333333329600, -0.02672500000000070000 ) ) ;
#3975 = CARTESIAN_POINT ( 'NONE',  ( 0.03085937188818528600, 0.1792916666666662900, -0.05345000000000011500 ) ) ;
#3976 = CARTESIAN_POINT ( 'NONE',  ( -3.666216120837631000E-016, 0.1782499999999996300, -0.05344999999999999800 ) ) ;
#3977 = CARTESIAN_POINT ( 'NONE',  ( -0.03085937188818601400, 0.1772083333333329400, -0.05344999999999969900 ) ) ;
#3978 = CARTESIAN_POINT ( 'NONE',  ( -0.04628905783227858100, 0.1761666666666662800, -0.02672499999999940900 ) ) ;
#3979 = CARTESIAN_POINT ( 'NONE',  ( -0.05344999999999997700, 0.1756832274842311000, -0.01432188433544309000 ) ) ;
#3980 = CARTESIAN_POINT ( 'NONE',  ( -0.05345000000000005300, 0.1751249999999996400, -8.578083559534242500E-017 ) ) ;
#3981 = CARTESIAN_POINT ( 'NONE',  ( -0.04628905783227836600, 0.1496666666666663600, -0.02672499999999977300 ) ) ;
#3982 = CARTESIAN_POINT ( 'NONE',  ( -0.05345000000000005300, 0.1491832274842311800, -0.01432188433544316300 ) ) ;
#3983 = CARTESIAN_POINT ( 'NONE',  ( -0.05345000000000000400, 0.1486249999999997000, 3.305421531607195200E-016 ) ) ;
#3984 = CARTESIAN_POINT ( 'NONE',  ( -0.04628905783227856700, 0.1511666666666663400, -0.02672499999999943000 ) ) ;
#3985 = CARTESIAN_POINT ( 'NONE',  ( -0.05345000000000016400, 0.1506832274842311900, -0.01432188433544317500 ) ) ;
#3986 = CARTESIAN_POINT ( 'NONE',  ( -0.05345000000000005300, 0.1501249999999996800, 2.287488949209131700E-016 ) ) ;
#3987 = CYLINDRICAL_SURFACE ( 'NONE', #3936, 0.05345000000000005300 ) ;
#3988 = FACE_OUTER_BOUND ( 'NONE', #2535, .T. ) ;
#3989 =( BOUNDED_CURVE ( )  B_SPLINE_CURVE ( 2, ( #3986, #3985, #3984, #3942, #3941, #3940, #3939, #3938, #3937 ),
 .UNSPECIFIED., .F., .T. ) 
 B_SPLINE_CURVE_WITH_KNOTS ( ( 3, 2, 2, 2, 3 ),
 ( 0.2884615384615384900, 0.2905982905982906200, 0.2948717948717948800, 0.2991452991452991900, 0.3012820512820513800 ),
 .UNSPECIFIED. ) 
 CURVE ( )  GEOMETRIC_REPRESENTATION_ITEM ( )  RATIONAL_B_SPLINE_CURVE ( ( 0.9330127018922194100, 0.9330127018922194100, 1.000000000000000000, 0.8660254037844387100, 1.000000000000000000, 0.8660254037844387100, 1.000000000000000000, 0.9330127018922176300, 0.9330127018922194100 ) ) 
 REPRESENTATION_ITEM ( '' )  );
#3990 = DIRECTION ( 'NONE',  ( 0.0000000000000000000, 1.000000000000000000, 0.0000000000000000000 ) ) ;
#3991 = CARTESIAN_POINT ( 'NONE',  ( -0.05344999999999994900, 0.4751249999999990200, -6.725217510674847100E-016 ) ) ;
#3992 = LINE ( 'NONE', #3998, #3997 ) ;
#3993 = DIRECTION ( 'NONE',  ( 0.0000000000000000000, 0.0000000000000000000, 1.000000000000000000 ) ) ;
#3994 = CARTESIAN_POINT ( 'NONE',  ( 0.03085937188818547700, 0.3402916666666658800, -0.05344999999999999800 ) ) ;
#3995 = CARTESIAN_POINT ( 'NONE',  ( -0.05344999999999995600, 0.4736249999999989600, -3.740044431956930300E-016 ) ) ;
#3996 = DIRECTION ( 'NONE',  ( 2.449212707644754500E-016, -1.000000000000000000, 0.0000000000000000000 ) ) ;
#3997 = VECTOR ( 'NONE', #3996, 39.37007874015748100 ) ;
#3998 = CARTESIAN_POINT ( 'NONE',  ( -0.05345000000000005300, -1.309104192236122700E-017, 6.545520961180613300E-018 ) ) ;
#3999 = FACE_OUTER_BOUND ( 'NONE', #2655, .T. ) ;
#4000 = CARTESIAN_POINT ( 'NONE',  ( -0.05344999999999994900, 0.4861249999999990300, -6.725217510674847100E-016 ) ) ;
#4001 = CARTESIAN_POINT ( 'NONE',  ( -0.05344999999999986600, 0.1741832274842311800, -0.01432188433544348000 ) ) ;
#4002 = CARTESIAN_POINT ( 'NONE',  ( -0.05344999999999994200, 0.1736249999999997500, -3.019485412956054000E-016 ) ) ;
#4003 = FACE_OUTER_BOUND ( 'NONE', #2556, .T. ) ;
#4004 = DIRECTION ( 'NONE',  ( 2.449212707644754500E-016, -1.000000000000000000, 0.0000000000000000000 ) ) ;
#4005 = VECTOR ( 'NONE', #4004, 39.37007874015748100 ) ;
#4006 = CARTESIAN_POINT ( 'NONE',  ( 0.05345000000000005300, 1.309104192236122700E-017, 0.0000000000000000000 ) ) ;
#4007 = LINE ( 'NONE', #4006, #4005 ) ;
#4008 = CARTESIAN_POINT ( 'NONE',  ( 0.05344999999999994200, 0.3548749999999991600, -5.261224583181002700E-017 ) ) ;
#4009 = CARTESIAN_POINT ( 'NONE',  ( 0.05344999999999982400, 0.3543167725157676000, -0.01432188433544403400 ) ) ;
#4010 = CARTESIAN_POINT ( 'NONE',  ( 0.04628905783227756100, 0.3538333333333325000, -0.02672500000000118200 ) ) ;
#4011 = CARTESIAN_POINT ( 'NONE',  ( 0.03085937188818473100, 0.3527916666666658400, -0.05345000000000043500 ) ) ;
#4012 = CARTESIAN_POINT ( 'NONE',  ( -1.676160433865779500E-015, 0.3517499999999991700, -0.05344999999999999800 ) ) ;
#4013 = CARTESIAN_POINT ( 'NONE',  ( -0.03085937188818656600, 0.3507083333333325100, -0.05344999999999937300 ) ) ;
#4014 = CARTESIAN_POINT ( 'NONE',  ( -0.04628905783227847700, 0.3496666666666658500, -0.02672499999999958900 ) ) ;
#4015 = CARTESIAN_POINT ( 'NONE',  ( -0.05344999999999973400, 0.3491832274842307500, -0.01432188433544323400 ) ) ;
#4016 = CARTESIAN_POINT ( 'NONE',  ( -0.05344999999999995600, 0.3486249999999993000, -4.506353229941988900E-016 ) ) ;
#4017 =( BOUNDED_CURVE ( )  B_SPLINE_CURVE ( 2, ( #4016, #4015, #4014, #4013, #4012, #4011, #4010, #4009, #4008 ),
 .UNSPECIFIED., .F., .T. ) 
 B_SPLINE_CURVE_WITH_KNOTS ( ( 3, 2, 2, 2, 3 ),
 ( 0.6730769230769232400, 0.6752136752136752600, 0.6794871794871795200, 0.6837606837606837700, 0.6858974358974360100 ),
 .UNSPECIFIED. ) 
 CURVE ( )  GEOMETRIC_REPRESENTATION_ITEM ( )  RATIONAL_B_SPLINE_CURVE ( ( 0.9330127018922194100, 0.9330127018922228500, 1.000000000000000000, 0.8660254037844387100, 1.000000000000000000, 0.8660254037844387100, 1.000000000000000000, 0.9330127018922176300, 0.9330127018922194100 ) ) 
 REPRESENTATION_ITEM ( '' )  );
#4018 = CARTESIAN_POINT ( 'NONE',  ( -0.05344999999999994200, 0.3626249999999992500, -4.815164238085221700E-016 ) ) ;
#4019 = DIRECTION ( 'NONE',  ( 1.000000000000000000, 2.449212707644754500E-016, 0.0000000000000000000 ) ) ;
#4020 = DIRECTION ( 'NONE',  ( 2.449212707644754500E-016, -1.000000000000000000, 0.0000000000000000000 ) ) ;
#4021 = CARTESIAN_POINT ( 'NONE',  ( 0.0000000000000000000, 0.0000000000000000000, 0.0000000000000000000 ) ) ;
#4022 = AXIS2_PLACEMENT_3D ( 'NONE', #4021, #4020, #4019 ) ;
#4023 = CYLINDRICAL_SURFACE ( 'NONE', #4022, 0.05345000000000005300 ) ;
#4024 = CARTESIAN_POINT ( 'NONE',  ( 0.05344999999999995600, 0.3563749999999992200, 2.424738286161679500E-016 ) ) ;
#4025 = CARTESIAN_POINT ( 'NONE',  ( 0.03085937188818552200, 0.3569583333333326600, 0.05344999999999998400 ) ) ;
#4026 = CARTESIAN_POINT ( 'NONE',  ( 0.04628905783227826900, 0.3559166666666658300, 0.02672499999999996400 ) ) ;
#4027 = CARTESIAN_POINT ( 'NONE',  ( 0.06171874377637098800, 0.3548749999999991600, -1.133717486677188400E-017 ) ) ;
#4028 =( BOUNDED_CURVE ( )  B_SPLINE_CURVE ( 2, ( #4105, #4104, #4103, #4102, #4101, #4100, #4099, #4098, #4097 ),
 .UNSPECIFIED., .F., .T. ) 
 B_SPLINE_CURVE_WITH_KNOTS ( ( 3, 2, 2, 2, 3 ),
 ( 0.6217948717948719200, 0.6239316239316240500, 0.6282051282051283000, 0.6324786324786325600, 0.6346153846153848000 ),
 .UNSPECIFIED. ) 
 CURVE ( )  GEOMETRIC_REPRESENTATION_ITEM ( )  RATIONAL_B_SPLINE_CURVE ( ( 0.9330127018922194100, 0.9330127018922210700, 1.000000000000000000, 0.8660254037844387100, 1.000000000000000000, 0.8660254037844387100, 1.000000000000000000, 0.9330127018922158600, 0.9330127018922194100 ) ) 
 REPRESENTATION_ITEM ( '' )  );
#4029 = CARTESIAN_POINT ( 'NONE',  ( 0.05345000000000015000, 0.3313749999999993600, 6.748092400166938300E-016 ) ) ;
#4030 = CARTESIAN_POINT ( 'NONE',  ( 0.05345000000000033100, 0.3308167725157678500, -0.01432188433544335200 ) ) ;
#4031 = CARTESIAN_POINT ( 'NONE',  ( 0.04628905783227813700, 0.3303333333333325900, -0.02672500000000018300 ) ) ;
#4032 = CARTESIAN_POINT ( 'NONE',  ( 0.03085937188818436600, 0.3292916666666659300, -0.05345000000000064300 ) ) ;
#4033 = CARTESIAN_POINT ( 'NONE',  ( 0.04628905783227826900, 0.3684166666666658900, 0.02672499999999996400 ) ) ;
#4034 = CARTESIAN_POINT ( 'NONE',  ( -5.237141151520976400E-016, 0.3282499999999992600, -0.05344999999999999800 ) ) ;
#4035 = CARTESIAN_POINT ( 'NONE',  ( 0.06171874377637098800, 0.3673749999999992300, -1.133717486677188400E-017 ) ) ;
#4036 = CARTESIAN_POINT ( 'NONE',  ( 0.04628905783227822700, 0.3663333333333325700, -0.02672500000000002300 ) ) ;
#4037 = CARTESIAN_POINT ( 'NONE',  ( -0.03085937188818693700, 0.3272083333333326600, -0.05344999999999915800 ) ) ;
#4038 = CARTESIAN_POINT ( 'NONE',  ( -0.04628905783227865700, 0.3261666666666659900, -0.02672499999999927400 ) ) ;
#4039 = CARTESIAN_POINT ( 'NONE',  ( -0.05345000000000022000, 0.3256832274842307900, -0.01432188433544299100 ) ) ;
#4040 = CARTESIAN_POINT ( 'NONE',  ( -0.05344999999999995600, 0.3251249999999993300, 5.878846599467468100E-016 ) ) ;
#4041 = CARTESIAN_POINT ( 'NONE',  ( 0.05344999999999994200, 0.3938749999999993100, 6.370656723547431000E-016 ) ) ;
#4042 = CARTESIAN_POINT ( 'NONE',  ( 0.05345000000000001100, 0.3933167725157677400, -0.01432188433544373700 ) ) ;
#4043 = CARTESIAN_POINT ( 'NONE',  ( 0.04628905783227753300, 0.3928333333333324800, -0.02672500000000122000 ) ) ;
#4044 = CARTESIAN_POINT ( 'NONE',  ( 0.03085937188818467900, 0.3917916666666657600, -0.05345000000000045500 ) ) ;
#4045 = CARTESIAN_POINT ( 'NONE',  ( -1.728524601555224200E-015, 0.3907499999999991000, -0.05344999999999999800 ) ) ;
#4046 = CARTESIAN_POINT ( 'NONE',  ( -0.03085937188818662500, 0.3897083333333324400, -0.05344999999999933800 ) ) ;
#4047 = CARTESIAN_POINT ( 'NONE',  ( 0.03085937188818547700, 0.3652916666666659600, -0.05344999999999999800 ) ) ;
#4048 = CARTESIAN_POINT ( 'NONE',  ( -0.04628905783227850500, 0.3886666666666657700, -0.02672499999999954400 ) ) ;
#4049 = CARTESIAN_POINT ( 'NONE',  ( -6.545520961180605600E-018, 0.3642499999999992400, -0.05344999999999999800 ) ) ;
#4050 = CARTESIAN_POINT ( 'NONE',  ( -0.03085937188818551800, 0.3632083333333326300, -0.05344999999999998400 ) ) ;
#4051 = CARTESIAN_POINT ( 'NONE',  ( -0.05344999999999994200, 0.3881832274842306200, -0.01432188433544284000 ) ) ;
#4052 = CARTESIAN_POINT ( 'NONE',  ( -0.04628905783227824800, 0.3621666666666659200, -0.02672499999999998500 ) ) ;
#4053 = CARTESIAN_POINT ( 'NONE',  ( -0.05344999999999995600, 0.3876249999999991600, 3.408358534321605800E-016 ) ) ;
#4054 = CARTESIAN_POINT ( 'NONE',  ( 0.05344999999999994200, 0.2423749999999994800, 3.774356766195067500E-017 ) ) ;
#4055 = CARTESIAN_POINT ( 'NONE',  ( 0.05344999999999997000, 0.2418167725157680000, -0.01432188433544394200 ) ) ;
#4056 = CARTESIAN_POINT ( 'NONE',  ( -0.06171874377637098800, 0.3611249999999993100, 3.779058288923960300E-018 ) ) ;
#4057 = CARTESIAN_POINT ( 'NONE',  ( -0.04628905783227824100, 0.3600833333333326400, 0.02672500000000000200 ) ) ;
#4058 = CARTESIAN_POINT ( 'NONE',  ( -0.03085937188818549000, 0.3590416666666659800, 0.05344999999999999800 ) ) ;
#4059 = CARTESIAN_POINT ( 'NONE',  ( 0.0000000000000000000, 0.3579999999999993200, 0.05344999999999999800 ) ) ;
#4060 =( BOUNDED_CURVE ( )  B_SPLINE_CURVE ( 2, ( #4053, #4051, #4048, #4046, #4045, #4044, #4043, #4042, #4041 ),
 .UNSPECIFIED., .F., .T. ) 
 B_SPLINE_CURVE_WITH_KNOTS ( ( 3, 2, 2, 2, 3 ),
 ( 0.7756410256410257700, 0.7777777777777779000, 0.7820512820512821600, 0.7863247863247864200, 0.7884615384615386600 ),
 .UNSPECIFIED. ) 
 CURVE ( )  GEOMETRIC_REPRESENTATION_ITEM ( )  RATIONAL_B_SPLINE_CURVE ( ( 0.9330127018922194100, 0.9330127018922210700, 1.000000000000000000, 0.8660254037844387100, 1.000000000000000000, 0.8660254037844387100, 1.000000000000000000, 0.9330127018922158600, 0.9330127018922194100 ) ) 
 REPRESENTATION_ITEM ( '' )  );
#4061 = CARTESIAN_POINT ( 'NONE',  ( 0.04628905783227822700, 0.3538333333333325000, -0.02672500000000002300 ) ) ;
#4062 = CARTESIAN_POINT ( 'NONE',  ( 0.04628905783227781800, 0.2413333333333328200, -0.02672500000000074500 ) ) ;
#4063 = CARTESIAN_POINT ( 'NONE',  ( 0.03085937188818547700, 0.3527916666666658400, -0.05344999999999999800 ) ) ;
#4064 = CARTESIAN_POINT ( 'NONE',  ( -6.545520961180605600E-018, 0.3517499999999991700, -0.05344999999999999800 ) ) ;
#4065 = CARTESIAN_POINT ( 'NONE',  ( 0.03085937188818447000, 0.2402916666666661500, -0.05345000000000057300 ) ) ;
#4066 = CARTESIAN_POINT ( 'NONE',  ( 0.05344999999999994200, 0.3438749999999992600, -5.261224583181002700E-017 ) ) ;
#4067 = CARTESIAN_POINT ( 'NONE',  ( 0.05344999999999982400, 0.3433167725157678100, -0.01432188433544403400 ) ) ;
#4068 = CARTESIAN_POINT ( 'NONE',  ( 0.04628905783227756100, 0.3428333333333325500, -0.02672500000000118200 ) ) ;
#4069 = CARTESIAN_POINT ( 'NONE',  ( 0.03085937188818473100, 0.3417916666666658800, -0.05345000000000043500 ) ) ;
#4070 = CARTESIAN_POINT ( 'NONE',  ( -1.676160433865779500E-015, 0.3407499999999992200, -0.05344999999999999800 ) ) ;
#4071 = CARTESIAN_POINT ( 'NONE',  ( -0.03085937188818656600, 0.3397083333333325600, -0.05344999999999937300 ) ) ;
#4072 = CARTESIAN_POINT ( 'NONE',  ( -0.04628905783227847700, 0.3386666666666658900, -0.02672499999999958900 ) ) ;
#4073 = CARTESIAN_POINT ( 'NONE',  ( -0.05344999999999973400, 0.3381832274842308000, -0.01432188433544323400 ) ) ;
#4074 = CARTESIAN_POINT ( 'NONE',  ( -0.05344999999999995600, 0.3376249999999993400, -4.506353229941988900E-016 ) ) ;
#4075 =( BOUNDED_CURVE ( )  B_SPLINE_CURVE ( 2, ( #4074, #4073, #4072, #4071, #4070, #4069, #4068, #4067, #4066 ),
 .UNSPECIFIED., .F., .T. ) 
 B_SPLINE_CURVE_WITH_KNOTS ( ( 3, 2, 2, 2, 3 ),
 ( 0.6730769230769232400, 0.6752136752136752600, 0.6794871794871795200, 0.6837606837606837700, 0.6858974358974360100 ),
 .UNSPECIFIED. ) 
 CURVE ( )  GEOMETRIC_REPRESENTATION_ITEM ( )  RATIONAL_B_SPLINE_CURVE ( ( 0.9330127018922194100, 0.9330127018922228500, 1.000000000000000000, 0.8660254037844387100, 1.000000000000000000, 0.8660254037844387100, 1.000000000000000000, 0.9330127018922176300, 0.9330127018922194100 ) ) 
 REPRESENTATION_ITEM ( '' )  );
#4076 = CARTESIAN_POINT ( 'NONE',  ( 0.05345000000000008800, 0.4558167725157674700, -0.01432188433544424200 ) ) ;
#4077 = CARTESIAN_POINT ( 'NONE',  ( 0.04628905783227769300, 0.4553333333333323100, -0.02672500000000095300 ) ) ;
#4078 = CARTESIAN_POINT ( 'NONE',  ( 0.03085937188818347500, 0.4542916666666656500, -0.05345000000000114900 ) ) ;
#4079 = CARTESIAN_POINT ( 'NONE',  ( -1.414194718903256900E-015, 0.4532499999999989900, -0.05344999999999999800 ) ) ;
#4080 = CARTESIAN_POINT ( 'NONE',  ( -0.03085937188818630600, 0.4522083333333323200, -0.05344999999999951900 ) ) ;
#4081 = CARTESIAN_POINT ( 'NONE',  ( -0.04628905783227910100, 0.4511666666666656600, -0.02672499999999850000 ) ) ;
#4082 = CARTESIAN_POINT ( 'NONE',  ( -0.05345000000000005300, 0.4506832274842305600, -0.01432188433544279200 ) ) ;
#4083 = CARTESIAN_POINT ( 'NONE',  ( -0.05344999999999994200, 0.4501249999999991100, -8.006211322231961800E-018 ) ) ;
#4084 = CYLINDRICAL_SURFACE ( 'NONE', #4157, 0.05345000000000005300 ) ;
#4085 = FACE_OUTER_BOUND ( 'NONE', #2565, .T. ) ;
#4086 =( BOUNDED_CURVE ( )  B_SPLINE_CURVE ( 2, ( #4083, #4082, #4081, #4080, #4079, #4078, #4077, #4076, #4158 ),
 .UNSPECIFIED., .F., .T. ) 
 B_SPLINE_CURVE_WITH_KNOTS ( ( 3, 2, 2, 2, 3 ),
 ( 0.9038461538461540800, 0.9059829059829060900, 0.9102564102564103500, 0.9145299145299146100, 0.9166666666666668500 ),
 .UNSPECIFIED. ) 
 CURVE ( )  GEOMETRIC_REPRESENTATION_ITEM ( )  RATIONAL_B_SPLINE_CURVE ( ( 0.9330127018922194100, 0.9330127018922228500, 1.000000000000000000, 0.8660254037844387100, 1.000000000000000000, 0.8660254037844387100, 1.000000000000000000, 0.9330127018922158600, 0.9330127018922194100 ) ) 
 REPRESENTATION_ITEM ( '' )  );
#4087 = CARTESIAN_POINT ( 'NONE',  ( -0.05344999999999994200, 0.3626249999999992500, -4.815164238085220800E-016 ) ) ;
#4088 = CARTESIAN_POINT ( 'NONE',  ( -0.05344999999999996300, 0.3620667725157677400, 0.01432188433544389500 ) ) ;
#4089 = CARTESIAN_POINT ( 'NONE',  ( -0.04628905783227745700, 0.3615833333333325400, 0.02672500000000135500 ) ) ;
#4090 = CARTESIAN_POINT ( 'NONE',  ( -0.03085937188818452200, 0.3605416666666658700, 0.05345000000000055300 ) ) ;
#4091 = CARTESIAN_POINT ( 'NONE',  ( 3.665491738261139000E-016, 0.3594999999999992100, 0.05344999999999999800 ) ) ;
#4092 = CARTESIAN_POINT ( 'NONE',  ( 0.03085937188818677400, 0.3584583333333325500, 0.05344999999999925500 ) ) ;
#4093 = CARTESIAN_POINT ( 'NONE',  ( 0.04628905783227858100, 0.3574166666666658800, 0.02672499999999940900 ) ) ;
#4094 = CARTESIAN_POINT ( 'NONE',  ( 0.05344999999999978200, 0.3569332274842307300, 0.01432188433544302600 ) ) ;
#4095 = CARTESIAN_POINT ( 'NONE',  ( 0.05344999999999995600, 0.3563749999999992200, 2.424738286161679500E-016 ) ) ;
#4096 =( BOUNDED_CURVE ( )  B_SPLINE_CURVE ( 2, ( #4095, #4094, #4093, #4092, #4091, #4090, #4089, #4088, #4087 ),
 .UNSPECIFIED., .F., .T. ) 
 B_SPLINE_CURVE_WITH_KNOTS ( ( 3, 2, 2, 2, 3 ),
 ( 0.7115384615384616800, 0.7136752136752136900, 0.7179487179487180600, 0.7222222222222223200, 0.7243589743589745600 ),
 .UNSPECIFIED. ) 
 CURVE ( )  GEOMETRIC_REPRESENTATION_ITEM ( )  RATIONAL_B_SPLINE_CURVE ( ( 0.9330127018922194100, 0.9330127018922228500, 1.000000000000000000, 0.8660254037844387100, 1.000000000000000000, 0.8660254037844387100, 1.000000000000000000, 0.9330127018922158600, 0.9330127018922194100 ) ) 
 REPRESENTATION_ITEM ( '' )  );
#4097 = CARTESIAN_POINT ( 'NONE',  ( 0.05344999999999994200, 0.3298749999999993600, 6.610843063214390500E-016 ) ) ;
#4098 = CARTESIAN_POINT ( 'NONE',  ( 0.05345000000000022600, 0.3293167725157678000, -0.01432188433544371600 ) ) ;
#4099 = CARTESIAN_POINT ( 'NONE',  ( 0.04628905783227794900, 0.3288333333333326400, -0.02672500000000049800 ) ) ;
#4100 = CARTESIAN_POINT ( 'NONE',  ( 0.03085937188818399500, 0.3277916666666659800, -0.05345000000000085100 ) ) ;
#4101 = CARTESIAN_POINT ( 'NONE',  ( -8.904081654935099400E-016, 0.3267499999999993200, -0.05344999999999999800 ) ) ;
#4102 = CARTESIAN_POINT ( 'NONE',  ( -0.03085937188818578500, 0.3257083333333326600, -0.05344999999999982400 ) ) ;
#4103 = CARTESIAN_POINT ( 'NONE',  ( -0.04628905783227884500, 0.3246666666666659900, -0.02672499999999895100 ) ) ;
#4104 = CARTESIAN_POINT ( 'NONE',  ( -0.05345000000000011500, 0.3241832274842309000, -0.01432188433544297000 ) ) ;
#4105 = CARTESIAN_POINT ( 'NONE',  ( -0.05344999999999995600, 0.3236249999999993900, 2.104489833272401100E-016 ) ) ;
#4106 = CARTESIAN_POINT ( 'NONE',  ( 0.05345000000000015000, 0.3423749999999992600, 6.748092400166938300E-016 ) ) ;
#4107 = CARTESIAN_POINT ( 'NONE',  ( 0.05345000000000033100, 0.3418167725157678100, -0.01432188433544335200 ) ) ;
#4108 = CARTESIAN_POINT ( 'NONE',  ( 0.04628905783227813700, 0.3413333333333326000, -0.02672500000000018300 ) ) ;
#4109 = CARTESIAN_POINT ( 'NONE',  ( 0.03085937188818436600, 0.3402916666666659400, -0.05345000000000064300 ) ) ;
#4110 = CARTESIAN_POINT ( 'NONE',  ( -5.237141151520976400E-016, 0.3392499999999992700, -0.05344999999999999800 ) ) ;
#4111 = CARTESIAN_POINT ( 'NONE',  ( -0.03085937188818693700, 0.3382083333333326700, -0.05344999999999915800 ) ) ;
#4112 = CARTESIAN_POINT ( 'NONE',  ( -0.04628905783227865700, 0.3371666666666659500, -0.02672499999999927400 ) ) ;
#4113 = CARTESIAN_POINT ( 'NONE',  ( -0.05345000000000022000, 0.3366832274842308000, -0.01432188433544299100 ) ) ;
#4114 = CARTESIAN_POINT ( 'NONE',  ( -0.05344999999999995600, 0.3361249999999992900, 5.878846599467468100E-016 ) ) ;
#4115 =( BOUNDED_CURVE ( )  B_SPLINE_CURVE ( 2, ( #4114, #4113, #4112, #4111, #4110, #4109, #4108, #4107, #4106 ),
 .UNSPECIFIED., .F., .T. ) 
 B_SPLINE_CURVE_WITH_KNOTS ( ( 3, 2, 2, 2, 3 ),
 ( 0.6474358974358974700, 0.6495726495726496000, 0.6538461538461539700, 0.6581196581196582200, 0.6602564102564104600 ),
 .UNSPECIFIED. ) 
 CURVE ( )  GEOMETRIC_REPRESENTATION_ITEM ( )  RATIONAL_B_SPLINE_CURVE ( ( 0.9330127018922194100, 0.9330127018922194100, 1.000000000000000000, 0.8660254037844387100, 1.000000000000000000, 0.8660254037844387100, 1.000000000000000000, 0.9330127018922158600, 0.9330127018922194100 ) ) 
 REPRESENTATION_ITEM ( '' )  );
#4116 =( BOUNDED_CURVE ( )  B_SPLINE_CURVE ( 2, ( #4002, #4001, #4140, #4138, #4136, #4135, #4134, #4123, #4122 ),
 .UNSPECIFIED., .F., .F. ) 
 B_SPLINE_CURVE_WITH_KNOTS ( ( 3, 2, 2, 2, 3 ),
 ( 0.3141025641025642100, 0.3162393162393162800, 0.3205128205128205400, 0.3247863247863248000, 0.3269230769230769800 ),
 .UNSPECIFIED. ) 
 CURVE ( )  GEOMETRIC_REPRESENTATION_ITEM ( )  RATIONAL_B_SPLINE_CURVE ( ( 0.9330127018922194100, 0.9330127018922210700, 1.000000000000000000, 0.8660254037844387100, 1.000000000000000000, 0.8660254037844387100, 1.000000000000000000, 0.9330127018922185200, 0.9330127018922194100 ) ) 
 REPRESENTATION_ITEM ( '' )  );
#4117 = CARTESIAN_POINT ( 'NONE',  ( 0.05344999999999999800, 0.007000000000000001000, 0.0000000000000000000 ) ) ;
#4118 = DIRECTION ( 'NONE',  ( 0.7071067811865458000, 0.7071067811865492400, 8.659274570719336900E-017 ) ) ;
#4119 = VECTOR ( 'NONE', #4118, 39.37007874015748100 ) ;
#4120 = CARTESIAN_POINT ( 'NONE',  ( 0.04645000000000002600, 0.0000000000000000000, 5.688296513504945300E-018 ) ) ;
#4121 = LINE ( 'NONE', #4120, #4119 ) ;
#4122 = CARTESIAN_POINT ( 'NONE',  ( 0.05344999999999996300, 0.1798749999999996700, 1.086557250874337700E-016 ) ) ;
#4123 = CARTESIAN_POINT ( 'NONE',  ( 0.05344999999999997000, 0.1793167725157681400, -0.01432188433544366800 ) ) ;
#4124 =( BOUNDED_CURVE ( )  B_SPLINE_CURVE ( 2, ( #4040, #4039, #4038, #4037, #4034, #4032, #4031, #4030, #4029 ),
 .UNSPECIFIED., .F., .T. ) 
 B_SPLINE_CURVE_WITH_KNOTS ( ( 3, 2, 2, 2, 3 ),
 ( 0.6474358974358974700, 0.6495726495726496000, 0.6538461538461539700, 0.6581196581196582200, 0.6602564102564104600 ),
 .UNSPECIFIED. ) 
 CURVE ( )  GEOMETRIC_REPRESENTATION_ITEM ( )  RATIONAL_B_SPLINE_CURVE ( ( 0.9330127018922194100, 0.9330127018922194100, 1.000000000000000000, 0.8660254037844387100, 1.000000000000000000, 0.8660254037844387100, 1.000000000000000000, 0.9330127018922158600, 0.9330127018922194100 ) ) 
 REPRESENTATION_ITEM ( '' )  );
#4125 = CARTESIAN_POINT ( 'NONE',  ( 0.05344999999999995600, 0.3563749999999992200, 2.424738286161679500E-016 ) ) ;
#4126 = CARTESIAN_POINT ( 'NONE',  ( 0.05345000000000012900, 0.3558167725157677100, -0.01432188433544413600 ) ) ;
#4127 = CARTESIAN_POINT ( 'NONE',  ( 0.04628905783227774800, 0.3553333333333325600, -0.02672500000000085900 ) ) ;
#4128 = CARTESIAN_POINT ( 'NONE',  ( 0.03085937188818510200, 0.3542916666666658900, -0.05345000000000022600 ) ) ;
#4129 = CARTESIAN_POINT ( 'NONE',  ( -1.309466383524367300E-015, 0.3532499999999992300, -0.05344999999999999800 ) ) ;
#4130 = CARTESIAN_POINT ( 'NONE',  ( -0.03085937188818619800, 0.3522083333333325700, -0.05344999999999958800 ) ) ;
#4131 = CARTESIAN_POINT ( 'NONE',  ( -0.04628905783227905300, 0.3511666666666659100, -0.02672499999999859400 ) ) ;
#4132 = CARTESIAN_POINT ( 'NONE',  ( -0.05345000000000003200, 0.3506832274842307500, -0.01432188433544289700 ) ) ;
#4133 = CARTESIAN_POINT ( 'NONE',  ( -0.05345000000000015000, 0.3501249999999992400, -4.666477456386628800E-016 ) ) ;
#4134 = CARTESIAN_POINT ( 'NONE',  ( 0.04628905783227803300, 0.1788333333333329800, -0.02672500000000036000 ) ) ;
#4135 = CARTESIAN_POINT ( 'NONE',  ( 0.03085937188818491800, 0.1777916666666663200, -0.05345000000000033100 ) ) ;
#4136 = CARTESIAN_POINT ( 'NONE',  ( -7.333156624251754000E-016, 0.1767499999999996300, -0.05344999999999999800 ) ) ;
#4137 = CARTESIAN_POINT ( 'NONE',  ( -0.03085937188818549000, 0.3715416666666658800, 0.05344999999999999800 ) ) ;
#4138 = CARTESIAN_POINT ( 'NONE',  ( -0.03085937188818562200, 0.1757083333333329700, -0.05344999999999992100 ) ) ;
#4140 = CARTESIAN_POINT ( 'NONE',  ( -0.04628905783227838700, 0.1746666666666663000, -0.02672499999999974900 ) ) ;
#4139 = CARTESIAN_POINT ( 'NONE',  ( 0.0000000000000000000, 0.3704999999999992200, 0.05344999999999999800 ) ) ;
#4141 = CARTESIAN_POINT ( 'NONE',  ( 0.03085937188818552200, 0.3694583333333325600, 0.05344999999999998400 ) ) ;
#4142 = CARTESIAN_POINT ( 'NONE',  ( -0.1060000000000000400, 0.5000000000000000000, 1.298082735051719000E-017 ) ) ;
#4143 =( BOUNDED_CURVE ( )  B_SPLINE_CURVE ( 2, ( #4188, #4187, #4186, #4185, #4184, #4183, #4182, #4181, #4180 ),
 .UNSPECIFIED., .F., .T. ) 
 B_SPLINE_CURVE_WITH_KNOTS ( ( 3, 2, 2, 2, 3 ),
 ( 0.9038461538461540800, 0.9059829059829060900, 0.9102564102564103500, 0.9145299145299146100, 0.9166666666666668500 ),
 .UNSPECIFIED. ) 
 CURVE ( )  GEOMETRIC_REPRESENTATION_ITEM ( )  RATIONAL_B_SPLINE_CURVE ( ( 0.9330127018922194100, 0.9330127018922228500, 1.000000000000000000, 0.8660254037844387100, 1.000000000000000000, 0.8660254037844387100, 1.000000000000000000, 0.9330127018922158600, 0.9330127018922194100 ) ) 
 REPRESENTATION_ITEM ( '' )  );
#4144 = CARTESIAN_POINT ( 'NONE',  ( 0.05345000000000015000, 0.4688749999999989300, 1.509742706478027000E-016 ) ) ;
#4145 = CARTESIAN_POINT ( 'NONE',  ( 0.05345000000000019200, 0.4683167725157675300, -0.01432188433544387200 ) ) ;
#4146 = CARTESIAN_POINT ( 'NONE',  ( 0.04628905783227787300, 0.4678333333333323200, -0.02672500000000063400 ) ) ;
#4147 = CARTESIAN_POINT ( 'NONE',  ( 0.03085937188818384200, 0.4667916666666656600, -0.05345000000000094100 ) ) ;
#4148 = CARTESIAN_POINT ( 'NONE',  ( -1.047500668561844500E-015, 0.4657499999999990000, -0.05344999999999999800 ) ) ;
#4149 = CARTESIAN_POINT ( 'NONE',  ( -0.03085937188818745800, 0.4647083333333322800, -0.05344999999999886000 ) ) ;
#4150 = CARTESIAN_POINT ( 'NONE',  ( -0.04628905783227892100, 0.4636666666666656700, -0.02672499999999881900 ) ) ;
#4151 = CARTESIAN_POINT ( 'NONE',  ( -0.05344999999999997000, 0.4631832274842305200, -0.01432188433544315800 ) ) ;
#4152 = CARTESIAN_POINT ( 'NONE',  ( -0.05344999999999995600, 0.4626249999999990600, -3.740044431956930300E-016 ) ) ;
#4153 =( BOUNDED_CURVE ( )  B_SPLINE_CURVE ( 2, ( #4152, #4151, #4150, #4149, #4148, #4147, #4146, #4145, #4144 ),
 .UNSPECIFIED., .F., .T. ) 
 B_SPLINE_CURVE_WITH_KNOTS ( ( 3, 2, 2, 2, 3 ),
 ( 0.9294871794871797400, 0.9316239316239317600, 0.9358974358974360100, 0.9401709401709402700, 0.9423076923076925100 ),
 .UNSPECIFIED. ) 
 CURVE ( )  GEOMETRIC_REPRESENTATION_ITEM ( )  RATIONAL_B_SPLINE_CURVE ( ( 0.9330127018922194100, 0.9330127018922228500, 1.000000000000000000, 0.8660254037844387100, 1.000000000000000000, 0.8660254037844387100, 1.000000000000000000, 0.9330127018922158600, 0.9330127018922194100 ) ) 
 REPRESENTATION_ITEM ( '' )  );
#4154 = DIRECTION ( 'NONE',  ( 1.000000000000000000, 2.449212707644754500E-016, 0.0000000000000000000 ) ) ;
#4155 = DIRECTION ( 'NONE',  ( 2.449212707644754500E-016, -1.000000000000000000, 0.0000000000000000000 ) ) ;
#4156 = CARTESIAN_POINT ( 'NONE',  ( 0.0000000000000000000, 0.0000000000000000000, 0.0000000000000000000 ) ) ;
#4157 = AXIS2_PLACEMENT_3D ( 'NONE', #4156, #4155, #4154 ) ;
#4158 = CARTESIAN_POINT ( 'NONE',  ( 0.05344999999999994200, 0.4563749999999990300, 1.361055924779433400E-016 ) ) ;
#4159 =( BOUNDED_CURVE ( )  B_SPLINE_CURVE ( 2, ( #4133, #4132, #4131, #4130, #4129, #4128, #4127, #4126, #4125 ),
 .UNSPECIFIED., .F., .T. ) 
 B_SPLINE_CURVE_WITH_KNOTS ( ( 3, 2, 2, 2, 3 ),
 ( 0.6987179487179489000, 0.7008547008547009200, 0.7051282051282051800, 0.7094017094017094300, 0.7115384615384616800 ),
 .UNSPECIFIED. ) 
 CURVE ( )  GEOMETRIC_REPRESENTATION_ITEM ( )  RATIONAL_B_SPLINE_CURVE ( ( 0.9330127018922194100, 0.9330127018922228500, 1.000000000000000000, 0.8660254037844387100, 1.000000000000000000, 0.8660254037844387100, 1.000000000000000000, 0.9330127018922158600, 0.9330127018922194100 ) ) 
 REPRESENTATION_ITEM ( '' )  );
#4160 = DIRECTION ( 'NONE',  ( 1.000000000000000000, 2.449212707644754500E-016, 0.0000000000000000000 ) ) ;
#4161 = DIRECTION ( 'NONE',  ( 2.449212707644754500E-016, -1.000000000000000000, 0.0000000000000000000 ) ) ;
#4162 = CARTESIAN_POINT ( 'NONE',  ( 0.0000000000000000000, 0.0000000000000000000, 0.0000000000000000000 ) ) ;
#4163 = AXIS2_PLACEMENT_3D ( 'NONE', #4162, #4161, #4160 ) ;
#4164 = CARTESIAN_POINT ( 'NONE',  ( -0.04628905783227824800, 0.3746666666666658700, -0.02672499999999998500 ) ) ;
#4165 = CARTESIAN_POINT ( 'NONE',  ( -0.06171874377637098800, 0.3736249999999991500, 3.779058288923960300E-018 ) ) ;
#4166 = CARTESIAN_POINT ( 'NONE',  ( -0.04628905783227824100, 0.3725833333333325400, 0.02672500000000000200 ) ) ;
#4167 = CYLINDRICAL_SURFACE ( 'NONE', #4163, 0.05345000000000005300 ) ;
#4168 = FACE_OUTER_BOUND ( 'NONE', #2586, .T. ) ;
#4169 = DIRECTION ( 'NONE',  ( 1.000000000000000000, 2.395797468718659400E-016, 0.0000000000000000000 ) ) ;
#4170 = DIRECTION ( 'NONE',  ( 2.449212707644754500E-016, -1.000000000000000000, 0.0000000000000000000 ) ) ;
#4171 = CARTESIAN_POINT ( 'NONE',  ( -1.714448895351325100E-018, 0.006999999999999988000, 0.0000000000000000000 ) ) ;
#4172 = AXIS2_PLACEMENT_3D ( 'NONE', #4171, #4170, #4169 ) ;
#4173 = CIRCLE ( 'NONE', #4172, 0.05344999999999999800 ) ;
#4174 = CARTESIAN_POINT ( 'NONE',  ( 0.1059999999999998000, 0.5000000000000000000, 0.0000000000000000000 ) ) ;
#4175 = DIRECTION ( 'NONE',  ( 1.000000000000000000, 0.0000000000000000000, 0.0000000000000000000 ) ) ;
#4176 = DIRECTION ( 'NONE',  ( 2.449212707644754500E-016, -1.000000000000000000, 0.0000000000000000000 ) ) ;
#4177 = CARTESIAN_POINT ( 'NONE',  ( -1.224606353822377300E-016, 0.5000000000000000000, 0.0000000000000000000 ) ) ;
#4178 = AXIS2_PLACEMENT_3D ( 'NONE', #4177, #4176, #4175 ) ;
#4179 = CIRCLE ( 'NONE', #4178, 0.1059999999999999300 ) ;
#4180 = CARTESIAN_POINT ( 'NONE',  ( 0.05344999999999994200, 0.4673749999999990400, 1.361055924779433400E-016 ) ) ;
#4181 = CARTESIAN_POINT ( 'NONE',  ( 0.05345000000000008800, 0.4668167725157675900, -0.01432188433544424200 ) ) ;
#4182 = CARTESIAN_POINT ( 'NONE',  ( 0.04628905783227769300, 0.4663333333333323200, -0.02672500000000095300 ) ) ;
#4183 = CARTESIAN_POINT ( 'NONE',  ( 0.03085937188818347500, 0.4652916666666656600, -0.05345000000000114900 ) ) ;
#4184 = CARTESIAN_POINT ( 'NONE',  ( -1.414194718903256900E-015, 0.4642499999999990000, -0.05344999999999999800 ) ) ;
#4185 = CARTESIAN_POINT ( 'NONE',  ( -0.03085937188818630600, 0.4632083333333325600, -0.05344999999999951900 ) ) ;
#4186 = CARTESIAN_POINT ( 'NONE',  ( -0.04628905783227910100, 0.4621666666666656700, -0.02672499999999850000 ) ) ;
#4187 = CARTESIAN_POINT ( 'NONE',  ( -0.05345000000000005300, 0.4616832274842305700, -0.01432188433544279200 ) ) ;
#4188 = CARTESIAN_POINT ( 'NONE',  ( -0.05344999999999994200, 0.4611249999999991200, -8.006211322231961800E-018 ) ) ;
#4189 = DIRECTION ( 'NONE',  ( 2.449212707644754500E-016, -1.000000000000000000, 0.0000000000000000000 ) ) ;
#4190 = AXIS2_PLACEMENT_3D ( 'NONE', #4196, #4189, #4347 ) ;
#4191 = CYLINDRICAL_SURFACE ( 'NONE', #4190, 0.05345000000000005300 ) ;
#4192 = FACE_OUTER_BOUND ( 'NONE', #2759, .T. ) ;
#4193 = DIRECTION ( 'NONE',  ( 1.000000000000000000, 2.449212707644754500E-016, 0.0000000000000000000 ) ) ;
#4194 = DIRECTION ( 'NONE',  ( 2.449212707644754500E-016, -1.000000000000000000, 0.0000000000000000000 ) ) ;
#4195 = CARTESIAN_POINT ( 'NONE',  ( 0.0000000000000000000, 0.0000000000000000000, 0.0000000000000000000 ) ) ;
#4196 = CARTESIAN_POINT ( 'NONE',  ( 0.0000000000000000000, 0.0000000000000000000, 0.0000000000000000000 ) ) ;
#4197 = AXIS2_PLACEMENT_3D ( 'NONE', #4195, #4194, #4193 ) ;
#4198 = CARTESIAN_POINT ( 'NONE',  ( -6.545520961180605600E-018, 0.3767499999999992000, -0.05344999999999999800 ) ) ;
#4199 = CARTESIAN_POINT ( 'NONE',  ( 0.05344999999999994200, 0.3798749999999992400, 6.084720604896289300E-016 ) ) ;
#4200 = CARTESIAN_POINT ( 'NONE',  ( 0.05345000000000022000, 0.3793167725157676800, -0.01432188433544376800 ) ) ;
#4201 = CARTESIAN_POINT ( 'NONE',  ( 0.04628905783227792900, 0.3788333333333325200, -0.02672500000000054300 ) ) ;
#4202 = CARTESIAN_POINT ( 'NONE',  ( 0.03085937188818395000, 0.3777916666666658600, -0.05345000000000088600 ) ) ;
#4203 = CARTESIAN_POINT ( 'NONE',  ( -9.427723331829548600E-016, 0.3767499999999992000, -0.05344999999999999800 ) ) ;
#4204 = CARTESIAN_POINT ( 'NONE',  ( -0.03085937188818583000, 0.3757083333333325900, -0.05344999999999978900 ) ) ;
#4205 = CARTESIAN_POINT ( 'NONE',  ( -0.04628905783227887200, 0.3746666666666658700, -0.02672499999999890900 ) ) ;
#4206 = CARTESIAN_POINT ( 'NONE',  ( -0.05344999999999992800, 0.3741832274842307700, -0.01432188433544326700 ) ) ;
#4207 = CARTESIAN_POINT ( 'NONE',  ( -0.05344999999999994200, 0.3736249999999993700, -4.815164238085220800E-016 ) ) ;
#4209 = CYLINDRICAL_SURFACE ( 'NONE', #4197, 0.05345000000000005300 ) ;
#4208 = CARTESIAN_POINT ( 'NONE',  ( 0.03085937188818547700, 0.3777916666666658000, -0.05344999999999999800 ) ) ;
#4210 = FACE_OUTER_BOUND ( 'NONE', #2600, .T. ) ;
#4211 =( BOUNDED_CURVE ( )  B_SPLINE_CURVE ( 2, ( #4207, #4206, #4205, #4204, #4203, #4202, #4201, #4200, #4199 ),
 .UNSPECIFIED., .F., .T. ) 
 B_SPLINE_CURVE_WITH_KNOTS ( ( 3, 2, 2, 2, 3 ),
 ( 0.7243589743589745600, 0.7264957264957265800, 0.7307692307692308400, 0.7350427350427351000, 0.7371794871794873400 ),
 .UNSPECIFIED. ) 
 CURVE ( )  GEOMETRIC_REPRESENTATION_ITEM ( )  RATIONAL_B_SPLINE_CURVE ( ( 0.9330127018922194100, 0.9330127018922228500, 1.000000000000000000, 0.8660254037844387100, 1.000000000000000000, 0.8660254037844387100, 1.000000000000000000, 0.9330127018922158600, 0.9330127018922194100 ) ) 
 REPRESENTATION_ITEM ( '' )  );
#4212 = CARTESIAN_POINT ( 'NONE',  ( 0.05344999999999994200, 0.3813749999999993000, 2.710674404812820700E-016 ) ) ;
#4214 = CARTESIAN_POINT ( 'NONE',  ( 0.05344999999999990700, 0.3808167725157677300, -0.01432188433544410500 ) ) ;
#4213 = CARTESIAN_POINT ( 'NONE',  ( -0.04628905783227824100, 0.3850833333333325000, 0.02672500000000000200 ) ) ;
#4215 = CARTESIAN_POINT ( 'NONE',  ( 0.04628905783227735300, 0.3803333333333324700, -0.02672500000000153900 ) ) ;
#4216 = CARTESIAN_POINT ( 'NONE',  ( 0.03085937188818431100, 0.3792916666666658100, -0.05345000000000067100 ) ) ;
#4217 = CARTESIAN_POINT ( 'NONE',  ( -5.760782828415425500E-016, 0.3782499999999991400, -0.05344999999999999800 ) ) ;
#4218 = CARTESIAN_POINT ( 'NONE',  ( -0.03085937188818698900, 0.3772083333333324800, -0.05344999999999913000 ) ) ;
#4219 = CARTESIAN_POINT ( 'NONE',  ( -0.04628905783227868500, 0.3761666666666658700, -0.02672499999999922500 ) ) ;
#4220 = CARTESIAN_POINT ( 'NONE',  ( -0.05344999999999984500, 0.3756832274842306600, -0.01432188433544281400 ) ) ;
#4221 = CARTESIAN_POINT ( 'NONE',  ( -0.05344999999999995600, 0.3751249999999992600, -3.202484528892784700E-017 ) ) ;
#4222 =( BOUNDED_CURVE ( )  B_SPLINE_CURVE ( 2, ( #4221, #4220, #4219, #4218, #4217, #4216, #4215, #4214, #4212 ),
 .UNSPECIFIED., .F., .T. ) 
 B_SPLINE_CURVE_WITH_KNOTS ( ( 3, 2, 2, 2, 3 ),
 ( 0.7500000000000002200, 0.7521367521367522400, 0.7564102564102565000, 0.7606837606837607600, 0.7628205128205130000 ),
 .UNSPECIFIED. ) 
 CURVE ( )  GEOMETRIC_REPRESENTATION_ITEM ( )  RATIONAL_B_SPLINE_CURVE ( ( 0.9330127018922194100, 0.9330127018922228500, 1.000000000000000000, 0.8660254037844387100, 1.000000000000000000, 0.8660254037844387100, 1.000000000000000000, 0.9330127018922158600, 0.9330127018922194100 ) ) 
 REPRESENTATION_ITEM ( '' )  );
#4223 = CARTESIAN_POINT ( 'NONE',  ( 0.06171874377637098800, 0.3798749999999991300, -1.133717486677188400E-017 ) ) ;
#4224 = CARTESIAN_POINT ( 'NONE',  ( -0.03085937188818549000, 0.3840416666666658400, 0.05344999999999999800 ) ) ;
#4225 = CARTESIAN_POINT ( 'NONE',  ( 0.0000000000000000000, 0.3829999999999991700, 0.05344999999999999800 ) ) ;
#4226 = CYLINDRICAL_SURFACE ( 'NONE', #4313, 0.05345000000000005300 ) ;
#4227 = FACE_OUTER_BOUND ( 'NONE', #2624, .T. ) ;
#4228 =( BOUNDED_CURVE ( )  B_SPLINE_CURVE ( 2, ( #4322, #4321, #4320, #4319, #4318, #4317, #4316, #4315, #4314 ),
 .UNSPECIFIED., .F., .T. ) 
 B_SPLINE_CURVE_WITH_KNOTS ( ( 3, 2, 2, 2, 3 ),
 ( 0.2371794871794872300, 0.2393162393162393500, 0.2435897435897436100, 0.2478632478632479000, 0.2500000000000000600 ),
 .UNSPECIFIED. ) 
 CURVE ( )  GEOMETRIC_REPRESENTATION_ITEM ( )  RATIONAL_B_SPLINE_CURVE ( ( 0.9330127018922194100, 0.9330127018922198500, 1.000000000000000000, 0.8660254037844387100, 1.000000000000000000, 0.8660254037844387100, 1.000000000000000000, 0.9330127018922189700, 0.9330127018922194100 ) ) 
 REPRESENTATION_ITEM ( '' )  );
#4229 = DIRECTION ( 'NONE',  ( 1.000000000000000000, 2.449212707644754500E-016, 0.0000000000000000000 ) ) ;
#4230 = DIRECTION ( 'NONE',  ( 2.449212707644754500E-016, -1.000000000000000000, 0.0000000000000000000 ) ) ;
#4231 = AXIS2_PLACEMENT_3D ( 'NONE', #4237, #4230, #4229 ) ;
#4232 = CYLINDRICAL_SURFACE ( 'NONE', #4231, 0.05345000000000005300 ) ;
#4233 = FACE_OUTER_BOUND ( 'NONE', #2831, .T. ) ;
#4234 = DIRECTION ( 'NONE',  ( 1.000000000000000000, 2.449212707644754500E-016, 0.0000000000000000000 ) ) ;
#4235 = DIRECTION ( 'NONE',  ( 2.449212707644754500E-016, -1.000000000000000000, 0.0000000000000000000 ) ) ;
#4236 = CARTESIAN_POINT ( 'NONE',  ( 0.0000000000000000000, 0.0000000000000000000, 0.0000000000000000000 ) ) ;
#4237 = CARTESIAN_POINT ( 'NONE',  ( 0.0000000000000000000, 0.0000000000000000000, 0.0000000000000000000 ) ) ;
#4238 = AXIS2_PLACEMENT_3D ( 'NONE', #4236, #4235, #4234 ) ;
#4239 = CARTESIAN_POINT ( 'NONE',  ( 0.05345000000000000400, 0.1173749999999998000, 8.578083559534244900E-017 ) ) ;
#4240 = CARTESIAN_POINT ( 'NONE',  ( 0.05344999999999999800, 0.1168167725157682900, -0.01432188433544360200 ) ) ;
#4241 = CARTESIAN_POINT ( 'NONE',  ( 0.04628905783227806000, 0.1163333333333331200, -0.02672500000000030400 ) ) ;
#4242 = CARTESIAN_POINT ( 'NONE',  ( 0.03085937188818536200, 0.1152916666666664500, -0.05345000000000005300 ) ) ;
#4243 = CARTESIAN_POINT ( 'NONE',  ( -2.880753605495958800E-016, 0.1142499999999997800, -0.05344999999999999800 ) ) ;
#4244 = CARTESIAN_POINT ( 'NONE',  ( -0.03085937188818593800, 0.1132083333333331100, -0.05344999999999973400 ) ) ;
#4245 = CARTESIAN_POINT ( 'NONE',  ( -0.04628905783227835200, 0.1121666666666664600, -0.02672499999999980400 ) ) ;
#4246 = CARTESIAN_POINT ( 'NONE',  ( -0.03085937188818551800, 0.3757083333333324800, -0.05344999999999998400 ) ) ;
#4247 = CARTESIAN_POINT ( 'NONE',  ( -0.05344999999999999800, 0.1116832274842312900, -0.01432188433544328400 ) ) ;
#4248 = CARTESIAN_POINT ( 'NONE',  ( -0.05345000000000000400, 0.1111249999999997900, 1.086557250874337600E-016 ) ) ;
#4249 = CYLINDRICAL_SURFACE ( 'NONE', #4238, 0.05345000000000005300 ) ;
#4250 = FACE_OUTER_BOUND ( 'NONE', #2620, .T. ) ;
#4251 =( BOUNDED_CURVE ( )  B_SPLINE_CURVE ( 2, ( #4248, #4247, #4245, #4244, #4243, #4242, #4241, #4240, #4239 ),
 .UNSPECIFIED., .F., .T. ) 
 B_SPLINE_CURVE_WITH_KNOTS ( ( 3, 2, 2, 2, 3 ),
 ( 0.1858974358974359300, 0.1880341880341880600, 0.1923076923076923200, 0.1965811965811966000, 0.1987179487179487600 ),
 .UNSPECIFIED. ) 
 CURVE ( )  GEOMETRIC_REPRESENTATION_ITEM ( )  RATIONAL_B_SPLINE_CURVE ( ( 0.9330127018922194100, 0.9330127018922198500, 1.000000000000000000, 0.8660254037844387100, 1.000000000000000000, 0.8660254037844387100, 1.000000000000000000, 0.9330127018922185200, 0.9330127018922194100 ) ) 
 REPRESENTATION_ITEM ( '' )  );
#4252 = CARTESIAN_POINT ( 'NONE',  ( 0.01685491526669592400, 0.5682048745074146400, 0.04956762031745534000 ) ) ;
#4253 = DIRECTION ( 'NONE',  ( 0.0000000000000000000, 0.0000000000000000000, -1.000000000000000000 ) ) ;
#4254 = DIRECTION ( 'NONE',  ( 0.0000000000000000000, -1.000000000000000000, 0.0000000000000000000 ) ) ;
#4255 = CARTESIAN_POINT ( 'NONE',  ( -8.897180721553044800E-017, 0.5682048745074053100, 0.0000000000000000000 ) ) ;
#4256 = AXIS2_PLACEMENT_3D ( 'NONE', #4255, #4254, #4253 ) ;
#4257 = CIRCLE ( 'NONE', #4256, 0.05235491526669428700 ) ;
#4258 = CARTESIAN_POINT ( 'NONE',  ( 1.694065894508600700E-017, 0.5682048745074053100, 0.05235491526669428700 ) ) ;
#4259 =( GEOMETRIC_REPRESENTATION_CONTEXT ( 3 ) GLOBAL_UNCERTAINTY_ASSIGNED_CONTEXT ( ( #4260 ) ) GLOBAL_UNIT_ASSIGNED_CONTEXT ( ( #4263, #4262, #4261 ) ) REPRESENTATION_CONTEXT ( 'NONE', 'WORKASPACE' ) );
#4260 = UNCERTAINTY_MEASURE_WITH_UNIT (LENGTH_MEASURE( 1.000000000000000100E-005 ), #4263, 'distance_accuracy_value', 'NONE');
#4261 =( NAMED_UNIT ( * ) SI_UNIT ( $, .STERADIAN. ) SOLID_ANGLE_UNIT ( ) );
#4262 =( NAMED_UNIT ( * ) PLANE_ANGLE_UNIT ( ) SI_UNIT ( $, .RADIAN. ) );
#4263 =( CONVERSION_BASED_UNIT ( 'INCH', #4264 ) LENGTH_UNIT ( ) NAMED_UNIT ( #4265 ) );
#4264 = LENGTH_MEASURE_WITH_UNIT ( LENGTH_MEASURE( 0.02539999999999999900 ), #4266 );
#4265 = DIMENSIONAL_EXPONENTS ( 1.000000000000000000, 0.0000000000000000000, 0.0000000000000000000, 0.0000000000000000000, 0.0000000000000000000, 0.0000000000000000000, 0.0000000000000000000 ) ;
#4266 =( LENGTH_UNIT ( ) NAMED_UNIT ( * ) SI_UNIT ( $, .METRE. ) );
#4267 = MECHANICAL_DESIGN_GEOMETRIC_PRESENTATION_REPRESENTATION (  '', ( #4269 ), #4259 ) ;
#4268 = PRESENTATION_LAYER_ASSIGNMENT (  '', '', ( #4269 ) ) ;
#4269 = STYLED_ITEM ( 'NONE', ( #4270 ), #2635 ) ;
#4270 = PRESENTATION_STYLE_ASSIGNMENT (( #4271 ) ) ;
#4271 = SURFACE_STYLE_USAGE ( .BOTH. , #4272 ) ;
#4272 = SURFACE_SIDE_STYLE ('',( #4273 ) ) ;
#4273 = SURFACE_STYLE_FILL_AREA ( #4302 ) ;
#4274 = CARTESIAN_POINT ( 'NONE',  ( -0.05344999999999999100, 0.2241832274842310600, -0.01432188433544325100 ) ) ;
#4275 = CARTESIAN_POINT ( 'NONE',  ( -0.05344999999999996300, 0.2236249999999996300, 1.280993811557113900E-016 ) ) ;
#4276 =( BOUNDED_CURVE ( )  B_SPLINE_CURVE ( 2, ( #4275, #4274, #4376, #4375, #4374, #4373, #4372, #4371, #4370 ),
 .UNSPECIFIED., .F., .T. ) 
 B_SPLINE_CURVE_WITH_KNOTS ( ( 3, 2, 2, 2, 3 ),
 ( 0.4166666666666667400, 0.4188034188034188700, 0.4230769230769231300, 0.4273504273504273900, 0.4294871794871795700 ),
 .UNSPECIFIED. ) 
 CURVE ( )  GEOMETRIC_REPRESENTATION_ITEM ( )  RATIONAL_B_SPLINE_CURVE ( ( 0.9330127018922194100, 0.9330127018922203000, 1.000000000000000000, 0.8660254037844387100, 1.000000000000000000, 0.8660254037844387100, 1.000000000000000000, 0.9330127018922176300, 0.9330127018922194100 ) ) 
 REPRESENTATION_ITEM ( '' )  );
#4277 = DIRECTION ( 'NONE',  ( 1.000000000000000000, 2.449212707644754500E-016, 0.0000000000000000000 ) ) ;
#4278 = DIRECTION ( 'NONE',  ( 2.449212707644754500E-016, -1.000000000000000000, 0.0000000000000000000 ) ) ;
#4279 = AXIS2_PLACEMENT_3D ( 'NONE', #4281, #4278, #4277 ) ;
#4280 = CYLINDRICAL_SURFACE ( 'NONE', #4279, 0.05345000000000005300 ) ;
#4281 = CARTESIAN_POINT ( 'NONE',  ( 0.0000000000000000000, 0.0000000000000000000, 0.0000000000000000000 ) ) ;
#4282 = FACE_OUTER_BOUND ( 'NONE', #2650, .T. ) ;
#4283 = CARTESIAN_POINT ( 'NONE',  ( -0.04645000000000002600, -2.275318605401978100E-017, 0.0000000000000000000 ) ) ;
#4284 = CARTESIAN_POINT ( 'NONE',  ( 0.04645000000000002600, 0.0000000000000000000, 6.116908737342776200E-018 ) ) ;
#4285 = DIRECTION ( 'NONE',  ( 1.000000000000000000, 0.0000000000000000000, 0.0000000000000000000 ) ) ;
#4286 = DIRECTION ( 'NONE',  ( 2.449212707644754500E-016, -1.000000000000000000, 0.0000000000000000000 ) ) ;
#4287 = CARTESIAN_POINT ( 'NONE',  ( -1.224606353822377300E-016, 0.5000000000000000000, 0.0000000000000000000 ) ) ;
#4288 = AXIS2_PLACEMENT_3D ( 'NONE', #4287, #4286, #4285 ) ;
#4289 = CONICAL_SURFACE ( 'NONE', #4288, 0.1059999999999999300, 0.1396263401595521100 ) ;
#4290 = CARTESIAN_POINT ( 'NONE',  ( 0.01100000000000000300, 0.5349999999999999200, 0.04518019477602991400 ) ) ;
#4291 = CARTESIAN_POINT ( 'NONE',  ( 0.01295002430072974900, 0.5460591373645412600, 0.04671241177994673400 ) ) ;
#4292 = CARTESIAN_POINT ( 'NONE',  ( 0.01490186898519285700, 0.5571285986382542600, 0.04816886156024013900 ) ) ;
#4293 = CARTESIAN_POINT ( 'NONE',  ( 0.01685491526669592400, 0.5682048745074146400, 0.04956762031745534000 ) ) ;
#4294 = B_SPLINE_CURVE_WITH_KNOTS ( 'NONE', 3,
 ( #4293, #4292, #4291, #4290 ),
 .UNSPECIFIED., .F., .F.,
 ( 4, 4 ),
 ( 0.0003064892814216664700, 0.001170122457373340600 ),
 .UNSPECIFIED. ) ;
#4295 = FACE_OUTER_BOUND ( 'NONE', #2792, .T. ) ;
#4296 = COLOUR_RGB ( '',0.7960784313725489700, 0.8235294117647058400, 0.9372549019607843100 ) ;
#4297 = DIRECTION ( 'NONE',  ( 1.000000000000000000, 2.449212707644754500E-016, 0.0000000000000000000 ) ) ;
#4298 = DIRECTION ( 'NONE',  ( 2.449212707644754500E-016, -1.000000000000000000, 0.0000000000000000000 ) ) ;
#4299 = CARTESIAN_POINT ( 'NONE',  ( 0.0000000000000000000, 0.0000000000000000000, 0.0000000000000000000 ) ) ;
#4300 = AXIS2_PLACEMENT_3D ( 'NONE', #4299, #4298, #4297 ) ;
#4301 = CYLINDRICAL_SURFACE ( 'NONE', #4300, 0.05345000000000005300 ) ;
#4302 = FILL_AREA_STYLE ('',( #4303 ) ) ;
#4303 = FILL_AREA_STYLE_COLOUR ( '', #4296 ) ;
#4304 = FACE_OUTER_BOUND ( 'NONE', #2631, .T. ) ;
#4305 = DIRECTION ( 'NONE',  ( 2.449212707644754500E-016, -1.000000000000000000, 0.0000000000000000000 ) ) ;
#4306 = VECTOR ( 'NONE', #4305, 39.37007874015748100 ) ;
#4307 = CARTESIAN_POINT ( 'NONE',  ( 0.05345000000000005300, 1.309104192236122700E-017, 0.0000000000000000000 ) ) ;
#4308 = LINE ( 'NONE', #4307, #4306 ) ;
#4309 = DIRECTION ( 'NONE',  ( 1.000000000000000000, 2.449212707644754500E-016, 0.0000000000000000000 ) ) ;
#4310 = DIRECTION ( 'NONE',  ( 2.449212707644754500E-016, -1.000000000000000000, 0.0000000000000000000 ) ) ;
#4311 = CARTESIAN_POINT ( 'NONE',  ( 0.0000000000000000000, 0.0000000000000000000, 0.0000000000000000000 ) ) ;
#4312 = CARTESIAN_POINT ( 'NONE',  ( 0.05344999999999994200, 0.4673749999999990400, 1.361055924779433400E-016 ) ) ;
#4313 = AXIS2_PLACEMENT_3D ( 'NONE', #4311, #4310, #4309 ) ;
#4314 = CARTESIAN_POINT ( 'NONE',  ( 0.05345000000000000400, 0.1423749999999997200, -1.258118922065022300E-016 ) ) ;
#4315 = CARTESIAN_POINT ( 'NONE',  ( 0.05344999999999993500, 0.1418167725157682100, -0.01432188433544371400 ) ) ;
#4316 = CARTESIAN_POINT ( 'NONE',  ( 0.04628905783227805400, 0.1413333333333330600, -0.02672500000000032100 ) ) ;
#4317 = CARTESIAN_POINT ( 'NONE',  ( 0.03085937188818496000, 0.1402916666666664000, -0.05345000000000030300 ) ) ;
#4318 = CARTESIAN_POINT ( 'NONE',  ( -3.142574443943182400E-016, 0.1392499999999997100, -0.05344999999999999800 ) ) ;
#4319 = CARTESIAN_POINT ( 'NONE',  ( -0.03085937188818596900, 0.1382083333333330400, -0.05344999999999972000 ) ) ;
#4320 = CARTESIAN_POINT ( 'NONE',  ( -0.04628905783227836600, 0.1371666666666663800, -0.02672499999999978000 ) ) ;
#4321 = CARTESIAN_POINT ( 'NONE',  ( -0.05345000000000000400, 0.1366832274842312600, -0.01432188433544325700 ) ) ;
#4322 = CARTESIAN_POINT ( 'NONE',  ( -0.05345000000000000400, 0.1361249999999997500, 1.361055924779433400E-016 ) ) ;
#4323 = CARTESIAN_POINT ( 'NONE',  ( 0.03085937188818552200, 0.3819583333333324600, 0.05344999999999998400 ) ) ;
#4324 = CARTESIAN_POINT ( 'NONE',  ( 0.04628905783227826900, 0.3809166666666658500, 0.02672499999999996400 ) ) ;
#4325 = DIRECTION ( 'NONE',  ( 1.000000000000000000, 2.449212707644754500E-016, 0.0000000000000000000 ) ) ;
#4326 = DIRECTION ( 'NONE',  ( 2.449212707644754500E-016, -1.000000000000000000, 0.0000000000000000000 ) ) ;
#4327 = AXIS2_PLACEMENT_3D ( 'NONE', #4333, #4326, #4325 ) ;
#4328 = CYLINDRICAL_SURFACE ( 'NONE', #4327, 0.05345000000000005300 ) ;
#4329 = FACE_OUTER_BOUND ( 'NONE', #2606, .T. ) ;
#4330 = DIRECTION ( 'NONE',  ( 1.000000000000000000, 2.449212707644754500E-016, 0.0000000000000000000 ) ) ;
#4331 = DIRECTION ( 'NONE',  ( 2.449212707644754500E-016, -1.000000000000000000, 0.0000000000000000000 ) ) ;
#4332 = CARTESIAN_POINT ( 'NONE',  ( 0.0000000000000000000, 0.0000000000000000000, 0.0000000000000000000 ) ) ;
#4333 = CARTESIAN_POINT ( 'NONE',  ( 0.0000000000000000000, 0.0000000000000000000, 0.0000000000000000000 ) ) ;
#4334 = AXIS2_PLACEMENT_3D ( 'NONE', #4332, #4331, #4330 ) ;
#4335 = CARTESIAN_POINT ( 'NONE',  ( 0.05344999999999995600, 0.3673749999999992900, 2.424738286161679500E-016 ) ) ;
#4336 = CARTESIAN_POINT ( 'NONE',  ( 0.05345000000000012900, 0.3668167725157677700, -0.01432188433544413600 ) ) ;
#4337 = CARTESIAN_POINT ( 'NONE',  ( 0.04628905783227774800, 0.3663333333333325700, -0.02672500000000085900 ) ) ;
#4338 = CARTESIAN_POINT ( 'NONE',  ( 0.03085937188818510200, 0.3652916666666660200, -0.05345000000000022600 ) ) ;
#4339 = CARTESIAN_POINT ( 'NONE',  ( -1.309466383524367300E-015, 0.3642499999999992400, -0.05344999999999999800 ) ) ;
#4340 = CARTESIAN_POINT ( 'NONE',  ( -0.03085937188818619800, 0.3632083333333325800, -0.05344999999999958800 ) ) ;
#4341 = CARTESIAN_POINT ( 'NONE',  ( -0.04628905783227905300, 0.3621666666666659200, -0.02672499999999859400 ) ) ;
#4342 = CARTESIAN_POINT ( 'NONE',  ( -0.05345000000000003200, 0.3616832274842308200, -0.01432188433544289700 ) ) ;
#4343 = CARTESIAN_POINT ( 'NONE',  ( -0.05345000000000015000, 0.3611249999999993600, -4.666477456386628800E-016 ) ) ;
#4344 = CYLINDRICAL_SURFACE ( 'NONE', #4334, 0.05345000000000005300 ) ;
#4345 = FACE_OUTER_BOUND ( 'NONE', #2609, .T. ) ;
#4346 =( BOUNDED_CURVE ( )  B_SPLINE_CURVE ( 2, ( #4343, #4342, #4341, #4340, #4339, #4338, #4337, #4336, #4335 ),
 .UNSPECIFIED., .F., .T. ) 
 B_SPLINE_CURVE_WITH_KNOTS ( ( 3, 2, 2, 2, 3 ),
 ( 0.6987179487179489000, 0.7008547008547009200, 0.7051282051282051800, 0.7094017094017094300, 0.7115384615384616800 ),
 .UNSPECIFIED. ) 
 CURVE ( )  GEOMETRIC_REPRESENTATION_ITEM ( )  RATIONAL_B_SPLINE_CURVE ( ( 0.9330127018922194100, 0.9330127018922228500, 1.000000000000000000, 0.8660254037844387100, 1.000000000000000000, 0.8660254037844387100, 1.000000000000000000, 0.9330127018922158600, 0.9330127018922194100 ) ) 
 REPRESENTATION_ITEM ( '' )  );
#4347 = DIRECTION ( 'NONE',  ( 1.000000000000000000, 2.449212707644754500E-016, 0.0000000000000000000 ) ) ;
#4348 = DIRECTION ( 'NONE',  ( 0.0000000000000000000, 1.000000000000000000, 0.0000000000000000000 ) ) ;
#4349 = CARTESIAN_POINT ( 'NONE',  ( 1.694065894508600700E-017, 0.5349999999999999200, 0.0000000000000000000 ) ) ;
#4350 = AXIS2_PLACEMENT_3D ( 'NONE', #4349, #4348, #3650 ) ;
#4351 = CARTESIAN_POINT ( 'NONE',  ( -0.04628905783227843500, 0.2636666666666661100, -0.02672499999999965500 ) ) ;
#4352 = DIRECTION ( 'NONE',  ( 1.000000000000000000, 2.449212707644754500E-016, 0.0000000000000000000 ) ) ;
#4353 = DIRECTION ( 'NONE',  ( 2.449212707644754500E-016, -1.000000000000000000, 0.0000000000000000000 ) ) ;
#4354 = CARTESIAN_POINT ( 'NONE',  ( 0.0000000000000000000, 0.0000000000000000000, 0.0000000000000000000 ) ) ;
#4355 = CIRCLE ( 'NONE', #4350, 0.04650000000000000000 ) ;
#4356 = CARTESIAN_POINT ( 'NONE',  ( 0.04628905783227822700, 0.3788333333333325200, -0.02672500000000002300 ) ) ;
#4357 = AXIS2_PLACEMENT_3D ( 'NONE', #4354, #4353, #4352 ) ;
#4358 = CARTESIAN_POINT ( 'NONE',  ( 0.05345000000000005300, 0.2048749999999996400, 2.825048852273277400E-016 ) ) ;
#4359 = CARTESIAN_POINT ( 'NONE',  ( 0.05345000000000007400, 0.2043167725157680700, -0.01432188433544352000 ) ) ;
#4360 = CARTESIAN_POINT ( 'NONE',  ( 0.04628905783227801900, 0.2038333333333329200, -0.02672500000000038400 ) ) ;
#4361 = CARTESIAN_POINT ( 'NONE',  ( 0.03085937188818489000, 0.2027916666666662600, -0.05345000000000033800 ) ) ;
#4362 = CARTESIAN_POINT ( 'NONE',  ( -7.594977462698978600E-016, 0.2017499999999996000, -0.05344999999999999800 ) ) ;
#4363 = CARTESIAN_POINT ( 'NONE',  ( -0.03085937188818564300, 0.2007083333333329100, -0.05344999999999990000 ) ) ;
#4364 = CARTESIAN_POINT ( 'NONE',  ( -0.04628905783227840000, 0.1996666666666662400, -0.02672499999999972500 ) ) ;
#4365 = CARTESIAN_POINT ( 'NONE',  ( -0.05344999999999988600, 0.1991832274842310600, -0.01432188433544345400 ) ) ;
#4366 = CARTESIAN_POINT ( 'NONE',  ( -0.05344999999999995600, 0.1986249999999995800, -2.744986739050958400E-016 ) ) ;
#4367 = CYLINDRICAL_SURFACE ( 'NONE', #4357, 0.05345000000000005300 ) ;
#4368 = FACE_OUTER_BOUND ( 'NONE', #2653, .T. ) ;
#4369 =( BOUNDED_CURVE ( )  B_SPLINE_CURVE ( 2, ( #4366, #4365, #4364, #4363, #4362, #4361, #4360, #4359, #4358 ),
 .UNSPECIFIED., .F., .T. ) 
 B_SPLINE_CURVE_WITH_KNOTS ( ( 3, 2, 2, 2, 3 ),
 ( 0.3653846153846154700, 0.3675213675213675500, 0.3717948717948718100, 0.3760683760683761200, 0.3782051282051283000 ),
 .UNSPECIFIED. ) 
 CURVE ( )  GEOMETRIC_REPRESENTATION_ITEM ( )  RATIONAL_B_SPLINE_CURVE ( ( 0.9330127018922194100, 0.9330127018922210700, 1.000000000000000000, 0.8660254037844387100, 1.000000000000000000, 0.8660254037844387100, 1.000000000000000000, 0.9330127018922176300, 0.9330127018922194100 ) ) 
 REPRESENTATION_ITEM ( '' )  );
#4370 = CARTESIAN_POINT ( 'NONE',  ( 0.05345000000000005300, 0.2298749999999995200, 2.539112733622136200E-016 ) ) ;
#4371 = CARTESIAN_POINT ( 'NONE',  ( 0.05345000000000006000, 0.2293167725157680100, -0.01432188433544355100 ) ) ;
#4372 = CARTESIAN_POINT ( 'NONE',  ( 0.04628905783227801200, 0.2288333333333328600, -0.02672500000000040800 ) ) ;
#4373 = CARTESIAN_POINT ( 'NONE',  ( 0.03085937188818485900, 0.2277916666666662000, -0.05345000000000035100 ) ) ;
#4374 = CARTESIAN_POINT ( 'NONE',  ( -7.856798301146203200E-016, 0.2267499999999995400, -0.05344999999999999800 ) ) ;
#4375 = CARTESIAN_POINT ( 'NONE',  ( -0.03085937188818643800, 0.2257083333333329000, -0.05344999999999944900 ) ) ;
#4376 = CARTESIAN_POINT ( 'NONE',  ( -0.04628905783227841400, 0.2246666666666662100, -0.02672499999999970400 ) ) ;
#4377 = DIRECTION ( 'NONE',  ( 1.000000000000000000, 2.449212707644754500E-016, 0.0000000000000000000 ) ) ;
#4378 = DIRECTION ( 'NONE',  ( 2.449212707644754500E-016, -1.000000000000000000, 0.0000000000000000000 ) ) ;
#4379 = CARTESIAN_POINT ( 'NONE',  ( 0.0000000000000000000, 0.0000000000000000000, 0.0000000000000000000 ) ) ;
#4380 = AXIS2_PLACEMENT_3D ( 'NONE', #4379, #4378, #4377 ) ;
#4381 = CYLINDRICAL_SURFACE ( 'NONE', #4380, 0.05345000000000005300 ) ;
#4382 = FACE_OUTER_BOUND ( 'NONE', #3200, .T. ) ;
#4383 = DIRECTION ( 'NONE',  ( 2.449212707644754500E-016, -1.000000000000000000, 0.0000000000000000000 ) ) ;
#4384 = VECTOR ( 'NONE', #4383, 39.37007874015748100 ) ;
#4385 = CARTESIAN_POINT ( 'NONE',  ( 0.05345000000000005300, 1.309104192236122700E-017, 0.0000000000000000000 ) ) ;
#4386 = LINE ( 'NONE', #4385, #4384 ) ;
#4387 = CARTESIAN_POINT ( 'NONE',  ( -0.05344999999999995600, 0.3251249999999993300, 5.878846599467468100E-016 ) ) ;
#4388 = CARTESIAN_POINT ( 'NONE',  ( -0.05344999999999968500, 0.3245667725157678200, 0.01432188433544416700 ) ) ;
#4389 = CARTESIAN_POINT ( 'NONE',  ( -0.04628905783227767200, 0.3240833333333326700, 0.02672500000000099800 ) ) ;
#4390 = CARTESIAN_POINT ( 'NONE',  ( -0.03085937188818494200, 0.3230416666666660100, 0.05345000000000030300 ) ) ;
#4391 = CARTESIAN_POINT ( 'NONE',  ( 1.466631324850350800E-015, 0.3219999999999992300, 0.05344999999999999800 ) ) ;
#4392 = CARTESIAN_POINT ( 'NONE',  ( 0.03085937188818636100, 0.3209583333333325700, 0.05344999999999949100 ) ) ;
#4393 = CARTESIAN_POINT ( 'NONE',  ( 0.04628905783227836600, 0.3199166666666659600, 0.02672499999999977300 ) ) ;
#4394 = CARTESIAN_POINT ( 'NONE',  ( 0.05344999999999966400, 0.3194332274842307500, 0.01432188433544344400 ) ) ;
#4395 = CARTESIAN_POINT ( 'NONE',  ( 0.05344999999999994200, 0.3188749999999993500, 6.610843063214390500E-016 ) ) ;
#4396 =( BOUNDED_CURVE ( )  B_SPLINE_CURVE ( 2, ( #4395, #4394, #4393, #4392, #4391, #4390, #4389, #4388, #4387 ),
 .UNSPECIFIED., .F., .T. ) 
 B_SPLINE_CURVE_WITH_KNOTS ( ( 3, 2, 2, 2, 3 ),
 ( 0.6346153846153848000, 0.6367521367521368200, 0.6410256410256410800, 0.6452991452991453400, 0.6474358974358974700 ),
 .UNSPECIFIED. ) 
 CURVE ( )  GEOMETRIC_REPRESENTATION_ITEM ( )  RATIONAL_B_SPLINE_CURVE ( ( 0.9330127018922194100, 0.9330127018922228500, 1.000000000000000000, 0.8660254037844387100, 1.000000000000000000, 0.8660254037844387100, 1.000000000000000000, 0.9330127018922194100, 0.9330127018922194100 ) ) 
 REPRESENTATION_ITEM ( '' )  );
#4397 = CARTESIAN_POINT ( 'NONE',  ( -0.05344999999999995600, 0.3251249999999993300, 5.878846599467468100E-016 ) ) ;
#4398 = CARTESIAN_POINT ( 'NONE',  ( 0.05344999999999994200, 0.3188749999999993500, 6.610843063214390500E-016 ) ) ;
#4399 = CARTESIAN_POINT ( 'NONE',  ( -0.05344999999999995600, 0.3126249999999993200, 2.104489833272401300E-016 ) ) ;
#4400 = CARTESIAN_POINT ( 'NONE',  ( 0.05344999999999994200, 0.3063749999999994000, 2.939423299733734000E-016 ) ) ;
#4401 = DIRECTION ( 'NONE',  ( 0.0000000000000000000, 0.0000000000000000000, 1.000000000000000000 ) ) ;
#4402 = DIRECTION ( 'NONE',  ( 0.0000000000000000000, 1.000000000000000000, 0.0000000000000000000 ) ) ;
#4403 = CARTESIAN_POINT ( 'NONE',  ( 1.694065894508600700E-017, 0.5349999999999999200, 0.0000000000000000000 ) ) ;
#4404 = AXIS2_PLACEMENT_3D ( 'NONE', #4403, #4402, #4401 ) ;
#4405 = CIRCLE ( 'NONE', #4404, 0.04650000000000003400 ) ;
#4406 = CARTESIAN_POINT ( 'NONE',  ( 0.03085937188818552200, 0.3944583333333324700, 0.05344999999999998400 ) ) ;
#4407 = CARTESIAN_POINT ( 'NONE',  ( 0.04628905783227826900, 0.3934166666666658000, 0.02672499999999996400 ) ) ;
#4408 = DIRECTION ( 'NONE',  ( 0.1736481776669307200, -0.9848077530122080200, 0.0000000000000000000 ) ) ;
#4409 = DIRECTION ( 'NONE',  ( -0.9848077530122080200, -0.1736481776669307200, 1.844780678529793300E-016 ) ) ;
#4410 = CARTESIAN_POINT ( 'NONE',  ( -0.01099999999999999900, 0.5349999999999999200, 0.04518019477602991400 ) ) ;
#4411 = AXIS2_PLACEMENT_3D ( 'NONE', #4410, #4409, #4408 ) ;
#4412 = PLANE ( 'NONE',  #4411 ) ;
#4413 = FACE_OUTER_BOUND ( 'NONE', #3207, .T. ) ;
#4414 = CARTESIAN_POINT ( 'NONE',  ( -0.05344999999999995600, 0.3236249999999993900, 2.104489833272401300E-016 ) ) ;
#4415 = DIRECTION ( 'NONE',  ( 2.449212707644754500E-016, -1.000000000000000000, 0.0000000000000000000 ) ) ;
#4416 = VECTOR ( 'NONE', #4415, 39.37007874015748100 ) ;
#4417 = CARTESIAN_POINT ( 'NONE',  ( -0.05345000000000005300, -1.309104192236122700E-017, 6.545520961180613300E-018 ) ) ;
#4418 = CARTESIAN_POINT ( 'NONE',  ( -0.05344999999999995600, 0.3236249999999993900, 2.104489833272401100E-016 ) ) ;
#4419 = CARTESIAN_POINT ( 'NONE',  ( -0.05344999999999978900, 0.3230667725157678200, 0.01432188433544419200 ) ) ;
#4420 = CARTESIAN_POINT ( 'NONE',  ( -0.04628905783227748500, 0.3225833333333326700, 0.02672500000000131700 ) ) ;
#4421 = CARTESIAN_POINT ( 'NONE',  ( -0.03085937188818458100, 0.3215416666666660000, 0.05345000000000051800 ) ) ;
#4422 = CARTESIAN_POINT ( 'NONE',  ( 3.141850061366690800E-016, 0.3204999999999993400, 0.05344999999999999800 ) ) ;
#4423 = CARTESIAN_POINT ( 'NONE',  ( 0.03085937188818672200, 0.3194583333333326800, 0.05344999999999929700 ) ) ;
#4424 = CARTESIAN_POINT ( 'NONE',  ( 0.04628905783227856000, 0.3184166666666660200, 0.02672499999999945800 ) ) ;
#4425 = CARTESIAN_POINT ( 'NONE',  ( 0.06171874377637098800, 0.3923749999999991400, -1.133717486677188400E-017 ) ) ;
#4426 = CARTESIAN_POINT ( 'NONE',  ( 0.05344999999999976900, 0.3179332274842308600, 0.01432188433544308000 ) ) ;
#4427 = CARTESIAN_POINT ( 'NONE',  ( 0.04628905783227822700, 0.3913333333333324800, -0.02672500000000002300 ) ) ;
#4428 = CARTESIAN_POINT ( 'NONE',  ( 0.05344999999999994200, 0.3173749999999994600, 2.939423299733734000E-016 ) ) ;
#4429 = LINE ( 'NONE', #4417, #4416 ) ;
#4430 = CARTESIAN_POINT ( 'NONE',  ( 0.05344999999999994200, 0.3173749999999994600, 2.939423299733734000E-016 ) ) ;
#4431 =( BOUNDED_CURVE ( )  B_SPLINE_CURVE ( 2, ( #4428, #4426, #4424, #4423, #4422, #4421, #4420, #4419, #4418 ),
 .UNSPECIFIED., .F., .T. ) 
 B_SPLINE_CURVE_WITH_KNOTS ( ( 3, 2, 2, 2, 3 ),
 ( 0.6089743589743591400, 0.6111111111111111600, 0.6153846153846154200, 0.6196581196581196800, 0.6217948717948719200 ),
 .UNSPECIFIED. ) 
 CURVE ( )  GEOMETRIC_REPRESENTATION_ITEM ( )  RATIONAL_B_SPLINE_CURVE ( ( 0.9330127018922194100, 0.9330127018922228500, 1.000000000000000000, 0.8660254037844387100, 1.000000000000000000, 0.8660254037844387100, 1.000000000000000000, 0.9330127018922176300, 0.9330127018922194100 ) ) 
 REPRESENTATION_ITEM ( '' )  );
#4432 = CARTESIAN_POINT ( 'NONE',  ( -0.01099999999999999900, 0.5349999999999999200, 0.04518019477602991400 ) ) ;
#4433 = B_SPLINE_CURVE_WITH_KNOTS ( 'NONE', 3,
 ( #4499, #4498, #4497, #4496 ),
 .UNSPECIFIED., .F., .F.,
 ( 4, 4 ),
 ( 0.0003064892814219080900, 0.001170122457373340400 ),
 .UNSPECIFIED. ) ;
#4434 = FACE_OUTER_BOUND ( 'NONE', #3344, .T. ) ;
#4435 = DIRECTION ( 'NONE',  ( 1.873239394071793700E-016, 0.0000000000000000000, -1.000000000000000000 ) ) ;
#4436 = VECTOR ( 'NONE', #4435, 39.37007874015748100 ) ;
#4437 = CARTESIAN_POINT ( 'NONE',  ( 0.01099999999999999900, 0.5349999999999999200, 0.04518019477602991400 ) ) ;
#4438 = LINE ( 'NONE', #4437, #4436 ) ;
#4439 = DIRECTION ( 'NONE',  ( 0.0000000000000000000, 0.9848077530122080200, -0.1736481776669307200 ) ) ;
#4440 = DIRECTION ( 'NONE',  ( 0.0000000000000000000, -0.1736481776669307200, -0.9848077530122080200 ) ) ;
#4441 = CARTESIAN_POINT ( 'NONE',  ( 0.04518019477602992800, 0.5349999999999999200, -0.01099999999999999900 ) ) ;
#4442 = AXIS2_PLACEMENT_3D ( 'NONE', #4441, #4440, #4439 ) ;
#4443 = PLANE ( 'NONE',  #4442 ) ;
#4444 = CARTESIAN_POINT ( 'NONE',  ( 0.03085937188818547700, 0.3902916666666658200, -0.05344999999999999800 ) ) ;
#4445 = CARTESIAN_POINT ( 'NONE',  ( -6.545520961180605600E-018, 0.3892499999999991500, -0.05344999999999999800 ) ) ;
#4446 = FACE_OUTER_BOUND ( 'NONE', #3221, .T. ) ;
#4447 = DIRECTION ( 'NONE',  ( 0.0000000000000000000, -0.9848077530122080200, -0.1736481776669307200 ) ) ;
#4448 = DIRECTION ( 'NONE',  ( 0.0000000000000000000, -0.1736481776669307200, 0.9848077530122080200 ) ) ;
#4449 = CARTESIAN_POINT ( 'NONE',  ( 0.04518019477602992800, 0.5349999999999999200, 0.01099999999999999900 ) ) ;
#4450 = AXIS2_PLACEMENT_3D ( 'NONE', #4449, #4448, #4447 ) ;
#4451 = PLANE ( 'NONE',  #4450 ) ;
#4452 = FACE_OUTER_BOUND ( 'NONE', #3217, .T. ) ;
#4453 = DIRECTION ( 'NONE',  ( 1.000000000000000000, 0.0000000000000000000, 0.0000000000000000000 ) ) ;
#4454 = VECTOR ( 'NONE', #4453, 39.37007874015748100 ) ;
#4455 = CARTESIAN_POINT ( 'NONE',  ( 0.04518019477602992800, 0.5349999999999999200, 0.01099999999999999900 ) ) ;
#4457 = CARTESIAN_POINT ( 'NONE',  ( 0.06171874377637098800, 0.4048749999999991500, -1.133717486677188400E-017 ) ) ;
#4456 = LINE ( 'NONE', #4455, #4454 ) ;
#4458 = CARTESIAN_POINT ( 'NONE',  ( 0.04628905783227822700, 0.4038333333333325400, -0.02672500000000002300 ) ) ;
#4459 = DIRECTION ( 'NONE',  ( 0.0000000000000000000, -0.9848077530122080200, -0.1736481776669307200 ) ) ;
#4460 = DIRECTION ( 'NONE',  ( 0.0000000000000000000, -0.1736481776669307200, 0.9848077530122080200 ) ) ;
#4461 = CARTESIAN_POINT ( 'NONE',  ( -0.01100000000000000500, 0.5349999999999999200, 0.01099999999999999900 ) ) ;
#4462 = AXIS2_PLACEMENT_3D ( 'NONE', #4461, #4460, #4459 ) ;
#4463 = PLANE ( 'NONE',  #4462 ) ;
#4464 = FACE_OUTER_BOUND ( 'NONE', #3210, .T. ) ;
#4466 = CARTESIAN_POINT ( 'NONE',  ( -6.545520961180605600E-018, 0.4017499999999990500, -0.05344999999999999800 ) ) ;
#4465 = DIRECTION ( 'NONE',  ( 2.449212707644754500E-016, -1.000000000000000000, 0.0000000000000000000 ) ) ;
#4467 = VECTOR ( 'NONE', #4465, 39.37007874015748100 ) ;
#4468 = CARTESIAN_POINT ( 'NONE',  ( -0.05345000000000005300, -1.309104192236122700E-017, 6.545520961180613300E-018 ) ) ;
#4469 = DIRECTION ( 'NONE',  ( 1.000000000000000000, 2.449212707644754500E-016, 0.0000000000000000000 ) ) ;
#4470 = DIRECTION ( 'NONE',  ( 2.449212707644754500E-016, -1.000000000000000000, 0.0000000000000000000 ) ) ;
#4471 = CARTESIAN_POINT ( 'NONE',  ( 0.0000000000000000000, 0.0000000000000000000, 0.0000000000000000000 ) ) ;
#4472 = AXIS2_PLACEMENT_3D ( 'NONE', #4471, #4470, #4469 ) ;
#4473 = CYLINDRICAL_SURFACE ( 'NONE', #4472, 0.05345000000000005300 ) ;
#4474 = LINE ( 'NONE', #4468, #4467 ) ;
#4475 = FACE_OUTER_BOUND ( 'NONE', #3242, .T. ) ;
#4476 = DIRECTION ( 'NONE',  ( 2.449212707644754500E-016, -1.000000000000000000, 0.0000000000000000000 ) ) ;
#4477 = VECTOR ( 'NONE', #4476, 39.37007874015748100 ) ;
#4478 = CARTESIAN_POINT ( 'NONE',  ( 0.05345000000000005300, 1.309104192236122700E-017, 0.0000000000000000000 ) ) ;
#4479 = LINE ( 'NONE', #4478, #4477 ) ;
#4480 = DIRECTION ( 'NONE',  ( 1.000000000000000000, 2.449212707644754500E-016, 0.0000000000000000000 ) ) ;
#4481 = DIRECTION ( 'NONE',  ( 2.449212707644754500E-016, -1.000000000000000000, 0.0000000000000000000 ) ) ;
#4482 = CARTESIAN_POINT ( 'NONE',  ( 0.0000000000000000000, 0.0000000000000000000, 0.0000000000000000000 ) ) ;
#4483 = AXIS2_PLACEMENT_3D ( 'NONE', #4482, #4481, #4480 ) ;
#4484 = CARTESIAN_POINT ( 'NONE',  ( 0.05345000000000015700, 0.2923749999999994400, 7.262777413738992400E-016 ) ) ;
#4485 = CYLINDRICAL_SURFACE ( 'NONE', #4483, 0.05345000000000005300 ) ;
#4486 = FACE_OUTER_BOUND ( 'NONE', #3232, .T. ) ;
#4487 = DIRECTION ( 'NONE',  ( 2.449212707644754500E-016, -1.000000000000000000, 0.0000000000000000000 ) ) ;
#4488 = VECTOR ( 'NONE', #4487, 39.37007874015748100 ) ;
#4489 = CARTESIAN_POINT ( 'NONE',  ( -0.06171874377637098800, 0.3861249999999991600, 3.779058288923960300E-018 ) ) ;
#4490 = CARTESIAN_POINT ( 'NONE',  ( 0.05345000000000005300, 1.309104192236122700E-017, 0.0000000000000000000 ) ) ;
#4491 = LINE ( 'NONE', #4490, #4488 ) ;
#4492 = DIRECTION ( 'NONE',  ( 0.0000000000000000000, 0.0000000000000000000, 1.000000000000000000 ) ) ;
#4493 = DIRECTION ( 'NONE',  ( 0.0000000000000000000, 1.000000000000000000, 0.0000000000000000000 ) ) ;
#4494 = CARTESIAN_POINT ( 'NONE',  ( 1.694065894508600700E-017, 0.5349999999999999200, 0.0000000000000000000 ) ) ;
#4495 = AXIS2_PLACEMENT_3D ( 'NONE', #4494, #4493, #4492 ) ;
#4496 = CARTESIAN_POINT ( 'NONE',  ( -0.01099999999999999900, 0.5349999999999999200, 0.04518019477602991400 ) ) ;
#4497 = CARTESIAN_POINT ( 'NONE',  ( -0.01295002430072920300, 0.5460591373645381500, 0.04671241177994629700 ) ) ;
#4498 = CARTESIAN_POINT ( 'NONE',  ( -0.01490186898519176400, 0.5571285986382481500, 0.04816886156023931400 ) ) ;
#4499 = CARTESIAN_POINT ( 'NONE',  ( -0.01685491526669428300, 0.5682048745074053100, 0.04956762031745416000 ) ) ;
#4500 = CONICAL_SURFACE ( 'NONE', #4495, 0.04650000000000000000, 0.1745329251994333400 ) ;
#4501 = CYLINDRICAL_SURFACE ( 'NONE', #4556, 0.05345000000000005300 ) ;
#4502 = FACE_OUTER_BOUND ( 'NONE', #3150, .T. ) ;
#4503 = DIRECTION ( 'NONE',  ( 1.000000000000000000, 2.449212707644754500E-016, 0.0000000000000000000 ) ) ;
#4504 = DIRECTION ( 'NONE',  ( 2.449212707644754500E-016, -1.000000000000000000, 0.0000000000000000000 ) ) ;
#4505 = CARTESIAN_POINT ( 'NONE',  ( 0.0000000000000000000, 0.0000000000000000000, 0.0000000000000000000 ) ) ;
#4506 = AXIS2_PLACEMENT_3D ( 'NONE', #4505, #4504, #4503 ) ;
#4507 = CYLINDRICAL_SURFACE ( 'NONE', #4506, 0.05345000000000005300 ) ;
#4508 = CARTESIAN_POINT ( 'NONE',  ( 0.0000000000000000000, 0.0000000000000000000, 0.0000000000000000000 ) ) ;
#4509 = FACE_OUTER_BOUND ( 'NONE', #3260, .T. ) ;
#4510 = DIRECTION ( 'NONE',  ( 2.449212707644754500E-016, -1.000000000000000000, 0.0000000000000000000 ) ) ;
#4511 = VECTOR ( 'NONE', #4510, 39.37007874015748100 ) ;
#4512 = CARTESIAN_POINT ( 'NONE',  ( -0.05345000000000005300, -1.309104192236122700E-017, 6.545520961180613300E-018 ) ) ;
#4513 = LINE ( 'NONE', #4512, #4511 ) ;
#4514 = CARTESIAN_POINT ( 'NONE',  ( -0.03085937188818551800, 0.3882083333333324900, -0.05344999999999998400 ) ) ;
#4515 = CARTESIAN_POINT ( 'NONE',  ( -0.05345000000000015700, 0.3111249999999993200, -5.181162469958682900E-016 ) ) ;
#4516 = CARTESIAN_POINT ( 'NONE',  ( -0.05345000000000029600, 0.3105667725157678600, 0.01432188433544350500 ) ) ;
#4517 = CARTESIAN_POINT ( 'NONE',  ( -0.04628905783227806000, 0.3100833333333326600, 0.02672500000000031400 ) ) ;
#4518 = CARTESIAN_POINT ( 'NONE',  ( -0.03085937188818421000, 0.3090416666666659900, 0.05345000000000073300 ) ) ;
#4519 = CARTESIAN_POINT ( 'NONE',  ( 6.808790564780813900E-016, 0.3079999999999993300, 0.05344999999999999800 ) ) ;
#4520 = CARTESIAN_POINT ( 'NONE',  ( 0.03085937188818708600, 0.3069583333333326700, 0.05344999999999907500 ) ) ;
#4521 = CARTESIAN_POINT ( 'NONE',  ( 0.04628905783227873400, 0.3059166666666660000, 0.02672499999999913500 ) ) ;
#4522 = CARTESIAN_POINT ( 'NONE',  ( 0.05344999999999985900, 0.3054332274842309100, 0.01432188433544352400 ) ) ;
#4523 = CARTESIAN_POINT ( 'NONE',  ( 0.05344999999999994200, 0.3048749999999994000, 7.411464195437586200E-016 ) ) ;
#4524 = CARTESIAN_POINT ( 'NONE',  ( 0.03085937188818547700, 0.4027916666666657700, -0.05344999999999999800 ) ) ;
#4525 = CARTESIAN_POINT ( 'NONE',  ( 0.05344999999999994200, 0.2798749999999994300, -2.744986739050957900E-017 ) ) ;
#4526 = CARTESIAN_POINT ( 'NONE',  ( -0.05344999999999994200, 0.2876249999999994100, -5.032475688260090000E-016 ) ) ;
#4527 =( BOUNDED_CURVE ( )  B_SPLINE_CURVE ( 2, ( #4523, #4522, #4521, #4520, #4519, #4518, #4517, #4516, #4515 ),
 .UNSPECIFIED., .F., .T. ) 
 B_SPLINE_CURVE_WITH_KNOTS ( ( 3, 2, 2, 2, 3 ),
 ( 0.5833333333333334800, 0.5854700854700855000, 0.5897435897435897600, 0.5940170940170941300, 0.5961538461538463700 ),
 .UNSPECIFIED. ) 
 CURVE ( )  GEOMETRIC_REPRESENTATION_ITEM ( )  RATIONAL_B_SPLINE_CURVE ( ( 0.9330127018922194100, 0.9330127018922228500, 1.000000000000000000, 0.8660254037844387100, 1.000000000000000000, 0.8660254037844387100, 1.000000000000000000, 0.9330127018922158600, 0.9330127018922194100 ) ) 
 REPRESENTATION_ITEM ( '' )  );
#4528 = CARTESIAN_POINT ( 'NONE',  ( -0.05345000000000015700, 0.3111249999999993200, -5.181162469958682900E-016 ) ) ;
#4529 = CARTESIAN_POINT ( 'NONE',  ( 0.05344999999999994200, 0.3048749999999994500, 7.411464195437586200E-016 ) ) ;
#4530 = LINE ( 'NONE', #4568, #4567 ) ;
#4531 = CARTESIAN_POINT ( 'NONE',  ( 0.05344999999999994200, 0.2938749999999993900, 7.411464195437586200E-016 ) ) ;
#4532 =( BOUNDED_CURVE ( )  B_SPLINE_CURVE ( 2, ( #4578, #4577, #4576, #4574, #4573, #4572, #4571, #4570, #4569 ),
 .UNSPECIFIED., .F., .T. ) 
 B_SPLINE_CURVE_WITH_KNOTS ( ( 3, 2, 2, 2, 3 ),
 ( 0.5576923076923078200, 0.5598290598290598400, 0.5641025641025642100, 0.5683760683760684700, 0.5705128205128207100 ),
 .UNSPECIFIED. ) 
 CURVE ( )  GEOMETRIC_REPRESENTATION_ITEM ( )  RATIONAL_B_SPLINE_CURVE ( ( 0.9330127018922194100, 0.9330127018922228500, 1.000000000000000000, 0.8660254037844387100, 1.000000000000000000, 0.8660254037844387100, 1.000000000000000000, 0.9330127018922158600, 0.9330127018922194100 ) ) 
 REPRESENTATION_ITEM ( '' )  );
#4533 = CARTESIAN_POINT ( 'NONE',  ( -0.05344999999999994200, 0.2751249999999994000, 5.364161585895414000E-016 ) ) ;
#4535 = CARTESIAN_POINT ( 'NONE',  ( -0.03085937188818551800, 0.4007083333333324400, -0.05344999999999998400 ) ) ;
#4534 = CARTESIAN_POINT ( 'NONE',  ( -0.05344999999999969900, 0.2745667725157678900, 0.01432188433544412000 ) ) ;
#4536 = CARTESIAN_POINT ( 'NONE',  ( -0.04628905783227824800, 0.3996666666666657300, -0.02672499999999998500 ) ) ;
#4537 = CARTESIAN_POINT ( 'NONE',  ( -0.04628905783227769300, 0.2740833333333327300, 0.02672500000000095300 ) ) ;
#4538 = CARTESIAN_POINT ( 'NONE',  ( -0.03085937188818499400, 0.2730416666666660700, 0.05345000000000026800 ) ) ;
#4539 = CARTESIAN_POINT ( 'NONE',  ( 1.414267157160906100E-015, 0.2719999999999994100, 0.05344999999999999800 ) ) ;
#4540 = CARTESIAN_POINT ( 'NONE',  ( 0.03085937188818630600, 0.2709583333333327500, 0.05344999999999951900 ) ) ;
#4541 = CARTESIAN_POINT ( 'NONE',  ( 0.04628905783227834500, 0.2699166666666660800, 0.02672499999999981800 ) ) ;
#4542 = CARTESIAN_POINT ( 'NONE',  ( 0.05344999999999985200, 0.2694332274842308700, 0.01432188433544315400 ) ) ;
#4543 = CARTESIAN_POINT ( 'NONE',  ( 0.05344999999999994200, 0.2688749999999994200, -2.744986739050957900E-017 ) ) ;
#4544 = CARTESIAN_POINT ( 'NONE',  ( -0.05345000000000015700, 0.3001249999999994200, -5.181162469958682900E-016 ) ) ;
#4545 =( BOUNDED_CURVE ( )  B_SPLINE_CURVE ( 2, ( #4543, #4542, #4541, #4540, #4539, #4538, #4537, #4534, #4533 ),
 .UNSPECIFIED., .F., .T. ) 
 B_SPLINE_CURVE_WITH_KNOTS ( ( 3, 2, 2, 2, 3 ),
 ( 0.5320512820512821600, 0.5341880341880342900, 0.5384615384615385500, 0.5427350427350428100, 0.5448717948717949300 ),
 .UNSPECIFIED. ) 
 CURVE ( )  GEOMETRIC_REPRESENTATION_ITEM ( )  RATIONAL_B_SPLINE_CURVE ( ( 0.9330127018922194100, 0.9330127018922210700, 1.000000000000000000, 0.8660254037844387100, 1.000000000000000000, 0.8660254037844387100, 1.000000000000000000, 0.9330127018922194100, 0.9330127018922194100 ) ) 
 REPRESENTATION_ITEM ( '' )  );
#4546 = DIRECTION ( 'NONE',  ( 2.449212707644754500E-016, -1.000000000000000000, 0.0000000000000000000 ) ) ;
#4547 = VECTOR ( 'NONE', #4546, 39.37007874015748100 ) ;
#4548 = CARTESIAN_POINT ( 'NONE',  ( 0.05345000000000005300, 1.309104192236122700E-017, 0.0000000000000000000 ) ) ;
#4549 = LINE ( 'NONE', #4548, #4547 ) ;
#4550 = CARTESIAN_POINT ( 'NONE',  ( 0.05345000000000015700, 0.2813749999999993800, 7.262777413738992400E-016 ) ) ;
#4551 = DIRECTION ( 'NONE',  ( 1.000000000000000000, 2.449212707644754500E-016, 0.0000000000000000000 ) ) ;
#4552 = DIRECTION ( 'NONE',  ( 2.449212707644754500E-016, -1.000000000000000000, 0.0000000000000000000 ) ) ;
#4553 = CARTESIAN_POINT ( 'NONE',  ( -0.05344999999999994200, 0.2861249999999994100, 5.364161585895414000E-016 ) ) ;
#4554 = CARTESIAN_POINT ( 'NONE',  ( -0.06171874377637098800, 0.3986249999999991200, 3.779058288923960300E-018 ) ) ;
#4555 = CARTESIAN_POINT ( 'NONE',  ( -0.04628905783227824100, 0.3975833333333324000, 0.02672500000000000200 ) ) ;
#4556 = AXIS2_PLACEMENT_3D ( 'NONE', #4508, #4552, #4551 ) ;
#4557 = CARTESIAN_POINT ( 'NONE',  ( 6.808790564780813900E-016, 0.2969999999999993800, 0.05344999999999999800 ) ) ;
#4558 = CARTESIAN_POINT ( 'NONE',  ( 0.03085937188818708600, 0.2959583333333327100, 0.05344999999999907500 ) ) ;
#4559 = CARTESIAN_POINT ( 'NONE',  ( 0.04628905783227873400, 0.2949166666666660500, 0.02672499999999913500 ) ) ;
#4560 = CARTESIAN_POINT ( 'NONE',  ( 0.05344999999999985900, 0.2944332274842309500, 0.01432188433544352400 ) ) ;
#4561 = CARTESIAN_POINT ( 'NONE',  ( 0.05344999999999994200, 0.2938749999999993900, 7.411464195437586200E-016 ) ) ;
#4562 =( BOUNDED_CURVE ( )  B_SPLINE_CURVE ( 2, ( #4561, #4560, #4559, #4558, #4557, #4606, #4605, #4604, #4603 ),
 .UNSPECIFIED., .F., .T. ) 
 B_SPLINE_CURVE_WITH_KNOTS ( ( 3, 2, 2, 2, 3 ),
 ( 0.5833333333333334800, 0.5854700854700855000, 0.5897435897435897600, 0.5940170940170941300, 0.5961538461538463700 ),
 .UNSPECIFIED. ) 
 CURVE ( )  GEOMETRIC_REPRESENTATION_ITEM ( )  RATIONAL_B_SPLINE_CURVE ( ( 0.9330127018922194100, 0.9330127018922228500, 1.000000000000000000, 0.8660254037844387100, 1.000000000000000000, 0.8660254037844387100, 1.000000000000000000, 0.9330127018922158600, 0.9330127018922194100 ) ) 
 REPRESENTATION_ITEM ( '' )  );
#4563 = CARTESIAN_POINT ( 'NONE',  ( -0.04956762031745418800, 0.5682048745074053100, -0.01685491526669429700 ) ) ;
#4564 = CARTESIAN_POINT ( 'NONE',  ( -0.05344999999999995600, 0.3361249999999992900, 5.878846599467468100E-016 ) ) ;
#4565 = CARTESIAN_POINT ( 'NONE',  ( -0.05344999999999994200, 0.2986249999999994200, -5.032475688260090000E-016 ) ) ;
#4566 = DIRECTION ( 'NONE',  ( 2.449212707644754500E-016, -1.000000000000000000, 0.0000000000000000000 ) ) ;
#4567 = VECTOR ( 'NONE', #4566, 39.37007874015748100 ) ;
#4568 = CARTESIAN_POINT ( 'NONE',  ( -0.05345000000000005300, -1.309104192236122700E-017, 6.545520961180613300E-018 ) ) ;
#4569 = CARTESIAN_POINT ( 'NONE',  ( -0.05344999999999994200, 0.2986249999999994200, -5.032475688260089000E-016 ) ) ;
#4570 = CARTESIAN_POINT ( 'NONE',  ( -0.05345000000000019200, 0.2980667725157679100, 0.01432188433544387200 ) ) ;
#4571 = CARTESIAN_POINT ( 'NONE',  ( -0.04628905783227787300, 0.2975833333333327000, 0.02672500000000063400 ) ) ;
#4572 = CARTESIAN_POINT ( 'NONE',  ( -0.03085937188818536200, 0.2965416666666660400, 0.05345000000000005300 ) ) ;
#4573 = CARTESIAN_POINT ( 'NONE',  ( 1.047573106819493700E-015, 0.2954999999999993700, 0.05344999999999999800 ) ) ;
#4575 = CARTESIAN_POINT ( 'NONE',  ( -0.04628905783227824800, 0.3871666666666658300, -0.02672499999999998500 ) ) ;
#4574 = CARTESIAN_POINT ( 'NONE',  ( 0.03085937188818593800, 0.2944583333333327100, 0.05344999999999973400 ) ) ;
#4576 = CARTESIAN_POINT ( 'NONE',  ( 0.04628905783227892100, 0.2934166666666660500, 0.02672499999999881600 ) ) ;
#4577 = CARTESIAN_POINT ( 'NONE',  ( 0.05344999999999997000, 0.2929332274842309000, 0.01432188433544315600 ) ) ;
#4578 = CARTESIAN_POINT ( 'NONE',  ( 0.05345000000000015700, 0.2923749999999994400, 7.262777413738992400E-016 ) ) ;
#4579 = CARTESIAN_POINT ( 'NONE',  ( -0.03085937188818516400, 0.1215416666666664100, 0.05345000000000018500 ) ) ;
#4580 = CARTESIAN_POINT ( 'NONE',  ( 0.05344999999999995600, 0.3673749999999993400, 2.424738286161679500E-016 ) ) ;
#4581 = CARTESIAN_POINT ( 'NONE',  ( -0.04628905783227815800, 0.1225833333333331000, 0.02672500000000014800 ) ) ;
#4582 = DIRECTION ( 'NONE',  ( 2.449212707644754500E-016, -1.000000000000000000, 0.0000000000000000000 ) ) ;
#4583 = VECTOR ( 'NONE', #4582, 39.37007874015748100 ) ;
#4584 = CARTESIAN_POINT ( 'NONE',  ( 0.05345000000000005300, 1.309104192236122700E-017, 0.0000000000000000000 ) ) ;
#4585 = LINE ( 'NONE', #4584, #4583 ) ;
#4586 = CARTESIAN_POINT ( 'NONE',  ( 1.047283353788896900E-016, 0.1204999999999997600, 0.05344999999999999800 ) ) ;
#4587 = CARTESIAN_POINT ( 'NONE',  ( -0.03085937188818549000, 0.3965416666666657900, 0.05344999999999999800 ) ) ;
#4588 = CARTESIAN_POINT ( 'NONE',  ( 0.0000000000000000000, 0.3954999999999990700, 0.05344999999999999800 ) ) ;
#4589 = DIRECTION ( 'NONE',  ( 2.449212707644754500E-016, -1.000000000000000000, 0.0000000000000000000 ) ) ;
#4590 = VECTOR ( 'NONE', #4589, 39.37007874015748100 ) ;
#4591 = CARTESIAN_POINT ( 'NONE',  ( 0.05345000000000005300, 1.309104192236122700E-017, 0.0000000000000000000 ) ) ;
#4592 = LINE ( 'NONE', #4591, #4590 ) ;
#4593 = CARTESIAN_POINT ( 'NONE',  ( -0.05344999999999995600, 0.3486249999999993000, -4.506353229941988900E-016 ) ) ;
#4594 = CARTESIAN_POINT ( 'NONE',  ( -0.05345000000000018500, 0.3480667725157677300, 0.01432188433544392600 ) ) ;
#4595 = CARTESIAN_POINT ( 'NONE',  ( -0.04628905783227784500, 0.3475833333333325200, 0.02672500000000068200 ) ) ;
#4596 = CARTESIAN_POINT ( 'NONE',  ( -0.03085937188818379000, 0.3465416666666658600, 0.05345000000000097600 ) ) ;
#4597 = CARTESIAN_POINT ( 'NONE',  ( 1.099937274508938600E-015, 0.3454999999999992000, 0.05344999999999999800 ) ) ;
#4598 = CARTESIAN_POINT ( 'NONE',  ( 0.03085937188818599400, 0.3444583333333325900, 0.05344999999999969900 ) ) ;
#4599 = CARTESIAN_POINT ( 'NONE',  ( 0.04628905783227894900, 0.3434166666666659300, 0.02672499999999877400 ) ) ;
#4600 = CARTESIAN_POINT ( 'NONE',  ( 0.05344999999999997700, 0.3429332274842307200, 0.01432188433544310700 ) ) ;
#4601 = CARTESIAN_POINT ( 'NONE',  ( 0.05345000000000015000, 0.3423749999999992600, 6.748092400166938300E-016 ) ) ;
#4602 =( BOUNDED_CURVE ( )  B_SPLINE_CURVE ( 2, ( #4601, #4600, #4599, #4598, #4597, #4596, #4595, #4594, #4593 ),
 .UNSPECIFIED., .F., .T. ) 
 B_SPLINE_CURVE_WITH_KNOTS ( ( 3, 2, 2, 2, 3 ),
 ( 0.6602564102564104600, 0.6623931623931624800, 0.6666666666666667400, 0.6709401709401710000, 0.6730769230769232400 ),
 .UNSPECIFIED. ) 
 CURVE ( )  GEOMETRIC_REPRESENTATION_ITEM ( )  RATIONAL_B_SPLINE_CURVE ( ( 0.9330127018922194100, 0.9330127018922228500, 1.000000000000000000, 0.8660254037844387100, 1.000000000000000000, 0.8660254037844387100, 1.000000000000000000, 0.9330127018922158600, 0.9330127018922194100 ) ) 
 REPRESENTATION_ITEM ( '' )  );
#4603 = CARTESIAN_POINT ( 'NONE',  ( -0.05345000000000015700, 0.3001249999999994200, -5.181162469958682900E-016 ) ) ;
#4604 = CARTESIAN_POINT ( 'NONE',  ( -0.05345000000000029600, 0.2995667725157678500, 0.01432188433544350500 ) ) ;
#4605 = CARTESIAN_POINT ( 'NONE',  ( -0.04628905783227806000, 0.2990833333333327000, 0.02672500000000031400 ) ) ;
#4606 = CARTESIAN_POINT ( 'NONE',  ( -0.03085937188818421000, 0.2980416666666660400, 0.05345000000000073300 ) ) ;
#4607 = CARTESIAN_POINT ( 'NONE',  ( -0.05344999999999995600, 0.3751249999999992600, -3.202484528892784100E-017 ) ) ;
#4608 = CARTESIAN_POINT ( 'NONE',  ( 0.05344999999999994200, 0.3688749999999991800, 6.084720604896289300E-016 ) ) ;
#4609 =( BOUNDED_CURVE ( )  B_SPLINE_CURVE ( 2, ( #4664, #4663, #4662, #4661, #4660, #4657, #4656, #4655, #4654 ),
 .UNSPECIFIED., .F., .T. ) 
 B_SPLINE_CURVE_WITH_KNOTS ( ( 3, 2, 2, 2, 3 ),
 ( 0.7115384615384616800, 0.7136752136752136900, 0.7179487179487180600, 0.7222222222222223200, 0.7243589743589745600 ),
 .UNSPECIFIED. ) 
 CURVE ( )  GEOMETRIC_REPRESENTATION_ITEM ( )  RATIONAL_B_SPLINE_CURVE ( ( 0.9330127018922194100, 0.9330127018922228500, 1.000000000000000000, 0.8660254037844387100, 1.000000000000000000, 0.8660254037844387100, 1.000000000000000000, 0.9330127018922158600, 0.9330127018922194100 ) ) 
 REPRESENTATION_ITEM ( '' )  );
#4610 = DIRECTION ( 'NONE',  ( 0.0000000000000000000, 0.0000000000000000000, 1.000000000000000000 ) ) ;
#4611 = DIRECTION ( 'NONE',  ( 0.0000000000000000000, 1.000000000000000000, 0.0000000000000000000 ) ) ;
#4612 = CARTESIAN_POINT ( 'NONE',  ( 1.694065894508600700E-017, 0.5349999999999999200, 0.0000000000000000000 ) ) ;
#4613 = AXIS2_PLACEMENT_3D ( 'NONE', #4612, #4611, #4610 ) ;
#4614 = CONICAL_SURFACE ( 'NONE', #4613, 0.04650000000000000000, 0.1745329251994333400 ) ;
#4615 = FACE_OUTER_BOUND ( 'NONE', #3300, .T. ) ;
#4616 = DIRECTION ( 'NONE',  ( 0.0000000000000000000, 0.0000000000000000000, 1.000000000000000000 ) ) ;
#4617 = DIRECTION ( 'NONE',  ( 0.0000000000000000000, 1.000000000000000000, 0.0000000000000000000 ) ) ;
#4618 = CARTESIAN_POINT ( 'NONE',  ( 1.694065894508600700E-017, 0.5349999999999999200, 0.0000000000000000000 ) ) ;
#4619 = AXIS2_PLACEMENT_3D ( 'NONE', #4618, #4617, #4616 ) ;
#4620 = CARTESIAN_POINT ( 'NONE',  ( -0.01099999999999999900, 0.5349999999999999200, -0.04518019477602991400 ) ) ;
#4621 = CARTESIAN_POINT ( 'NONE',  ( -0.01295002430072974900, 0.5460591373645412600, -0.04671241177994672100 ) ) ;
#4622 = CARTESIAN_POINT ( 'NONE',  ( -0.01490186898519285700, 0.5571285986382542600, -0.04816886156024013200 ) ) ;
#4623 = CARTESIAN_POINT ( 'NONE',  ( -0.01685491526669592400, 0.5682048745074146400, -0.04956762031745531900 ) ) ;
#4624 = CARTESIAN_POINT ( 'NONE',  ( -0.01099999999999999900, 0.5349999999999999200, -0.04518019477602991400 ) ) ;
#4625 = B_SPLINE_CURVE_WITH_KNOTS ( 'NONE', 3,
 ( #4623, #4622, #4621, #4620 ),
 .UNSPECIFIED., .F., .F.,
 ( 4, 4 ),
 ( 0.0003064892814216664700, 0.001170122457373340400 ),
 .UNSPECIFIED. ) ;
#4626 = CIRCLE ( 'NONE', #4619, 0.04650000000000000000 ) ;
#4627 = CARTESIAN_POINT ( 'NONE',  ( 0.0000000000000000000, 0.4079999999999992000, 0.05344999999999999800 ) ) ;
#4628 = DIRECTION ( 'NONE',  ( 0.0000000000000000000, 0.9848077530122080200, -0.1736481776669307200 ) ) ;
#4629 = DIRECTION ( 'NONE',  ( 0.0000000000000000000, -0.1736481776669307200, -0.9848077530122080200 ) ) ;
#4630 = CARTESIAN_POINT ( 'NONE',  ( -0.01100000000000000500, 0.5349999999999999200, -0.01099999999999999900 ) ) ;
#4631 = AXIS2_PLACEMENT_3D ( 'NONE', #4630, #4629, #4628 ) ;
#4632 = PLANE ( 'NONE',  #4631 ) ;
#4633 = CARTESIAN_POINT ( 'NONE',  ( -0.04518019477602992800, 0.5349999999999999200, -0.01099999999999999900 ) ) ;
#4634 = FACE_OUTER_BOUND ( 'NONE', #3293, .T. ) ;
#4635 = FACE_OUTER_BOUND ( 'NONE', #3338, .T. ) ;
#4636 = DIRECTION ( 'NONE',  ( 0.0000000000000000000, 0.0000000000000000000, 1.000000000000000000 ) ) ;
#4637 = DIRECTION ( 'NONE',  ( 0.0000000000000000000, 1.000000000000000000, 0.0000000000000000000 ) ) ;
#4638 = CARTESIAN_POINT ( 'NONE',  ( 1.694065894508600700E-017, 0.5349999999999999200, 0.0000000000000000000 ) ) ;
#4639 = AXIS2_PLACEMENT_3D ( 'NONE', #4638, #4637, #4636 ) ;
#4640 = CONICAL_SURFACE ( 'NONE', #4639, 0.04650000000000003400, 0.1745329251994333400 ) ;
#4641 = FACE_OUTER_BOUND ( 'NONE', #3219, .T. ) ;
#4642 = CARTESIAN_POINT ( 'NONE',  ( -0.01100000000000000500, 0.5349999999999999200, 0.01099999999999999900 ) ) ;
#4643 = CARTESIAN_POINT ( 'NONE',  ( -0.04628905783227824800, 0.4121666666666657900, -0.02672499999999998500 ) ) ;
#4644 = CARTESIAN_POINT ( 'NONE',  ( -0.06171874377637098800, 0.4111249999999991900, 3.779058288923960300E-018 ) ) ;
#4645 = DIRECTION ( 'NONE',  ( 0.1710878697460358500, -0.9702875252478139200, -0.1710878697460358800 ) ) ;
#4646 = VECTOR ( 'NONE', #4645, 39.37007874015748100 ) ;
#4647 = CARTESIAN_POINT ( 'NONE',  ( -0.01100000000000000500, 0.5349999999999999200, 0.01099999999999999900 ) ) ;
#4648 = LINE ( 'NONE', #4647, #4646 ) ;
#4649 = CARTESIAN_POINT ( 'NONE',  ( -0.05344999999999994200, 0.3736249999999993700, -4.815164238085221700E-016 ) ) ;
#4650 = DIRECTION ( 'NONE',  ( 2.449212707644754500E-016, -1.000000000000000000, 0.0000000000000000000 ) ) ;
#4651 = VECTOR ( 'NONE', #4650, 39.37007874015748100 ) ;
#4652 = CARTESIAN_POINT ( 'NONE',  ( -0.05345000000000005300, -1.309104192236122700E-017, 6.545520961180613300E-018 ) ) ;
#4653 = LINE ( 'NONE', #4652, #4651 ) ;
#4654 = CARTESIAN_POINT ( 'NONE',  ( -0.05344999999999994200, 0.3736249999999993700, -4.815164238085220800E-016 ) ) ;
#4655 = CARTESIAN_POINT ( 'NONE',  ( -0.05344999999999996300, 0.3730667725157678100, 0.01432188433544389500 ) ) ;
#4656 = CARTESIAN_POINT ( 'NONE',  ( -0.04628905783227745700, 0.3725833333333325400, 0.02672500000000135500 ) ) ;
#4658 = CARTESIAN_POINT ( 'NONE',  ( 0.04628905783227822700, 0.4163333333333324400, -0.02672500000000002300 ) ) ;
#4657 = CARTESIAN_POINT ( 'NONE',  ( -0.03085937188818452200, 0.3715416666666658800, 0.05345000000000055300 ) ) ;
#4659 = CARTESIAN_POINT ( 'NONE',  ( 0.03085937188818547700, 0.4152916666666657800, -0.05344999999999999800 ) ) ;
#4660 = CARTESIAN_POINT ( 'NONE',  ( 3.665491738261139000E-016, 0.3704999999999992200, 0.05344999999999999800 ) ) ;
#4661 = CARTESIAN_POINT ( 'NONE',  ( 0.03085937188818677400, 0.3694583333333325600, 0.05344999999999925500 ) ) ;
#4662 = CARTESIAN_POINT ( 'NONE',  ( 0.04628905783227858100, 0.3684166666666658900, 0.02672499999999940900 ) ) ;
#4663 = CARTESIAN_POINT ( 'NONE',  ( 0.05344999999999978200, 0.3679332274842307400, 0.01432188433544302600 ) ) ;
#4664 = CARTESIAN_POINT ( 'NONE',  ( 0.05344999999999995600, 0.3673749999999992900, 2.424738286161679500E-016 ) ) ;
#4665 = CARTESIAN_POINT ( 'NONE',  ( 0.04628905783227826900, 0.4059166666666658700, 0.02672499999999996400 ) ) ;
#4666 = FACE_OUTER_BOUND ( 'NONE', #3353, .T. ) ;
#4667 = B_SPLINE_CURVE_WITH_KNOTS ( 'NONE', 3,
 ( #4727, #4726, #4725, #4724 ),
 .UNSPECIFIED., .F., .F.,
 ( 4, 4 ),
 ( 0.0003064892814219080900, 0.001170122457373340400 ),
 .UNSPECIFIED. ) ;
#4668 = CARTESIAN_POINT ( 'NONE',  ( 0.04518019477602992800, 0.5349999999999999200, 0.01099999999999999900 ) ) ;
#4669 = CARTESIAN_POINT ( 'NONE',  ( 0.04518019477602992800, 0.5349999999999999200, -0.01100000000000000300 ) ) ;
#4670 = CARTESIAN_POINT ( 'NONE',  ( 0.04671241177994674100, 0.5460591373645412600, -0.01295002430072974900 ) ) ;
#4671 = CARTESIAN_POINT ( 'NONE',  ( 0.04816886156024014600, 0.5571285986382542600, -0.01490186898519285700 ) ) ;
#4672 = CARTESIAN_POINT ( 'NONE',  ( 0.04956762031745534600, 0.5682048745074146400, -0.01685491526669592400 ) ) ;
#4673 = CARTESIAN_POINT ( 'NONE',  ( 0.04518019477602992800, 0.5349999999999999200, -0.01100000000000000300 ) ) ;
#4674 = B_SPLINE_CURVE_WITH_KNOTS ( 'NONE', 3,
 ( #4672, #4671, #4670, #4669 ),
 .UNSPECIFIED., .F., .F.,
 ( 4, 4 ),
 ( 0.0003064892814216664700, 0.001170122457373340400 ),
 .UNSPECIFIED. ) ;
#4675 = DIRECTION ( 'NONE',  ( 0.0000000000000000000, 0.0000000000000000000, 1.000000000000000000 ) ) ;
#4676 = DIRECTION ( 'NONE',  ( 0.0000000000000000000, 1.000000000000000000, 0.0000000000000000000 ) ) ;
#4677 = CARTESIAN_POINT ( 'NONE',  ( 1.694065894508600700E-017, 0.5349999999999999200, 0.0000000000000000000 ) ) ;
#4679 = CARTESIAN_POINT ( 'NONE',  ( -0.03085937188818551800, 0.4257083333333324100, -0.05344999999999998400 ) ) ;
#4678 = AXIS2_PLACEMENT_3D ( 'NONE', #4677, #4676, #4675 ) ;
#4680 = CARTESIAN_POINT ( 'NONE',  ( -0.04628905783227824800, 0.4246666666666657500, -0.02672499999999998500 ) ) ;
#4681 = CARTESIAN_POINT ( 'NONE',  ( -0.06171874377637098800, 0.4236249999999990900, 3.779058288923960300E-018 ) ) ;
#4682 = DIRECTION ( 'NONE',  ( 0.0000000000000000000, 0.0000000000000000000, 1.000000000000000000 ) ) ;
#4683 = DIRECTION ( 'NONE',  ( 0.0000000000000000000, 1.000000000000000000, 0.0000000000000000000 ) ) ;
#4684 = CARTESIAN_POINT ( 'NONE',  ( 1.694065894508600700E-017, 0.5349999999999999200, 0.0000000000000000000 ) ) ;
#4685 = AXIS2_PLACEMENT_3D ( 'NONE', #4684, #4683, #4682 ) ;
#4686 = CIRCLE ( 'NONE', #4678, 0.04650000000000000000 ) ;
#4687 = CARTESIAN_POINT ( 'NONE',  ( -0.04518019477602993500, 0.5349999999999999200, 0.01099999999999998500 ) ) ;
#4688 = CARTESIAN_POINT ( 'NONE',  ( -0.04671241177994674800, 0.5460591373645412600, 0.01295002430072974900 ) ) ;
#4689 = CARTESIAN_POINT ( 'NONE',  ( -0.04816886156024014600, 0.5571285986382542600, 0.01490186898519285800 ) ) ;
#4690 = CARTESIAN_POINT ( 'NONE',  ( -0.04956762031745534600, 0.5682048745074146400, 0.01685491526669592400 ) ) ;
#4691 = CONICAL_SURFACE ( 'NONE', #4685, 0.04650000000000000000, 0.1745329251994333400 ) ;
#4692 = CARTESIAN_POINT ( 'NONE',  ( -0.04518019477602993500, 0.5349999999999999200, 0.01099999999999998500 ) ) ;
#4693 = B_SPLINE_CURVE_WITH_KNOTS ( 'NONE', 3,
 ( #4690, #4689, #4688, #4687 ),
 .UNSPECIFIED., .F., .F.,
 ( 4, 4 ),
 ( 0.0003064892814216664700, 0.001170122457373340400 ),
 .UNSPECIFIED. ) ;
#4694 = CARTESIAN_POINT ( 'NONE',  ( -0.03085937188818549000, 0.4090416666666658600, 0.05344999999999999800 ) ) ;
#4695 = DIRECTION ( 'NONE',  ( 2.449212707644754500E-016, -1.000000000000000000, 0.0000000000000000000 ) ) ;
#4696 = CARTESIAN_POINT ( 'NONE',  ( 0.0000000000000000000, 0.0000000000000000000, 0.0000000000000000000 ) ) ;
#4697 = AXIS2_PLACEMENT_3D ( 'NONE', #4696, #4695, #4749 ) ;
#4698 = CYLINDRICAL_SURFACE ( 'NONE', #4697, 0.05345000000000005300 ) ;
#4699 = FACE_OUTER_BOUND ( 'NONE', #3377, .T. ) ;
#4700 = CARTESIAN_POINT ( 'NONE',  ( -0.05344999999999995600, 0.1876249999999996300, -2.744986739050958400E-016 ) ) ;
#4701 = DIRECTION ( 'NONE',  ( 1.000000000000000000, 2.449212707644754500E-016, 0.0000000000000000000 ) ) ;
#4702 = DIRECTION ( 'NONE',  ( 2.449212707644754500E-016, -1.000000000000000000, 0.0000000000000000000 ) ) ;
#4703 = CARTESIAN_POINT ( 'NONE',  ( 0.0000000000000000000, 0.0000000000000000000, 0.0000000000000000000 ) ) ;
#4704 = AXIS2_PLACEMENT_3D ( 'NONE', #4703, #4702, #4701 ) ;
#4705 = CARTESIAN_POINT ( 'NONE',  ( 0.05344999999999994200, 0.1813749999999996500, 9.264330244296982800E-017 ) ) ;
#4706 = CYLINDRICAL_SURFACE ( 'NONE', #4704, 0.05345000000000005300 ) ;
#4707 = FACE_OUTER_BOUND ( 'NONE', #3363, .T. ) ;
#4708 = CARTESIAN_POINT ( 'NONE',  ( 0.05344999999999994200, 0.3798749999999992400, 6.084720604896289300E-016 ) ) ;
#4709 = DIRECTION ( 'NONE',  ( 1.000000000000000000, 0.0000000000000000000, 0.0000000000000000000 ) ) ;
#4710 = VECTOR ( 'NONE', #4709, 39.37007874015748100 ) ;
#4711 = CARTESIAN_POINT ( 'NONE',  ( -0.01100000000000000500, 0.5349999999999999200, 0.01099999999999999900 ) ) ;
#4712 = LINE ( 'NONE', #4711, #4710 ) ;
#4713 = CARTESIAN_POINT ( 'NONE',  ( 0.01100000000000000500, 0.5349999999999999200, 0.01099999999999999900 ) ) ;
#4714 = DIRECTION ( 'NONE',  ( -0.1710878697460358500, -0.9702875252478139200, -0.1710878697460358800 ) ) ;
#4715 = VECTOR ( 'NONE', #4714, 39.37007874015748100 ) ;
#4716 = CARTESIAN_POINT ( 'NONE',  ( 0.01200049050387610800, 0.5406740636053325400, 0.01200049050387610300 ) ) ;
#4717 = LINE ( 'NONE', #4716, #4715 ) ;
#4718 = DIRECTION ( 'NONE',  ( 0.1736481776669307200, 0.9848077530122080200, 0.0000000000000000000 ) ) ;
#4719 = DIRECTION ( 'NONE',  ( 0.9848077530122080200, -0.1736481776669307200, 1.844780678529793300E-016 ) ) ;
#4720 = CARTESIAN_POINT ( 'NONE',  ( 0.01099999999999999900, 0.5349999999999999200, 0.04518019477602991400 ) ) ;
#4722 = CARTESIAN_POINT ( 'NONE',  ( 0.03085937188818552200, 0.4069583333333325300, 0.05344999999999998400 ) ) ;
#4721 = AXIS2_PLACEMENT_3D ( 'NONE', #4720, #4719, #4718 ) ;
#4723 = PLANE ( 'NONE',  #4721 ) ;
#4724 = CARTESIAN_POINT ( 'NONE',  ( 0.04518019477602992800, 0.5349999999999999200, 0.01099999999999999900 ) ) ;
#4725 = CARTESIAN_POINT ( 'NONE',  ( 0.04671241177994631100, 0.5460591373645381500, 0.01295002430072920500 ) ) ;
#4726 = CARTESIAN_POINT ( 'NONE',  ( 0.04816886156023933400, 0.5571285986382481500, 0.01490186898519176400 ) ) ;
#4727 = CARTESIAN_POINT ( 'NONE',  ( 0.04956762031745418100, 0.5682048745074053100, 0.01685491526669428300 ) ) ;
#4728 = CARTESIAN_POINT ( 'NONE',  ( 0.05345000000000003200, 0.2179332274842310200, 0.01432188433544306700 ) ) ;
#4729 = CARTESIAN_POINT ( 'NONE',  ( 0.05344999999999996300, 0.2173749999999996000, -3.110984970924419600E-016 ) ) ;
#4730 =( BOUNDED_CURVE ( )  B_SPLINE_CURVE ( 2, ( #4729, #4728, #4783, #4782, #4781, #4780, #4779, #4778, #4777 ),
 .UNSPECIFIED., .F., .T. ) 
 B_SPLINE_CURVE_WITH_KNOTS ( ( 3, 2, 2, 2, 3 ),
 ( 0.4038461538461539100, 0.4059829059829060400, 0.4102564102564103000, 0.4145299145299145600, 0.4166666666666667400 ),
 .UNSPECIFIED. ) 
 CURVE ( )  GEOMETRIC_REPRESENTATION_ITEM ( )  RATIONAL_B_SPLINE_CURVE ( ( 0.9330127018922194100, 0.9330127018922203000, 1.000000000000000000, 0.8660254037844387100, 1.000000000000000000, 0.8660254037844387100, 1.000000000000000000, 0.9330127018922185200, 0.9330127018922194100 ) ) 
 REPRESENTATION_ITEM ( '' )  );
#4731 = CARTESIAN_POINT ( 'NONE',  ( 0.05344999999999996300, 0.2063749999999995900, -3.110984970924419600E-016 ) ) ;
#4732 = DIRECTION ( 'NONE',  ( 2.449212707644754500E-016, -1.000000000000000000, 0.0000000000000000000 ) ) ;
#4733 = VECTOR ( 'NONE', #4732, 39.37007874015748100 ) ;
#4734 = CARTESIAN_POINT ( 'NONE',  ( 0.05345000000000005300, 1.309104192236122700E-017, 0.0000000000000000000 ) ) ;
#4735 = LINE ( 'NONE', #4734, #4733 ) ;
#4736 = CARTESIAN_POINT ( 'NONE',  ( -0.05344999999999996300, 0.2126249999999995900, 1.280993811557113900E-016 ) ) ;
#4737 = CARTESIAN_POINT ( 'NONE',  ( -0.05344999999999992100, 0.2120667725157680300, 0.01432188433544390500 ) ) ;
#4738 = CARTESIAN_POINT ( 'NONE',  ( -0.04628905783227791500, 0.2115833333333328500, 0.02672500000000056400 ) ) ;
#4739 = CARTESIAN_POINT ( 'NONE',  ( -0.03085937188818467900, 0.2105416666666661800, 0.05345000000000045500 ) ) ;
#4740 = CARTESIAN_POINT ( 'NONE',  ( 2.094566707577793800E-016, 0.2094999999999995500, 0.05344999999999999800 ) ) ;
#4742 = CARTESIAN_POINT ( 'NONE',  ( 0.06171874377637098800, 0.4173749999999991100, -1.133717486677188400E-017 ) ) ;
#4741 = CARTESIAN_POINT ( 'NONE',  ( 0.03085937188818586200, 0.2084583333333328800, 0.05344999999999978200 ) ) ;
#4743 = CARTESIAN_POINT ( 'NONE',  ( 0.04628905783227850500, 0.2074166666666662200, 0.02672499999999954400 ) ) ;
#4744 = CARTESIAN_POINT ( 'NONE',  ( 0.05345000000000003200, 0.2069332274842310100, 0.01432188433544306700 ) ) ;
#4745 = CARTESIAN_POINT ( 'NONE',  ( 0.05344999999999996300, 0.2063749999999995600, -3.110984970924419600E-016 ) ) ;
#4746 = CARTESIAN_POINT ( 'NONE',  ( -0.04628905783227824100, 0.4225833333333324200, 0.02672500000000000200 ) ) ;
#4747 = CARTESIAN_POINT ( 'NONE',  ( -0.03085937188818549000, 0.4215416666666657600, 0.05344999999999999800 ) ) ;
#4748 =( BOUNDED_CURVE ( )  B_SPLINE_CURVE ( 2, ( #4745, #4744, #4743, #4741, #4740, #4739, #4738, #4737, #4736 ),
 .UNSPECIFIED., .F., .T. ) 
 B_SPLINE_CURVE_WITH_KNOTS ( ( 3, 2, 2, 2, 3 ),
 ( 0.4038461538461539100, 0.4059829059829060400, 0.4102564102564103000, 0.4145299145299145600, 0.4166666666666667400 ),
 .UNSPECIFIED. ) 
 CURVE ( )  GEOMETRIC_REPRESENTATION_ITEM ( )  RATIONAL_B_SPLINE_CURVE ( ( 0.9330127018922194100, 0.9330127018922203000, 1.000000000000000000, 0.8660254037844387100, 1.000000000000000000, 0.8660254037844387100, 1.000000000000000000, 0.9330127018922185200, 0.9330127018922194100 ) ) 
 REPRESENTATION_ITEM ( '' )  );
#4749 = DIRECTION ( 'NONE',  ( 1.000000000000000000, 2.449212707644754500E-016, 0.0000000000000000000 ) ) ;
#4751 = CARTESIAN_POINT ( 'NONE',  ( -0.04628905783227824100, 0.4100833333333324700, 0.02672500000000000200 ) ) ;
#4750 = CYLINDRICAL_SURFACE ( 'NONE', #4814, 0.05345000000000005300 ) ;
#4752 = FACE_OUTER_BOUND ( 'NONE', #3567, .T. ) ;
#4753 = CARTESIAN_POINT ( 'NONE',  ( 0.05344999999999996300, 0.1688749999999997200, 1.086557250874337700E-016 ) ) ;
#4754 = DIRECTION ( 'NONE',  ( 0.0000000000000000000, 0.0000000000000000000, 1.000000000000000000 ) ) ;
#4755 = DIRECTION ( 'NONE',  ( 0.0000000000000000000, 1.000000000000000000, 0.0000000000000000000 ) ) ;
#4756 = CARTESIAN_POINT ( 'NONE',  ( 1.694065894508600700E-017, 0.5349999999999999200, 0.0000000000000000000 ) ) ;
#4757 = AXIS2_PLACEMENT_3D ( 'NONE', #4756, #4755, #4754 ) ;
#4758 = FACE_OUTER_BOUND ( 'NONE', #3412, .T. ) ;
#4759 = DIRECTION ( 'NONE',  ( 1.000000000000000000, 2.449212707644754500E-016, 0.0000000000000000000 ) ) ;
#4760 = DIRECTION ( 'NONE',  ( 2.449212707644754500E-016, -1.000000000000000000, 0.0000000000000000000 ) ) ;
#4761 = CARTESIAN_POINT ( 'NONE',  ( 0.0000000000000000000, 0.0000000000000000000, 0.0000000000000000000 ) ) ;
#4762 = AXIS2_PLACEMENT_3D ( 'NONE', #4761, #4760, #4759 ) ;
#4763 = PLANE ( 'NONE',  #4757 ) ;
#4764 = CYLINDRICAL_SURFACE ( 'NONE', #4762, 0.05345000000000005300 ) ;
#4765 = FACE_OUTER_BOUND ( 'NONE', #3395, .T. ) ;
#4766 = DIRECTION ( 'NONE',  ( 2.449212707644754500E-016, -1.000000000000000000, 0.0000000000000000000 ) ) ;
#4767 = VECTOR ( 'NONE', #4766, 39.37007874015748100 ) ;
#4768 = CARTESIAN_POINT ( 'NONE',  ( 0.05345000000000005300, 1.309104192236122700E-017, 0.0000000000000000000 ) ) ;
#4769 = LINE ( 'NONE', #4768, #4767 ) ;
#4770 = CARTESIAN_POINT ( 'NONE',  ( 0.05345000000000005300, 0.2188749999999995400, 2.539112733622136200E-016 ) ) ;
#4771 = CARTESIAN_POINT ( 'NONE',  ( -0.05344999999999996300, 0.2236249999999996300, 1.280993811557113900E-016 ) ) ;
#4772 = CARTESIAN_POINT ( 'NONE',  ( 0.05344999999999996300, 0.2173749999999996000, -3.110984970924419600E-016 ) ) ;
#4773 = DIRECTION ( 'NONE',  ( 2.449212707644754500E-016, -1.000000000000000000, 0.0000000000000000000 ) ) ;
#4774 = VECTOR ( 'NONE', #4773, 39.37007874015748100 ) ;
#4775 = CARTESIAN_POINT ( 'NONE',  ( -0.05345000000000005300, -1.309104192236122700E-017, 6.545520961180613300E-018 ) ) ;
#4776 = LINE ( 'NONE', #4775, #4774 ) ;
#4777 = CARTESIAN_POINT ( 'NONE',  ( -0.05344999999999996300, 0.2236249999999996300, 1.280993811557113900E-016 ) ) ;
#4778 = CARTESIAN_POINT ( 'NONE',  ( -0.05344999999999992100, 0.2230667725157680400, 0.01432188433544390500 ) ) ;
#4779 = CARTESIAN_POINT ( 'NONE',  ( -0.04628905783227791500, 0.2225833333333328600, 0.02672500000000056400 ) ) ;
#4780 = CARTESIAN_POINT ( 'NONE',  ( -0.03085937188818467900, 0.2215416666666661900, 0.05345000000000045500 ) ) ;
#4781 = CARTESIAN_POINT ( 'NONE',  ( 2.094566707577793800E-016, 0.2204999999999995300, 0.05344999999999999800 ) ) ;
#4782 = CARTESIAN_POINT ( 'NONE',  ( 0.03085937188818586200, 0.2194583333333328700, 0.05344999999999978200 ) ) ;
#4783 = CARTESIAN_POINT ( 'NONE',  ( 0.04628905783227850500, 0.2184166666666662000, 0.02672499999999954400 ) ) ;
#4784 = DIRECTION ( 'NONE',  ( 1.000000000000000000, 2.449212707644754500E-016, 0.0000000000000000000 ) ) ;
#4785 = DIRECTION ( 'NONE',  ( 2.449212707644754500E-016, -1.000000000000000000, 0.0000000000000000000 ) ) ;
#4786 = CARTESIAN_POINT ( 'NONE',  ( 0.0000000000000000000, 0.0000000000000000000, 0.0000000000000000000 ) ) ;
#4787 = AXIS2_PLACEMENT_3D ( 'NONE', #4786, #4785, #4784 ) ;
#4788 = CYLINDRICAL_SURFACE ( 'NONE', #4787, 0.05345000000000005300 ) ;
#4789 = FACE_OUTER_BOUND ( 'NONE', #3481, .T. ) ;
#4790 = DIRECTION ( 'NONE',  ( 2.449212707644754500E-016, -1.000000000000000000, 0.0000000000000000000 ) ) ;
#4791 = VECTOR ( 'NONE', #4790, 39.37007874015748100 ) ;
#4792 = CARTESIAN_POINT ( 'NONE',  ( 0.05345000000000005300, 1.309104192236122700E-017, 0.0000000000000000000 ) ) ;
#4793 = CARTESIAN_POINT ( 'NONE',  ( -0.05345000000000000400, 0.1486249999999997000, 3.305421531607195200E-016 ) ) ;
#4794 = CARTESIAN_POINT ( 'NONE',  ( -0.05344999999999994200, 0.1480667725157681900, 0.01432188433544382400 ) ) ;
#4795 = CARTESIAN_POINT ( 'NONE',  ( -0.04628905783227814400, 0.1475833333333330400, 0.02672500000000016900 ) ) ;
#4796 = CARTESIAN_POINT ( 'NONE',  ( -0.03085937188818514000, 0.1465416666666663800, 0.05345000000000019900 ) ) ;
#4797 = CARTESIAN_POINT ( 'NONE',  ( 5.106955114873856200E-016, 0.1454999999999997100, 0.05344999999999999800 ) ) ;
#4798 = CARTESIAN_POINT ( 'NONE',  ( 0.03085937188818578500, 0.1444583333333330200, 0.05344999999999982400 ) ) ;
#4799 = CARTESIAN_POINT ( 'NONE',  ( 0.04628905783227846300, 0.1434166666666663900, 0.02672499999999961400 ) ) ;
#4800 = CARTESIAN_POINT ( 'NONE',  ( 0.05345000000000006700, 0.1429332274842312100, 0.01432188433544326500 ) ) ;
#4801 = CARTESIAN_POINT ( 'NONE',  ( 0.05345000000000000400, 0.1423749999999997200, -1.258118922065022300E-016 ) ) ;
#4802 = CARTESIAN_POINT ( 'NONE',  ( 0.0000000000000000000, 0.4204999999999991000, 0.05344999999999999800 ) ) ;
#4803 = LINE ( 'NONE', #4792, #4791 ) ;
#4804 = CARTESIAN_POINT ( 'NONE',  ( 0.05345000000000000400, 0.1423749999999997200, -1.258118922065022500E-016 ) ) ;
#4805 =( BOUNDED_CURVE ( )  B_SPLINE_CURVE ( 2, ( #4801, #4800, #4799, #4798, #4797, #4796, #4795, #4794, #4793 ),
 .UNSPECIFIED., .F., .T. ) 
 B_SPLINE_CURVE_WITH_KNOTS ( ( 3, 2, 2, 2, 3 ),
 ( 0.2500000000000000600, 0.2521367521367521800, 0.2564102564102564400, 0.2606837606837607000, 0.2628205128205128300 ),
 .UNSPECIFIED. ) 
 CURVE ( )  GEOMETRIC_REPRESENTATION_ITEM ( )  RATIONAL_B_SPLINE_CURVE ( ( 0.9330127018922194100, 0.9330127018922198500, 1.000000000000000000, 0.8660254037844387100, 1.000000000000000000, 0.8660254037844387100, 1.000000000000000000, 0.9330127018922194100, 0.9330127018922194100 ) ) 
 REPRESENTATION_ITEM ( '' )  );
#4806 = CARTESIAN_POINT ( 'NONE',  ( 0.04628905783227822700, 0.4288333333333324000, -0.02672500000000002300 ) ) ;
#4807 = CARTESIAN_POINT ( 'NONE',  ( 0.03085937188818547700, 0.4277916666666657400, -0.05344999999999999800 ) ) ;
#4808 = CARTESIAN_POINT ( 'NONE',  ( -6.545520961180605600E-018, 0.4267499999999990700, -0.05344999999999999800 ) ) ;
#4809 = CARTESIAN_POINT ( 'NONE',  ( -0.05345000000000005300, 0.1751249999999996400, -8.578083559534243700E-017 ) ) ;
#4810 = DIRECTION ( 'NONE',  ( 1.000000000000000000, 2.449212707644754500E-016, 0.0000000000000000000 ) ) ;
#4811 = DIRECTION ( 'NONE',  ( 2.449212707644754500E-016, -1.000000000000000000, 0.0000000000000000000 ) ) ;
#4812 = CARTESIAN_POINT ( 'NONE',  ( 0.0000000000000000000, 0.0000000000000000000, 0.0000000000000000000 ) ) ;
#4813 = CARTESIAN_POINT ( 'NONE',  ( -6.545520961180605600E-018, 0.4142499999999991200, -0.05344999999999999800 ) ) ;
#4814 = AXIS2_PLACEMENT_3D ( 'NONE', #4812, #4811, #4810 ) ;
#4815 = CARTESIAN_POINT ( 'NONE',  ( -0.03085937188818551800, 0.4132083333333324600, -0.05344999999999998400 ) ) ;
#4816 = CARTESIAN_POINT ( 'NONE',  ( -0.05345000000000005300, 0.1861249999999996500, -8.578083559534243700E-017 ) ) ;
#4817 = CARTESIAN_POINT ( 'NONE',  ( 0.03085937188818575400, 0.1194583333333331000, 0.05344999999999984500 ) ) ;
#4818 = CARTESIAN_POINT ( 'NONE',  ( 0.04628905783227845600, 0.1184166666666664300, 0.02672499999999963400 ) ) ;
#4819 = CARTESIAN_POINT ( 'NONE',  ( 0.05345000000000000400, 0.1179332274842313000, 0.01432188433544338000 ) ) ;
#4820 = CARTESIAN_POINT ( 'NONE',  ( 0.05345000000000000400, 0.1173749999999998000, 8.578083559534244900E-017 ) ) ;
#4821 = CARTESIAN_POINT ( 'NONE',  ( -0.05345000000000005300, 0.2251249999999995500, -3.088110081432327800E-017 ) ) ;
#4822 = CARTESIAN_POINT ( 'NONE',  ( -0.05345000000000011500, 0.2245667725157680600, 0.01432188433544377200 ) ) ;
#4823 = CARTESIAN_POINT ( 'NONE',  ( -0.04628905783227809500, 0.2240833333333328600, 0.02672500000000024500 ) ) ;
#4824 = CARTESIAN_POINT ( 'NONE',  ( -0.03085937188818505000, 0.2230416666666661400, 0.05345000000000024000 ) ) ;
#4825 = CARTESIAN_POINT ( 'NONE',  ( 6.023328049439142100E-016, 0.2219999999999995000, 0.05344999999999999800 ) ) ;
#4826 = CARTESIAN_POINT ( 'NONE',  ( 0.03085937188818625400, 0.2209583333333328400, 0.05344999999999956000 ) ) ;
#4827 = CARTESIAN_POINT ( 'NONE',  ( 0.04628905783227869900, 0.2199166666666661800, 0.02672499999999920400 ) ) ;
#4828 = CARTESIAN_POINT ( 'NONE',  ( 0.05345000000000003900, 0.2194332274842310500, 0.01432188433544325800 ) ) ;
#4829 = CARTESIAN_POINT ( 'NONE',  ( 0.05345000000000005300, 0.2188749999999995400, 2.539112733622136200E-016 ) ) ;
#4830 = CARTESIAN_POINT ( 'NONE',  ( 0.03085937188818552200, 0.4194583333333324300, 0.05344999999999998400 ) ) ;
#4831 = CARTESIAN_POINT ( 'NONE',  ( 0.04628905783227826900, 0.4184166666666657700, 0.02672499999999996400 ) ) ;
#4832 = CARTESIAN_POINT ( 'NONE',  ( -0.05344999999999994200, 0.2376249999999995300, -2.218864280732857500E-016 ) ) ;
#4833 = CARTESIAN_POINT ( 'NONE',  ( -0.05345000000000005300, 0.2361249999999995600, -3.088110081432327800E-017 ) ) ;
#4834 =( BOUNDED_CURVE ( )  B_SPLINE_CURVE ( 2, ( #4829, #4828, #4827, #4826, #4825, #4824, #4823, #4822, #4821 ),
 .UNSPECIFIED., .F., .T. ) 
 B_SPLINE_CURVE_WITH_KNOTS ( ( 3, 2, 2, 2, 3 ),
 ( 0.4294871794871795700, 0.4316239316239316400, 0.4358974358974359600, 0.4401709401709402200, 0.4423076923076924000 ),
 .UNSPECIFIED. ) 
 CURVE ( )  GEOMETRIC_REPRESENTATION_ITEM ( )  RATIONAL_B_SPLINE_CURVE ( ( 0.9330127018922194100, 0.9330127018922210700, 1.000000000000000000, 0.8660254037844387100, 1.000000000000000000, 0.8660254037844387100, 1.000000000000000000, 0.9330127018922176300, 0.9330127018922194100 ) ) 
 REPRESENTATION_ITEM ( '' )  );
#4835 = CARTESIAN_POINT ( 'NONE',  ( -0.05345000000000005300, 0.2251249999999995500, -3.088110081432327800E-017 ) ) ;
#4836 = DIRECTION ( 'NONE',  ( -1.873239394071793700E-016, 0.0000000000000000000, -1.000000000000000000 ) ) ;
#4837 = VECTOR ( 'NONE', #4836, 39.37007874015748100 ) ;
#4838 = CARTESIAN_POINT ( 'NONE',  ( 0.01100000000000000500, 0.5349999999999999200, -0.01099999999999999900 ) ) ;
#4839 = LINE ( 'NONE', #4838, #4837 ) ;
#4840 = VECTOR ( 'NONE', #4845, 39.37007874015748100 ) ;
#4841 = CARTESIAN_POINT ( 'NONE',  ( 0.0000000000000000000, 0.4329999999999990500, 0.05344999999999999800 ) ) ;
#4842 = DIRECTION ( 'NONE',  ( 1.000000000000000000, 2.449212707644754500E-016, 0.0000000000000000000 ) ) ;
#4843 = DIRECTION ( 'NONE',  ( 2.449212707644754500E-016, -1.000000000000000000, 0.0000000000000000000 ) ) ;
#4844 = CARTESIAN_POINT ( 'NONE',  ( 0.0000000000000000000, 0.0000000000000000000, 0.0000000000000000000 ) ) ;
#4845 = DIRECTION ( 'NONE',  ( 0.0000000000000000000, 0.9848077530122080200, 0.1736481776669307200 ) ) ;
#4846 = CARTESIAN_POINT ( 'NONE',  ( 0.04628905783227822700, 0.4538333333333324200, -0.02672500000000002300 ) ) ;
#4847 = CARTESIAN_POINT ( 'NONE',  ( 0.03085937188818547700, 0.4527916666666657000, -0.05344999999999999800 ) ) ;
#4848 = FACE_OUTER_BOUND ( 'NONE', #2662, .T. ) ;
#4849 = CARTESIAN_POINT ( 'NONE',  ( 0.01100000000000000300, 0.5349999999999999200, 0.04518019477602991400 ) ) ;
#4850 = CARTESIAN_POINT ( 'NONE',  ( 0.06171874377637098800, 0.4298749999999990600, -1.133717486677188400E-017 ) ) ;
#4851 = CARTESIAN_POINT ( 'NONE',  ( 0.0000000000000000000, 0.4579999999999990700, 0.05344999999999999800 ) ) ;
#4853 = FACE_OUTER_BOUND ( 'NONE', #2678, .T. ) ;
#4852 = CARTESIAN_POINT ( 'NONE',  ( 0.03085937188818552200, 0.4569583333333324100, 0.05344999999999998400 ) ) ;
#4854 = CARTESIAN_POINT ( 'NONE',  ( 0.04628905783227826900, 0.4559166666666657500, 0.02672499999999996400 ) ) ;
#4855 = CARTESIAN_POINT ( 'NONE',  ( -0.05345000000000005300, 0.2001249999999996100, -5.947471267943743000E-017 ) ) ;
#4856 = DIRECTION ( 'NONE',  ( 2.449212707644754500E-016, -1.000000000000000000, 0.0000000000000000000 ) ) ;
#4857 = CARTESIAN_POINT ( 'NONE',  ( 0.03085937188818547700, 0.4402916666666655800, -0.05344999999999999800 ) ) ;
#4858 = CYLINDRICAL_SURFACE ( 'NONE', #4859, 0.05345000000000005300 ) ;
#4859 = AXIS2_PLACEMENT_3D ( 'NONE', #4844, #4843, #4842 ) ;
#4860 = CARTESIAN_POINT ( 'NONE',  ( 0.04628905783227822700, 0.4413333333333323600, -0.02672500000000002300 ) ) ;
#4861 = DIRECTION ( 'NONE',  ( 1.000000000000000000, 2.449212707644754500E-016, 0.0000000000000000000 ) ) ;
#4862 = DIRECTION ( 'NONE',  ( 2.449212707644754500E-016, -1.000000000000000000, 0.0000000000000000000 ) ) ;
#4863 = CARTESIAN_POINT ( 'NONE',  ( 0.0000000000000000000, 0.0000000000000000000, 0.0000000000000000000 ) ) ;
#4864 = FACE_OUTER_BOUND ( 'NONE', #2687, .T. ) ;
#4865 = CARTESIAN_POINT ( 'NONE',  ( -6.545520961180605600E-018, 0.4392499999999990300, -0.05344999999999999800 ) ) ;
#4866 = CARTESIAN_POINT ( 'NONE',  ( -0.04628905783227824100, 0.4600833333333323400, 0.02672500000000000200 ) ) ;
#4867 = CARTESIAN_POINT ( 'NONE',  ( -0.03085937188818549000, 0.4590416666666657400, 0.05344999999999999800 ) ) ;
#4868 = CARTESIAN_POINT ( 'NONE',  ( 0.05345000000000005300, 0.1938749999999995800, 2.825048852273277400E-016 ) ) ;
#4869 = CARTESIAN_POINT ( 'NONE',  ( 0.05345000000000007400, 0.1933167725157680900, -0.01432188433544352000 ) ) ;
#4870 = CARTESIAN_POINT ( 'NONE',  ( 0.04628905783227801900, 0.1928333333333329100, -0.02672500000000038400 ) ) ;
#4871 = CARTESIAN_POINT ( 'NONE',  ( 0.03085937188818489000, 0.1917916666666662500, -0.05345000000000033800 ) ) ;
#4872 = CARTESIAN_POINT ( 'NONE',  ( -7.594977462698978600E-016, 0.1907499999999995900, -0.05344999999999999800 ) ) ;
#4873 = CARTESIAN_POINT ( 'NONE',  ( -0.03085937188818564300, 0.1897083333333329200, -0.05344999999999990000 ) ) ;
#4874 = CARTESIAN_POINT ( 'NONE',  ( -0.04628905783227840000, 0.1886666666666662300, -0.02672499999999972500 ) ) ;
#4875 = CARTESIAN_POINT ( 'NONE',  ( -0.05344999999999988600, 0.1881832274842311100, -0.01432188433544345400 ) ) ;
#4876 = CARTESIAN_POINT ( 'NONE',  ( -0.05344999999999995600, 0.1876249999999996300, -2.744986739050958400E-016 ) ) ;
#4877 = CARTESIAN_POINT ( 'NONE',  ( -0.04628905783227824100, 0.4350833333333323800, 0.02672500000000000200 ) ) ;
#4878 = CARTESIAN_POINT ( 'NONE',  ( -0.03085937188818551800, 0.4382083333333324200, -0.05344999999999998400 ) ) ;
#4879 =( BOUNDED_CURVE ( )  B_SPLINE_CURVE ( 2, ( #4876, #4875, #4874, #4873, #4872, #4871, #4870, #4869, #4868 ),
 .UNSPECIFIED., .F., .T. ) 
 B_SPLINE_CURVE_WITH_KNOTS ( ( 3, 2, 2, 2, 3 ),
 ( 0.3653846153846154700, 0.3675213675213675500, 0.3717948717948718100, 0.3760683760683761200, 0.3782051282051283000 ),
 .UNSPECIFIED. ) 
 CURVE ( )  GEOMETRIC_REPRESENTATION_ITEM ( )  RATIONAL_B_SPLINE_CURVE ( ( 0.9330127018922194100, 0.9330127018922210700, 1.000000000000000000, 0.8660254037844387100, 1.000000000000000000, 0.8660254037844387100, 1.000000000000000000, 0.9330127018922176300, 0.9330127018922194100 ) ) 
 REPRESENTATION_ITEM ( '' )  );
#4880 =( BOUNDED_CURVE ( )  B_SPLINE_CURVE ( 2, ( #4855, #4927, #4926, #4925, #4924, #4932, #4931, #4930, #4929 ),
 .UNSPECIFIED., .F., .F. ) 
 B_SPLINE_CURVE_WITH_KNOTS ( ( 3, 2, 2, 2, 3 ),
 ( 0.3910256410256411400, 0.3931623931623932100, 0.3974358974358974700, 0.4017094017094017300, 0.4038461538461539100 ),
 .UNSPECIFIED. ) 
 CURVE ( )  GEOMETRIC_REPRESENTATION_ITEM ( )  RATIONAL_B_SPLINE_CURVE ( ( 0.9330127018922194100, 0.9330127018922210700, 1.000000000000000000, 0.8660254037844387100, 1.000000000000000000, 0.8660254037844387100, 1.000000000000000000, 0.9330127018922185200, 0.9330127018922194100 ) ) 
 REPRESENTATION_ITEM ( '' )  );
#4881 = CYLINDRICAL_SURFACE ( 'NONE', #4928, 0.05345000000000005300 ) ;
#4882 = CARTESIAN_POINT ( 'NONE',  ( -0.04628905783227824800, 0.4371666666666657000, -0.02672499999999998500 ) ) ;
#4883 = CARTESIAN_POINT ( 'NONE',  ( -0.06171874377637098800, 0.4361249999999991000, 3.779058288923960300E-018 ) ) ;
#4884 = AXIS2_PLACEMENT_3D ( 'NONE', #4937, #4936, #4933 ) ;
#4885 = CARTESIAN_POINT ( 'NONE',  ( 0.04628905783227826900, 0.4434166666666656800, 0.02672499999999996400 ) ) ;
#4886 = CARTESIAN_POINT ( 'NONE',  ( 0.06171874377637098800, 0.4423749999999989600, -1.133717486677188400E-017 ) ) ;
#4887 =( BOUNDED_CURVE ( )  B_SPLINE_CURVE ( 2, ( #4922, #4921, #4920, #4919, #4918, #4917, #4916, #4915, #4914 ),
 .UNSPECIFIED., .F., .T. ) 
 B_SPLINE_CURVE_WITH_KNOTS ( ( 3, 2, 2, 2, 3 ),
 ( 0.4166666666666667400, 0.4188034188034188700, 0.4230769230769231300, 0.4273504273504273900, 0.4294871794871795700 ),
 .UNSPECIFIED. ) 
 CURVE ( )  GEOMETRIC_REPRESENTATION_ITEM ( )  RATIONAL_B_SPLINE_CURVE ( ( 0.9330127018922194100, 0.9330127018922203000, 1.000000000000000000, 0.8660254037844387100, 1.000000000000000000, 0.8660254037844387100, 1.000000000000000000, 0.9330127018922176300, 0.9330127018922194100 ) ) 
 REPRESENTATION_ITEM ( '' )  );
#4888 = CARTESIAN_POINT ( 'NONE',  ( 0.05344999999999996300, 0.2173749999999996000, -3.110984970924419600E-016 ) ) ;
#4889 = CARTESIAN_POINT ( 'NONE',  ( 0.05344999999999985900, 0.2168167725157680600, -0.01432188433544409100 ) ) ;
#4890 = CARTESIAN_POINT ( 'NONE',  ( 0.04628905783227782500, 0.2163333333333328800, -0.02672500000000072400 ) ) ;
#4891 = CARTESIAN_POINT ( 'NONE',  ( 0.03085937188818525500, 0.2152916666666662100, -0.05345000000000012900 ) ) ;
#4892 = CARTESIAN_POINT ( 'NONE',  ( -0.04628905783227824800, 0.4496666666666657700, -0.02672499999999998500 ) ) ;
#4893 = CARTESIAN_POINT ( 'NONE',  ( -3.928036959284855600E-016, 0.2142499999999995500, -0.05344999999999999800 ) ) ;
#4894 = CARTESIAN_POINT ( 'NONE',  ( -0.03085937188818604600, 0.2132083333333329200, -0.05344999999999967100 ) ) ;
#4895 = CARTESIAN_POINT ( 'NONE',  ( -0.04628905783227860200, 0.2121666666666662500, -0.02672499999999938800 ) ) ;
#4896 = CARTESIAN_POINT ( 'NONE',  ( -0.05344999999999999100, 0.2116832274842310700, -0.01432188433544306400 ) ) ;
#4897 = CARTESIAN_POINT ( 'NONE',  ( -0.05345000000000005300, 0.2111249999999996200, -5.947471267943743000E-017 ) ) ;
#4898 = CARTESIAN_POINT ( 'NONE',  ( 0.04628905783227826900, 0.4309166666666657300, 0.02672499999999996400 ) ) ;
#4899 =( BOUNDED_CURVE ( )  B_SPLINE_CURVE ( 2, ( #4897, #4896, #4895, #4894, #4893, #4891, #4890, #4889, #4888 ),
 .UNSPECIFIED., .F., .T. ) 
 B_SPLINE_CURVE_WITH_KNOTS ( ( 3, 2, 2, 2, 3 ),
 ( 0.3910256410256411400, 0.3931623931623932100, 0.3974358974358974700, 0.4017094017094017300, 0.4038461538461539100 ),
 .UNSPECIFIED. ) 
 CURVE ( )  GEOMETRIC_REPRESENTATION_ITEM ( )  RATIONAL_B_SPLINE_CURVE ( ( 0.9330127018922194100, 0.9330127018922210700, 1.000000000000000000, 0.8660254037844387100, 1.000000000000000000, 0.8660254037844387100, 1.000000000000000000, 0.9330127018922185200, 0.9330127018922194100 ) ) 
 REPRESENTATION_ITEM ( '' )  );
#4900 = CARTESIAN_POINT ( 'NONE',  ( 0.05345000000000005300, 0.2438749999999994800, 2.287488949209131700E-016 ) ) ;
#4901 = CARTESIAN_POINT ( 'NONE',  ( 0.05345000000000006000, 0.2433167725157679700, -0.01432188433544357600 ) ) ;
#4902 = CARTESIAN_POINT ( 'NONE',  ( 0.04628905783227799100, 0.2428333333333327900, -0.02672500000000042900 ) ) ;
#4903 = CARTESIAN_POINT ( 'NONE',  ( 0.03085937188818484200, 0.2417916666666661300, -0.05345000000000037200 ) ) ;
#4904 = CARTESIAN_POINT ( 'NONE',  ( -8.118619139593426700E-016, 0.2407499999999994600, -0.05344999999999999800 ) ) ;
#4905 = CARTESIAN_POINT ( 'NONE',  ( -0.03085937188818645800, 0.2397083333333328000, -0.05344999999999943500 ) ) ;
#4906 = CARTESIAN_POINT ( 'NONE',  ( -0.06171874377637098800, 0.4486249999999989400, 3.779058288923960300E-018 ) ) ;
#4907 = CARTESIAN_POINT ( 'NONE',  ( -0.05344999999999999800, 0.2366832274842310100, -0.01432188433544303400 ) ) ;
#4908 = CARTESIAN_POINT ( 'NONE',  ( -0.04628905783227824100, 0.4475833333333322800, 0.02672500000000000200 ) ) ;
#4909 = CARTESIAN_POINT ( 'NONE',  ( -0.05345000000000005300, 0.2361249999999995600, -3.088110081432327800E-017 ) ) ;
#4910 = CARTESIAN_POINT ( 'NONE',  ( 0.03085937188818405400, 0.2667916666666660900, -0.05345000000000083000 ) ) ;
#4911 = CARTESIAN_POINT ( 'NONE',  ( -8.380439978040651300E-016, 0.2657499999999994300, -0.05344999999999999800 ) ) ;
#4912 =( BOUNDED_CURVE ( )  B_SPLINE_CURVE ( 2, ( #4909, #4907, #3922, #3924, #3923, #4065, #4062, #4055, #4054 ),
 .UNSPECIFIED., .F., .T. ) 
 B_SPLINE_CURVE_WITH_KNOTS ( ( 3, 2, 2, 2, 3 ),
 ( 0.4423076923076924000, 0.4444444444444444800, 0.4487179487179487900, 0.4529914529914530500, 0.4551282051282052300 ),
 .UNSPECIFIED. ) 
 CURVE ( )  GEOMETRIC_REPRESENTATION_ITEM ( )  RATIONAL_B_SPLINE_CURVE ( ( 0.9330127018922194100, 0.9330127018922210700, 1.000000000000000000, 0.8660254037844387100, 1.000000000000000000, 0.8660254037844387100, 1.000000000000000000, 0.9330127018922176300, 0.9330127018922194100 ) ) 
 REPRESENTATION_ITEM ( '' )  );
#4913 = CARTESIAN_POINT ( 'NONE',  ( -0.03085937188818573000, 0.2647083333333327700, -0.05344999999999986600 ) ) ;
#4914 = CARTESIAN_POINT ( 'NONE',  ( 0.05345000000000005300, 0.2188749999999995400, 2.539112733622136200E-016 ) ) ;
#4915 = CARTESIAN_POINT ( 'NONE',  ( 0.05345000000000006000, 0.2183167725157680300, -0.01432188433544355100 ) ) ;
#4916 = CARTESIAN_POINT ( 'NONE',  ( 0.04628905783227801200, 0.2178333333333328500, -0.02672500000000040800 ) ) ;
#4917 = CARTESIAN_POINT ( 'NONE',  ( 0.03085937188818485900, 0.2167916666666661900, -0.05345000000000035100 ) ) ;
#4918 = CARTESIAN_POINT ( 'NONE',  ( -7.856798301146203200E-016, 0.2157499999999995300, -0.05344999999999999800 ) ) ;
#4919 = CARTESIAN_POINT ( 'NONE',  ( -0.03085937188818643800, 0.2147083333333328600, -0.05344999999999944900 ) ) ;
#4920 = CARTESIAN_POINT ( 'NONE',  ( -0.04628905783227841400, 0.2136666666666662000, -0.02672499999999970400 ) ) ;
#4921 = CARTESIAN_POINT ( 'NONE',  ( -0.05344999999999999100, 0.2131832274842310700, -0.01432188433544325100 ) ) ;
#4922 = CARTESIAN_POINT ( 'NONE',  ( -0.05344999999999996300, 0.2126249999999995900, 1.280993811557113900E-016 ) ) ;
#4923 = CARTESIAN_POINT ( 'NONE',  ( -0.03085937188818549000, 0.4340416666666657700, 0.05344999999999999800 ) ) ;
#4924 = CARTESIAN_POINT ( 'NONE',  ( -3.928036959284855600E-016, 0.2032499999999995700, -0.05344999999999999800 ) ) ;
#4925 = CARTESIAN_POINT ( 'NONE',  ( -0.03085937188818604600, 0.2022083333333328800, -0.05344999999999967100 ) ) ;
#4926 = CARTESIAN_POINT ( 'NONE',  ( -0.04628905783227860200, 0.2011666666666662400, -0.02672499999999938800 ) ) ;
#4927 = CARTESIAN_POINT ( 'NONE',  ( -0.05344999999999999100, 0.2006832274842311200, -0.01432188433544306400 ) ) ;
#4928 = AXIS2_PLACEMENT_3D ( 'NONE', #4863, #4862, #4861 ) ;
#4929 = CARTESIAN_POINT ( 'NONE',  ( 0.05344999999999996300, 0.2063749999999995600, -3.110984970924419600E-016 ) ) ;
#4930 = CARTESIAN_POINT ( 'NONE',  ( 0.05344999999999985900, 0.2058167725157680500, -0.01432188433544409100 ) ) ;
#4931 = CARTESIAN_POINT ( 'NONE',  ( 0.04628905783227782500, 0.2053333333333329000, -0.02672500000000072400 ) ) ;
#4932 = CARTESIAN_POINT ( 'NONE',  ( 0.03085937188818525500, 0.2042916666666662600, -0.05345000000000012900 ) ) ;
#4933 = DIRECTION ( 'NONE',  ( -1.000000000000000000, -2.449212707644754500E-016, 0.0000000000000000000 ) ) ;
#4934 = CARTESIAN_POINT ( 'NONE',  ( 1.694065894508600700E-017, 0.5349999999999999200, 0.04650000000000000000 ) ) ;
#4935 = LINE ( 'NONE', #4934, #4840 ) ;
#4936 = DIRECTION ( 'NONE',  ( -2.449212707644754500E-016, 1.000000000000000000, 0.0000000000000000000 ) ) ;
#4937 = CARTESIAN_POINT ( 'NONE',  ( 2.786369621145532900E-033, -1.137659302700989100E-017, 0.0000000000000000000 ) ) ;
#4938 = CONICAL_SURFACE ( 'NONE', #4884, 0.04645000000000002600, 0.7853981633974461700 ) ;
#4939 = DIRECTION ( 'NONE',  ( 1.000000000000000000, 2.449212707644754500E-016, 0.0000000000000000000 ) ) ;
#4940 = AXIS2_PLACEMENT_3D ( 'NONE', #4952, #4856, #4939 ) ;
#4941 = CARTESIAN_POINT ( 'NONE',  ( -0.03085937188818549000, 0.4465416666666656200, 0.05344999999999999800 ) ) ;
#4942 = CARTESIAN_POINT ( 'NONE',  ( 0.06171874377637098800, 0.4548749999999990300, -1.133717486677188400E-017 ) ) ;
#4943 = CARTESIAN_POINT ( 'NONE',  ( -0.03085937188818551800, 0.4632083333333324400, -0.05344999999999998400 ) ) ;
#4944 = CARTESIAN_POINT ( 'NONE',  ( -0.04628905783227842800, 0.2386666666666661400, -0.02672499999999968300 ) ) ;
#4945 = CARTESIAN_POINT ( 'NONE',  ( -0.04628905783227824800, 0.4621666666666656700, -0.02672499999999998500 ) ) ;
#4946 = CARTESIAN_POINT ( 'NONE',  ( -0.05344999999999989300, 0.2381832274842310100, -0.01432188433544340600 ) ) ;
#4947 = CARTESIAN_POINT ( 'NONE',  ( -0.06171874377637098800, 0.4611249999999990600, 3.779058288923960300E-018 ) ) ;
#4948 = CARTESIAN_POINT ( 'NONE',  ( -0.05344999999999994200, 0.2376249999999995300, -2.218864280732857500E-016 ) ) ;
#4949 =( BOUNDED_CURVE ( )  B_SPLINE_CURVE ( 2, ( #4948, #4946, #4944, #4905, #4904, #4903, #4902, #4901, #4900 ),
 .UNSPECIFIED., .F., .T. ) 
 B_SPLINE_CURVE_WITH_KNOTS ( ( 3, 2, 2, 2, 3 ),
 ( 0.4679487179487180600, 0.4700854700854701400, 0.4743589743589743900, 0.4786324786324787100, 0.4807692307692308900 ),
 .UNSPECIFIED. ) 
 CURVE ( )  GEOMETRIC_REPRESENTATION_ITEM ( )  RATIONAL_B_SPLINE_CURVE ( ( 0.9330127018922194100, 0.9330127018922210700, 1.000000000000000000, 0.8660254037844387100, 1.000000000000000000, 0.8660254037844387100, 1.000000000000000000, 0.9330127018922176300, 0.9330127018922194100 ) ) 
 REPRESENTATION_ITEM ( '' )  );
#4950 = CARTESIAN_POINT ( 'NONE',  ( 0.0000000000000000000, 0.4454999999999989500, 0.05344999999999999800 ) ) ;
#4951 = CARTESIAN_POINT ( 'NONE',  ( 0.03085937188818552200, 0.4444583333333322900, 0.05344999999999998400 ) ) ;
#4952 = CARTESIAN_POINT ( 'NONE',  ( 2.786369621145532900E-033, -1.137659302700989100E-017, 0.0000000000000000000 ) ) ;
#4953 = CIRCLE ( 'NONE', #4940, 0.04645000000000002600 ) ;
#4954 = CARTESIAN_POINT ( 'NONE',  ( 0.05344999999999994200, 0.2313749999999995500, 3.774356766195067500E-017 ) ) ;
#4955 = CARTESIAN_POINT ( 'NONE',  ( 0.05344999999999997000, 0.2308167725157679900, -0.01432188433544394200 ) ) ;
#4956 = CARTESIAN_POINT ( 'NONE',  ( 0.04628905783227781800, 0.2303333333333328300, -0.02672500000000074500 ) ) ;
#4957 = CARTESIAN_POINT ( 'NONE',  ( 0.03085937188818447000, 0.2292916666666661700, -0.05345000000000057300 ) ) ;
#4958 = CARTESIAN_POINT ( 'NONE',  ( -4.189857797732079600E-016, 0.2282499999999995100, -0.05344999999999999800 ) ) ;
#4959 = CARTESIAN_POINT ( 'NONE',  ( -0.03085937188818607000, 0.2272083333333328500, -0.05344999999999965800 ) ) ;
#4960 = CARTESIAN_POINT ( 'NONE',  ( -0.04628905783227860900, 0.2261666666666661800, -0.02672499999999936000 ) ) ;
#4961 = CARTESIAN_POINT ( 'NONE',  ( -0.05344999999999999800, 0.2256832274842310300, -0.01432188433544303400 ) ) ;
#4962 = CARTESIAN_POINT ( 'NONE',  ( -0.05345000000000005300, 0.2251249999999995500, -3.088110081432327800E-017 ) ) ;
#4963 = CARTESIAN_POINT ( 'NONE',  ( 0.03085937188818552200, 0.4319583333333323900, 0.05344999999999998400 ) ) ;
#4964 =( BOUNDED_CURVE ( )  B_SPLINE_CURVE ( 2, ( #4962, #4961, #4960, #4959, #4958, #4957, #4956, #4955, #4954 ),
 .UNSPECIFIED., .F., .T. ) 
 B_SPLINE_CURVE_WITH_KNOTS ( ( 3, 2, 2, 2, 3 ),
 ( 0.4423076923076924000, 0.4444444444444444800, 0.4487179487179487900, 0.4529914529914530500, 0.4551282051282052300 ),
 .UNSPECIFIED. ) 
 CURVE ( )  GEOMETRIC_REPRESENTATION_ITEM ( )  RATIONAL_B_SPLINE_CURVE ( ( 0.9330127018922194100, 0.9330127018922210700, 1.000000000000000000, 0.8660254037844387100, 1.000000000000000000, 0.8660254037844387100, 1.000000000000000000, 0.9330127018922176300, 0.9330127018922194100 ) ) 
 REPRESENTATION_ITEM ( '' )  );
#4965 = CARTESIAN_POINT ( 'NONE',  ( -0.04628905783227815800, 0.1115833333333331000, 0.02672500000000014800 ) ) ;
#4966 = CARTESIAN_POINT ( 'NONE',  ( -0.03085937188818516400, 0.1105416666666664300, 0.05345000000000018500 ) ) ;
#4967 = CARTESIAN_POINT ( 'NONE',  ( 1.047283353788896900E-016, 0.1094999999999997600, 0.05344999999999999800 ) ) ;
#4968 = CARTESIAN_POINT ( 'NONE',  ( 0.03085937188818575400, 0.1084583333333331200, 0.05344999999999984500 ) ) ;
#4969 = CARTESIAN_POINT ( 'NONE',  ( 0.04628905783227845600, 0.1074166666666664400, 0.02672499999999963400 ) ) ;
#4970 = CARTESIAN_POINT ( 'NONE',  ( 0.05345000000000000400, 0.1069332274842312700, 0.01432188433544338000 ) ) ;
#4971 = CARTESIAN_POINT ( 'NONE',  ( 0.05345000000000000400, 0.1063749999999998000, 8.578083559534244900E-017 ) ) ;
#4972 = CARTESIAN_POINT ( 'NONE',  ( -6.545520961180605600E-018, 0.4517499999999991000, -0.05344999999999999800 ) ) ;
#4973 = CARTESIAN_POINT ( 'NONE',  ( -0.03085937188818551800, 0.4507083333333323800, -0.05344999999999998400 ) ) ;
#4974 = CARTESIAN_POINT ( 'NONE',  ( -6.545520961180605600E-018, 0.4767499999999989500, -0.05344999999999999800 ) ) ;
#4975 = CARTESIAN_POINT ( 'NONE',  ( -0.03085937188818551800, 0.4757083333333322900, -0.05344999999999998400 ) ) ;
#4976 = CARTESIAN_POINT ( 'NONE',  ( -0.05345000000000001100, 0.1126249999999997800, -6.519343505246026400E-017 ) ) ;
#4977 = CARTESIAN_POINT ( 'NONE',  ( 0.05345000000000001100, 0.1063749999999998200, 8.578083559534244900E-017 ) ) ;
#4978 =( BOUNDED_CURVE ( )  B_SPLINE_CURVE ( 2, ( #4971, #4970, #4969, #4968, #4967, #4966, #4965, #5027, #5026 ),
 .UNSPECIFIED., .F., .T. ) 
 B_SPLINE_CURVE_WITH_KNOTS ( ( 3, 2, 2, 2, 3 ),
 ( 0.1987179487179487600, 0.2008547008547008600, 0.2051282051282051500, 0.2094017094017094300, 0.2115384615384615900 ),
 .UNSPECIFIED. ) 
 CURVE ( )  GEOMETRIC_REPRESENTATION_ITEM ( )  RATIONAL_B_SPLINE_CURVE ( ( 0.9330127018922194100, 0.9330127018922203000, 1.000000000000000000, 0.8660254037844387100, 1.000000000000000000, 0.8660254037844387100, 1.000000000000000000, 0.9330127018922185200, 0.9330127018922194100 ) ) 
 REPRESENTATION_ITEM ( '' )  );
#4979 = DIRECTION ( 'NONE',  ( 1.000000000000000000, 2.449212707644754500E-016, 0.0000000000000000000 ) ) ;
#4980 = DIRECTION ( 'NONE',  ( 2.449212707644754500E-016, -1.000000000000000000, 0.0000000000000000000 ) ) ;
#4981 = CARTESIAN_POINT ( 'NONE',  ( 0.0000000000000000000, 0.0000000000000000000, 0.0000000000000000000 ) ) ;
#4982 = AXIS2_PLACEMENT_3D ( 'NONE', #4981, #4980, #4979 ) ;
#4983 = CYLINDRICAL_SURFACE ( 'NONE', #4982, 0.05345000000000005300 ) ;
#4984 = CARTESIAN_POINT ( 'NONE',  ( 0.03085937188818552200, 0.4944583333333322200, 0.05344999999999998400 ) ) ;
#4985 = FACE_OUTER_BOUND ( 'NONE', #3443, .T. ) ;
#4986 = CARTESIAN_POINT ( 'NONE',  ( 0.04628905783227826900, 0.4934166666666655000, 0.02672499999999996400 ) ) ;
#4987 = DIRECTION ( 'NONE',  ( 2.449212707644754500E-016, -1.000000000000000000, 0.0000000000000000000 ) ) ;
#4989 = CARTESIAN_POINT ( 'NONE',  ( 0.06171874377637098800, 0.4923749999999989000, -1.133717486677188400E-017 ) ) ;
#4988 = VECTOR ( 'NONE', #4987, 39.37007874015748100 ) ;
#4990 = CARTESIAN_POINT ( 'NONE',  ( 0.04628905783227822700, 0.4913333333333322300, -0.02672500000000002300 ) ) ;
#4991 = CARTESIAN_POINT ( 'NONE',  ( 0.05345000000000005300, 1.309104192236122700E-017, 0.0000000000000000000 ) ) ;
#4992 = LINE ( 'NONE', #4991, #4988 ) ;
#4993 = CARTESIAN_POINT ( 'NONE',  ( 0.03085937188818547700, 0.4902916666666655200, -0.05344999999999999800 ) ) ;
#4994 = CARTESIAN_POINT ( 'NONE',  ( 0.05345000000000000400, 0.1298749999999997400, -1.155181919350611400E-016 ) ) ;
#4995 = CARTESIAN_POINT ( 'NONE',  ( 0.05345000000000000400, 0.1313749999999997100, -1.258118922065022500E-016 ) ) ;
#4996 = DIRECTION ( 'NONE',  ( 2.449212707644754500E-016, -1.000000000000000000, 0.0000000000000000000 ) ) ;
#4997 = VECTOR ( 'NONE', #4996, 39.37007874015748100 ) ;
#4998 = CARTESIAN_POINT ( 'NONE',  ( 0.05345000000000005300, 1.309104192236122700E-017, 0.0000000000000000000 ) ) ;
#4999 = LINE ( 'NONE', #4998, #4997 ) ;
#5000 = CARTESIAN_POINT ( 'NONE',  ( 0.05345000000000001100, 0.1173749999999998000, 8.578083559534244900E-017 ) ) ;
#5001 = CARTESIAN_POINT ( 'NONE',  ( -0.05345000000000000400, 0.1111249999999997900, 1.086557250874337600E-016 ) ) ;
#5002 = CARTESIAN_POINT ( 'NONE',  ( -0.05344999999999999800, 0.1105667725157682800, 0.01432188433544369700 ) ) ;
#5003 = CARTESIAN_POINT ( 'NONE',  ( -0.04628905783227816500, 0.1100833333333331200, 0.02672500000000013400 ) ) ;
#5004 = CARTESIAN_POINT ( 'NONE',  ( -0.03085937188818517800, 0.1090416666666664500, 0.05345000000000017800 ) ) ;
#5005 = CARTESIAN_POINT ( 'NONE',  ( 9.163729345652847400E-017, 0.1079999999999997900, 0.05344999999999999800 ) ) ;
#5006 = CARTESIAN_POINT ( 'NONE',  ( 0.03085937188818574700, 0.1069583333333331300, 0.05344999999999985200 ) ) ;
#5007 = CARTESIAN_POINT ( 'NONE',  ( 0.04628905783227844900, 0.1059166666666664600, 0.02672499999999964800 ) ) ;
#5008 = CARTESIAN_POINT ( 'NONE',  ( 0.05345000000000003900, 0.1054332274842313100, 0.01432188433544330300 ) ) ;
#5009 = CARTESIAN_POINT ( 'NONE',  ( 0.05345000000000000400, 0.1048749999999998200, -8.921206901915613300E-017 ) ) ;
#5010 = CARTESIAN_POINT ( 'NONE',  ( 0.05345000000000000400, 0.1048749999999998200, -8.921206901915613300E-017 ) ) ;
#5011 =( BOUNDED_CURVE ( )  B_SPLINE_CURVE ( 2, ( #5009, #5008, #5007, #5006, #5005, #5004, #5003, #5002, #5001 ),
 .UNSPECIFIED., .F., .T. ) 
 B_SPLINE_CURVE_WITH_KNOTS ( ( 3, 2, 2, 2, 3 ),
 ( 0.1730769230769231000, 0.1752136752136752300, 0.1794871794871795200, 0.1837606837606837700, 0.1858974358974359300 ),
 .UNSPECIFIED. ) 
 CURVE ( )  GEOMETRIC_REPRESENTATION_ITEM ( )  RATIONAL_B_SPLINE_CURVE ( ( 0.9330127018922194100, 0.9330127018922198500, 1.000000000000000000, 0.8660254037844387100, 1.000000000000000000, 0.8660254037844387100, 1.000000000000000000, 0.9330127018922189700, 0.9330127018922194100 ) ) 
 REPRESENTATION_ITEM ( '' )  );
#5012 = CARTESIAN_POINT ( 'NONE',  ( 0.04628905783227822700, 0.4788333333333322800, -0.02672500000000002300 ) ) ;
#5013 = CARTESIAN_POINT ( 'NONE',  ( 0.03085937188818547700, 0.4777916666666656200, -0.05344999999999999800 ) ) ;
#5014 = DIRECTION ( 'NONE',  ( 1.000000000000000000, 2.449212707644754500E-016, 0.0000000000000000000 ) ) ;
#5015 = DIRECTION ( 'NONE',  ( 2.449212707644754500E-016, -1.000000000000000000, 0.0000000000000000000 ) ) ;
#5016 = CARTESIAN_POINT ( 'NONE',  ( 0.0000000000000000000, 0.0000000000000000000, 0.0000000000000000000 ) ) ;
#5017 = AXIS2_PLACEMENT_3D ( 'NONE', #5016, #5015, #5014 ) ;
#5018 = CYLINDRICAL_SURFACE ( 'NONE', #5017, 0.05345000000000005300 ) ;
#5019 = CARTESIAN_POINT ( 'NONE',  ( -0.05345000000000000400, 0.1111249999999997900, 1.086557250874337600E-016 ) ) ;
#5020 = CARTESIAN_POINT ( 'NONE',  ( 0.06171874377637098800, 0.4673749999999990400, -1.133717486677188400E-017 ) ) ;
#5021 = FACE_OUTER_BOUND ( 'NONE', #3450, .T. ) ;
#5022 = DIRECTION ( 'NONE',  ( 2.449212707644754500E-016, -1.000000000000000000, 0.0000000000000000000 ) ) ;
#5023 = VECTOR ( 'NONE', #5022, 39.37007874015748100 ) ;
#5024 = CARTESIAN_POINT ( 'NONE',  ( -0.05345000000000005300, -1.309104192236122700E-017, 6.545520961180613300E-018 ) ) ;
#5025 = LINE ( 'NONE', #5024, #5023 ) ;
#5026 = CARTESIAN_POINT ( 'NONE',  ( -0.05345000000000000400, 0.1126249999999997800, -6.519343505246026400E-017 ) ) ;
#5027 = CARTESIAN_POINT ( 'NONE',  ( -0.05345000000000004600, 0.1120667725157682600, 0.01432188433544362100 ) ) ;
#5028 = CARTESIAN_POINT ( 'NONE',  ( -0.05344999999999995600, 0.1986249999999995800, -2.744986739050958400E-016 ) ) ;
#5029 = CARTESIAN_POINT ( 'NONE',  ( -0.05345000000000003200, 0.1980667725157680700, 0.01432188433544370600 ) ) ;
#5030 = CARTESIAN_POINT ( 'NONE',  ( -0.04628905783227824800, 0.4746666666666656300, -0.02672499999999998500 ) ) ;
#5031 = CARTESIAN_POINT ( 'NONE',  ( -0.04628905783227792900, 0.1975833333333329200, 0.02672500000000054300 ) ) ;
#5032 = CARTESIAN_POINT ( 'NONE',  ( -0.06171874377637098800, 0.4736249999999989600, 3.779058288923960300E-018 ) ) ;
#5033 = CARTESIAN_POINT ( 'NONE',  ( -0.03085937188818471000, 0.1965416666666662500, 0.05345000000000044900 ) ) ;
#5034 = CARTESIAN_POINT ( 'NONE',  ( 1.832745869130569500E-016, 0.1954999999999995900, 0.05344999999999999800 ) ) ;
#5035 = CARTESIAN_POINT ( 'NONE',  ( 0.03085937188818583000, 0.1944583333333329000, 0.05344999999999978900 ) ) ;
#5036 = CARTESIAN_POINT ( 'NONE',  ( 0.04628905783227849100, 0.1934166666666662600, 0.02672499999999956900 ) ) ;
#5037 = CARTESIAN_POINT ( 'NONE',  ( -0.04628905783227824100, 0.4725833333333323000, 0.02672500000000000200 ) ) ;
#5038 = CARTESIAN_POINT ( 'NONE',  ( 0.05344999999999992100, 0.1929332274842311400, 0.01432188433544327600 ) ) ;
#5039 = CARTESIAN_POINT ( 'NONE',  ( -0.03085937188818549000, 0.4715416666666656400, 0.05344999999999999800 ) ) ;
#5040 = CARTESIAN_POINT ( 'NONE',  ( 0.05344999999999994200, 0.1923749999999996000, 9.264330244296982800E-017 ) ) ;
#5041 = CARTESIAN_POINT ( 'NONE',  ( -6.545520961180605600E-018, 0.4642499999999990000, -0.05344999999999999800 ) ) ;
#5042 = CARTESIAN_POINT ( 'NONE',  ( 0.05345000000000005300, 0.1938749999999995800, 2.825048852273277400E-016 ) ) ;
#5043 = CARTESIAN_POINT ( 'NONE',  ( -0.05344999999999995600, 0.1986249999999995800, -2.744986739050958400E-016 ) ) ;
#5044 =( BOUNDED_CURVE ( )  B_SPLINE_CURVE ( 2, ( #5040, #5038, #5036, #5035, #5034, #5033, #5031, #5029, #5028 ),
 .UNSPECIFIED., .F., .T. ) 
 B_SPLINE_CURVE_WITH_KNOTS ( ( 3, 2, 2, 2, 3 ),
 ( 0.3525641025641026400, 0.3547008547008547200, 0.3589743589743590300, 0.3632478632478632900, 0.3653846153846154700 ),
 .UNSPECIFIED. ) 
 CURVE ( )  GEOMETRIC_REPRESENTATION_ITEM ( )  RATIONAL_B_SPLINE_CURVE ( ( 0.9330127018922194100, 0.9330127018922210700, 1.000000000000000000, 0.8660254037844387100, 1.000000000000000000, 0.8660254037844387100, 1.000000000000000000, 0.9330127018922176300, 0.9330127018922194100 ) ) 
 REPRESENTATION_ITEM ( '' )  );
#5045 = CARTESIAN_POINT ( 'NONE',  ( 0.0000000000000000000, 0.4704999999999989700, 0.05344999999999999800 ) ) ;
#5046 = DIRECTION ( 'NONE',  ( 1.000000000000000000, 2.449212707644754500E-016, 0.0000000000000000000 ) ) ;
#5047 = DIRECTION ( 'NONE',  ( 2.449212707644754500E-016, -1.000000000000000000, 0.0000000000000000000 ) ) ;
#5048 = CARTESIAN_POINT ( 'NONE',  ( 0.0000000000000000000, 0.0000000000000000000, 0.0000000000000000000 ) ) ;
#5049 = AXIS2_PLACEMENT_3D ( 'NONE', #5048, #5047, #5046 ) ;
#5050 = CYLINDRICAL_SURFACE ( 'NONE', #5049, 0.05345000000000005300 ) ;
#5051 = FACE_OUTER_BOUND ( 'NONE', #3489, .T. ) ;
#5052 = DIRECTION ( 'NONE',  ( 0.1736481776669307200, 0.9848077530122080200, 0.0000000000000000000 ) ) ;
#5053 = DIRECTION ( 'NONE',  ( 0.9848077530122080200, -0.1736481776669307200, -1.844780678529793300E-016 ) ) ;
#5054 = CARTESIAN_POINT ( 'NONE',  ( 0.01100000000000000500, 0.5349999999999999200, -0.01099999999999999900 ) ) ;
#5055 = AXIS2_PLACEMENT_3D ( 'NONE', #5054, #5053, #5052 ) ;
#5056 = PLANE ( 'NONE',  #5055 ) ;
#5057 = FACE_OUTER_BOUND ( 'NONE', #3480, .T. ) ;
#5058 = DIRECTION ( 'NONE',  ( 2.449212707644754500E-016, -1.000000000000000000, 0.0000000000000000000 ) ) ;
#5059 = VECTOR ( 'NONE', #5058, 39.37007874015748100 ) ;
#5061 = CARTESIAN_POINT ( 'NONE',  ( 0.04628905783227822700, 0.4663333333333323200, -0.02672500000000002300 ) ) ;
#5060 = CARTESIAN_POINT ( 'NONE',  ( 0.05345000000000005300, 1.309104192236122700E-017, 0.0000000000000000000 ) ) ;
#5062 = LINE ( 'NONE', #5060, #5059 ) ;
#5063 = CARTESIAN_POINT ( 'NONE',  ( -0.05344999999999995600, 0.1876249999999996300, -2.744986739050958400E-016 ) ) ;
#5064 = CARTESIAN_POINT ( 'NONE',  ( -0.05345000000000003200, 0.1870667725157681100, 0.01432188433544370600 ) ) ;
#5065 = CARTESIAN_POINT ( 'NONE',  ( -0.04628905783227792900, 0.1865833333333329100, 0.02672500000000054300 ) ) ;
#5066 = CARTESIAN_POINT ( 'NONE',  ( -0.03085937188818471000, 0.1855416666666662400, 0.05345000000000044900 ) ) ;
#5067 = CARTESIAN_POINT ( 'NONE',  ( 1.832745869130569500E-016, 0.1844999999999996100, 0.05344999999999999800 ) ) ;
#5068 = CARTESIAN_POINT ( 'NONE',  ( 0.03085937188818583000, 0.1834583333333329500, 0.05344999999999978900 ) ) ;
#5069 = CARTESIAN_POINT ( 'NONE',  ( 0.04628905783227849100, 0.1824166666666662800, 0.02672499999999956900 ) ) ;
#5070 = CARTESIAN_POINT ( 'NONE',  ( 0.05344999999999992100, 0.1819332274842311300, 0.01432188433544327600 ) ) ;
#5071 = CARTESIAN_POINT ( 'NONE',  ( 0.05344999999999994200, 0.1813749999999996500, 9.264330244296982800E-017 ) ) ;
#5072 = CARTESIAN_POINT ( 'NONE',  ( -6.545520961180605600E-018, 0.4892499999999989100, -0.05344999999999999800 ) ) ;
#5073 = CARTESIAN_POINT ( 'NONE',  ( -0.03085937188818551800, 0.4882083333333321900, -0.05344999999999998400 ) ) ;
#5074 = CARTESIAN_POINT ( 'NONE',  ( -0.04628905783227824800, 0.4871666666666655800, -0.02672499999999998500 ) ) ;
#5075 = CARTESIAN_POINT ( 'NONE',  ( -0.06171874377637098800, 0.4861249999999988600, 3.779058288923960300E-018 ) ) ;
#5076 = CARTESIAN_POINT ( 'NONE',  ( -0.04628905783227824100, 0.4850833333333322600, 0.02672500000000000200 ) ) ;
#5077 = CARTESIAN_POINT ( 'NONE',  ( -0.03085937188818549000, 0.4840416666666655400, 0.05344999999999999800 ) ) ;
#5078 =( BOUNDED_CURVE ( )  B_SPLINE_CURVE ( 2, ( #5071, #5070, #5069, #5068, #5067, #5066, #5065, #5064, #5063 ),
 .UNSPECIFIED., .F., .T. ) 
 B_SPLINE_CURVE_WITH_KNOTS ( ( 3, 2, 2, 2, 3 ),
 ( 0.3525641025641026400, 0.3547008547008547200, 0.3589743589743590300, 0.3632478632478632900, 0.3653846153846154700 ),
 .UNSPECIFIED. ) 
 CURVE ( )  GEOMETRIC_REPRESENTATION_ITEM ( )  RATIONAL_B_SPLINE_CURVE ( ( 0.9330127018922194100, 0.9330127018922210700, 1.000000000000000000, 0.8660254037844387100, 1.000000000000000000, 0.8660254037844387100, 1.000000000000000000, 0.9330127018922176300, 0.9330127018922194100 ) ) 
 REPRESENTATION_ITEM ( '' )  );
#5079 = DIRECTION ( 'NONE',  ( 1.000000000000000000, 2.449212707644754500E-016, 0.0000000000000000000 ) ) ;
#5080 = DIRECTION ( 'NONE',  ( 2.449212707644754500E-016, -1.000000000000000000, 0.0000000000000000000 ) ) ;
#5081 = CARTESIAN_POINT ( 'NONE',  ( 0.0000000000000000000, 0.0000000000000000000, 0.0000000000000000000 ) ) ;
#5082 = AXIS2_PLACEMENT_3D ( 'NONE', #5081, #5080, #5079 ) ;
#5083 = CYLINDRICAL_SURFACE ( 'NONE', #5082, 0.05345000000000005300 ) ;
#5084 = FACE_OUTER_BOUND ( 'NONE', #3465, .T. ) ;
#5085 = DIRECTION ( 'NONE',  ( 2.449212707644754500E-016, -1.000000000000000000, 0.0000000000000000000 ) ) ;
#5086 = VECTOR ( 'NONE', #5085, 39.37007874015748100 ) ;
#5087 = CARTESIAN_POINT ( 'NONE',  ( 0.05345000000000005300, 1.309104192236122700E-017, 0.0000000000000000000 ) ) ;
#5088 = LINE ( 'NONE', #5087, #5086 ) ;
#5089 = CARTESIAN_POINT ( 'NONE',  ( -0.05345000000000005300, 0.2001249999999996100, -5.947471267943743000E-017 ) ) ;
#5090 = CARTESIAN_POINT ( 'NONE',  ( -0.05345000000000005300, 0.1861249999999996500, -8.578083559534242500E-017 ) ) ;
#5091 = CARTESIAN_POINT ( 'NONE',  ( -0.05345000000000012900, 0.1855667725157681100, 0.01432188433544371600 ) ) ;
#5092 = CARTESIAN_POINT ( 'NONE',  ( -0.04628905783227812300, 0.1850833333333329600, 0.02672500000000020000 ) ) ;
#5093 = CARTESIAN_POINT ( 'NONE',  ( -0.03085937188818510200, 0.1840416666666663000, 0.05345000000000022600 ) ) ;
#5094 = CARTESIAN_POINT ( 'NONE',  ( 5.499686372544693000E-016, 0.1829999999999996400, 0.05344999999999999800 ) ) ;
#5095 = CARTESIAN_POINT ( 'NONE',  ( 0.03085937188818619800, 0.1819583333333329400, 0.05344999999999958800 ) ) ;
#5096 = CARTESIAN_POINT ( 'NONE',  ( 0.04628905783227828900, 0.1809166666666663100, 0.02672499999999990500 ) ) ;
#5097 = CARTESIAN_POINT ( 'NONE',  ( 0.05344999999999990700, 0.1804332274842311300, 0.01432188433544348900 ) ) ;
#5098 = CARTESIAN_POINT ( 'NONE',  ( 0.04628905783227826900, 0.4684166666666656500, 0.02672499999999996400 ) ) ;
#5099 = CARTESIAN_POINT ( 'NONE',  ( 0.05344999999999996300, 0.1798749999999996700, 1.086557250874337700E-016 ) ) ;
#5100 =( BOUNDED_CURVE ( )  B_SPLINE_CURVE ( 2, ( #5099, #5097, #5096, #5095, #5094, #5093, #5092, #5091, #5090 ),
 .UNSPECIFIED., .F., .T. ) 
 B_SPLINE_CURVE_WITH_KNOTS ( ( 3, 2, 2, 2, 3 ),
 ( 0.3269230769230769800, 0.3290598290598291100, 0.3333333333333333700, 0.3376068376068376300, 0.3397435897435898100 ),
 .UNSPECIFIED. ) 
 CURVE ( )  GEOMETRIC_REPRESENTATION_ITEM ( )  RATIONAL_B_SPLINE_CURVE ( ( 0.9330127018922194100, 0.9330127018922203000, 1.000000000000000000, 0.8660254037844387100, 1.000000000000000000, 0.8660254037844387100, 1.000000000000000000, 0.9330127018922176300, 0.9330127018922194100 ) ) 
 REPRESENTATION_ITEM ( '' )  );
#5101 = CARTESIAN_POINT ( 'NONE',  ( -0.05345000000000005300, 0.1501249999999996800, 2.287488949209131700E-016 ) ) ;
#5102 = CARTESIAN_POINT ( 'NONE',  ( -0.05344999999999993500, 0.1495667725157681600, 0.01432188433544363300 ) ) ;
#5103 = CARTESIAN_POINT ( 'NONE',  ( -0.04628905783227813700, 0.1490833333333330100, 0.02672500000000018300 ) ) ;
#5104 = CARTESIAN_POINT ( 'NONE',  ( -0.03085937188818512600, 0.1480416666666663800, 0.05345000000000021300 ) ) ;
#5105 = CARTESIAN_POINT ( 'NONE',  ( 5.237865534097468400E-016, 0.1469999999999996900, 0.05344999999999999800 ) ) ;
#5106 = CARTESIAN_POINT ( 'NONE',  ( 0.03085937188818617700, 0.1459583333333330200, 0.05344999999999959500 ) ) ;
#5107 = CARTESIAN_POINT ( 'NONE',  ( 0.04628905783227828300, 0.1449166666666663600, 0.02672499999999992900 ) ) ;
#5108 = CARTESIAN_POINT ( 'NONE',  ( 0.05345000000000001800, 0.1444332274842311800, 0.01432188433544334500 ) ) ;
#5109 = CARTESIAN_POINT ( 'NONE',  ( 0.05344999999999995600, 0.1438749999999997000, -2.344676172939360000E-016 ) ) ;
#5110 = CARTESIAN_POINT ( 'NONE',  ( 0.03085937188818547700, 0.4652916666666657200, -0.05344999999999999800 ) ) ;
#5111 =( BOUNDED_CURVE ( )  B_SPLINE_CURVE ( 2, ( #5109, #5108, #5107, #5106, #5105, #5104, #5103, #5102, #5101 ),
 .UNSPECIFIED., .F., .T. ) 
 B_SPLINE_CURVE_WITH_KNOTS ( ( 3, 2, 2, 2, 3 ),
 ( 0.2756410256410256600, 0.2777777777777777900, 0.2820512820512821000, 0.2863247863247863600, 0.2884615384615384900 ),
 .UNSPECIFIED. ) 
 CURVE ( )  GEOMETRIC_REPRESENTATION_ITEM ( )  RATIONAL_B_SPLINE_CURVE ( ( 0.9330127018922194100, 0.9330127018922194100, 1.000000000000000000, 0.8660254037844387100, 1.000000000000000000, 0.8660254037844387100, 1.000000000000000000, 0.9330127018922194100, 0.9330127018922194100 ) ) 
 REPRESENTATION_ITEM ( '' )  );
#5112 = CIRCLE ( 'NONE', #5160, 0.04650000000000000000 ) ;
#5113 = CARTESIAN_POINT ( 'NONE',  ( 0.05344999999999994200, 0.1923749999999996000, 9.264330244296982800E-017 ) ) ;
#5114 = DIRECTION ( 'NONE',  ( 2.449212707644754500E-016, -1.000000000000000000, 0.0000000000000000000 ) ) ;
#5115 = VECTOR ( 'NONE', #5114, 39.37007874015748100 ) ;
#5116 = CARTESIAN_POINT ( 'NONE',  ( -0.05345000000000005300, -1.309104192236122700E-017, 6.545520961180613300E-018 ) ) ;
#5117 = LINE ( 'NONE', #5116, #5115 ) ;
#5118 = CARTESIAN_POINT ( 'NONE',  ( -0.05345000000000005300, 0.2001249999999996100, -5.947471267943743000E-017 ) ) ;
#5119 = CARTESIAN_POINT ( 'NONE',  ( -0.05345000000000011500, 0.1995667725157680400, 0.01432188433544374400 ) ) ;
#5120 = CARTESIAN_POINT ( 'NONE',  ( -0.04628905783227811600, 0.1990833333333328900, 0.02672500000000022400 ) ) ;
#5121 = CARTESIAN_POINT ( 'NONE',  ( -0.03085937188818507400, 0.1980416666666662300, 0.05345000000000023300 ) ) ;
#5122 = CARTESIAN_POINT ( 'NONE',  ( 5.761507210991917600E-016, 0.1969999999999995600, 0.05344999999999999800 ) ) ;
#5123 = CARTESIAN_POINT ( 'NONE',  ( 0.03085937188818622900, 0.1959583333333329000, 0.05344999999999956700 ) ) ;
#5124 = CARTESIAN_POINT ( 'NONE',  ( 0.04628905783227868500, 0.1949166666666662400, 0.02672499999999922500 ) ) ;
#5125 = CARTESIAN_POINT ( 'NONE',  ( 0.05345000000000003200, 0.1944332274842310900, 0.01432188433544328600 ) ) ;
#5126 = CARTESIAN_POINT ( 'NONE',  ( 0.05345000000000005300, 0.1938749999999995800, 2.825048852273277400E-016 ) ) ;
#5127 =( BOUNDED_CURVE ( )  B_SPLINE_CURVE ( 2, ( #5126, #5125, #5124, #5123, #5122, #5121, #5120, #5119, #5118 ),
 .UNSPECIFIED., .F., .T. ) 
 B_SPLINE_CURVE_WITH_KNOTS ( ( 3, 2, 2, 2, 3 ),
 ( 0.3782051282051283000, 0.3803418803418803800, 0.3846153846153846400, 0.3888888888888889500, 0.3910256410256411400 ),
 .UNSPECIFIED. ) 
 CURVE ( )  GEOMETRIC_REPRESENTATION_ITEM ( )  RATIONAL_B_SPLINE_CURVE ( ( 0.9330127018922194100, 0.9330127018922210700, 1.000000000000000000, 0.8660254037844387100, 1.000000000000000000, 0.8660254037844387100, 1.000000000000000000, 0.9330127018922176300, 0.9330127018922194100 ) ) 
 REPRESENTATION_ITEM ( '' )  );
#5128 = DIRECTION ( 'NONE',  ( 2.449212707644754500E-016, -1.000000000000000000, 0.0000000000000000000 ) ) ;
#5129 = VECTOR ( 'NONE', #5128, 39.37007874015748100 ) ;
#5130 = CARTESIAN_POINT ( 'NONE',  ( 0.05345000000000005300, 1.309104192236122700E-017, 0.0000000000000000000 ) ) ;
#5131 = LINE ( 'NONE', #5130, #5129 ) ;
#5132 = DIRECTION ( 'NONE',  ( 2.449212707644754500E-016, -1.000000000000000000, 0.0000000000000000000 ) ) ;
#5133 = VECTOR ( 'NONE', #5132, 39.37007874015748100 ) ;
#5134 = CARTESIAN_POINT ( 'NONE',  ( -0.05345000000000005300, -1.309104192236122700E-017, 6.545520961180613300E-018 ) ) ;
#5135 = LINE ( 'NONE', #5134, #5133 ) ;
#5136 = DIRECTION ( 'NONE',  ( 2.449212707644754500E-016, -1.000000000000000000, 0.0000000000000000000 ) ) ;
#5137 = VECTOR ( 'NONE', #5136, 39.37007874015748100 ) ;
#5138 = CARTESIAN_POINT ( 'NONE',  ( -0.05345000000000005300, -1.309104192236122700E-017, 6.545520961180613300E-018 ) ) ;
#5139 = CARTESIAN_POINT ( 'NONE',  ( 0.04628905783227826900, 0.4809166666666656000, 0.02672499999999996400 ) ) ;
#5140 = CARTESIAN_POINT ( 'NONE',  ( 0.06171874377637098800, 0.4798749999999988900, -1.133717486677188400E-017 ) ) ;
#5141 = CARTESIAN_POINT ( 'NONE',  ( -0.05345000000000005300, 0.2361249999999995600, -3.088110081432327800E-017 ) ) ;
#5142 = CARTESIAN_POINT ( 'NONE',  ( -0.05345000000000011500, 0.2355667725157680200, 0.01432188433544377200 ) ) ;
#5143 = CARTESIAN_POINT ( 'NONE',  ( -0.04628905783227809500, 0.2350833333333328700, 0.02672500000000024500 ) ) ;
#5144 = CARTESIAN_POINT ( 'NONE',  ( -0.03085937188818505000, 0.2340416666666661800, 0.05345000000000024000 ) ) ;
#5145 = CARTESIAN_POINT ( 'NONE',  ( 6.023328049439142100E-016, 0.2329999999999995100, 0.05344999999999999800 ) ) ;
#5146 = CARTESIAN_POINT ( 'NONE',  ( 0.03085937188818625400, 0.2319583333333328500, 0.05344999999999956000 ) ) ;
#5147 = CARTESIAN_POINT ( 'NONE',  ( 0.04628905783227869900, 0.2309166666666661900, 0.02672499999999920400 ) ) ;
#5148 = CARTESIAN_POINT ( 'NONE',  ( 0.05345000000000003900, 0.2304332274842310300, 0.01432188433544325800 ) ) ;
#5149 = CARTESIAN_POINT ( 'NONE',  ( 0.05345000000000005300, 0.2298749999999995200, 2.539112733622136200E-016 ) ) ;
#5150 = LINE ( 'NONE', #5138, #5137 ) ;
#5151 = CARTESIAN_POINT ( 'NONE',  ( 0.05345000000000005300, 0.2298749999999995200, 2.539112733622136200E-016 ) ) ;
#5152 =( BOUNDED_CURVE ( )  B_SPLINE_CURVE ( 2, ( #5149, #5148, #5147, #5146, #5145, #5144, #5143, #5142, #5141 ),
 .UNSPECIFIED., .F., .T. ) 
 B_SPLINE_CURVE_WITH_KNOTS ( ( 3, 2, 2, 2, 3 ),
 ( 0.4294871794871795700, 0.4316239316239316400, 0.4358974358974359600, 0.4401709401709402200, 0.4423076923076924000 ),
 .UNSPECIFIED. ) 
 CURVE ( )  GEOMETRIC_REPRESENTATION_ITEM ( )  RATIONAL_B_SPLINE_CURVE ( ( 0.9330127018922194100, 0.9330127018922210700, 1.000000000000000000, 0.8660254037844387100, 1.000000000000000000, 0.8660254037844387100, 1.000000000000000000, 0.9330127018922176300, 0.9330127018922194100 ) ) 
 REPRESENTATION_ITEM ( '' )  );
#5153 = DIRECTION ( 'NONE',  ( -0.1710878697460358500, -0.9702875252478139200, 0.1710878697460358800 ) ) ;
#5154 = VECTOR ( 'NONE', #5153, 39.37007874015748100 ) ;
#5155 = CARTESIAN_POINT ( 'NONE',  ( 0.01200049050387611200, 0.5406740636053325400, -0.01200049050387610100 ) ) ;
#5156 = LINE ( 'NONE', #5155, #5154 ) ;
#5157 = DIRECTION ( 'NONE',  ( 0.0000000000000000000, 0.0000000000000000000, 1.000000000000000000 ) ) ;
#5158 = DIRECTION ( 'NONE',  ( 0.0000000000000000000, 1.000000000000000000, 0.0000000000000000000 ) ) ;
#5159 = CARTESIAN_POINT ( 'NONE',  ( 1.694065894508600700E-017, 0.5349999999999999200, 0.0000000000000000000 ) ) ;
#5160 = AXIS2_PLACEMENT_3D ( 'NONE', #5159, #5158, #5157 ) ;
#5161 = CARTESIAN_POINT ( 'NONE',  ( -0.05345000000000005300, 0.2111249999999996200, -5.947471267943743000E-017 ) ) ;
#5162 = CARTESIAN_POINT ( 'NONE',  ( -0.05345000000000011500, 0.2105667725157680500, 0.01432188433544374400 ) ) ;
#5163 = CARTESIAN_POINT ( 'NONE',  ( -0.04628905783227811600, 0.2100833333333329000, 0.02672500000000022400 ) ) ;
#5164 = CARTESIAN_POINT ( 'NONE',  ( -0.03085937188818507400, 0.2090416666666662400, 0.05345000000000023300 ) ) ;
#5165 = CARTESIAN_POINT ( 'NONE',  ( 5.761507210991917600E-016, 0.2079999999999995700, 0.05344999999999999800 ) ) ;
#5166 = CARTESIAN_POINT ( 'NONE',  ( 0.03085937188818622900, 0.2069583333333329100, 0.05344999999999956700 ) ) ;
#5167 = CARTESIAN_POINT ( 'NONE',  ( 0.04628905783227868500, 0.2059166666666662500, 0.02672499999999922500 ) ) ;
#5169 = CARTESIAN_POINT ( 'NONE',  ( 0.0000000000000000000, 0.4829999999999989300, 0.05344999999999999800 ) ) ;
#5168 = CARTESIAN_POINT ( 'NONE',  ( 0.05345000000000003200, 0.2054332274842310700, 0.01432188433544328600 ) ) ;
#5170 = CARTESIAN_POINT ( 'NONE',  ( 0.03085937188818552200, 0.4819583333333322100, 0.05344999999999998400 ) ) ;
#5171 = CARTESIAN_POINT ( 'NONE',  ( 0.05345000000000005300, 0.2048749999999996400, 2.825048852273277400E-016 ) ) ;
#5172 = CARTESIAN_POINT ( 'NONE',  ( -0.05344999999999996300, 0.2126249999999995900, 1.280993811557113900E-016 ) ) ;
#5173 = CARTESIAN_POINT ( 'NONE',  ( 0.01100000000000000500, 0.5349999999999999200, -0.01099999999999999900 ) ) ;
#5174 = DIRECTION ( 'NONE',  ( -1.000000000000000000, 0.0000000000000000000, 0.0000000000000000000 ) ) ;
#5175 = VECTOR ( 'NONE', #5174, 39.37007874015748100 ) ;
#5176 = CARTESIAN_POINT ( 'NONE',  ( 0.04518019477602992800, 0.5349999999999999200, -0.01099999999999999900 ) ) ;
#5177 = CARTESIAN_POINT ( 'NONE',  ( -0.05344999999999994200, 0.2376249999999995300, -2.218864280732857500E-016 ) ) ;
#5178 = CARTESIAN_POINT ( 'NONE',  ( -0.05345000000000001100, 0.2370667725157680200, 0.01432188433544375800 ) ) ;
#5179 = CARTESIAN_POINT ( 'NONE',  ( -0.04628905783227790100, 0.2365833333333328400, 0.02672500000000058900 ) ) ;
#5180 = CARTESIAN_POINT ( 'NONE',  ( -0.03085937188818466100, 0.2355416666666660900, 0.05345000000000047600 ) ) ;
#5181 = CARTESIAN_POINT ( 'NONE',  ( 9.952089391300489700E-016, 0.2344999999999994600, 0.05344999999999999800 ) ) ;
#5182 = CARTESIAN_POINT ( 'NONE',  ( 0.03085937188818552200, 0.4694583333333323100, 0.05344999999999998400 ) ) ;
#5183 = CARTESIAN_POINT ( 'NONE',  ( 0.03085937188818588600, 0.2334583333333328200, 0.05344999999999976900 ) ) ;
#5184 = CARTESIAN_POINT ( 'NONE',  ( 0.04628905783227851200, 0.2324166666666661600, 0.02672499999999952000 ) ) ;
#5185 = CARTESIAN_POINT ( 'NONE',  ( 0.05344999999999994200, 0.2319332274842310100, 0.01432188433544321800 ) ) ;
#5186 = CARTESIAN_POINT ( 'NONE',  ( 0.05344999999999994200, 0.2313749999999995500, 3.774356766195067500E-017 ) ) ;
#5187 = CARTESIAN_POINT ( 'NONE',  ( 0.05344999999999994200, 0.2313749999999995500, 3.774356766195067500E-017 ) ) ;
#5188 =( BOUNDED_CURVE ( )  B_SPLINE_CURVE ( 2, ( #5186, #5185, #5184, #5183, #5181, #5180, #5179, #5178, #5177 ),
 .UNSPECIFIED., .F., .T. ) 
 B_SPLINE_CURVE_WITH_KNOTS ( ( 3, 2, 2, 2, 3 ),
 ( 0.4551282051282052300, 0.4572649572649573100, 0.4615384615384615600, 0.4658119658119658800, 0.4679487179487180600 ),
 .UNSPECIFIED. ) 
 CURVE ( )  GEOMETRIC_REPRESENTATION_ITEM ( )  RATIONAL_B_SPLINE_CURVE ( ( 0.9330127018922194100, 0.9330127018922210700, 1.000000000000000000, 0.8660254037844387100, 1.000000000000000000, 0.8660254037844387100, 1.000000000000000000, 0.9330127018922176300, 0.9330127018922194100 ) ) 
 REPRESENTATION_ITEM ( '' )  );
#5189 = LINE ( 'NONE', #5176, #5175 ) ;
#5190 = CARTESIAN_POINT ( 'NONE',  ( -0.03085937188818688500, 0.2882083333333327300, -0.05344999999999919300 ) ) ;
#5191 = CARTESIAN_POINT ( 'NONE',  ( -0.04628905783227863600, 0.2871666666666660700, -0.02672499999999931900 ) ) ;
#5192 = CARTESIAN_POINT ( 'NONE',  ( -0.05345000000000019900, 0.2866832274842309200, -0.01432188433544304500 ) ) ;
#5193 = CARTESIAN_POINT ( 'NONE',  ( -0.05344999999999994200, 0.2861249999999994100, 5.364161585895414000E-016 ) ) ;
#5194 = CARTESIAN_POINT ( 'NONE',  ( -0.06171874377637098800, 0.4986249999999989900, 3.779058288923960300E-018 ) ) ;
#5195 = CARTESIAN_POINT ( 'NONE',  ( 0.04628905783227822700, 0.5038333333333322500, -0.02672500000000002300 ) ) ;
#5196 = CARTESIAN_POINT ( 'NONE',  ( 0.05344999999999994200, 0.3188749999999993500, 6.610843063214390500E-016 ) ) ;
#5198 = CARTESIAN_POINT ( 'NONE',  ( 0.05345000000000022600, 0.3183167725157677900, -0.01432188433544371600 ) ) ;
#5197 = CARTESIAN_POINT ( 'NONE',  ( -0.06466323014923809600, 0.01812499999999999500, 3.959350124971783400E-018 ) ) ;
#5200 = CARTESIAN_POINT ( 'NONE',  ( 0.04628905783227794900, 0.3178333333333326300, -0.02672500000000049800 ) ) ;
#5199 = CARTESIAN_POINT ( 'NONE',  ( -0.04849742261192856200, 0.01708333333333333200, 0.02800000000000000800 ) ) ;
#5201 = CARTESIAN_POINT ( 'NONE',  ( 0.03085937188818399500, 0.3167916666666660300, -0.05345000000000085100 ) ) ;
#5202 = CARTESIAN_POINT ( 'NONE',  ( -8.904081654935099400E-016, 0.3157499999999993100, -0.05344999999999999800 ) ) ;
#5203 = CARTESIAN_POINT ( 'NONE',  ( -0.03085937188818578500, 0.3147083333333326500, -0.05344999999999982400 ) ) ;
#5204 = CARTESIAN_POINT ( 'NONE',  ( -0.03085937188818601400, 0.1882083333333329200, -0.05344999999999969900 ) ) ;
#5205 = CARTESIAN_POINT ( 'NONE',  ( -0.04628905783227858100, 0.1871666666666662600, -0.02672499999999940900 ) ) ;
#5206 = CARTESIAN_POINT ( 'NONE',  ( -0.05344999999999997700, 0.1866832274842311100, -0.01432188433544309000 ) ) ;
#5207 = DIRECTION ( 'NONE',  ( 1.000000000000000000, 2.449212707644754500E-016, 0.0000000000000000000 ) ) ;
#5208 = DIRECTION ( 'NONE',  ( 2.449212707644754500E-016, -1.000000000000000000, 0.0000000000000000000 ) ) ;
#5209 = AXIS2_PLACEMENT_3D ( 'NONE', #5245, #5208, #5207 ) ;
#5210 =( BOUNDED_CURVE ( )  B_SPLINE_CURVE ( 2, ( #5278, #5277, #5276, #5275, #5274, #5273, #5272, #5271, #5270 ),
 .UNSPECIFIED., .F., .T. ) 
 B_SPLINE_CURVE_WITH_KNOTS ( ( 3, 2, 2, 2, 3 ),
 ( 0.4935897435897437200, 0.4957264957264958000, 0.5000000000000000000, 0.5042735042735043700, 0.5064102564102565000 ),
 .UNSPECIFIED. ) 
 CURVE ( )  GEOMETRIC_REPRESENTATION_ITEM ( )  RATIONAL_B_SPLINE_CURVE ( ( 0.9330127018922194100, 0.9330127018922219600, 1.000000000000000000, 0.8660254037844387100, 1.000000000000000000, 0.8660254037844387100, 1.000000000000000000, 0.9330127018922194100, 0.9330127018922194100 ) ) 
 REPRESENTATION_ITEM ( '' )  );
#5211 = CARTESIAN_POINT ( 'NONE',  ( -0.03233161507461903400, 0.01604166666666666200, 0.05600000000000000100 ) ) ;
#5212 = CARTESIAN_POINT ( 'NONE',  ( 0.0000000000000000000, 0.01500000000000000300, 0.05600000000000000800 ) ) ;
#5213 = CYLINDRICAL_SURFACE ( 'NONE', #5269, 0.05345000000000005300 ) ;
#5214 = FACE_OUTER_BOUND ( 'NONE', #2702, .T. ) ;
#5215 = DIRECTION ( 'NONE',  ( 1.000000000000000000, 2.449212707644754500E-016, 0.0000000000000000000 ) ) ;
#5216 = DIRECTION ( 'NONE',  ( 2.449212707644754500E-016, -1.000000000000000000, 0.0000000000000000000 ) ) ;
#5217 = CARTESIAN_POINT ( 'NONE',  ( 0.0000000000000000000, 0.0000000000000000000, 0.0000000000000000000 ) ) ;
#5218 = AXIS2_PLACEMENT_3D ( 'NONE', #5217, #5216, #5215 ) ;
#5219 = CARTESIAN_POINT ( 'NONE',  ( 0.05345000000000015700, 0.2923749999999994400, 7.262777413738992400E-016 ) ) ;
#5220 = CARTESIAN_POINT ( 'NONE',  ( 0.03233161507461902700, 0.02229166666666665100, -0.05600000000000000100 ) ) ;
#5221 = CARTESIAN_POINT ( 'NONE',  ( 0.05345000000000034400, 0.2918167725157678700, -0.01432188433544329500 ) ) ;
#5222 = CARTESIAN_POINT ( 'NONE',  ( -6.857795581405312900E-018, 0.02124999999999998800, -0.05600000000000000800 ) ) ;
#5223 = CARTESIAN_POINT ( 'NONE',  ( 0.04628905783227816500, 0.2913333333333327200, -0.02672500000000013400 ) ) ;
#5224 = CARTESIAN_POINT ( 'NONE',  ( 0.03085937188818441800, 0.2902916666666660600, -0.05345000000000060800 ) ) ;
#5226 = CARTESIAN_POINT ( 'NONE',  ( -4.713499474626528300E-016, 0.2892499999999994000, -0.05344999999999999800 ) ) ;
#5225 = CARTESIAN_POINT ( 'NONE',  ( -6.545520961180605600E-018, 0.5017499999999989200, -0.05344999999999999800 ) ) ;
#5227 = CARTESIAN_POINT ( 'NONE',  ( -0.03233161507461906900, 0.02020833333333332500, -0.05599999999999998700 ) ) ;
#5228 = CARTESIAN_POINT ( 'NONE',  ( -0.04849742261192856900, 0.01916666666666666200, -0.02799999999999999000 ) ) ;
#5229 =( BOUNDED_CURVE ( )  B_SPLINE_CURVE ( 2, ( #5247, #5206, #5205, #5204, #5260, #5259, #5258, #5257, #5256 ),
 .UNSPECIFIED., .F., .F. ) 
 B_SPLINE_CURVE_WITH_KNOTS ( ( 3, 2, 2, 2, 3 ),
 ( 0.3397435897435898100, 0.3418803418803418900, 0.3461538461538462000, 0.3504273504273504600, 0.3525641025641026400 ),
 .UNSPECIFIED. ) 
 CURVE ( )  GEOMETRIC_REPRESENTATION_ITEM ( )  RATIONAL_B_SPLINE_CURVE ( ( 0.9330127018922194100, 0.9330127018922210700, 1.000000000000000000, 0.8660254037844387100, 1.000000000000000000, 0.8660254037844387100, 1.000000000000000000, 0.9330127018922176300, 0.9330127018922194100 ) ) 
 REPRESENTATION_ITEM ( '' )  );
#5230 = FACE_OUTER_BOUND ( 'NONE', #2693, .T. ) ;
#5231 = CYLINDRICAL_SURFACE ( 'NONE', #5295, 0.05345000000000005300 ) ;
#5232 = FACE_OUTER_BOUND ( 'NONE', #2713, .T. ) ;
#5233 = CARTESIAN_POINT ( 'NONE',  ( 0.04849742261192858900, 0.02541666666666664300, 0.02799999999999996600 ) ) ;
#5234 = CARTESIAN_POINT ( 'NONE',  ( 0.06466323014923809600, 0.02437499999999998000, -1.187805037491535100E-017 ) ) ;
#5235 = CARTESIAN_POINT ( 'NONE',  ( 0.04849742261192855500, 0.02333333333333331700, -0.02800000000000002800 ) ) ;
#5237 =( BOUNDED_CURVE ( )  B_SPLINE_CURVE ( 2, ( #5305, #5304, #5303, #5302, #5301, #5300, #5299, #5298, #5297 ),
 .UNSPECIFIED., .F., .T. ) 
 B_SPLINE_CURVE_WITH_KNOTS ( ( 3, 2, 2, 2, 3 ),
 ( 0.8269230769230770900, 0.8290598290598291100, 0.8333333333333333700, 0.8376068376068377400, 0.8397435897435899800 ),
 .UNSPECIFIED. ) 
 CURVE ( )  GEOMETRIC_REPRESENTATION_ITEM ( )  RATIONAL_B_SPLINE_CURVE ( ( 0.9330127018922194100, 0.9330127018922228500, 1.000000000000000000, 0.8660254037844387100, 1.000000000000000000, 0.8660254037844387100, 1.000000000000000000, 0.9330127018922158600, 0.9330127018922194100 ) ) 
 REPRESENTATION_ITEM ( '' )  );
#5236 = CARTESIAN_POINT ( 'NONE',  ( -0.03085937188818551800, 0.5007083333333323100, -0.05344999999999998400 ) ) ;
#5238 = CARTESIAN_POINT ( 'NONE',  ( 0.05344999999999994200, 0.3688749999999991800, 6.084720604896289300E-016 ) ) ;
#5239 = CARTESIAN_POINT ( 'NONE',  ( 0.05345000000000022000, 0.3683167725157676700, -0.01432188433544376800 ) ) ;
#5240 = CARTESIAN_POINT ( 'NONE',  ( 0.04628905783227792900, 0.3678333333333325100, -0.02672500000000054300 ) ) ;
#5241 = CARTESIAN_POINT ( 'NONE',  ( 0.03085937188818395000, 0.3667916666666657900, -0.05345000000000088600 ) ) ;
#5242 = CARTESIAN_POINT ( 'NONE',  ( -9.427723331829548600E-016, 0.3657499999999991900, -0.05344999999999999800 ) ) ;
#5243 = CARTESIAN_POINT ( 'NONE',  ( -0.03085937188818583000, 0.3647083333333325800, -0.05344999999999978900 ) ) ;
#5244 = CARTESIAN_POINT ( 'NONE',  ( -0.04628905783227887200, 0.3636666666666658600, -0.02672499999999890900 ) ) ;
#5245 = CARTESIAN_POINT ( 'NONE',  ( 0.0000000000000000000, 0.0000000000000000000, 0.0000000000000000000 ) ) ;
#5246 = CYLINDRICAL_SURFACE ( 'NONE', #5209, 0.05345000000000005300 ) ;
#5247 = CARTESIAN_POINT ( 'NONE',  ( -0.05345000000000005300, 0.1861249999999996500, -8.578083559534242500E-017 ) ) ;
#5248 = CARTESIAN_POINT ( 'NONE',  ( 0.0000000000000000000, 0.4954999999999988300, 0.05344999999999999800 ) ) ;
#5249 = CARTESIAN_POINT ( 'NONE',  ( 0.03085937188818547700, 0.5027916666666655300, -0.05344999999999999800 ) ) ;
#5250 = CYLINDRICAL_SURFACE ( 'NONE', #5218, 0.05345000000000005300 ) ;
#5251 =( BOUNDED_CURVE ( )  B_SPLINE_CURVE ( 2, ( #5193, #5192, #5191, #5190, #5226, #5224, #5223, #5221, #5219 ),
 .UNSPECIFIED., .F., .T. ) 
 B_SPLINE_CURVE_WITH_KNOTS ( ( 3, 2, 2, 2, 3 ),
 ( 0.5448717948717949300, 0.5470085470085470600, 0.5512820512820513200, 0.5555555555555555800, 0.5576923076923078200 ),
 .UNSPECIFIED. ) 
 CURVE ( )  GEOMETRIC_REPRESENTATION_ITEM ( )  RATIONAL_B_SPLINE_CURVE ( ( 0.9330127018922194100, 0.9330127018922194100, 1.000000000000000000, 0.8660254037844387100, 1.000000000000000000, 0.8660254037844387100, 1.000000000000000000, 0.9330127018922158600, 0.9330127018922194100 ) ) 
 REPRESENTATION_ITEM ( '' )  );
#5252 = FACE_OUTER_BOUND ( 'NONE', #2766, .T. ) ;
#5253 = CARTESIAN_POINT ( 'NONE',  ( -0.04628905783227824100, 0.4975833333333323200, 0.02672500000000000200 ) ) ;
#5254 = CARTESIAN_POINT ( 'NONE',  ( 0.03085937188818552200, 0.5069583333333321800, 0.05344999999999998400 ) ) ;
#5255 = CARTESIAN_POINT ( 'NONE',  ( 0.04628905783227826900, 0.5059166666666655700, 0.02672499999999996400 ) ) ;
#5256 = CARTESIAN_POINT ( 'NONE',  ( 0.05344999999999994200, 0.1923749999999996000, 9.264330244296982800E-017 ) ) ;
#5257 = CARTESIAN_POINT ( 'NONE',  ( 0.05344999999999997000, 0.1918167725157681200, -0.01432188433544388400 ) ) ;
#5258 = CARTESIAN_POINT ( 'NONE',  ( 0.04628905783227783800, 0.1913333333333329400, -0.02672500000000070000 ) ) ;
#5259 = CARTESIAN_POINT ( 'NONE',  ( 0.03085937188818528600, 0.1902916666666662800, -0.05345000000000011500 ) ) ;
#5260 = CARTESIAN_POINT ( 'NONE',  ( -3.666216120837631000E-016, 0.1892499999999996400, -0.05344999999999999800 ) ) ;
#5261 = CARTESIAN_POINT ( 'NONE',  ( 0.0000000000000000000, 0.5079999999999989000, 0.05344999999999999800 ) ) ;
#5262 = CARTESIAN_POINT ( 'NONE',  ( -0.04628905783227884500, 0.3136666666666659800, -0.02672499999999895100 ) ) ;
#5263 = CARTESIAN_POINT ( 'NONE',  ( -0.05345000000000011500, 0.3131832274842307800, -0.01432188433544297000 ) ) ;
#5264 = CARTESIAN_POINT ( 'NONE',  ( -0.05344999999999995600, 0.3126249999999993200, 2.104489833272401100E-016 ) ) ;
#5265 =( BOUNDED_CURVE ( )  B_SPLINE_CURVE ( 2, ( #5264, #5263, #5262, #5203, #5202, #5201, #5200, #5198, #5196 ),
 .UNSPECIFIED., .F., .T. ) 
 B_SPLINE_CURVE_WITH_KNOTS ( ( 3, 2, 2, 2, 3 ),
 ( 0.6217948717948719200, 0.6239316239316240500, 0.6282051282051283000, 0.6324786324786325600, 0.6346153846153848000 ),
 .UNSPECIFIED. ) 
 CURVE ( )  GEOMETRIC_REPRESENTATION_ITEM ( )  RATIONAL_B_SPLINE_CURVE ( ( 0.9330127018922194100, 0.9330127018922210700, 1.000000000000000000, 0.8660254037844387100, 1.000000000000000000, 0.8660254037844387100, 1.000000000000000000, 0.9330127018922158600, 0.9330127018922194100 ) ) 
 REPRESENTATION_ITEM ( '' )  );
#5266 = DIRECTION ( 'NONE',  ( 1.000000000000000000, 2.449212707644754500E-016, 0.0000000000000000000 ) ) ;
#5267 = DIRECTION ( 'NONE',  ( 2.449212707644754500E-016, -1.000000000000000000, 0.0000000000000000000 ) ) ;
#5268 = CARTESIAN_POINT ( 'NONE',  ( 0.0000000000000000000, 0.0000000000000000000, 0.0000000000000000000 ) ) ;
#5269 = AXIS2_PLACEMENT_3D ( 'NONE', #5268, #5267, #5266 ) ;
#5270 = CARTESIAN_POINT ( 'NONE',  ( 0.05344999999999994200, 0.2563749999999994100, -7.342839526961312800E-016 ) ) ;
#5271 = CARTESIAN_POINT ( 'NONE',  ( 0.05344999999999974800, 0.2558167725157679500, -0.01432188433544431500 ) ) ;
#5272 = CARTESIAN_POINT ( 'NONE',  ( 0.04628905783227779700, 0.2553333333333327500, -0.02672500000000076900 ) ) ;
#5273 = CARTESIAN_POINT ( 'NONE',  ( 0.03085937188818444300, 0.2542916666666660800, -0.05345000000000060100 ) ) ;
#5274 = CARTESIAN_POINT ( 'NONE',  ( -4.451678636179303700E-016, 0.2532499999999994200, -0.05344999999999999800 ) ) ;
#5275 = CARTESIAN_POINT ( 'NONE',  ( -0.03085937188818610100, 0.2522083333333327600, -0.05344999999999964400 ) ) ;
#5276 = CARTESIAN_POINT ( 'NONE',  ( -0.04628905783227862300, 0.2511666666666660900, -0.02672499999999934000 ) ) ;
#5277 = CARTESIAN_POINT ( 'NONE',  ( -0.05344999999999990700, 0.2506832274842310000, -0.01432188433544317800 ) ) ;
#5278 = CARTESIAN_POINT ( 'NONE',  ( -0.05344999999999994200, 0.2501249999999994900, -1.967240496319853200E-016 ) ) ;
#5279 = CARTESIAN_POINT ( 'NONE',  ( -0.05344999999999992800, 0.3631832274842307600, -0.01432188433544326700 ) ) ;
#5280 = CARTESIAN_POINT ( 'NONE',  ( -0.05344999999999994200, 0.3626249999999992500, -4.815164238085220800E-016 ) ) ;
#5281 =( BOUNDED_CURVE ( )  B_SPLINE_CURVE ( 2, ( #5280, #5279, #5244, #5243, #5242, #5241, #5240, #5239, #5238 ),
 .UNSPECIFIED., .F., .T. ) 
 B_SPLINE_CURVE_WITH_KNOTS ( ( 3, 2, 2, 2, 3 ),
 ( 0.7243589743589745600, 0.7264957264957265800, 0.7307692307692308400, 0.7350427350427351000, 0.7371794871794873400 ),
 .UNSPECIFIED. ) 
 CURVE ( )  GEOMETRIC_REPRESENTATION_ITEM ( )  RATIONAL_B_SPLINE_CURVE ( ( 0.9330127018922194100, 0.9330127018922228500, 1.000000000000000000, 0.8660254037844387100, 1.000000000000000000, 0.8660254037844387100, 1.000000000000000000, 0.9330127018922158600, 0.9330127018922194100 ) ) 
 REPRESENTATION_ITEM ( '' )  );
#5282 = CARTESIAN_POINT ( 'NONE',  ( -0.06466323014923808200, 0.3181249999999993200, 7.286518755221975900E-016 ) ) ;
#5283 = CARTESIAN_POINT ( 'NONE',  ( 0.05344999999999994200, 0.2688749999999994200, -2.744986739050957900E-017 ) ) ;
#5284 = DIRECTION ( 'NONE',  ( 1.000000000000000000, 2.449212707644754500E-016, 0.0000000000000000000 ) ) ;
#5285 = DIRECTION ( 'NONE',  ( 2.449212707644754500E-016, -1.000000000000000000, 0.0000000000000000000 ) ) ;
#5286 = AXIS2_PLACEMENT_3D ( 'NONE', #5294, #5285, #5284 ) ;
#5287 = CARTESIAN_POINT ( 'NONE',  ( 0.05345000000000004600, 0.2683167725157679100, -0.01432188433544400800 ) ) ;
#5288 = CARTESIAN_POINT ( 'NONE',  ( 0.04628905783227797700, 0.2678333333333327600, -0.02672500000000045000 ) ) ;
#5289 = CYLINDRICAL_SURFACE ( 'NONE', #5286, 0.05345000000000005300 ) ;
#5290 = FACE_OUTER_BOUND ( 'NONE', #2728, .T. ) ;
#5291 = DIRECTION ( 'NONE',  ( 1.000000000000000000, 2.449212707644754500E-016, 0.0000000000000000000 ) ) ;
#5292 = DIRECTION ( 'NONE',  ( 2.449212707644754500E-016, -1.000000000000000000, 0.0000000000000000000 ) ) ;
#5293 = CARTESIAN_POINT ( 'NONE',  ( 0.0000000000000000000, 0.0000000000000000000, 0.0000000000000000000 ) ) ;
#5294 = CARTESIAN_POINT ( 'NONE',  ( 0.0000000000000000000, 0.0000000000000000000, 0.0000000000000000000 ) ) ;
#5295 = AXIS2_PLACEMENT_3D ( 'NONE', #5293, #5292, #5291 ) ;
#5296 = CARTESIAN_POINT ( 'NONE',  ( 0.06171874377637098800, 0.5048749999999988500, -1.133717486677188400E-017 ) ) ;
#5297 = CARTESIAN_POINT ( 'NONE',  ( 0.05345000000000015000, 0.4188749999999991600, 2.035865164796127200E-016 ) ) ;
#5298 = CARTESIAN_POINT ( 'NONE',  ( 0.05345000000000019900, 0.4183167725157676000, -0.01432188433544382200 ) ) ;
#5299 = CARTESIAN_POINT ( 'NONE',  ( 0.04628905783227790100, 0.4178333333333324500, -0.02672500000000058900 ) ) ;
#5300 = CARTESIAN_POINT ( 'NONE',  ( 0.03085937188818389800, 0.4167916666666658400, -0.05345000000000090700 ) ) ;
#5301 = CARTESIAN_POINT ( 'NONE',  ( -9.951365008723995700E-016, 0.4157499999999991200, -0.05344999999999999800 ) ) ;
#5302 = CARTESIAN_POINT ( 'NONE',  ( -0.03085937188818740200, 0.4147083333333324000, -0.05344999999999888700 ) ) ;
#5303 = CARTESIAN_POINT ( 'NONE',  ( -0.04628905783227890000, 0.4136666666666657400, -0.02672499999999886400 ) ) ;
#5304 = CARTESIAN_POINT ( 'NONE',  ( -0.05344999999999994200, 0.4131832274842305300, -0.01432188433544321000 ) ) ;
#5305 = CARTESIAN_POINT ( 'NONE',  ( -0.05344999999999994200, 0.4126249999999991300, -4.266166890275030500E-016 ) ) ;
#5306 = CARTESIAN_POINT ( 'NONE',  ( -0.04628905783227824800, 0.4996666666666656500, -0.02672499999999998500 ) ) ;
#5307 = CARTESIAN_POINT ( 'NONE',  ( -0.03085937188818549000, 0.4965416666666656600, 0.05344999999999999800 ) ) ;
#5308 = CARTESIAN_POINT ( 'NONE',  ( 0.0000000000000000000, 0.0000000000000000000, 0.0000000000000000000 ) ) ;
#5309 = LINE ( 'NONE', #5354, #5353 ) ;
#5310 = CYLINDRICAL_SURFACE ( 'NONE', #5357, 0.05345000000000005300 ) ;
#5311 = CARTESIAN_POINT ( 'NONE',  ( -0.05345000000000000400, 0.08762499999999984200, -9.264330244296985300E-017 ) ) ;
#5312 = CARTESIAN_POINT ( 'NONE',  ( -0.05345000000000004600, 0.08706677251576830400, 0.01432188433544359500 ) ) ;
#5313 = CARTESIAN_POINT ( 'NONE',  ( -0.04628905783227817200, 0.08658333333333315100, 0.02672500000000012000 ) ) ;
#5314 = CARTESIAN_POINT ( 'NONE',  ( -0.03085937188818519200, 0.08554166666666648800, 0.05345000000000015700 ) ) ;
#5315 = CARTESIAN_POINT ( 'NONE',  ( 7.854625153416727100E-017, 0.08449999999999982500, 0.05344999999999999800 ) ) ;
#5316 = CARTESIAN_POINT ( 'NONE',  ( 0.03085937188818573000, 0.08345833333333316200, 0.05344999999999986600 ) ) ;
#5317 = CARTESIAN_POINT ( 'NONE',  ( 0.04628905783227843500, 0.08241666666666648500, 0.02672499999999965500 ) ) ;
#5318 = CARTESIAN_POINT ( 'NONE',  ( 0.05345000000000003900, 0.08193322748423131900, 0.01432188433544331500 ) ) ;
#5319 = CARTESIAN_POINT ( 'NONE',  ( 0.05345000000000000400, 0.08137499999999982200, -7.663087979850590700E-017 ) ) ;
#5320 =( BOUNDED_CURVE ( )  B_SPLINE_CURVE ( 2, ( #5319, #5318, #5317, #5316, #5315, #5314, #5313, #5312, #5311 ),
 .UNSPECIFIED., .F., .T. ) 
 B_SPLINE_CURVE_WITH_KNOTS ( ( 3, 2, 2, 2, 3 ),
 ( 0.1474358974358974700, 0.1495726495726496000, 0.1538461538461538500, 0.1581196581196581400, 0.1602564102564103000 ),
 .UNSPECIFIED. ) 
 CURVE ( )  GEOMETRIC_REPRESENTATION_ITEM ( )  RATIONAL_B_SPLINE_CURVE ( ( 0.9330127018922194100, 0.9330127018922198500, 1.000000000000000000, 0.8660254037844387100, 1.000000000000000000, 0.8660254037844387100, 1.000000000000000000, 0.9330127018922185200, 0.9330127018922194100 ) ) 
 REPRESENTATION_ITEM ( '' )  );
#5321 = FACE_OUTER_BOUND ( 'NONE', #3533, .T. ) ;
#5322 = CARTESIAN_POINT ( 'NONE',  ( -0.05345000000000005300, 0.2111249999999996200, -5.947471267943743000E-017 ) ) ;
#5323 = DIRECTION ( 'NONE',  ( 2.449212707644754500E-016, -1.000000000000000000, 0.0000000000000000000 ) ) ;
#5324 = VECTOR ( 'NONE', #5323, 39.37007874015748100 ) ;
#5325 = CARTESIAN_POINT ( 'NONE',  ( -0.05345000000000005300, -1.309104192236122700E-017, 6.545520961180613300E-018 ) ) ;
#5326 = LINE ( 'NONE', #5325, #5324 ) ;
#5327 = DIRECTION ( 'NONE',  ( 2.449212707644754500E-016, -1.000000000000000000, 0.0000000000000000000 ) ) ;
#5328 = VECTOR ( 'NONE', #5327, 39.37007874015748100 ) ;
#5329 = CARTESIAN_POINT ( 'NONE',  ( 0.05345000000000005300, 1.309104192236122700E-017, 0.0000000000000000000 ) ) ;
#5330 = LINE ( 'NONE', #5329, #5328 ) ;
#5331 = CARTESIAN_POINT ( 'NONE',  ( 0.05345000000000005300, 0.2048749999999996400, 2.825048852273277400E-016 ) ) ;
#5332 = CARTESIAN_POINT ( 'NONE',  ( -0.05345000000000005300, -1.309104192236122700E-017, 6.545520961180613300E-018 ) ) ;
#5333 = LINE ( 'NONE', #5332, #5378 ) ;
#5334 = CARTESIAN_POINT ( 'NONE',  ( -0.05345000000000000400, 0.1251249999999997600, 1.361055924779433400E-016 ) ) ;
#5335 = CARTESIAN_POINT ( 'NONE',  ( -0.05344999999999998400, 0.1245667725157682300, 0.01432188433544372500 ) ) ;
#5336 = CARTESIAN_POINT ( 'NONE',  ( -0.04628905783227814400, 0.1240833333333330700, 0.02672500000000016200 ) ) ;
#5337 = CARTESIAN_POINT ( 'NONE',  ( -0.03085937188818515700, 0.1230416666666664100, 0.05345000000000018500 ) ) ;
#5338 = CARTESIAN_POINT ( 'NONE',  ( 4.976044695650244900E-016, 0.1219999999999997300, 0.05344999999999999800 ) ) ;
#5339 = CARTESIAN_POINT ( 'NONE',  ( 0.03085937188818577100, 0.1209583333333330700, 0.05344999999999983100 ) ) ;
#5340 = CARTESIAN_POINT ( 'NONE',  ( 0.04628905783227845600, 0.1199166666666664100, 0.02672499999999962400 ) ) ;
#5341 = CARTESIAN_POINT ( 'NONE',  ( 0.05345000000000005300, 0.1194332274842312400, 0.01432188433544327600 ) ) ;
#5342 = CARTESIAN_POINT ( 'NONE',  ( 0.05345000000000000400, 0.1188749999999997400, -1.155181919350611400E-016 ) ) ;
#5343 = CARTESIAN_POINT ( 'NONE',  ( -0.05345000000000000400, 0.1251249999999997600, 1.361055924779433400E-016 ) ) ;
#5344 = CARTESIAN_POINT ( 'NONE',  ( 0.05345000000000000400, 0.1188749999999997400, -1.155181919350611400E-016 ) ) ;
#5345 =( BOUNDED_CURVE ( )  B_SPLINE_CURVE ( 2, ( #5342, #5341, #5340, #5339, #5338, #5337, #5336, #5335, #5334 ),
 .UNSPECIFIED., .F., .T. ) 
 B_SPLINE_CURVE_WITH_KNOTS ( ( 3, 2, 2, 2, 3 ),
 ( 0.2243589743589743900, 0.2264957264957265200, 0.2307692307692307800, 0.2350427350427350700, 0.2371794871794872300 ),
 .UNSPECIFIED. ) 
 CURVE ( )  GEOMETRIC_REPRESENTATION_ITEM ( )  RATIONAL_B_SPLINE_CURVE ( ( 0.9330127018922194100, 0.9330127018922198500, 1.000000000000000000, 0.8660254037844387100, 1.000000000000000000, 0.8660254037844387100, 1.000000000000000000, 0.9330127018922189700, 0.9330127018922194100 ) ) 
 REPRESENTATION_ITEM ( '' )  );
#5346 = DIRECTION ( 'NONE',  ( 1.000000000000000000, 2.449212707644754500E-016, 0.0000000000000000000 ) ) ;
#5347 = DIRECTION ( 'NONE',  ( 2.449212707644754500E-016, -1.000000000000000000, 0.0000000000000000000 ) ) ;
#5348 = CARTESIAN_POINT ( 'NONE',  ( 0.0000000000000000000, 0.0000000000000000000, 0.0000000000000000000 ) ) ;
#5349 = AXIS2_PLACEMENT_3D ( 'NONE', #5348, #5347, #5346 ) ;
#5350 = CYLINDRICAL_SURFACE ( 'NONE', #5349, 0.05345000000000005300 ) ;
#5351 = FACE_OUTER_BOUND ( 'NONE', #3536, .T. ) ;
#5352 = DIRECTION ( 'NONE',  ( 2.449212707644754500E-016, -1.000000000000000000, 0.0000000000000000000 ) ) ;
#5353 = VECTOR ( 'NONE', #5352, 39.37007874015748100 ) ;
#5354 = CARTESIAN_POINT ( 'NONE',  ( 0.05345000000000005300, 1.309104192236122700E-017, 0.0000000000000000000 ) ) ;
#5355 = DIRECTION ( 'NONE',  ( 1.000000000000000000, 2.449212707644754500E-016, 0.0000000000000000000 ) ) ;
#5356 = DIRECTION ( 'NONE',  ( 2.449212707644754500E-016, -1.000000000000000000, 0.0000000000000000000 ) ) ;
#5357 = AXIS2_PLACEMENT_3D ( 'NONE', #5308, #5356, #5355 ) ;
#5358 = CARTESIAN_POINT ( 'NONE',  ( 0.04628905783227828300, 0.1559166666666663400, 0.02672499999999992900 ) ) ;
#5359 = CARTESIAN_POINT ( 'NONE',  ( 0.05345000000000001800, 0.1554332274842311600, 0.01432188433544334500 ) ) ;
#5360 = CARTESIAN_POINT ( 'NONE',  ( 0.05344999999999995600, 0.1548749999999996800, -2.344676172939360000E-016 ) ) ;
#5361 = FACE_OUTER_BOUND ( 'NONE', #3403, .T. ) ;
#5362 = CARTESIAN_POINT ( 'NONE',  ( 0.05344999999999995600, 0.1548749999999996800, -2.344676172939360000E-016 ) ) ;
#5363 =( BOUNDED_CURVE ( )  B_SPLINE_CURVE ( 2, ( #5360, #5359, #5358, #5408, #5407, #5406, #5405, #5404, #5403 ),
 .UNSPECIFIED., .F., .T. ) 
 B_SPLINE_CURVE_WITH_KNOTS ( ( 3, 2, 2, 2, 3 ),
 ( 0.2756410256410256600, 0.2777777777777777900, 0.2820512820512821000, 0.2863247863247863600, 0.2884615384615384900 ),
 .UNSPECIFIED. ) 
 CURVE ( )  GEOMETRIC_REPRESENTATION_ITEM ( )  RATIONAL_B_SPLINE_CURVE ( ( 0.9330127018922194100, 0.9330127018922194100, 1.000000000000000000, 0.8660254037844387100, 1.000000000000000000, 0.8660254037844387100, 1.000000000000000000, 0.9330127018922194100, 0.9330127018922194100 ) ) 
 REPRESENTATION_ITEM ( '' )  );
#5364 = CARTESIAN_POINT ( 'NONE',  ( -0.05345000000000000400, 0.1376249999999996900, 3.305421531607195200E-016 ) ) ;
#5365 = CARTESIAN_POINT ( 'NONE',  ( -0.05344999999999994200, 0.1370667725157681800, 0.01432188433544382400 ) ) ;
#5366 = CARTESIAN_POINT ( 'NONE',  ( -0.04628905783227814400, 0.1365833333333330300, 0.02672500000000016900 ) ) ;
#5367 = CARTESIAN_POINT ( 'NONE',  ( -0.03085937188818514000, 0.1355416666666663900, 0.05345000000000019900 ) ) ;
#5368 = CARTESIAN_POINT ( 'NONE',  ( 5.106955114873856200E-016, 0.1344999999999997300, 0.05344999999999999800 ) ) ;
#5369 = CARTESIAN_POINT ( 'NONE',  ( 0.03085937188818578500, 0.1334583333333330400, 0.05344999999999982400 ) ) ;
#5370 = CARTESIAN_POINT ( 'NONE',  ( 0.04628905783227846300, 0.1324166666666663800, 0.02672499999999961400 ) ) ;
#5371 = CARTESIAN_POINT ( 'NONE',  ( 0.05345000000000006700, 0.1319332274842312200, 0.01432188433544326500 ) ) ;
#5372 = CARTESIAN_POINT ( 'NONE',  ( 0.05345000000000000400, 0.1313749999999997100, -1.258118922065022300E-016 ) ) ;
#5373 = CARTESIAN_POINT ( 'NONE',  ( -0.05345000000000005300, 0.1611249999999996600, 2.287488949209131700E-016 ) ) ;
#5374 = CARTESIAN_POINT ( 'NONE',  ( -0.05345000000000000400, 0.1376249999999996900, 3.305421531607195200E-016 ) ) ;
#5375 =( BOUNDED_CURVE ( )  B_SPLINE_CURVE ( 2, ( #5372, #5371, #5370, #5369, #5368, #5367, #5366, #5365, #5364 ),
 .UNSPECIFIED., .F., .T. ) 
 B_SPLINE_CURVE_WITH_KNOTS ( ( 3, 2, 2, 2, 3 ),
 ( 0.2500000000000000600, 0.2521367521367521800, 0.2564102564102564400, 0.2606837606837607000, 0.2628205128205128300 ),
 .UNSPECIFIED. ) 
 CURVE ( )  GEOMETRIC_REPRESENTATION_ITEM ( )  RATIONAL_B_SPLINE_CURVE ( ( 0.9330127018922194100, 0.9330127018922198500, 1.000000000000000000, 0.8660254037844387100, 1.000000000000000000, 0.8660254037844387100, 1.000000000000000000, 0.9330127018922194100, 0.9330127018922194100 ) ) 
 REPRESENTATION_ITEM ( '' )  );
#5376 = CARTESIAN_POINT ( 'NONE',  ( -0.05345000000000001100, 0.1236249999999998000, -6.519343505246026400E-017 ) ) ;
#5377 = DIRECTION ( 'NONE',  ( 2.449212707644754500E-016, -1.000000000000000000, 0.0000000000000000000 ) ) ;
#5378 = VECTOR ( 'NONE', #5377, 39.37007874015748100 ) ;
#5379 = CARTESIAN_POINT ( 'NONE',  ( 0.05344999999999996300, 0.1798749999999996500, 1.086557250874337700E-016 ) ) ;
#5380 = DIRECTION ( 'NONE',  ( 2.449212707644754500E-016, -1.000000000000000000, 0.0000000000000000000 ) ) ;
#5381 = VECTOR ( 'NONE', #5380, 39.37007874015748100 ) ;
#5382 = CARTESIAN_POINT ( 'NONE',  ( -0.05345000000000005300, -1.309104192236122700E-017, 6.545520961180613300E-018 ) ) ;
#5383 = LINE ( 'NONE', #5382, #5381 ) ;
#5384 = CARTESIAN_POINT ( 'NONE',  ( -0.05345000000000000400, 0.1486249999999997000, 3.305421531607195200E-016 ) ) ;
#5385 = DIRECTION ( 'NONE',  ( 2.449212707644754500E-016, -1.000000000000000000, 0.0000000000000000000 ) ) ;
#5386 = VECTOR ( 'NONE', #5385, 39.37007874015748100 ) ;
#5387 = CARTESIAN_POINT ( 'NONE',  ( -0.05345000000000005300, -1.309104192236122700E-017, 6.545520961180613300E-018 ) ) ;
#5388 = LINE ( 'NONE', #5387, #5386 ) ;
#5389 = CARTESIAN_POINT ( 'NONE',  ( -0.05345000000000005300, 0.1501249999999996800, 2.287488949209131700E-016 ) ) ;
#5390 = CARTESIAN_POINT ( 'NONE',  ( 0.05344999999999995600, 0.1438749999999997000, -2.344676172939360000E-016 ) ) ;
#5391 = DIRECTION ( 'NONE',  ( 2.449212707644754500E-016, -1.000000000000000000, 0.0000000000000000000 ) ) ;
#5392 = VECTOR ( 'NONE', #5391, 39.37007874015748100 ) ;
#5393 = CARTESIAN_POINT ( 'NONE',  ( -0.05345000000000005300, -1.309104192236122700E-017, 6.545520961180613300E-018 ) ) ;
#5394 = LINE ( 'NONE', #5393, #5392 ) ;
#5395 = CARTESIAN_POINT ( 'NONE',  ( -0.05344999999999994200, 0.1626249999999996900, -3.019485412956054000E-016 ) ) ;
#5396 = CARTESIAN_POINT ( 'NONE',  ( 0.05344999999999994200, 0.1563749999999996800, 1.166619364096657200E-016 ) ) ;
#5397 = DIRECTION ( 'NONE',  ( 1.000000000000000000, 2.449212707644754500E-016, 0.0000000000000000000 ) ) ;
#5398 = DIRECTION ( 'NONE',  ( 2.449212707644754500E-016, -1.000000000000000000, 0.0000000000000000000 ) ) ;
#5399 = CARTESIAN_POINT ( 'NONE',  ( 0.0000000000000000000, 0.0000000000000000000, 0.0000000000000000000 ) ) ;
#5400 = AXIS2_PLACEMENT_3D ( 'NONE', #5399, #5398, #5397 ) ;
#5401 = CARTESIAN_POINT ( 'NONE',  ( -0.05344999999999994200, 0.1736249999999997000, -3.019485412956054000E-016 ) ) ;
#5402 = CYLINDRICAL_SURFACE ( 'NONE', #5400, 0.05345000000000005300 ) ;
#5403 = CARTESIAN_POINT ( 'NONE',  ( -0.05345000000000005300, 0.1611249999999996600, 2.287488949209131700E-016 ) ) ;
#5404 = CARTESIAN_POINT ( 'NONE',  ( -0.05344999999999993500, 0.1605667725157681700, 0.01432188433544363300 ) ) ;
#5405 = CARTESIAN_POINT ( 'NONE',  ( -0.04628905783227813700, 0.1600833333333330200, 0.02672500000000018300 ) ) ;
#5406 = CARTESIAN_POINT ( 'NONE',  ( -0.03085937188818512600, 0.1590416666666663600, 0.05345000000000021300 ) ) ;
#5407 = CARTESIAN_POINT ( 'NONE',  ( 5.237865534097468400E-016, 0.1579999999999997000, 0.05344999999999999800 ) ) ;
#5408 = CARTESIAN_POINT ( 'NONE',  ( 0.03085937188818617700, 0.1569583333333330300, 0.05344999999999959500 ) ) ;
#5409 = CARTESIAN_POINT ( 'NONE',  ( -0.05344999999999994200, 0.1626249999999996900, -3.019485412956054000E-016 ) ) ;
#5410 = CARTESIAN_POINT ( 'NONE',  ( -0.05345000000000003200, 0.1620667725157681500, 0.01432188433544368000 ) ) ;
#5411 = CARTESIAN_POINT ( 'NONE',  ( -0.04628905783227794300, 0.1615833333333329700, 0.02672500000000051900 ) ) ;
#5412 = CARTESIAN_POINT ( 'NONE',  ( -0.03085937188818473100, 0.1605416666666663300, 0.05345000000000043500 ) ) ;
#5413 = CARTESIAN_POINT ( 'NONE',  ( 1.570925030683345400E-016, 0.1594999999999996700, 0.05344999999999999800 ) ) ;
#5414 = CARTESIAN_POINT ( 'NONE',  ( 0.03085937188818580300, 0.1584583333333330100, 0.05344999999999979600 ) ) ;
#5415 = CARTESIAN_POINT ( 'NONE',  ( 0.04628905783227847700, 0.1574166666666663400, 0.02672499999999958900 ) ) ;
#5416 = CARTESIAN_POINT ( 'NONE',  ( 0.05344999999999992100, 0.1569332274842311900, 0.01432188433544329500 ) ) ;
#5417 = CARTESIAN_POINT ( 'NONE',  ( 0.05344999999999994200, 0.1563749999999996800, 1.166619364096657200E-016 ) ) ;
#5418 = CARTESIAN_POINT ( 'NONE',  ( 0.03233161507461907600, 0.02645833333333330900, 0.05599999999999998700 ) ) ;
#5419 =( BOUNDED_CURVE ( )  B_SPLINE_CURVE ( 2, ( #5417, #5416, #5415, #5414, #5413, #5412, #5411, #5410, #5409 ),
 .UNSPECIFIED., .F., .T. ) 
 B_SPLINE_CURVE_WITH_KNOTS ( ( 3, 2, 2, 2, 3 ),
 ( 0.3012820512820513800, 0.3034188034188034500, 0.3076923076923077100, 0.3119658119658120200, 0.3141025641025642100 ),
 .UNSPECIFIED. ) 
 CURVE ( )  GEOMETRIC_REPRESENTATION_ITEM ( )  RATIONAL_B_SPLINE_CURVE ( ( 0.9330127018922194100, 0.9330127018922210700, 1.000000000000000000, 0.8660254037844387100, 1.000000000000000000, 0.8660254037844387100, 1.000000000000000000, 0.9330127018922176300, 0.9330127018922194100 ) ) 
 REPRESENTATION_ITEM ( '' )  );
#5420 = CARTESIAN_POINT ( 'NONE',  ( -0.05344999999999994200, 0.1736249999999997500, -3.019485412956054000E-016 ) ) ;
#5421 = CARTESIAN_POINT ( 'NONE',  ( -0.05345000000000003200, 0.1730667725157681600, 0.01432188433544368000 ) ) ;
#5422 = CARTESIAN_POINT ( 'NONE',  ( -0.04628905783227794300, 0.1725833333333329800, 0.02672500000000051900 ) ) ;
#5423 = CARTESIAN_POINT ( 'NONE',  ( -0.03085937188818473100, 0.1715416666666663100, 0.05345000000000043500 ) ) ;
#5424 = CARTESIAN_POINT ( 'NONE',  ( 1.570925030683345400E-016, 0.1704999999999996500, 0.05344999999999999800 ) ) ;
#5425 = CARTESIAN_POINT ( 'NONE',  ( 0.03085937188818580300, 0.1694583333333329900, 0.05344999999999979600 ) ) ;
#5426 = CARTESIAN_POINT ( 'NONE',  ( 0.04628905783227847700, 0.1684166666666663300, 0.02672499999999958900 ) ) ;
#5427 = CARTESIAN_POINT ( 'NONE',  ( 0.05344999999999992100, 0.1679332274842311500, 0.01432188433544329500 ) ) ;
#5428 = CARTESIAN_POINT ( 'NONE',  ( 0.05344999999999994200, 0.1673749999999996600, 1.166619364096657200E-016 ) ) ;
#5429 =( BOUNDED_CURVE ( )  B_SPLINE_CURVE ( 2, ( #5428, #5427, #5426, #5425, #5424, #5423, #5422, #5421, #5420 ),
 .UNSPECIFIED., .F., .T. ) 
 B_SPLINE_CURVE_WITH_KNOTS ( ( 3, 2, 2, 2, 3 ),
 ( 0.3012820512820513800, 0.3034188034188034500, 0.3076923076923077100, 0.3119658119658120200, 0.3141025641025642100 ),
 .UNSPECIFIED. ) 
 CURVE ( )  GEOMETRIC_REPRESENTATION_ITEM ( )  RATIONAL_B_SPLINE_CURVE ( ( 0.9330127018922194100, 0.9330127018922210700, 1.000000000000000000, 0.8660254037844387100, 1.000000000000000000, 0.8660254037844387100, 1.000000000000000000, 0.9330127018922176300, 0.9330127018922194100 ) ) 
 REPRESENTATION_ITEM ( '' )  );
#5430 = CARTESIAN_POINT ( 'NONE',  ( 0.05344999999999994200, 0.1673749999999996600, 1.166619364096657200E-016 ) ) ;
#5431 = CARTESIAN_POINT ( 'NONE',  ( 0.03085937188818569900, 0.06945833333333321900, 0.05344999999999988000 ) ) ;
#5432 = CARTESIAN_POINT ( 'NONE',  ( 0.04628905783227832400, 0.06841666666666655600, 0.02672499999999984300 ) ) ;
#5433 = CARTESIAN_POINT ( 'NONE',  ( 0.05345000000000001100, 0.06793322748423139000, 0.01432188433544339200 ) ) ;
#5434 = CARTESIAN_POINT ( 'NONE',  ( 0.05345000000000000400, 0.06737499999999990700, -5.032475688260089400E-017 ) ) ;
#5435 = CARTESIAN_POINT ( 'NONE',  ( 0.05345000000000000400, 0.06737499999999990700, -5.032475688260089400E-017 ) ) ;
#5436 =( BOUNDED_CURVE ( )  B_SPLINE_CURVE ( 2, ( #5434, #5433, #5432, #5431, #5470, #5469, #5468, #5467, #5466 ),
 .UNSPECIFIED., .F., .T. ) 
 B_SPLINE_CURVE_WITH_KNOTS ( ( 3, 2, 2, 2, 3 ),
 ( 0.09615384615384617300, 0.09829059829059830200, 0.1025641025641025700, 0.1068376068376068500, 0.1089743589743589900 ),
 .UNSPECIFIED. ) 
 CURVE ( )  GEOMETRIC_REPRESENTATION_ITEM ( )  RATIONAL_B_SPLINE_CURVE ( ( 0.9330127018922194100, 0.9330127018922196300, 1.000000000000000000, 0.8660254037844387100, 1.000000000000000000, 0.8660254037844387100, 1.000000000000000000, 0.9330127018922191900, 0.9330127018922194100 ) ) 
 REPRESENTATION_ITEM ( '' )  );
#5437 = CARTESIAN_POINT ( 'NONE',  ( -0.05345000000000005300, 0.1751249999999996400, -8.578083559534242500E-017 ) ) ;
#5438 = CARTESIAN_POINT ( 'NONE',  ( -0.05345000000000012900, 0.1745667725157681000, 0.01432188433544371600 ) ) ;
#5439 = CARTESIAN_POINT ( 'NONE',  ( -0.04628905783227812300, 0.1740833333333329500, 0.02672500000000020000 ) ) ;
#5440 = CARTESIAN_POINT ( 'NONE',  ( -0.03085937188818510200, 0.1730416666666662900, 0.05345000000000022600 ) ) ;
#5441 = CARTESIAN_POINT ( 'NONE',  ( 5.499686372544693000E-016, 0.1719999999999996300, 0.05344999999999999800 ) ) ;
#5442 = CARTESIAN_POINT ( 'NONE',  ( 0.03085937188818619800, 0.1709583333333329600, 0.05344999999999958800 ) ) ;
#5443 = CARTESIAN_POINT ( 'NONE',  ( 0.04628905783227828900, 0.1699166666666663000, 0.02672499999999990500 ) ) ;
#5444 = CARTESIAN_POINT ( 'NONE',  ( 0.05344999999999990700, 0.1694332274842311500, 0.01432188433544348900 ) ) ;
#5445 = CARTESIAN_POINT ( 'NONE',  ( 0.05344999999999996300, 0.1688749999999997200, 1.086557250874337700E-016 ) ) ;
#5446 =( BOUNDED_CURVE ( )  B_SPLINE_CURVE ( 2, ( #5445, #5444, #5443, #5442, #5441, #5440, #5439, #5438, #5437 ),
 .UNSPECIFIED., .F., .T. ) 
 B_SPLINE_CURVE_WITH_KNOTS ( ( 3, 2, 2, 2, 3 ),
 ( 0.3269230769230769800, 0.3290598290598291100, 0.3333333333333333700, 0.3376068376068376300, 0.3397435897435898100 ),
 .UNSPECIFIED. ) 
 CURVE ( )  GEOMETRIC_REPRESENTATION_ITEM ( )  RATIONAL_B_SPLINE_CURVE ( ( 0.9330127018922194100, 0.9330127018922203000, 1.000000000000000000, 0.8660254037844387100, 1.000000000000000000, 0.8660254037844387100, 1.000000000000000000, 0.9330127018922176300, 0.9330127018922194100 ) ) 
 REPRESENTATION_ITEM ( '' )  );
#5447 = DIRECTION ( 'NONE',  ( 2.449212707644754500E-016, -1.000000000000000000, 0.0000000000000000000 ) ) ;
#5448 = VECTOR ( 'NONE', #5447, 39.37007874015748100 ) ;
#5449 = CARTESIAN_POINT ( 'NONE',  ( 0.05345000000000005300, 1.309104192236122700E-017, 0.0000000000000000000 ) ) ;
#5450 = LINE ( 'NONE', #5449, #5448 ) ;
#5451 =( BOUNDED_CURVE ( )  B_SPLINE_CURVE ( 2, ( #5491, #5490, #5489, #5488, #5487, #5486, #5485, #5484, #5483 ),
 .UNSPECIFIED., .F., .T. ) 
 B_SPLINE_CURVE_WITH_KNOTS ( ( 3, 2, 2, 2, 3 ),
 ( 0.1217948717948718200, 0.1239316239316239500, 0.1282051282051282200, 0.1324786324786324800, 0.1346153846153846400 ),
 .UNSPECIFIED. ) 
 CURVE ( )  GEOMETRIC_REPRESENTATION_ITEM ( )  RATIONAL_B_SPLINE_CURVE ( ( 0.9330127018922194100, 0.9330127018922196300, 1.000000000000000000, 0.8660254037844387100, 1.000000000000000000, 0.8660254037844387100, 1.000000000000000000, 0.9330127018922189700, 0.9330127018922194100 ) ) 
 REPRESENTATION_ITEM ( '' )  );
#5452 = CARTESIAN_POINT ( 'NONE',  ( 0.05345000000000001100, 0.06887499999999986700, -6.290594610325112500E-017 ) ) ;
#5453 = CARTESIAN_POINT ( 'NONE',  ( -0.05345000000000000400, 0.07512499999999984500, 8.234960217152874200E-017 ) ) ;
#5454 = CARTESIAN_POINT ( 'NONE',  ( -0.05345000000000000400, 0.06262499999999988900, 5.718722373022829100E-017 ) ) ;
#5455 = CARTESIAN_POINT ( 'NONE',  ( -0.05344999999999999100, 0.06206677251576835800, 0.01432188433544359800 ) ) ;
#5456 = CARTESIAN_POINT ( 'NONE',  ( -0.04628905783227817800, 0.06158333333333321200, 0.02672500000000009900 ) ) ;
#5457 = CARTESIAN_POINT ( 'NONE',  ( -0.03085937188818540400, 0.06054166666666654200, 0.05345000000000004600 ) ) ;
#5458 = CARTESIAN_POINT ( 'NONE',  ( 5.236416768944484500E-017, 0.05949999999999987900, 0.05344999999999999800 ) ) ;
#5459 = CARTESIAN_POINT ( 'NONE',  ( 0.03085937188818569900, 0.05845833333333320900, 0.05344999999999988000 ) ) ;
#5460 = CARTESIAN_POINT ( 'NONE',  ( 0.04628905783227832400, 0.05741666666666655300, 0.02672499999999984300 ) ) ;
#5461 = CARTESIAN_POINT ( 'NONE',  ( 0.05345000000000001100, 0.05693322748423140100, 0.01432188433544339200 ) ) ;
#5462 = CARTESIAN_POINT ( 'NONE',  ( 0.05345000000000000400, 0.05637499999999989700, -5.032475688260089400E-017 ) ) ;
#5463 = CARTESIAN_POINT ( 'NONE',  ( -0.05345000000000001100, 0.06262499999999988900, 5.718722373022829100E-017 ) ) ;
#5464 = CARTESIAN_POINT ( 'NONE',  ( 0.05345000000000000400, 0.05637499999999989700, -5.032475688260089400E-017 ) ) ;
#5465 =( BOUNDED_CURVE ( )  B_SPLINE_CURVE ( 2, ( #5462, #5461, #5460, #5459, #5458, #5457, #5456, #5455, #5454 ),
 .UNSPECIFIED., .F., .T. ) 
 B_SPLINE_CURVE_WITH_KNOTS ( ( 3, 2, 2, 2, 3 ),
 ( 0.09615384615384617300, 0.09829059829059830200, 0.1025641025641025700, 0.1068376068376068500, 0.1089743589743589900 ),
 .UNSPECIFIED. ) 
 CURVE ( )  GEOMETRIC_REPRESENTATION_ITEM ( )  RATIONAL_B_SPLINE_CURVE ( ( 0.9330127018922194100, 0.9330127018922196300, 1.000000000000000000, 0.8660254037844387100, 1.000000000000000000, 0.8660254037844387100, 1.000000000000000000, 0.9330127018922191900, 0.9330127018922194100 ) ) 
 REPRESENTATION_ITEM ( '' )  );
#5466 = CARTESIAN_POINT ( 'NONE',  ( -0.05345000000000000400, 0.07362499999999988500, 5.718722373022829100E-017 ) ) ;
#5467 = CARTESIAN_POINT ( 'NONE',  ( -0.05344999999999999100, 0.07306677251576836100, 0.01432188433544359800 ) ) ;
#5468 = CARTESIAN_POINT ( 'NONE',  ( -0.04628905783227817800, 0.07258333333333320800, 0.02672500000000009900 ) ) ;
#5469 = CARTESIAN_POINT ( 'NONE',  ( -0.03085937188818540400, 0.07154166666666654500, 0.05345000000000004600 ) ) ;
#5470 = CARTESIAN_POINT ( 'NONE',  ( 5.236416768944484500E-017, 0.07049999999999988200, 0.05344999999999999800 ) ) ;
#5471 = CARTESIAN_POINT ( 'NONE',  ( -0.05345000000000000400, 0.08612499999999985400, 8.234960217152872900E-017 ) ) ;
#5472 = CARTESIAN_POINT ( 'NONE',  ( -0.05345000000000000400, 0.08556677251576834400, 0.01432188433544366900 ) ) ;
#5473 = CARTESIAN_POINT ( 'NONE',  ( -0.04628905783227817200, 0.08508333333333317800, 0.02672500000000011000 ) ) ;
#5474 = CARTESIAN_POINT ( 'NONE',  ( -0.03085937188818538600, 0.08404166666666651500, 0.05345000000000005300 ) ) ;
#5475 = CARTESIAN_POINT ( 'NONE',  ( 2.553477557436928100E-016, 0.08299999999999985200, 0.05344999999999999800 ) ) ;
#5476 = CARTESIAN_POINT ( 'NONE',  ( 0.03085937188818571900, 0.08195833333333317500, 0.05344999999999988000 ) ) ;
#5477 = CARTESIAN_POINT ( 'NONE',  ( 0.04628905783227833800, 0.08091666666666651200, 0.02672499999999983600 ) ) ;
#5478 = CARTESIAN_POINT ( 'NONE',  ( 0.05345000000000001800, 0.08043322748423137300, 0.01432188433544338100 ) ) ;
#5479 = CARTESIAN_POINT ( 'NONE',  ( 0.05345000000000000400, 0.07987499999999987700, -6.290594610325111300E-017 ) ) ;
#5480 = LINE ( 'NONE', #109, #6642 ) ;
#5481 = CARTESIAN_POINT ( 'NONE',  ( -0.05345000000000001100, 0.08762499999999984200, -9.264330244296985300E-017 ) ) ;
#5482 =( BOUNDED_CURVE ( )  B_SPLINE_CURVE ( 2, ( #5479, #5478, #5477, #5476, #5475, #5474, #5473, #5472, #5471 ),
 .UNSPECIFIED., .F., .T. ) 
 B_SPLINE_CURVE_WITH_KNOTS ( ( 3, 2, 2, 2, 3 ),
 ( 0.1217948717948718200, 0.1239316239316239500, 0.1282051282051282200, 0.1324786324786324800, 0.1346153846153846400 ),
 .UNSPECIFIED. ) 
 CURVE ( )  GEOMETRIC_REPRESENTATION_ITEM ( )  RATIONAL_B_SPLINE_CURVE ( ( 0.9330127018922194100, 0.9330127018922196300, 1.000000000000000000, 0.8660254037844387100, 1.000000000000000000, 0.8660254037844387100, 1.000000000000000000, 0.9330127018922189700, 0.9330127018922194100 ) ) 
 REPRESENTATION_ITEM ( '' )  );
#5483 = CARTESIAN_POINT ( 'NONE',  ( -0.05345000000000000400, 0.07512499999999984500, 8.234960217152872900E-017 ) ) ;
#5484 = CARTESIAN_POINT ( 'NONE',  ( -0.05345000000000000400, 0.07456677251576834800, 0.01432188433544366900 ) ) ;
#5485 = CARTESIAN_POINT ( 'NONE',  ( -0.04628905783227817200, 0.07408333333333318200, 0.02672500000000011000 ) ) ;
#5486 = CARTESIAN_POINT ( 'NONE',  ( -0.03085937188818538600, 0.07304166666666650500, 0.05345000000000005300 ) ) ;
#5487 = CARTESIAN_POINT ( 'NONE',  ( 2.553477557436928100E-016, 0.07199999999999985600, 0.05344999999999999800 ) ) ;
#5488 = CARTESIAN_POINT ( 'NONE',  ( 0.03085937188818571900, 0.07095833333333319300, 0.05344999999999988000 ) ) ;
#5489 = CARTESIAN_POINT ( 'NONE',  ( 0.04628905783227833800, 0.06991666666666653000, 0.02672499999999983600 ) ) ;
#5490 = CARTESIAN_POINT ( 'NONE',  ( 0.05345000000000001800, 0.06943322748423136300, 0.01432188433544338100 ) ) ;
#5491 = CARTESIAN_POINT ( 'NONE',  ( 0.05345000000000000400, 0.06887499999999986700, -6.290594610325111300E-017 ) ) ;
#5492 = CARTESIAN_POINT ( 'NONE',  ( -0.03233161507461903400, 0.02854166666666663900, 0.05600000000000000100 ) ) ;
#5493 = CARTESIAN_POINT ( 'NONE',  ( 0.03233161507461902700, 0.03479166666666662400, -0.05600000000000000100 ) ) ;
#5494 = CARTESIAN_POINT ( 'NONE',  ( -6.857795581405312900E-018, 0.03374999999999996100, -0.05600000000000000800 ) ) ;
#5495 = CARTESIAN_POINT ( 'NONE',  ( 0.04849742261192855500, 0.04833333333333325600, -0.02800000000000002800 ) ) ;
#5496 = CARTESIAN_POINT ( 'NONE',  ( 0.03233161507461902700, 0.04729166666666659300, -0.05600000000000000100 ) ) ;
#5497 = CARTESIAN_POINT ( 'NONE',  ( -0.03233161507461903400, 0.04104166666666660800, 0.05600000000000000100 ) ) ;
#5498 = CARTESIAN_POINT ( 'NONE',  ( 0.0000000000000000000, 0.03999999999999995200, 0.05600000000000000800 ) ) ;
#5499 = CARTESIAN_POINT ( 'NONE',  ( 0.0000000000000000000, 0.02749999999999997200, 0.05600000000000000800 ) ) ;
#5500 = CARTESIAN_POINT ( 'NONE',  ( 0.06466323014923809600, 0.03687499999999994900, -1.187805037491535100E-017 ) ) ;
#5501 = CARTESIAN_POINT ( 'NONE',  ( 0.04849742261192855500, 0.03583333333333328700, -0.02800000000000002800 ) ) ;
#5502 = CARTESIAN_POINT ( 'NONE',  ( 0.03233161507461907600, 0.03895833333333328900, 0.05599999999999998700 ) ) ;
#5503 = CARTESIAN_POINT ( 'NONE',  ( 0.04849742261192858900, 0.03791666666666661900, 0.02799999999999996600 ) ) ;
#5504 = CARTESIAN_POINT ( 'NONE',  ( -0.03233161507461906900, 0.03270833333333329800, -0.05599999999999998700 ) ) ;
#5505 = CARTESIAN_POINT ( 'NONE',  ( -0.04849742261192856900, 0.03166666666666663500, -0.02799999999999999000 ) ) ;
#5506 = CARTESIAN_POINT ( 'NONE',  ( -6.857795581405312900E-018, 0.04624999999999993700, -0.05600000000000000800 ) ) ;
#5507 = CARTESIAN_POINT ( 'NONE',  ( -0.03233161507461906900, 0.04520833333333328100, -0.05599999999999998700 ) ) ;
#5508 = CARTESIAN_POINT ( 'NONE',  ( -0.04849742261192856900, 0.04416666666666660400, -0.02799999999999999000 ) ) ;
#5509 = CARTESIAN_POINT ( 'NONE',  ( -0.06466323014923809600, 0.04312499999999993400, 3.959350124971783400E-018 ) ) ;
#5510 = CARTESIAN_POINT ( 'NONE',  ( -0.04849742261192856200, 0.04208333333333327100, 0.02800000000000000800 ) ) ;
#5511 = CARTESIAN_POINT ( 'NONE',  ( -0.06466323014923809600, 0.03062499999999996500, 3.959350124971783400E-018 ) ) ;
#5512 = CARTESIAN_POINT ( 'NONE',  ( -0.04849742261192856200, 0.02958333333333330200, 0.02800000000000000800 ) ) ;
#5513 = CARTESIAN_POINT ( 'NONE',  ( 0.03233161507461907600, 0.05145833333333325900, 0.05599999999999998700 ) ) ;
#5514 = CARTESIAN_POINT ( 'NONE',  ( 0.04849742261192858900, 0.05041666666666658900, 0.02799999999999996600 ) ) ;
#5515 = CARTESIAN_POINT ( 'NONE',  ( 0.06466323014923809600, 0.04937499999999993300, -1.187805037491535100E-017 ) ) ;
#5516 =( BOUNDED_CURVE ( )  B_SPLINE_CURVE ( 2, ( #5573, #5572, #5571, #5570, #5569, #5568, #5567, #5566, #5565 ),
 .UNSPECIFIED., .F., .F. ) 
 B_SPLINE_CURVE_WITH_KNOTS ( ( 3, 2, 2, 2, 3 ),
 ( 0.1474358974358974700, 0.1495726495726496000, 0.1538461538461538500, 0.1581196581196581400, 0.1602564102564103000 ),
 .UNSPECIFIED. ) 
 CURVE ( )  GEOMETRIC_REPRESENTATION_ITEM ( )  RATIONAL_B_SPLINE_CURVE ( ( 0.9330127018922194100, 0.9330127018922198500, 1.000000000000000000, 0.8660254037844387100, 1.000000000000000000, 0.8660254037844387100, 1.000000000000000000, 0.9330127018922185200, 0.9330127018922194100 ) ) 
 REPRESENTATION_ITEM ( '' )  );
#5517 = DIRECTION ( 'NONE',  ( 1.000000000000000000, 2.449212707644754500E-016, 0.0000000000000000000 ) ) ;
#5518 = DIRECTION ( 'NONE',  ( 2.449212707644754500E-016, -1.000000000000000000, 0.0000000000000000000 ) ) ;
#5519 = CARTESIAN_POINT ( 'NONE',  ( 0.0000000000000000000, 0.0000000000000000000, 0.0000000000000000000 ) ) ;
#5520 = AXIS2_PLACEMENT_3D ( 'NONE', #5519, #5518, #5517 ) ;
#5521 = CARTESIAN_POINT ( 'NONE',  ( -0.05345000000000000400, 0.1001249999999997800, 1.086557250874337600E-016 ) ) ;
#5522 = CYLINDRICAL_SURFACE ( 'NONE', #5520, 0.05345000000000005300 ) ;
#5523 = FACE_OUTER_BOUND ( 'NONE', #3598, .T. ) ;
#5524 = DIRECTION ( 'NONE',  ( 1.000000000000000000, 2.449212707644754500E-016, 0.0000000000000000000 ) ) ;
#5525 = DIRECTION ( 'NONE',  ( 2.449212707644754500E-016, -1.000000000000000000, 0.0000000000000000000 ) ) ;
#5526 = CARTESIAN_POINT ( 'NONE',  ( 0.0000000000000000000, 0.0000000000000000000, 0.0000000000000000000 ) ) ;
#5527 = AXIS2_PLACEMENT_3D ( 'NONE', #5526, #5525, #5524 ) ;
#5528 = CYLINDRICAL_SURFACE ( 'NONE', #5527, 0.05345000000000005300 ) ;
#5529 = CARTESIAN_POINT ( 'NONE',  ( 0.05345000000000000400, 0.09387499999999980600, -8.921206901915613300E-017 ) ) ;
#5530 = FACE_OUTER_BOUND ( 'NONE', #3593, .T. ) ;
#5531 = DIRECTION ( 'NONE',  ( 2.449212707644754500E-016, -1.000000000000000000, 0.0000000000000000000 ) ) ;
#5532 = VECTOR ( 'NONE', #5531, 39.37007874015748100 ) ;
#5533 = CARTESIAN_POINT ( 'NONE',  ( 0.05345000000000005300, 1.309104192236122700E-017, 0.0000000000000000000 ) ) ;
#5534 = DIRECTION ( 'NONE',  ( 1.000000000000000000, 2.449212707644754500E-016, 0.0000000000000000000 ) ) ;
#5535 = DIRECTION ( 'NONE',  ( 2.449212707644754500E-016, -1.000000000000000000, 0.0000000000000000000 ) ) ;
#5536 = AXIS2_PLACEMENT_3D ( 'NONE', #5538, #5535, #5534 ) ;
#5537 = LINE ( 'NONE', #5533, #5532 ) ;
#5538 = CARTESIAN_POINT ( 'NONE',  ( 0.0000000000000000000, 0.0000000000000000000, 0.0000000000000000000 ) ) ;
#5539 = CYLINDRICAL_SURFACE ( 'NONE', #5536, 0.05345000000000005300 ) ;
#5540 = CARTESIAN_POINT ( 'NONE',  ( 0.06466323014923809600, 0.06187499999999990200, -1.187805037491535100E-017 ) ) ;
#5541 = CARTESIAN_POINT ( 'NONE',  ( 0.04849742261192855500, 0.06083333333333323200, -0.02800000000000002800 ) ) ;
#5542 = FACE_OUTER_BOUND ( 'NONE', #3591, .T. ) ;
#5543 = CARTESIAN_POINT ( 'NONE',  ( 0.03233161507461902700, 0.05979166666666656200, -0.05600000000000000100 ) ) ;
#5544 = CARTESIAN_POINT ( 'NONE',  ( 9.163729345652847400E-017, 0.09699999999999979500, 0.05344999999999999800 ) ) ;
#5545 = CARTESIAN_POINT ( 'NONE',  ( 0.03085937188818574700, 0.09595833333333313200, 0.05344999999999985200 ) ) ;
#5546 = CARTESIAN_POINT ( 'NONE',  ( 0.04628905783227844900, 0.09491666666666646900, 0.02672499999999964800 ) ) ;
#5547 = CARTESIAN_POINT ( 'NONE',  ( 0.05345000000000003900, 0.09443322748423128900, 0.01432188433544330300 ) ) ;
#5548 = CARTESIAN_POINT ( 'NONE',  ( 0.05345000000000000400, 0.09387499999999980600, -8.921206901915613300E-017 ) ) ;
#5549 = CARTESIAN_POINT ( 'NONE',  ( 0.03233161507461902700, 0.07229166666666653200, -0.05600000000000000100 ) ) ;
#5550 = CARTESIAN_POINT ( 'NONE',  ( -6.857795581405312900E-018, 0.07124999999999986900, -0.05600000000000000800 ) ) ;
#5551 =( BOUNDED_CURVE ( )  B_SPLINE_CURVE ( 2, ( #5548, #5547, #5546, #5545, #5544, #5602, #5601, #5600, #5599 ),
 .UNSPECIFIED., .F., .T. ) 
 B_SPLINE_CURVE_WITH_KNOTS ( ( 3, 2, 2, 2, 3 ),
 ( 0.1730769230769231000, 0.1752136752136752300, 0.1794871794871795200, 0.1837606837606837700, 0.1858974358974359300 ),
 .UNSPECIFIED. ) 
 CURVE ( )  GEOMETRIC_REPRESENTATION_ITEM ( )  RATIONAL_B_SPLINE_CURVE ( ( 0.9330127018922194100, 0.9330127018922198500, 1.000000000000000000, 0.8660254037844387100, 1.000000000000000000, 0.8660254037844387100, 1.000000000000000000, 0.9330127018922189700, 0.9330127018922194100 ) ) 
 REPRESENTATION_ITEM ( '' )  );
#5552 = CARTESIAN_POINT ( 'NONE',  ( -0.05345000000000001100, 0.09862499999999982400, -9.264330244296985300E-017 ) ) ;
#5553 = DIRECTION ( 'NONE',  ( 2.449212707644754500E-016, -1.000000000000000000, 0.0000000000000000000 ) ) ;
#5554 = VECTOR ( 'NONE', #5553, 39.37007874015748100 ) ;
#5555 = CARTESIAN_POINT ( 'NONE',  ( -0.05345000000000005300, -1.309104192236122700E-017, 6.545520961180613300E-018 ) ) ;
#5556 = LINE ( 'NONE', #5555, #5554 ) ;
#5557 = CARTESIAN_POINT ( 'NONE',  ( 0.05345000000000000400, 0.09237499999999981800, -7.663087979850590700E-017 ) ) ;
#5558 = CARTESIAN_POINT ( 'NONE',  ( 0.0000000000000000000, 0.06499999999999989100, 0.05600000000000000800 ) ) ;
#5559 = DIRECTION ( 'NONE',  ( 2.449212707644754500E-016, -1.000000000000000000, 0.0000000000000000000 ) ) ;
#5560 = CARTESIAN_POINT ( 'NONE',  ( 0.03233161507461907600, 0.06395833333333322800, 0.05599999999999998700 ) ) ;
#5561 = VECTOR ( 'NONE', #5559, 39.37007874015748100 ) ;
#5562 = CARTESIAN_POINT ( 'NONE',  ( 0.04849742261192858900, 0.06291666666666656500, 0.02799999999999996600 ) ) ;
#5563 = CARTESIAN_POINT ( 'NONE',  ( 0.05345000000000005300, 1.309104192236122700E-017, 0.0000000000000000000 ) ) ;
#5564 = LINE ( 'NONE', #5563, #5561 ) ;
#5565 = CARTESIAN_POINT ( 'NONE',  ( -0.05345000000000000400, 0.09862499999999982400, -9.264330244296985300E-017 ) ) ;
#5566 = CARTESIAN_POINT ( 'NONE',  ( -0.05345000000000004600, 0.09806677251576831300, 0.01432188433544359500 ) ) ;
#5567 = CARTESIAN_POINT ( 'NONE',  ( -0.04628905783227817200, 0.09758333333333314700, 0.02672500000000012000 ) ) ;
#5568 = CARTESIAN_POINT ( 'NONE',  ( -0.03085937188818519200, 0.09654166666666648400, 0.05345000000000015700 ) ) ;
#5569 = CARTESIAN_POINT ( 'NONE',  ( 7.854625153416727100E-017, 0.09549999999999982100, 0.05344999999999999800 ) ) ;
#5570 = CARTESIAN_POINT ( 'NONE',  ( 0.03085937188818573000, 0.09445833333333314400, 0.05344999999999986600 ) ) ;
#5571 = CARTESIAN_POINT ( 'NONE',  ( 0.04628905783227843500, 0.09341666666666648100, 0.02672499999999965500 ) ) ;
#5572 = CARTESIAN_POINT ( 'NONE',  ( 0.05345000000000003900, 0.09293322748423132900, 0.01432188433544331500 ) ) ;
#5573 = CARTESIAN_POINT ( 'NONE',  ( 0.05345000000000000400, 0.09237499999999981800, -7.663087979850590700E-017 ) ) ;
#5574 = CARTESIAN_POINT ( 'NONE',  ( 0.05344999999999994200, 0.4048749999999992100, 6.370656723547431000E-016 ) ) ;
#5575 = DIRECTION ( 'NONE',  ( 2.449212707644754500E-016, -1.000000000000000000, 0.0000000000000000000 ) ) ;
#5576 = VECTOR ( 'NONE', #5575, 39.37007874015748100 ) ;
#5577 = CARTESIAN_POINT ( 'NONE',  ( 0.05345000000000005300, 1.309104192236122700E-017, 0.0000000000000000000 ) ) ;
#5578 = LINE ( 'NONE', #5577, #5576 ) ;
#5579 = CARTESIAN_POINT ( 'NONE',  ( -0.06466323014923809600, 0.05562499999999991100, 3.959350124971783400E-018 ) ) ;
#5580 = CARTESIAN_POINT ( 'NONE',  ( -0.04849742261192856200, 0.05458333333333324800, 0.02800000000000000800 ) ) ;
#5582 = CARTESIAN_POINT ( 'NONE',  ( -0.03233161507461903400, 0.05354166666666658500, 0.05600000000000000100 ) ) ;
#5581 = CARTESIAN_POINT ( 'NONE',  ( -0.05345000000000000400, 0.1361249999999997500, 1.361055924779433400E-016 ) ) ;
#5583 = CARTESIAN_POINT ( 'NONE',  ( -0.05344999999999998400, 0.1355667725157682400, 0.01432188433544372500 ) ) ;
#5584 = CARTESIAN_POINT ( 'NONE',  ( -0.04628905783227814400, 0.1350833333333330800, 0.02672500000000016200 ) ) ;
#5585 = CARTESIAN_POINT ( 'NONE',  ( -0.03085937188818515700, 0.1340416666666664200, 0.05345000000000018500 ) ) ;
#5586 = CARTESIAN_POINT ( 'NONE',  ( 4.976044695650244900E-016, 0.1329999999999997300, 0.05344999999999999800 ) ) ;
#5587 = CARTESIAN_POINT ( 'NONE',  ( 0.03085937188818577100, 0.1319583333333330700, 0.05344999999999983100 ) ) ;
#5588 = CARTESIAN_POINT ( 'NONE',  ( 0.04628905783227845600, 0.1309166666666664000, 0.02672499999999962400 ) ) ;
#5589 = CARTESIAN_POINT ( 'NONE',  ( 0.05345000000000005300, 0.1304332274842312500, 0.01432188433544327600 ) ) ;
#5590 = CARTESIAN_POINT ( 'NONE',  ( 0.05345000000000000400, 0.1298749999999997400, -1.155181919350611400E-016 ) ) ;
#5591 =( BOUNDED_CURVE ( )  B_SPLINE_CURVE ( 2, ( #5590, #5589, #5588, #5587, #5586, #5585, #5584, #5583, #5581 ),
 .UNSPECIFIED., .F., .T. ) 
 B_SPLINE_CURVE_WITH_KNOTS ( ( 3, 2, 2, 2, 3 ),
 ( 0.2243589743589743900, 0.2264957264957265200, 0.2307692307692307800, 0.2350427350427350700, 0.2371794871794872300 ),
 .UNSPECIFIED. ) 
 CURVE ( )  GEOMETRIC_REPRESENTATION_ITEM ( )  RATIONAL_B_SPLINE_CURVE ( ( 0.9330127018922194100, 0.9330127018922198500, 1.000000000000000000, 0.8660254037844387100, 1.000000000000000000, 0.8660254037844387100, 1.000000000000000000, 0.9330127018922189700, 0.9330127018922194100 ) ) 
 REPRESENTATION_ITEM ( '' )  );
#5592 = CARTESIAN_POINT ( 'NONE',  ( -0.05345000000000000400, 0.1361249999999997500, 1.361055924779433400E-016 ) ) ;
#5593 = DIRECTION ( 'NONE',  ( 2.449212707644754500E-016, -1.000000000000000000, 0.0000000000000000000 ) ) ;
#5594 = VECTOR ( 'NONE', #5593, 39.37007874015748100 ) ;
#5595 = CARTESIAN_POINT ( 'NONE',  ( -0.05345000000000005300, -1.309104192236122700E-017, 6.545520961180613300E-018 ) ) ;
#5596 = LINE ( 'NONE', #5595, #5594 ) ;
#5597 = CARTESIAN_POINT ( 'NONE',  ( -0.03233161507461906900, 0.07020833333333320600, -0.05599999999999998700 ) ) ;
#5598 = CARTESIAN_POINT ( 'NONE',  ( -0.04849742261192856900, 0.06916666666666654300, -0.02799999999999999000 ) ) ;
#5599 = CARTESIAN_POINT ( 'NONE',  ( -0.05345000000000000400, 0.1001249999999997800, 1.086557250874337600E-016 ) ) ;
#5600 = CARTESIAN_POINT ( 'NONE',  ( -0.05344999999999999800, 0.09956677251576828700, 0.01432188433544369700 ) ) ;
#5601 = CARTESIAN_POINT ( 'NONE',  ( -0.04628905783227816500, 0.09908333333333312100, 0.02672500000000013400 ) ) ;
#5602 = CARTESIAN_POINT ( 'NONE',  ( -0.03085937188818517800, 0.09804166666666645800, 0.05345000000000017800 ) ) ;
#5603 = CARTESIAN_POINT ( 'NONE',  ( 0.04628905783227879600, 0.3949166666666658100, 0.02672499999999904500 ) ) ;
#5604 = CARTESIAN_POINT ( 'NONE',  ( 0.05344999999999989300, 0.3944332274842307100, 0.01432188433544342300 ) ) ;
#5605 = CARTESIAN_POINT ( 'NONE',  ( 0.05344999999999994200, 0.3938749999999993100, 6.370656723547431000E-016 ) ) ;
#5606 = CARTESIAN_POINT ( 'NONE',  ( -0.05345000000000015000, 0.4111249999999991300, -4.117480108576437100E-016 ) ) ;
#5607 =( BOUNDED_CURVE ( )  B_SPLINE_CURVE ( 2, ( #5605, #5604, #5603, #5661, #5660, #5659, #5658, #5657, #5656 ),
 .UNSPECIFIED., .F., .T. ) 
 B_SPLINE_CURVE_WITH_KNOTS ( ( 3, 2, 2, 2, 3 ),
 ( 0.7884615384615386600, 0.7905982905982906800, 0.7948717948717949300, 0.7991452991452991900, 0.8012820512820514300 ),
 .UNSPECIFIED. ) 
 CURVE ( )  GEOMETRIC_REPRESENTATION_ITEM ( )  RATIONAL_B_SPLINE_CURVE ( ( 0.9330127018922194100, 0.9330127018922228500, 1.000000000000000000, 0.8660254037844387100, 1.000000000000000000, 0.8660254037844387100, 1.000000000000000000, 0.9330127018922158600, 0.9330127018922194100 ) ) 
 REPRESENTATION_ITEM ( '' )  );
#5608 = DIRECTION ( 'NONE',  ( 1.000000000000000000, 2.449212707644754500E-016, 0.0000000000000000000 ) ) ;
#5609 = DIRECTION ( 'NONE',  ( 2.449212707644754500E-016, -1.000000000000000000, 0.0000000000000000000 ) ) ;
#5610 = CARTESIAN_POINT ( 'NONE',  ( 0.0000000000000000000, 0.0000000000000000000, 0.0000000000000000000 ) ) ;
#5611 = AXIS2_PLACEMENT_3D ( 'NONE', #5610, #5609, #5608 ) ;
#5612 = CARTESIAN_POINT ( 'NONE',  ( -0.05345000000000015000, 0.4111249999999991300, -4.117480108576437100E-016 ) ) ;
#5613 = CARTESIAN_POINT ( 'NONE',  ( -0.05345000000000026800, 0.4105667725157676800, 0.01432188433544361200 ) ) ;
#5614 = CARTESIAN_POINT ( 'NONE',  ( -0.04628905783227801200, 0.4100833333333324700, 0.02672500000000040800 ) ) ;
#5615 = CARTESIAN_POINT ( 'NONE',  ( -0.03085937188818410300, 0.4090416666666658600, 0.05345000000000078900 ) ) ;
#5616 = CARTESIAN_POINT ( 'NONE',  ( 7.856073918569711100E-016, 0.4079999999999992000, 0.05344999999999999800 ) ) ;
#5617 = CARTESIAN_POINT ( 'NONE',  ( 0.03085937188818719700, 0.4069583333333325300, 0.05344999999999901200 ) ) ;
#5618 = CARTESIAN_POINT ( 'NONE',  ( 0.03233161507461907600, 0.07645833333333319800, 0.05599999999999998700 ) ) ;
#5619 = CARTESIAN_POINT ( 'NONE',  ( 0.04628905783227879600, 0.4059166666666658700, 0.02672499999999904500 ) ) ;
#5620 = CARTESIAN_POINT ( 'NONE',  ( 0.04849742261192858900, 0.07541666666666653500, 0.02799999999999996600 ) ) ;
#5621 = CARTESIAN_POINT ( 'NONE',  ( 0.05344999999999989300, 0.4054332274842306600, 0.01432188433544342300 ) ) ;
#5622 = CARTESIAN_POINT ( 'NONE',  ( 0.05344999999999994200, 0.4048749999999992100, 6.370656723547431000E-016 ) ) ;
#5623 = CARTESIAN_POINT ( 'NONE',  ( -0.06466323014923809600, 0.06812499999999988000, 3.959350124971783400E-018 ) ) ;
#5624 = CARTESIAN_POINT ( 'NONE',  ( -0.04849742261192856200, 0.06708333333333321700, 0.02800000000000000800 ) ) ;
#5625 = CARTESIAN_POINT ( 'NONE',  ( -0.03233161507461903400, 0.06604166666666655400, 0.05600000000000000100 ) ) ;
#5626 = CYLINDRICAL_SURFACE ( 'NONE', #5611, 0.05345000000000005300 ) ;
#5627 = FACE_OUTER_BOUND ( 'NONE', #3657, .T. ) ;
#5628 =( BOUNDED_CURVE ( )  B_SPLINE_CURVE ( 2, ( #5622, #5621, #5619, #5617, #5616, #5615, #5614, #5613, #5612 ),
 .UNSPECIFIED., .F., .T. ) 
 B_SPLINE_CURVE_WITH_KNOTS ( ( 3, 2, 2, 2, 3 ),
 ( 0.7884615384615386600, 0.7905982905982906800, 0.7948717948717949300, 0.7991452991452991900, 0.8012820512820514300 ),
 .UNSPECIFIED. ) 
 CURVE ( )  GEOMETRIC_REPRESENTATION_ITEM ( )  RATIONAL_B_SPLINE_CURVE ( ( 0.9330127018922194100, 0.9330127018922228500, 1.000000000000000000, 0.8660254037844387100, 1.000000000000000000, 0.8660254037844387100, 1.000000000000000000, 0.9330127018922158600, 0.9330127018922194100 ) ) 
 REPRESENTATION_ITEM ( '' )  );
#5629 = CARTESIAN_POINT ( 'NONE',  ( 0.05345000000000005300, 1.309104192236122700E-017, 0.0000000000000000000 ) ) ;
#5630 = LINE ( 'NONE', #5629, #5689 ) ;
#5631 = CARTESIAN_POINT ( 'NONE',  ( -0.05344999999999994200, 0.4126249999999991300, -4.266166890275030500E-016 ) ) ;
#5632 = CARTESIAN_POINT ( 'NONE',  ( 0.05344999999999994200, 0.4063749999999991500, 1.875740938351487900E-016 ) ) ;
#5633 = DIRECTION ( 'NONE',  ( 2.449212707644754500E-016, -1.000000000000000000, 0.0000000000000000000 ) ) ;
#5634 = VECTOR ( 'NONE', #5633, 39.37007874015748100 ) ;
#5635 = CARTESIAN_POINT ( 'NONE',  ( -0.05345000000000005300, -1.309104192236122700E-017, 6.545520961180613300E-018 ) ) ;
#5636 = LINE ( 'NONE', #5635, #5634 ) ;
#5637 = CARTESIAN_POINT ( 'NONE',  ( -6.857795581405312900E-018, 0.05874999999999990000, -0.05600000000000000800 ) ) ;
#5638 = CARTESIAN_POINT ( 'NONE',  ( -0.03233161507461906900, 0.05770833333333325000, -0.05599999999999998700 ) ) ;
#5639 = CARTESIAN_POINT ( 'NONE',  ( -0.04849742261192856900, 0.05666666666666657400, -0.02799999999999999000 ) ) ;
#5640 = CARTESIAN_POINT ( 'NONE',  ( -0.03233161507461906900, 0.08270833333333317500, -0.05599999999999998700 ) ) ;
#5641 = CARTESIAN_POINT ( 'NONE',  ( -0.05344999999999994200, 0.4126249999999991300, -4.266166890275030500E-016 ) ) ;
#5642 = CARTESIAN_POINT ( 'NONE',  ( -0.04849742261192856900, 0.08166666666666651300, -0.02799999999999999000 ) ) ;
#5643 = CARTESIAN_POINT ( 'NONE',  ( -0.05344999999999995600, 0.4120667725157675700, 0.01432188433544395000 ) ) ;
#5644 = CARTESIAN_POINT ( 'NONE',  ( -0.06466323014923809600, 0.08062499999999985000, 3.959350124971783400E-018 ) ) ;
#5645 = CARTESIAN_POINT ( 'NONE',  ( -0.04628905783227742900, 0.4115833333333324100, 0.02672500000000140400 ) ) ;
#5646 = CARTESIAN_POINT ( 'NONE',  ( -0.04849742261192856200, 0.07958333333333317300, 0.02800000000000000800 ) ) ;
#5647 = CARTESIAN_POINT ( 'NONE',  ( -0.03085937188818447000, 0.4105416666666656900, 0.05345000000000057300 ) ) ;
#5648 = CARTESIAN_POINT ( 'NONE',  ( -0.03233161507461903400, 0.07854166666666651000, 0.05600000000000000100 ) ) ;
#5649 = CARTESIAN_POINT ( 'NONE',  ( 4.189133415155587600E-016, 0.4094999999999990900, 0.05344999999999999800 ) ) ;
#5650 = CARTESIAN_POINT ( 'NONE',  ( 0.0000000000000000000, 0.07749999999999986100, 0.05600000000000000800 ) ) ;
#5651 = CARTESIAN_POINT ( 'NONE',  ( 0.03085937188818683300, 0.4084583333333324200, 0.05344999999999922700 ) ) ;
#5652 = CARTESIAN_POINT ( 'NONE',  ( 0.04628905783227860900, 0.4074166666666657600, 0.02672499999999936000 ) ) ;
#5653 = CARTESIAN_POINT ( 'NONE',  ( 0.05344999999999978900, 0.4069332274842306100, 0.01432188433544297000 ) ) ;
#5654 = CARTESIAN_POINT ( 'NONE',  ( 0.05344999999999994200, 0.4063749999999992100, 1.875740938351487900E-016 ) ) ;
#5655 =( BOUNDED_CURVE ( )  B_SPLINE_CURVE ( 2, ( #5654, #5653, #5652, #5651, #5649, #5647, #5645, #5643, #5641 ),
 .UNSPECIFIED., .F., .T. ) 
 B_SPLINE_CURVE_WITH_KNOTS ( ( 3, 2, 2, 2, 3 ),
 ( 0.8141025641025643200, 0.8162393162393163400, 0.8205128205128206000, 0.8247863247863248500, 0.8269230769230770900 ),
 .UNSPECIFIED. ) 
 CURVE ( )  GEOMETRIC_REPRESENTATION_ITEM ( )  RATIONAL_B_SPLINE_CURVE ( ( 0.9330127018922194100, 0.9330127018922228500, 1.000000000000000000, 0.8660254037844387100, 1.000000000000000000, 0.8660254037844387100, 1.000000000000000000, 0.9330127018922158600, 0.9330127018922194100 ) ) 
 REPRESENTATION_ITEM ( '' )  );
#5656 = CARTESIAN_POINT ( 'NONE',  ( -0.05345000000000015000, 0.4001249999999991800, -4.117480108576437100E-016 ) ) ;
#5657 = CARTESIAN_POINT ( 'NONE',  ( -0.05345000000000026800, 0.3995667725157676100, 0.01432188433544361200 ) ) ;
#5658 = CARTESIAN_POINT ( 'NONE',  ( -0.04628905783227801200, 0.3990833333333324600, 0.02672500000000040800 ) ) ;
#5659 = CARTESIAN_POINT ( 'NONE',  ( -0.03085937188818410300, 0.3980416666666657400, 0.05345000000000078900 ) ) ;
#5660 = CARTESIAN_POINT ( 'NONE',  ( 7.856073918569711100E-016, 0.3969999999999991300, 0.05344999999999999800 ) ) ;
#5661 = CARTESIAN_POINT ( 'NONE',  ( 0.03085937188818719700, 0.3959583333333325200, 0.05344999999999901200 ) ) ;
#5662 = CARTESIAN_POINT ( 'NONE',  ( -0.05344999999999999100, 0.03762499999999993600, -4.003105661115980100E-017 ) ) ;
#5663 = CARTESIAN_POINT ( 'NONE',  ( 0.05345000000000000400, 0.04387499999999993500, -3.659982318734610600E-017 ) ) ;
#5664 = CARTESIAN_POINT ( 'NONE',  ( 0.05345000000000001100, 0.07987499999999987700, -6.290594610325112500E-017 ) ) ;
#5665 = CARTESIAN_POINT ( 'NONE',  ( -0.05345000000000000400, 0.08612499999999985400, 8.234960217152874200E-017 ) ) ;
#5666 = DIRECTION ( 'NONE',  ( 2.449212707644754500E-016, -1.000000000000000000, 0.0000000000000000000 ) ) ;
#5668 = CARTESIAN_POINT ( 'NONE',  ( 0.0000000000000000000, 0.05249999999999991500, 0.05600000000000000800 ) ) ;
#5667 = VECTOR ( 'NONE', #5666, 39.37007874015748100 ) ;
#5669 = CARTESIAN_POINT ( 'NONE',  ( -0.05345000000000005300, -1.309104192236122700E-017, 6.545520961180613300E-018 ) ) ;
#5670 = LINE ( 'NONE', #5669, #5667 ) ;
#5671 = CARTESIAN_POINT ( 'NONE',  ( -0.05344999999999999100, 0.03762499999999993600, -4.003105661115980100E-017 ) ) ;
#5672 = CARTESIAN_POINT ( 'NONE',  ( -0.05345000000000001100, 0.03706677251576842600, 0.01432188433544355100 ) ) ;
#5673 = CARTESIAN_POINT ( 'NONE',  ( -0.04628905783227819900, 0.03658333333333326600, 0.02672500000000007500 ) ) ;
#5674 = CARTESIAN_POINT ( 'NONE',  ( -0.03085937188818543500, 0.03554166666666660300, 0.05345000000000003200 ) ) ;
#5675 = CARTESIAN_POINT ( 'NONE',  ( 2.618208384472242200E-017, 0.03449999999999993300, 0.05344999999999999800 ) ) ;
#5676 = CARTESIAN_POINT ( 'NONE',  ( 0.03085937188818558100, 0.03345833333333327700, 0.05344999999999994200 ) ) ;
#5677 = CARTESIAN_POINT ( 'NONE',  ( 0.04628905783227826900, 0.03241666666666660800, 0.02672499999999995000 ) ) ;
#5678 = CARTESIAN_POINT ( 'NONE',  ( 0.05345000000000000400, 0.03193322748423145500, 0.01432188433544349200 ) ) ;
#5679 = CARTESIAN_POINT ( 'NONE',  ( 0.05344999999999999800, 0.03137499999999995200, 2.287488949209132000E-018 ) ) ;
#5680 =( BOUNDED_CURVE ( )  B_SPLINE_CURVE ( 2, ( #5679, #5678, #5677, #5676, #5675, #5674, #5673, #5672, #5671 ),
 .UNSPECIFIED., .F., .T. ) 
 B_SPLINE_CURVE_WITH_KNOTS ( ( 3, 2, 2, 2, 3 ),
 ( 0.04487179487179487900, 0.04700854700854701500, 0.05128205128205128700, 0.05555555555555555900, 0.05769230769230770900 ),
 .UNSPECIFIED. ) 
 CURVE ( )  GEOMETRIC_REPRESENTATION_ITEM ( )  RATIONAL_B_SPLINE_CURVE ( ( 0.9330127018922193000, 0.9330127018922194100, 1.000000000000000000, 0.8660254037844387100, 1.000000000000000000, 0.8660254037844387100, 1.000000000000000000, 0.9330127018922189700, 0.9330127018922193000 ) ) 
 REPRESENTATION_ITEM ( '' )  );
#5681 = DIRECTION ( 'NONE',  ( 1.000000000000000000, 2.449212707644754500E-016, 0.0000000000000000000 ) ) ;
#5682 = DIRECTION ( 'NONE',  ( 2.449212707644754500E-016, -1.000000000000000000, 0.0000000000000000000 ) ) ;
#5683 = CARTESIAN_POINT ( 'NONE',  ( 0.0000000000000000000, 0.0000000000000000000, 0.0000000000000000000 ) ) ;
#5684 = AXIS2_PLACEMENT_3D ( 'NONE', #5683, #5682, #5681 ) ;
#5685 = CARTESIAN_POINT ( 'NONE',  ( 0.05344999999999999800, 0.01887499999999997200, -2.058740054288218500E-017 ) ) ;
#5686 = CYLINDRICAL_SURFACE ( 'NONE', #5684, 0.05345000000000005300 ) ;
#5687 = FACE_OUTER_BOUND ( 'NONE', #3694, .T. ) ;
#5688 = DIRECTION ( 'NONE',  ( 2.449212707644754500E-016, -1.000000000000000000, 0.0000000000000000000 ) ) ;
#5689 = VECTOR ( 'NONE', #5688, 39.37007874015748100 ) ;
#5690 = CARTESIAN_POINT ( 'NONE',  ( -0.05344999999999983100, 0.4605667725157676100, 0.01432188433544436800 ) ) ;
#5691 = CARTESIAN_POINT ( 'NONE',  ( -0.04628905783227721400, 0.4600833333333323400, 0.02672500000000176500 ) ) ;
#5692 = CARTESIAN_POINT ( 'NONE',  ( -0.03085937188818405400, 0.4590416666666657400, 0.05345000000000083000 ) ) ;
#5693 = CARTESIAN_POINT ( 'NONE',  ( 8.379715595464159300E-016, 0.4579999999999990700, 0.05344999999999999800 ) ) ;
#5694 = CARTESIAN_POINT ( 'NONE',  ( 0.03085937188818724900, 0.4569583333333324100, 0.05344999999999897100 ) ) ;
#5695 = CARTESIAN_POINT ( 'NONE',  ( 0.04628905783227882400, 0.4559166666666657500, 0.02672499999999900000 ) ) ;
#5696 = CARTESIAN_POINT ( 'NONE',  ( 0.05344999999999990700, 0.4554332274842305400, 0.01432188433544336800 ) ) ;
#5697 = CARTESIAN_POINT ( 'NONE',  ( 0.05344999999999995600, 0.4548749999999991400, 5.833096820483286800E-016 ) ) ;
#5698 = CARTESIAN_POINT ( 'NONE',  ( -0.05344999999999995600, 0.3986249999999990600, 3.408358534321605800E-016 ) ) ;
#5699 = CARTESIAN_POINT ( 'NONE',  ( 0.05344999999999994200, 0.3923749999999991400, 2.710674404812820700E-016 ) ) ;
#5700 =( BOUNDED_CURVE ( )  B_SPLINE_CURVE ( 2, ( #5697, #5696, #5695, #5694, #5693, #5692, #5691, #5690, #5744 ),
 .UNSPECIFIED., .F., .T. ) 
 B_SPLINE_CURVE_WITH_KNOTS ( ( 3, 2, 2, 2, 3 ),
 ( 0.8910256410256411900, 0.8931623931623932100, 0.8974358974358975800, 0.9017094017094018400, 0.9038461538461540800 ),
 .UNSPECIFIED. ) 
 CURVE ( )  GEOMETRIC_REPRESENTATION_ITEM ( )  RATIONAL_B_SPLINE_CURVE ( ( 0.9330127018922194100, 0.9330127018922228500, 1.000000000000000000, 0.8660254037844387100, 1.000000000000000000, 0.8660254037844387100, 1.000000000000000000, 0.9330127018922158600, 0.9330127018922194100 ) ) 
 REPRESENTATION_ITEM ( '' )  );
#5701 = DIRECTION ( 'NONE',  ( 1.000000000000000000, 2.449212707644754500E-016, 0.0000000000000000000 ) ) ;
#5702 = DIRECTION ( 'NONE',  ( 2.449212707644754500E-016, -1.000000000000000000, 0.0000000000000000000 ) ) ;
#5703 = CARTESIAN_POINT ( 'NONE',  ( 0.0000000000000000000, 0.0000000000000000000, 0.0000000000000000000 ) ) ;
#5704 = AXIS2_PLACEMENT_3D ( 'NONE', #5703, #5702, #5701 ) ;
#5705 = CYLINDRICAL_SURFACE ( 'NONE', #5704, 0.05345000000000005300 ) ;
#5706 = FACE_OUTER_BOUND ( 'NONE', #3719, .T. ) ;
#5707 = CARTESIAN_POINT ( 'NONE',  ( 0.05344999999999995600, 0.4548749999999991400, 5.833096820483285800E-016 ) ) ;
#5708 = DIRECTION ( 'NONE',  ( 2.449212707644754500E-016, -1.000000000000000000, 0.0000000000000000000 ) ) ;
#5709 = VECTOR ( 'NONE', #5708, 39.37007874015748100 ) ;
#5710 = CARTESIAN_POINT ( 'NONE',  ( 0.05345000000000005300, 1.309104192236122700E-017, 0.0000000000000000000 ) ) ;
#5711 = LINE ( 'NONE', #5710, #5709 ) ;
#5712 = CARTESIAN_POINT ( 'NONE',  ( 0.06466323014923809600, 0.07437499999999987200, -1.187805037491535100E-017 ) ) ;
#5713 = CARTESIAN_POINT ( 'NONE',  ( 0.04849742261192855500, 0.07333333333333320900, -0.02800000000000002800 ) ) ;
#5714 = CARTESIAN_POINT ( 'NONE',  ( -0.05345000000000000400, 0.03612499999999997000, -4.003105661115980100E-017 ) ) ;
#5715 = DIRECTION ( 'NONE',  ( 2.449212707644754500E-016, -1.000000000000000000, 0.0000000000000000000 ) ) ;
#5716 = VECTOR ( 'NONE', #5715, 39.37007874015748100 ) ;
#5717 = CARTESIAN_POINT ( 'NONE',  ( -0.05345000000000005300, -1.309104192236122700E-017, 6.545520961180613300E-018 ) ) ;
#5718 = LINE ( 'NONE', #5717, #5716 ) ;
#5719 =( BOUNDED_CURVE ( )  B_SPLINE_CURVE ( 2, ( #5770, #5769, #5768, #5767, #5766, #5765, #5764, #5763, #5762 ),
 .UNSPECIFIED., .F., .T. ) 
 B_SPLINE_CURVE_WITH_KNOTS ( ( 3, 2, 2, 2, 3 ),
 ( 0.01923076923076923200, 0.02136752136752136800, 0.02564102564102564400, 0.02991452991452991900, 0.03205128205128206200 ),
 .UNSPECIFIED. ) 
 CURVE ( )  GEOMETRIC_REPRESENTATION_ITEM ( )  RATIONAL_B_SPLINE_CURVE ( ( 0.9330127018922194100, 0.9330127018922194100, 1.000000000000000000, 0.8660254037844387100, 1.000000000000000000, 0.8660254037844387100, 1.000000000000000000, 0.9330127018922191900, 0.9330127018922194100 ) ) 
 REPRESENTATION_ITEM ( '' )  );
#5720 = DIRECTION ( 'NONE',  ( 2.449212707644754500E-016, -1.000000000000000000, 0.0000000000000000000 ) ) ;
#5721 = VECTOR ( 'NONE', #5720, 39.37007874015748100 ) ;
#5722 = CARTESIAN_POINT ( 'NONE',  ( -0.05345000000000005300, -1.309104192236122700E-017, 6.545520961180613300E-018 ) ) ;
#5723 = LINE ( 'NONE', #5722, #5721 ) ;
#5724 = CARTESIAN_POINT ( 'NONE',  ( 0.05345000000000000400, 0.08137499999999982200, -7.663087979850590700E-017 ) ) ;
#5725 = DIRECTION ( 'NONE',  ( 2.449212707644754500E-016, -1.000000000000000000, 0.0000000000000000000 ) ) ;
#5726 = VECTOR ( 'NONE', #5725, 39.37007874015748100 ) ;
#5727 = CARTESIAN_POINT ( 'NONE',  ( 0.05345000000000005300, 1.309104192236122700E-017, 0.0000000000000000000 ) ) ;
#5728 = LINE ( 'NONE', #5727, #5726 ) ;
#5729 = CARTESIAN_POINT ( 'NONE',  ( -0.05345000000000000400, 0.06112499999999990900, 4.346229003497349700E-017 ) ) ;
#5730 = DIRECTION ( 'NONE',  ( 1.000000000000000000, 2.449212707644754500E-016, 0.0000000000000000000 ) ) ;
#5731 = DIRECTION ( 'NONE',  ( 2.449212707644754500E-016, -1.000000000000000000, 0.0000000000000000000 ) ) ;
#5732 = CARTESIAN_POINT ( 'NONE',  ( 0.0000000000000000000, 0.0000000000000000000, 0.0000000000000000000 ) ) ;
#5733 = AXIS2_PLACEMENT_3D ( 'NONE', #5732, #5731, #5730 ) ;
#5734 = CARTESIAN_POINT ( 'NONE',  ( -0.05345000000000000400, 0.05012499999999991300, 4.346229003497349700E-017 ) ) ;
#5735 = CYLINDRICAL_SURFACE ( 'NONE', #5733, 0.05345000000000005300 ) ;
#5736 = FACE_OUTER_BOUND ( 'NONE', #3775, .T. ) ;
#5737 = CARTESIAN_POINT ( 'NONE',  ( 0.05344999999999999800, 0.03137499999999995200, 2.287488949209132000E-018 ) ) ;
#5738 = CARTESIAN_POINT ( 'NONE',  ( 0.05344999999999994200, 0.3938749999999992000, 6.370656723547431000E-016 ) ) ;
#5739 = CARTESIAN_POINT ( 'NONE',  ( -0.05345000000000015000, 0.4001249999999991800, -4.117480108576437100E-016 ) ) ;
#5740 = DIRECTION ( 'NONE',  ( 2.449212707644754500E-016, -1.000000000000000000, 0.0000000000000000000 ) ) ;
#5741 = VECTOR ( 'NONE', #5740, 39.37007874015748100 ) ;
#5742 = CARTESIAN_POINT ( 'NONE',  ( -0.05345000000000005300, -1.309104192236122700E-017, 6.545520961180613300E-018 ) ) ;
#5743 = LINE ( 'NONE', #5742, #5741 ) ;
#5744 = CARTESIAN_POINT ( 'NONE',  ( -0.05344999999999994200, 0.4611249999999991200, -8.006211322231961800E-018 ) ) ;
#5745 = CARTESIAN_POINT ( 'NONE',  ( -0.05345000000000000400, 0.05012499999999991300, 4.346229003497349700E-017 ) ) ;
#5746 = CARTESIAN_POINT ( 'NONE',  ( -0.05344999999999999800, 0.04956677251576839500, 0.01432188433544358300 ) ) ;
#5747 = CARTESIAN_POINT ( 'NONE',  ( -0.04628905783227819200, 0.04908333333333324300, 0.02672500000000008900 ) ) ;
#5748 = CARTESIAN_POINT ( 'NONE',  ( -0.03085937188818542500, 0.04804166666666658000, 0.05345000000000003200 ) ) ;
#5749 = CARTESIAN_POINT ( 'NONE',  ( 3.927312576708363500E-017, 0.04699999999999991000, 0.05344999999999999800 ) ) ;
#5750 = CARTESIAN_POINT ( 'NONE',  ( 0.03085937188818568800, 0.04595833333333324000, 0.05344999999999988000 ) ) ;
#5751 = CARTESIAN_POINT ( 'NONE',  ( 0.04628905783227832400, 0.04491666666666657700, 0.02672499999999985700 ) ) ;
#5752 = CARTESIAN_POINT ( 'NONE',  ( 0.05345000000000001100, 0.04443322748423143100, 0.01432188433544340700 ) ) ;
#5753 = CARTESIAN_POINT ( 'NONE',  ( 0.05345000000000000400, 0.04387499999999993500, -3.659982318734610600E-017 ) ) ;
#5754 = LINE ( 'NONE', #5796, #5794 ) ;
#5755 = CARTESIAN_POINT ( 'NONE',  ( -0.05345000000000001100, 0.07362499999999988500, 5.718722373022829100E-017 ) ) ;
#5756 =( BOUNDED_CURVE ( )  B_SPLINE_CURVE ( 2, ( #5753, #5752, #5751, #5750, #5749, #5748, #5747, #5746, #5745 ),
 .UNSPECIFIED., .F., .T. ) 
 B_SPLINE_CURVE_WITH_KNOTS ( ( 3, 2, 2, 2, 3 ),
 ( 0.07051282051282052600, 0.07264957264957265500, 0.07692307692307692700, 0.08119658119658120000, 0.08333333333333334300 ),
 .UNSPECIFIED. ) 
 CURVE ( )  GEOMETRIC_REPRESENTATION_ITEM ( )  RATIONAL_B_SPLINE_CURVE ( ( 0.9330127018922194100, 0.9330127018922196300, 1.000000000000000000, 0.8660254037844387100, 1.000000000000000000, 0.8660254037844387100, 1.000000000000000000, 0.9330127018922191900, 0.9330127018922194100 ) ) 
 REPRESENTATION_ITEM ( '' )  );
#5757 = DIRECTION ( 'NONE',  ( 2.449212707644754500E-016, -1.000000000000000000, 0.0000000000000000000 ) ) ;
#5758 = VECTOR ( 'NONE', #5757, 39.37007874015748100 ) ;
#5759 = CARTESIAN_POINT ( 'NONE',  ( 0.05345000000000005300, 1.309104192236122700E-017, 0.0000000000000000000 ) ) ;
#5760 = LINE ( 'NONE', #5759, #5758 ) ;
#5761 = CARTESIAN_POINT ( 'NONE',  ( 0.05344999999999999800, 0.02987499999999997400, -2.058740054288218500E-017 ) ) ;
#5762 = CARTESIAN_POINT ( 'NONE',  ( -0.05345000000000000400, 0.03612499999999997000, -4.003105661115980100E-017 ) ) ;
#5763 = CARTESIAN_POINT ( 'NONE',  ( -0.05345000000000001100, 0.03556677251576845200, 0.01432188433544351200 ) ) ;
#5764 = CARTESIAN_POINT ( 'NONE',  ( -0.04628905783227822700, 0.03508333333333329300, 0.02672500000000002700 ) ) ;
#5765 = CARTESIAN_POINT ( 'NONE',  ( -0.03085937188818544500, 0.03404166666666663000, 0.05345000000000001100 ) ) ;
#5766 = CARTESIAN_POINT ( 'NONE',  ( 1.309104192236121100E-017, 0.03299999999999996000, 0.05344999999999999800 ) ) ;
#5767 = CARTESIAN_POINT ( 'NONE',  ( 0.03085937188818552500, 0.03195833333333330400, 0.05344999999999997700 ) ) ;
#5768 = CARTESIAN_POINT ( 'NONE',  ( 0.04628905783227826900, 0.03091666666666663400, 0.02672499999999996400 ) ) ;
#5769 = CARTESIAN_POINT ( 'NONE',  ( 0.05345000000000000400, 0.03043322748423147800, 0.01432188433544348400 ) ) ;
#5771 = CARTESIAN_POINT ( 'NONE',  ( 0.03233161507461907600, 0.08895833333333315300, 0.05599999999999998700 ) ) ;
#5770 = CARTESIAN_POINT ( 'NONE',  ( 0.05344999999999999800, 0.02987499999999997400, -2.058740054288218200E-017 ) ) ;
#5772 = CARTESIAN_POINT ( 'NONE',  ( 0.04849742261192858900, 0.08791666666666650400, 0.02799999999999996600 ) ) ;
#5773 = CARTESIAN_POINT ( 'NONE',  ( 0.06466323014923809600, 0.08687499999999985500, -1.187805037491535100E-017 ) ) ;
#5774 = LINE ( 'NONE', #5814, #5813 ) ;
#5775 = DIRECTION ( 'NONE',  ( 2.449212707644754500E-016, -1.000000000000000000, 0.0000000000000000000 ) ) ;
#5776 = VECTOR ( 'NONE', #5775, 39.37007874015748100 ) ;
#5777 = CARTESIAN_POINT ( 'NONE',  ( 0.05345000000000005300, 1.309104192236122700E-017, 0.0000000000000000000 ) ) ;
#5778 = LINE ( 'NONE', #5777, #5776 ) ;
#5779 = CARTESIAN_POINT ( 'NONE',  ( 0.0000000000000000000, 0.009499999999999994600, 0.05344999999999999800 ) ) ;
#5780 = DIRECTION ( 'NONE',  ( 0.0000000000000000000, 1.000000000000000000, 0.0000000000000000000 ) ) ;
#5781 = VECTOR ( 'NONE', #5780, 39.37007874015748100 ) ;
#5782 = CARTESIAN_POINT ( 'NONE',  ( 0.0000000000000000000, 0.009499999999999994600, 0.05344999999999999800 ) ) ;
#5783 = LINE ( 'NONE', #5782, #5781 ) ;
#5784 = CARTESIAN_POINT ( 'NONE',  ( -0.05345000000000000400, 0.02362499999999997900, 6.862466847627394900E-018 ) ) ;
#5785 = CARTESIAN_POINT ( 'NONE',  ( -0.05344999999999999800, 0.02306677251576848600, 0.01432188433544351200 ) ) ;
#5786 = CARTESIAN_POINT ( 'NONE',  ( -0.04628905783227824100, 0.02258333333333332000, 0.02672500000000000200 ) ) ;
#5787 = CARTESIAN_POINT ( 'NONE',  ( -0.03085937188818549000, 0.02154166666666665700, 0.05345000000000000400 ) ) ;
#5788 = CARTESIAN_POINT ( 'NONE',  ( 0.0000000000000000000, 0.02049999999999999400, 0.05344999999999999800 ) ) ;
#5789 = CARTESIAN_POINT ( 'NONE',  ( 0.0000000000000000000, 0.02049999999999999400, 0.05344999999999999800 ) ) ;
#5790 =( BOUNDED_CURVE ( )  B_SPLINE_CURVE ( 2, ( #5788, #5787, #5786, #5785, #5784 ),
 .UNSPECIFIED., .F., .T. ) 
 B_SPLINE_CURVE_WITH_KNOTS ( ( 3, 2, 3 ),
 ( 0.0000000000000000000, 0.004273504273504273900, 0.006410256410256410900 ),
 .UNSPECIFIED. ) 
 CURVE ( )  GEOMETRIC_REPRESENTATION_ITEM ( )  RATIONAL_B_SPLINE_CURVE ( ( 1.000000000000000000, 0.8660254037844387100, 1.000000000000000000, 0.9330127018922194100, 0.9330127018922194100 ) ) 
 REPRESENTATION_ITEM ( '' )  );
#5791 = CARTESIAN_POINT ( 'NONE',  ( 0.04849742261192855500, 0.08583333333333317800, -0.02800000000000002800 ) ) ;
#5792 = DIRECTION ( 'NONE',  ( 2.449212707644754500E-016, -1.000000000000000000, 0.0000000000000000000 ) ) ;
#5793 = CARTESIAN_POINT ( 'NONE',  ( 0.03233161507461902700, 0.08479166666666651500, -0.05600000000000000100 ) ) ;
#5794 = VECTOR ( 'NONE', #5792, 39.37007874015748100 ) ;
#5795 = CARTESIAN_POINT ( 'NONE',  ( -6.857795581405312900E-018, 0.08374999999999985200, -0.05600000000000000800 ) ) ;
#5796 = CARTESIAN_POINT ( 'NONE',  ( -0.05345000000000005300, -1.309104192236122700E-017, 6.545520961180613300E-018 ) ) ;
#5797 =( BOUNDED_CURVE ( )  B_SPLINE_CURVE ( 2, ( #5844, #5843, #5842, #5841, #5840, #5839, #5838, #5837, #5836 ),
 .UNSPECIFIED., .F., .F. ) 
 B_SPLINE_CURVE_WITH_KNOTS ( ( 3, 2, 2, 2, 3 ),
 ( 0.07051282051282052600, 0.07264957264957265500, 0.07692307692307692700, 0.08119658119658120000, 0.08333333333333334300 ),
 .UNSPECIFIED. ) 
 CURVE ( )  GEOMETRIC_REPRESENTATION_ITEM ( )  RATIONAL_B_SPLINE_CURVE ( ( 0.9330127018922194100, 0.9330127018922196300, 1.000000000000000000, 0.8660254037844387100, 1.000000000000000000, 0.8660254037844387100, 1.000000000000000000, 0.9330127018922191900, 0.9330127018922194100 ) ) 
 REPRESENTATION_ITEM ( '' )  );
#5798 = DIRECTION ( 'NONE',  ( 1.000000000000000000, 2.449212707644754500E-016, 0.0000000000000000000 ) ) ;
#5799 = DIRECTION ( 'NONE',  ( 2.449212707644754500E-016, -1.000000000000000000, 0.0000000000000000000 ) ) ;
#5800 = AXIS2_PLACEMENT_3D ( 'NONE', #5802, #5799, #5798 ) ;
#5801 = CYLINDRICAL_SURFACE ( 'NONE', #5800, 0.05345000000000005300 ) ;
#5802 = CARTESIAN_POINT ( 'NONE',  ( 0.0000000000000000000, 0.0000000000000000000, 0.0000000000000000000 ) ) ;
#5803 = CARTESIAN_POINT ( 'NONE',  ( -0.05345000000000000400, 0.01262499999999998700, 6.862466847627394900E-018 ) ) ;
#5804 = CARTESIAN_POINT ( 'NONE',  ( -0.05344999999999999800, 0.01206677251576848700, 0.01432188433544351200 ) ) ;
#5805 = CARTESIAN_POINT ( 'NONE',  ( -0.04628905783227824100, 0.01158333333333332400, 0.02672500000000000200 ) ) ;
#5806 = CARTESIAN_POINT ( 'NONE',  ( -0.03085937188818549000, 0.01054166666666665800, 0.05345000000000000400 ) ) ;
#5807 = CARTESIAN_POINT ( 'NONE',  ( 0.0000000000000000000, 0.009499999999999994600, 0.05344999999999999800 ) ) ;
#5808 = CARTESIAN_POINT ( 'NONE',  ( -0.05345000000000000400, 0.01262499999999998700, 6.862466847627394900E-018 ) ) ;
#5809 =( BOUNDED_CURVE ( )  B_SPLINE_CURVE ( 2, ( #5807, #5806, #5805, #5804, #5803 ),
 .UNSPECIFIED., .F., .T. ) 
 B_SPLINE_CURVE_WITH_KNOTS ( ( 3, 2, 3 ),
 ( 0.0000000000000000000, 0.004273504273504273900, 0.006410256410256410900 ),
 .UNSPECIFIED. ) 
 CURVE ( )  GEOMETRIC_REPRESENTATION_ITEM ( )  RATIONAL_B_SPLINE_CURVE ( ( 1.000000000000000000, 0.8660254037844387100, 1.000000000000000000, 0.9330127018922194100, 0.9330127018922194100 ) ) 
 REPRESENTATION_ITEM ( '' )  );
#5810 = FACE_OUTER_BOUND ( 'NONE', #3756, .T. ) ;
#5811 = CARTESIAN_POINT ( 'NONE',  ( -0.05344999999999999100, 0.04862499999999993200, -4.003105661115980100E-017 ) ) ;
#5812 = DIRECTION ( 'NONE',  ( 2.449212707644754500E-016, -1.000000000000000000, 0.0000000000000000000 ) ) ;
#5813 = VECTOR ( 'NONE', #5812, 39.37007874015748100 ) ;
#5814 = CARTESIAN_POINT ( 'NONE',  ( -0.05345000000000005300, -1.309104192236122700E-017, 6.545520961180613300E-018 ) ) ;
#5815 = CARTESIAN_POINT ( 'NONE',  ( -0.05344999999999999100, 0.04862499999999993200, -4.003105661115980100E-017 ) ) ;
#5816 = CARTESIAN_POINT ( 'NONE',  ( -0.05345000000000001100, 0.04806677251576843600, 0.01432188433544355100 ) ) ;
#5817 = CARTESIAN_POINT ( 'NONE',  ( -0.04628905783227819900, 0.04758333333333326900, 0.02672500000000007500 ) ) ;
#5818 = CARTESIAN_POINT ( 'NONE',  ( -0.03085937188818543500, 0.04654166666666659900, 0.05345000000000003200 ) ) ;
#5819 = CARTESIAN_POINT ( 'NONE',  ( 2.618208384472242200E-017, 0.04549999999999992900, 0.05344999999999999800 ) ) ;
#5820 = CARTESIAN_POINT ( 'NONE',  ( 0.03085937188818558100, 0.04445833333333327300, 0.05344999999999994200 ) ) ;
#5821 = CARTESIAN_POINT ( 'NONE',  ( 0.04628905783227826900, 0.04341666666666661000, 0.02672499999999995000 ) ) ;
#5822 = CARTESIAN_POINT ( 'NONE',  ( 0.05345000000000000400, 0.04293322748423145800, 0.01432188433544349200 ) ) ;
#5823 = CARTESIAN_POINT ( 'NONE',  ( 0.05344999999999999800, 0.04237499999999994700, 2.287488949209132000E-018 ) ) ;
#5824 = LINE ( 'NONE', #5874, #5873 ) ;
#5825 = CARTESIAN_POINT ( 'NONE',  ( 0.05344999999999999800, 0.04237499999999994700, 2.287488949209132000E-018 ) ) ;
#5826 =( BOUNDED_CURVE ( )  B_SPLINE_CURVE ( 2, ( #5823, #5822, #5821, #5820, #5819, #5818, #5817, #5816, #5815 ),
 .UNSPECIFIED., .F., .T. ) 
 B_SPLINE_CURVE_WITH_KNOTS ( ( 3, 2, 2, 2, 3 ),
 ( 0.04487179487179487900, 0.04700854700854701500, 0.05128205128205128700, 0.05555555555555555900, 0.05769230769230770900 ),
 .UNSPECIFIED. ) 
 CURVE ( )  GEOMETRIC_REPRESENTATION_ITEM ( )  RATIONAL_B_SPLINE_CURVE ( ( 0.9330127018922193000, 0.9330127018922194100, 1.000000000000000000, 0.8660254037844387100, 1.000000000000000000, 0.8660254037844387100, 1.000000000000000000, 0.9330127018922189700, 0.9330127018922193000 ) ) 
 REPRESENTATION_ITEM ( '' )  );
#5827 = CARTESIAN_POINT ( 'NONE',  ( 0.03233161507461907600, 0.1014583333333331400, 0.05599999999999998700 ) ) ;
#5828 = CARTESIAN_POINT ( 'NONE',  ( 0.04849742261192858900, 0.1004166666666664700, 0.02799999999999996600 ) ) ;
#5829 = DIRECTION ( 'NONE',  ( 2.449212707644754500E-016, -1.000000000000000000, 0.0000000000000000000 ) ) ;
#5830 = VECTOR ( 'NONE', #5829, 39.37007874015748100 ) ;
#5831 = CARTESIAN_POINT ( 'NONE',  ( -0.04849742261192856200, 0.09208333333333314200, 0.02800000000000000800 ) ) ;
#5832 = CARTESIAN_POINT ( 'NONE',  ( -0.03233161507461903400, 0.09104166666666649300, 0.05600000000000000100 ) ) ;
#5833 = CARTESIAN_POINT ( 'NONE',  ( -0.05345000000000005300, -1.309104192236122700E-017, 6.545520961180613300E-018 ) ) ;
#5834 = CARTESIAN_POINT ( 'NONE',  ( 0.0000000000000000000, 0.08999999999999983000, 0.05600000000000000800 ) ) ;
#5835 = LINE ( 'NONE', #5833, #5830 ) ;
#5836 = CARTESIAN_POINT ( 'NONE',  ( -0.05345000000000000400, 0.06112499999999990900, 4.346229003497349700E-017 ) ) ;
#5837 = CARTESIAN_POINT ( 'NONE',  ( -0.05344999999999999800, 0.06056677251576840500, 0.01432188433544358300 ) ) ;
#5838 = CARTESIAN_POINT ( 'NONE',  ( -0.04628905783227819200, 0.06008333333333323900, 0.02672500000000008900 ) ) ;
#5839 = CARTESIAN_POINT ( 'NONE',  ( -0.03085937188818542500, 0.05904166666666656900, 0.05345000000000003200 ) ) ;
#5840 = CARTESIAN_POINT ( 'NONE',  ( 3.927312576708363500E-017, 0.05799999999999990600, 0.05344999999999999800 ) ) ;
#5841 = CARTESIAN_POINT ( 'NONE',  ( 0.03085937188818568800, 0.05695833333333323600, 0.05344999999999988000 ) ) ;
#5842 = CARTESIAN_POINT ( 'NONE',  ( 0.04628905783227832400, 0.05591666666666658000, 0.02672499999999985700 ) ) ;
#5843 = CARTESIAN_POINT ( 'NONE',  ( 0.05345000000000001100, 0.05543322748423141300, 0.01432188433544340700 ) ) ;
#5844 = CARTESIAN_POINT ( 'NONE',  ( 0.05345000000000000400, 0.05487499999999993100, -3.659982318734610600E-017 ) ) ;
#5845 = CARTESIAN_POINT ( 'NONE',  ( 0.05344999999999999100, 0.3929332274842306000, 0.01432188433544305400 ) ) ;
#5846 = CARTESIAN_POINT ( 'NONE',  ( 0.05344999999999994200, 0.3923749999999991400, 2.710674404812820700E-016 ) ) ;
#5847 = CARTESIAN_POINT ( 'NONE',  ( -0.05344999999999994200, 0.4376249999999990400, -3.454108313305788600E-016 ) ) ;
#5848 = CARTESIAN_POINT ( 'NONE',  ( -0.05344999999999994200, 0.4361249999999991000, 1.944365606827761600E-017 ) ) ;
#5849 =( BOUNDED_CURVE ( )  B_SPLINE_CURVE ( 2, ( #5846, #5845, #5896, #5895, #5894, #5893, #5892, #5891, #5890 ),
 .UNSPECIFIED., .F., .T. ) 
 B_SPLINE_CURVE_WITH_KNOTS ( ( 3, 2, 2, 2, 3 ),
 ( 0.7628205128205130000, 0.7649572649572650200, 0.7692307692307692700, 0.7735042735042735300, 0.7756410256410257700 ),
 .UNSPECIFIED. ) 
 CURVE ( )  GEOMETRIC_REPRESENTATION_ITEM ( )  RATIONAL_B_SPLINE_CURVE ( ( 0.9330127018922194100, 0.9330127018922228500, 1.000000000000000000, 0.8660254037844387100, 1.000000000000000000, 0.8660254037844387100, 1.000000000000000000, 0.9330127018922176300, 0.9330127018922194100 ) ) 
 REPRESENTATION_ITEM ( '' )  );
#5850 = CARTESIAN_POINT ( 'NONE',  ( -0.04849742261192856900, 0.09416666666666651000, -0.02799999999999999000 ) ) ;
#5851 = CARTESIAN_POINT ( 'NONE',  ( -0.06466323014923809600, 0.09312499999999981900, 3.959350124971783400E-018 ) ) ;
#5852 = DIRECTION ( 'NONE',  ( 2.449212707644754500E-016, -1.000000000000000000, 0.0000000000000000000 ) ) ;
#5853 = VECTOR ( 'NONE', #5852, 39.37007874015748100 ) ;
#5854 = CARTESIAN_POINT ( 'NONE',  ( 0.05345000000000005300, 1.309104192236122700E-017, 0.0000000000000000000 ) ) ;
#5855 = LINE ( 'NONE', #5854, #5853 ) ;
#5856 = DIRECTION ( 'NONE',  ( 1.000000000000000000, 2.449212707644754500E-016, 0.0000000000000000000 ) ) ;
#5857 = DIRECTION ( 'NONE',  ( 2.449212707644754500E-016, -1.000000000000000000, 0.0000000000000000000 ) ) ;
#5858 = CARTESIAN_POINT ( 'NONE',  ( 0.0000000000000000000, 0.0000000000000000000, 0.0000000000000000000 ) ) ;
#5859 = AXIS2_PLACEMENT_3D ( 'NONE', #5858, #5857, #5856 ) ;
#5860 = CARTESIAN_POINT ( 'NONE',  ( 0.05345000000000015000, 0.4298749999999991200, 2.035865164796127200E-016 ) ) ;
#5861 = CYLINDRICAL_SURFACE ( 'NONE', #5859, 0.05345000000000005300 ) ;
#5862 = FACE_OUTER_BOUND ( 'NONE', #3797, .T. ) ;
#5864 = CARTESIAN_POINT ( 'NONE',  ( 0.06466323014923809600, 0.09937499999999981100, -1.187805037491535100E-017 ) ) ;
#5863 = DIRECTION ( 'NONE',  ( 1.000000000000000000, 2.449212707644754500E-016, 0.0000000000000000000 ) ) ;
#5866 = CARTESIAN_POINT ( 'NONE',  ( 0.04849742261192855500, 0.09833333333333314800, -0.02800000000000002800 ) ) ;
#5865 = DIRECTION ( 'NONE',  ( 2.449212707644754500E-016, -1.000000000000000000, 0.0000000000000000000 ) ) ;
#5867 = CARTESIAN_POINT ( 'NONE',  ( 0.0000000000000000000, 0.0000000000000000000, 0.0000000000000000000 ) ) ;
#5868 = AXIS2_PLACEMENT_3D ( 'NONE', #5867, #5865, #5863 ) ;
#5869 = CYLINDRICAL_SURFACE ( 'NONE', #5868, 0.05345000000000005300 ) ;
#5870 = CARTESIAN_POINT ( 'NONE',  ( 0.05345000000000000400, 0.05487499999999993100, -3.659982318734610600E-017 ) ) ;
#5871 = FACE_OUTER_BOUND ( 'NONE', #3771, .T. ) ;
#5872 = DIRECTION ( 'NONE',  ( 2.449212707644754500E-016, -1.000000000000000000, 0.0000000000000000000 ) ) ;
#5873 = VECTOR ( 'NONE', #5872, 39.37007874015748100 ) ;
#5874 = CARTESIAN_POINT ( 'NONE',  ( 0.05345000000000005300, 1.309104192236122700E-017, 0.0000000000000000000 ) ) ;
#5875 = CARTESIAN_POINT ( 'NONE',  ( 0.05344999999999994200, 0.4313749999999990100, -5.249787138434957300E-016 ) ) ;
#5876 = DIRECTION ( 'NONE',  ( 2.449212707644754500E-016, -1.000000000000000000, 0.0000000000000000000 ) ) ;
#5877 = VECTOR ( 'NONE', #5876, 39.37007874015748100 ) ;
#5878 = CARTESIAN_POINT ( 'NONE',  ( -0.05345000000000005300, -1.309104192236122700E-017, 6.545520961180613300E-018 ) ) ;
#5879 = LINE ( 'NONE', #5878, #5877 ) ;
#5880 = CARTESIAN_POINT ( 'NONE',  ( -0.05344999999999994200, 0.4361249999999991500, 1.944365606827761600E-017 ) ) ;
#5881 = CARTESIAN_POINT ( 'NONE',  ( -0.05345000000000005300, 0.4355667725157675900, 0.01432188433544439600 ) ) ;
#5882 = CARTESIAN_POINT ( 'NONE',  ( -0.04628905783227761600, 0.4350833333333323800, 0.02672500000000108100 ) ) ;
#5883 = CARTESIAN_POINT ( 'NONE',  ( -0.03085937188818484200, 0.4340416666666657200, 0.05345000000000037200 ) ) ;
#5884 = CARTESIAN_POINT ( 'NONE',  ( 1.571359660229240600E-015, 0.4329999999999990500, 0.05344999999999999800 ) ) ;
#5885 = CARTESIAN_POINT ( 'NONE',  ( 0.03085937188818645800, 0.4319583333333323900, 0.05344999999999943500 ) ) ;
#5886 = CARTESIAN_POINT ( 'NONE',  ( 0.04628905783227919200, 0.4309166666666657300, 0.02672499999999836800 ) ) ;
#5887 = CARTESIAN_POINT ( 'NONE',  ( 0.05345000000000010900, 0.4304332274842306300, 0.01432188433544263500 ) ) ;
#5888 = CARTESIAN_POINT ( 'NONE',  ( 0.05345000000000015000, 0.4298749999999991200, 2.035865164796127200E-016 ) ) ;
#5889 =( BOUNDED_CURVE ( )  B_SPLINE_CURVE ( 2, ( #5888, #5887, #5886, #5885, #5884, #5883, #5882, #5881, #5880 ),
 .UNSPECIFIED., .F., .T. ) 
 B_SPLINE_CURVE_WITH_KNOTS ( ( 3, 2, 2, 2, 3 ),
 ( 0.8397435897435899800, 0.8418803418803420000, 0.8461538461538462600, 0.8504273504273505100, 0.8525641025641027500 ),
 .UNSPECIFIED. ) 
 CURVE ( )  GEOMETRIC_REPRESENTATION_ITEM ( )  RATIONAL_B_SPLINE_CURVE ( ( 0.9330127018922194100, 0.9330127018922228500, 1.000000000000000000, 0.8660254037844387100, 1.000000000000000000, 0.8660254037844387100, 1.000000000000000000, 0.9330127018922158600, 0.9330127018922194100 ) ) 
 REPRESENTATION_ITEM ( '' )  );
#5890 = CARTESIAN_POINT ( 'NONE',  ( -0.05344999999999995600, 0.3986249999999990600, 3.408358534321605800E-016 ) ) ;
#5891 = CARTESIAN_POINT ( 'NONE',  ( -0.05344999999999997000, 0.3980667725157676100, 0.01432188433544432200 ) ) ;
#5892 = CARTESIAN_POINT ( 'NONE',  ( -0.04628905783227782500, 0.3975833333333324000, 0.02672500000000072400 ) ) ;
#5893 = CARTESIAN_POINT ( 'NONE',  ( -0.03085937188818373100, 0.3965416666666657400, 0.05345000000000100400 ) ) ;
#5894 = CARTESIAN_POINT ( 'NONE',  ( 1.152301442198383500E-015, 0.3954999999999990700, 0.05344999999999999800 ) ) ;
#5895 = CARTESIAN_POINT ( 'NONE',  ( 0.03085937188818604600, 0.3944583333333324700, 0.05344999999999967100 ) ) ;
#5896 = CARTESIAN_POINT ( 'NONE',  ( 0.04628905783227897600, 0.3934166666666658000, 0.02672499999999872500 ) ) ;
#5897 = CARTESIAN_POINT ( 'NONE',  ( -0.05344999999999994200, 0.4486249999999990500, -3.454108313305788600E-016 ) ) ;
#5898 = DIRECTION ( 'NONE',  ( 2.449212707644754500E-016, -1.000000000000000000, 0.0000000000000000000 ) ) ;
#5899 = VECTOR ( 'NONE', #5898, 39.37007874015748100 ) ;
#5900 = CARTESIAN_POINT ( 'NONE',  ( -0.05345000000000005300, -1.309104192236122700E-017, 6.545520961180613300E-018 ) ) ;
#5901 = LINE ( 'NONE', #5900, #5899 ) ;
#5902 = DIRECTION ( 'NONE',  ( 1.000000000000000000, 2.449212707644754500E-016, 0.0000000000000000000 ) ) ;
#5903 = DIRECTION ( 'NONE',  ( 2.449212707644754500E-016, -1.000000000000000000, 0.0000000000000000000 ) ) ;
#5904 = CARTESIAN_POINT ( 'NONE',  ( 0.0000000000000000000, 0.0000000000000000000, 0.0000000000000000000 ) ) ;
#5905 = CARTESIAN_POINT ( 'NONE',  ( -0.04849742261192856900, 0.1066666666666664800, -0.02799999999999999000 ) ) ;
#5906 = CARTESIAN_POINT ( 'NONE',  ( -0.06466323014923809600, 0.1056249999999998200, 3.959350124971783400E-018 ) ) ;
#5907 = CARTESIAN_POINT ( 'NONE',  ( -0.04849742261192856200, 0.1045833333333331100, 0.02800000000000000800 ) ) ;
#5908 = AXIS2_PLACEMENT_3D ( 'NONE', #5904, #5903, #5902 ) ;
#5909 = CYLINDRICAL_SURFACE ( 'NONE', #5908, 0.05345000000000005300 ) ;
#5910 = FACE_OUTER_BOUND ( 'NONE', #3795, .T. ) ;
#5911 = CARTESIAN_POINT ( 'NONE',  ( 0.05344999999999994200, 0.4423749999999990200, -5.249787138434957300E-016 ) ) ;
#5912 = DIRECTION ( 'NONE',  ( 2.449212707644754500E-016, -1.000000000000000000, 0.0000000000000000000 ) ) ;
#5914 = CARTESIAN_POINT ( 'NONE',  ( 0.03233161507461902700, 0.09729166666666649900, -0.05600000000000000100 ) ) ;
#5913 = VECTOR ( 'NONE', #5912, 39.37007874015748100 ) ;
#5915 = CARTESIAN_POINT ( 'NONE',  ( -6.857795581405312900E-018, 0.09624999999999982200, -0.05600000000000000800 ) ) ;
#5916 = CARTESIAN_POINT ( 'NONE',  ( 0.05345000000000005300, 1.309104192236122700E-017, 0.0000000000000000000 ) ) ;
#5917 = LINE ( 'NONE', #5916, #5913 ) ;
#5918 = CARTESIAN_POINT ( 'NONE',  ( -0.05344999999999994200, 0.4486249999999990500, -3.454108313305788100E-016 ) ) ;
#5919 = CARTESIAN_POINT ( 'NONE',  ( -0.05345000000000015000, 0.4480667725157674300, 0.01432188433544403000 ) ) ;
#5920 = CARTESIAN_POINT ( 'NONE',  ( -0.04628905783227779700, 0.4475833333333322800, 0.02672500000000076900 ) ) ;
#5921 = CARTESIAN_POINT ( 'NONE',  ( -0.03085937188818368300, 0.4465416666666656200, 0.05345000000000103800 ) ) ;
#5922 = CARTESIAN_POINT ( 'NONE',  ( 1.204665609887828400E-015, 0.4454999999999989500, 0.05344999999999999800 ) ) ;
#5923 = CARTESIAN_POINT ( 'NONE',  ( 0.03085937188818609800, 0.4444583333333322900, 0.05344999999999964400 ) ) ;
#5924 = CARTESIAN_POINT ( 'NONE',  ( 0.04628905783227900400, 0.4434166666666656800, 0.02672499999999868400 ) ) ;
#5925 = CARTESIAN_POINT ( 'NONE',  ( 0.05345000000000018500, 0.4429332274842304700, 0.01432188433544265600 ) ) ;
#5926 = CARTESIAN_POINT ( 'NONE',  ( 0.05344999999999994200, 0.4423749999999990200, -5.249787138434957300E-016 ) ) ;
#5927 = CARTESIAN_POINT ( 'NONE',  ( -0.03233161507461906900, 0.09520833333333315900, -0.05599999999999998700 ) ) ;
#5928 =( BOUNDED_CURVE ( )  B_SPLINE_CURVE ( 2, ( #5926, #5925, #5924, #5923, #5922, #5921, #5920, #5919, #5918 ),
 .UNSPECIFIED., .F., .T. ) 
 B_SPLINE_CURVE_WITH_KNOTS ( ( 3, 2, 2, 2, 3 ),
 ( 0.8653846153846155300, 0.8675213675213676600, 0.8717948717948719200, 0.8760683760683761800, 0.8782051282051284200 ),
 .UNSPECIFIED. ) 
 CURVE ( )  GEOMETRIC_REPRESENTATION_ITEM ( )  RATIONAL_B_SPLINE_CURVE ( ( 0.9330127018922194100, 0.9330127018922210700, 1.000000000000000000, 0.8660254037844387100, 1.000000000000000000, 0.8660254037844387100, 1.000000000000000000, 0.9330127018922158600, 0.9330127018922194100 ) ) 
 REPRESENTATION_ITEM ( '' )  );
#5929 = CARTESIAN_POINT ( 'NONE',  ( -0.05344999999999994200, 0.4501249999999991100, -8.006211322231961800E-018 ) ) ;
#5930 = CARTESIAN_POINT ( 'NONE',  ( -0.05344999999999983100, 0.4495667725157674900, 0.01432188433544436800 ) ) ;
#5931 = CARTESIAN_POINT ( 'NONE',  ( -0.04628905783227721400, 0.4490833333333323400, 0.02672500000000176500 ) ) ;
#5932 = CARTESIAN_POINT ( 'NONE',  ( -0.03085937188818405400, 0.4480416666666656200, 0.05345000000000083000 ) ) ;
#5933 = CARTESIAN_POINT ( 'NONE',  ( 8.379715595464159300E-016, 0.4469999999999990100, 0.05344999999999999800 ) ) ;
#5934 = CARTESIAN_POINT ( 'NONE',  ( 0.03085937188818724900, 0.4459583333333322900, 0.05344999999999897100 ) ) ;
#5935 = CARTESIAN_POINT ( 'NONE',  ( 0.04628905783227882400, 0.4449166666666656800, 0.02672499999999900000 ) ) ;
#5936 = CARTESIAN_POINT ( 'NONE',  ( 0.05344999999999990700, 0.4444332274842305900, 0.01432188433544336800 ) ) ;
#5937 = CARTESIAN_POINT ( 'NONE',  ( 0.05344999999999995600, 0.4438749999999990200, 5.833096820483286800E-016 ) ) ;
#5938 =( BOUNDED_CURVE ( )  B_SPLINE_CURVE ( 2, ( #5937, #5936, #5935, #5934, #5933, #5932, #5931, #5930, #5929 ),
 .UNSPECIFIED., .F., .T. ) 
 B_SPLINE_CURVE_WITH_KNOTS ( ( 3, 2, 2, 2, 3 ),
 ( 0.8910256410256411900, 0.8931623931623932100, 0.8974358974358975800, 0.9017094017094018400, 0.9038461538461540800 ),
 .UNSPECIFIED. ) 
 CURVE ( )  GEOMETRIC_REPRESENTATION_ITEM ( )  RATIONAL_B_SPLINE_CURVE ( ( 0.9330127018922194100, 0.9330127018922228500, 1.000000000000000000, 0.8660254037844387100, 1.000000000000000000, 0.8660254037844387100, 1.000000000000000000, 0.9330127018922158600, 0.9330127018922194100 ) ) 
 REPRESENTATION_ITEM ( '' )  );
#5939 = CARTESIAN_POINT ( 'NONE',  ( -0.05344999999999994200, 0.4376249999999990400, -3.454108313305788100E-016 ) ) ;
#5940 = CARTESIAN_POINT ( 'NONE',  ( -0.05345000000000015000, 0.4370667725157675300, 0.01432188433544403000 ) ) ;
#5941 = CARTESIAN_POINT ( 'NONE',  ( -0.04628905783227779700, 0.4365833333333323200, 0.02672500000000076900 ) ) ;
#5942 = CARTESIAN_POINT ( 'NONE',  ( -0.03085937188818368300, 0.4355416666666656600, 0.05345000000000103800 ) ) ;
#5943 = CARTESIAN_POINT ( 'NONE',  ( 1.204665609887828400E-015, 0.4344999999999990000, 0.05344999999999999800 ) ) ;
#5944 = CARTESIAN_POINT ( 'NONE',  ( 0.03085937188818609800, 0.4334583333333322800, 0.05344999999999964400 ) ) ;
#5945 = CARTESIAN_POINT ( 'NONE',  ( 0.04628905783227900400, 0.4324166666666656700, 0.02672499999999868400 ) ) ;
#5946 = CARTESIAN_POINT ( 'NONE',  ( 0.05345000000000018500, 0.4319332274842305200, 0.01432188433544265600 ) ) ;
#5947 = CARTESIAN_POINT ( 'NONE',  ( 0.05344999999999994200, 0.4313749999999990100, -5.249787138434957300E-016 ) ) ;
#5948 = CARTESIAN_POINT ( 'NONE',  ( -0.03233161507461903400, 0.1035416666666664500, 0.05600000000000000100 ) ) ;
#5949 = CARTESIAN_POINT ( 'NONE',  ( 0.0000000000000000000, 0.1024999999999998000, 0.05600000000000000800 ) ) ;
#5950 =( BOUNDED_CURVE ( )  B_SPLINE_CURVE ( 2, ( #5947, #5946, #5945, #5944, #5943, #5942, #5941, #5940, #5939 ),
 .UNSPECIFIED., .F., .T. ) 
 B_SPLINE_CURVE_WITH_KNOTS ( ( 3, 2, 2, 2, 3 ),
 ( 0.8653846153846155300, 0.8675213675213676600, 0.8717948717948719200, 0.8760683760683761800, 0.8782051282051284200 ),
 .UNSPECIFIED. ) 
 CURVE ( )  GEOMETRIC_REPRESENTATION_ITEM ( )  RATIONAL_B_SPLINE_CURVE ( ( 0.9330127018922194100, 0.9330127018922210700, 1.000000000000000000, 0.8660254037844387100, 1.000000000000000000, 0.8660254037844387100, 1.000000000000000000, 0.9330127018922158600, 0.9330127018922194100 ) ) 
 REPRESENTATION_ITEM ( '' )  );
#5951 = CARTESIAN_POINT ( 'NONE',  ( 0.0000000000000000000, 0.0000000000000000000, 0.0000000000000000000 ) ) ;
#5952 = CARTESIAN_POINT ( 'NONE',  ( 0.05345000000000015000, 0.4188749999999991600, 2.035865164796127200E-016 ) ) ;
#5953 =( BOUNDED_CURVE ( )  B_SPLINE_CURVE ( 2, ( #5998, #5997, #5996, #5995, #5994, #5993, #5992, #5991, #5990 ),
 .UNSPECIFIED., .F., .T. ) 
 B_SPLINE_CURVE_WITH_KNOTS ( ( 3, 2, 2, 2, 3 ),
 ( 0.8397435897435899800, 0.8418803418803420000, 0.8461538461538462600, 0.8504273504273505100, 0.8525641025641027500 ),
 .UNSPECIFIED. ) 
 CURVE ( )  GEOMETRIC_REPRESENTATION_ITEM ( )  RATIONAL_B_SPLINE_CURVE ( ( 0.9330127018922194100, 0.9330127018922228500, 1.000000000000000000, 0.8660254037844387100, 1.000000000000000000, 0.8660254037844387100, 1.000000000000000000, 0.9330127018922158600, 0.9330127018922194100 ) ) 
 REPRESENTATION_ITEM ( '' )  );
#5954 = CARTESIAN_POINT ( 'NONE',  ( -0.05344999999999994200, 0.4251249999999990900, 1.944365606827761600E-017 ) ) ;
#5955 = CARTESIAN_POINT ( 'NONE',  ( -0.03233161507461906900, 0.1077083333333331300, -0.05599999999999998700 ) ) ;
#5956 = CARTESIAN_POINT ( 'NONE',  ( -0.05344999999999994200, 0.2486249999999995400, -2.218864280732857500E-016 ) ) ;
#5957 = CARTESIAN_POINT ( 'NONE',  ( -0.05345000000000001100, 0.2480667725157680000, 0.01432188433544375800 ) ) ;
#5958 = CARTESIAN_POINT ( 'NONE',  ( -0.04628905783227790100, 0.2475833333333328200, 0.02672500000000058900 ) ) ;
#5959 = CARTESIAN_POINT ( 'NONE',  ( -0.03085937188818466100, 0.2465416666666661300, 0.05345000000000047600 ) ) ;
#5960 = CARTESIAN_POINT ( 'NONE',  ( 9.952089391300489700E-016, 0.2454999999999994700, 0.05344999999999999800 ) ) ;
#5961 = CARTESIAN_POINT ( 'NONE',  ( 0.03085937188818588600, 0.2444583333333327800, 0.05344999999999976900 ) ) ;
#5962 = CARTESIAN_POINT ( 'NONE',  ( 0.04628905783227851200, 0.2434166666666661400, 0.02672499999999952000 ) ) ;
#5963 = CARTESIAN_POINT ( 'NONE',  ( 0.05344999999999994200, 0.2429332274842310200, 0.01432188433544321800 ) ) ;
#5964 = CARTESIAN_POINT ( 'NONE',  ( 0.05344999999999994200, 0.2423749999999994800, 3.774356766195067500E-017 ) ) ;
#5965 = CARTESIAN_POINT ( 'NONE',  ( -0.05344999999999994200, 0.4236249999999991400, -4.266166890275030500E-016 ) ) ;
#5966 = CARTESIAN_POINT ( 'NONE',  ( -0.05344999999999994200, 0.2501249999999994900, -1.967240496319853200E-016 ) ) ;
#5967 =( BOUNDED_CURVE ( )  B_SPLINE_CURVE ( 2, ( #5964, #5963, #5962, #5961, #5960, #5959, #5958, #5957, #5956 ),
 .UNSPECIFIED., .F., .T. ) 
 B_SPLINE_CURVE_WITH_KNOTS ( ( 3, 2, 2, 2, 3 ),
 ( 0.4551282051282052300, 0.4572649572649573100, 0.4615384615384615600, 0.4658119658119658800, 0.4679487179487180600 ),
 .UNSPECIFIED. ) 
 CURVE ( )  GEOMETRIC_REPRESENTATION_ITEM ( )  RATIONAL_B_SPLINE_CURVE ( ( 0.9330127018922194100, 0.9330127018922210700, 1.000000000000000000, 0.8660254037844387100, 1.000000000000000000, 0.8660254037844387100, 1.000000000000000000, 0.9330127018922176300, 0.9330127018922194100 ) ) 
 REPRESENTATION_ITEM ( '' )  );
#5968 = DIRECTION ( 'NONE',  ( 1.000000000000000000, 2.449212707644754500E-016, 0.0000000000000000000 ) ) ;
#5969 = DIRECTION ( 'NONE',  ( 2.449212707644754500E-016, -1.000000000000000000, 0.0000000000000000000 ) ) ;
#5970 = AXIS2_PLACEMENT_3D ( 'NONE', #5972, #5969, #5968 ) ;
#5971 = CYLINDRICAL_SURFACE ( 'NONE', #5970, 0.05345000000000005300 ) ;
#5972 = CARTESIAN_POINT ( 'NONE',  ( 0.0000000000000000000, 0.0000000000000000000, 0.0000000000000000000 ) ) ;
#5973 = FACE_OUTER_BOUND ( 'NONE', #3857, .T. ) ;
#5974 = CARTESIAN_POINT ( 'NONE',  ( 0.05344999999999994200, 0.2423749999999994800, 3.774356766195067500E-017 ) ) ;
#5975 = CARTESIAN_POINT ( 'NONE',  ( -0.05344999999999994200, 0.4501249999999991100, -8.006211322231960300E-018 ) ) ;
#5976 = CARTESIAN_POINT ( 'NONE',  ( 0.05344999999999995600, 0.4438749999999990200, 5.833096820483285800E-016 ) ) ;
#5977 = CARTESIAN_POINT ( 'NONE',  ( 0.04628905783227860900, 0.4184166666666657700, 0.02672499999999936000 ) ) ;
#5978 = CARTESIAN_POINT ( 'NONE',  ( 0.05344999999999978900, 0.4179332274842306200, 0.01432188433544297000 ) ) ;
#5979 = CARTESIAN_POINT ( 'NONE',  ( 0.05344999999999994200, 0.4173749999999991100, 1.875740938351487900E-016 ) ) ;
#5980 =( BOUNDED_CURVE ( )  B_SPLINE_CURVE ( 2, ( #5979, #5978, #5977, #6023, #6022, #6021, #6020, #6019, #6018 ),
 .UNSPECIFIED., .F., .T. ) 
 B_SPLINE_CURVE_WITH_KNOTS ( ( 3, 2, 2, 2, 3 ),
 ( 0.8141025641025643200, 0.8162393162393163400, 0.8205128205128206000, 0.8247863247863248500, 0.8269230769230770900 ),
 .UNSPECIFIED. ) 
 CURVE ( )  GEOMETRIC_REPRESENTATION_ITEM ( )  RATIONAL_B_SPLINE_CURVE ( ( 0.9330127018922194100, 0.9330127018922228500, 1.000000000000000000, 0.8660254037844387100, 1.000000000000000000, 0.8660254037844387100, 1.000000000000000000, 0.9330127018922158600, 0.9330127018922194100 ) ) 
 REPRESENTATION_ITEM ( '' )  );
#5981 = DIRECTION ( 'NONE',  ( 1.000000000000000000, 2.449212707644754500E-016, 0.0000000000000000000 ) ) ;
#5982 = DIRECTION ( 'NONE',  ( 2.449212707644754500E-016, -1.000000000000000000, 0.0000000000000000000 ) ) ;
#5983 = AXIS2_PLACEMENT_3D ( 'NONE', #5951, #5982, #5981 ) ;
#5984 = CARTESIAN_POINT ( 'NONE',  ( 0.05344999999999994200, 0.4173749999999991100, 1.875740938351487900E-016 ) ) ;
#5985 = CYLINDRICAL_SURFACE ( 'NONE', #5983, 0.05345000000000005300 ) ;
#5986 = FACE_OUTER_BOUND ( 'NONE', #3826, .T. ) ;
#5987 = CARTESIAN_POINT ( 'NONE',  ( -0.03233161507461903400, 0.1160416666666664200, 0.05600000000000000100 ) ) ;
#5988 = CARTESIAN_POINT ( 'NONE',  ( 0.0000000000000000000, 0.1149999999999997700, 0.05600000000000000800 ) ) ;
#5989 = CARTESIAN_POINT ( 'NONE',  ( 0.03233161507461907600, 0.1139583333333331100, 0.05599999999999998700 ) ) ;
#5990 = CARTESIAN_POINT ( 'NONE',  ( -0.05344999999999994200, 0.4251249999999990900, 1.944365606827761600E-017 ) ) ;
#5991 = CARTESIAN_POINT ( 'NONE',  ( -0.05345000000000005300, 0.4245667725157675800, 0.01432188433544439600 ) ) ;
#5992 = CARTESIAN_POINT ( 'NONE',  ( -0.04628905783227761600, 0.4240833333333324200, 0.02672500000000108100 ) ) ;
#5993 = CARTESIAN_POINT ( 'NONE',  ( -0.03085937188818484200, 0.4230416666666657600, 0.05345000000000037200 ) ) ;
#5994 = CARTESIAN_POINT ( 'NONE',  ( 1.571359660229240600E-015, 0.4219999999999991000, 0.05344999999999999800 ) ) ;
#5995 = CARTESIAN_POINT ( 'NONE',  ( 0.03085937188818645800, 0.4209583333333324400, 0.05344999999999943500 ) ) ;
#5996 = CARTESIAN_POINT ( 'NONE',  ( 0.04628905783227919200, 0.4199166666666657700, 0.02672499999999836800 ) ) ;
#5997 = CARTESIAN_POINT ( 'NONE',  ( 0.05345000000000010900, 0.4194332274842306800, 0.01432188433544263500 ) ) ;
#5998 = CARTESIAN_POINT ( 'NONE',  ( 0.05345000000000015000, 0.4188749999999991600, 2.035865164796127200E-016 ) ) ;
#5999 = CARTESIAN_POINT ( 'NONE',  ( -0.05345000000000000400, 0.02362499999999997900, 6.862466847627394900E-018 ) ) ;
#6000 = CARTESIAN_POINT ( 'NONE',  ( -0.05345000000000000400, 0.02512499999999996700, -4.003105661115980100E-017 ) ) ;
#6001 =( BOUNDED_CURVE ( )  B_SPLINE_CURVE ( 2, ( #6044, #6043, #6042, #6041, #6040, #6039, #6038, #6037, #6036 ),
 .UNSPECIFIED., .F., .T. ) 
 B_SPLINE_CURVE_WITH_KNOTS ( ( 3, 2, 2, 2, 3 ),
 ( 0.01923076923076923200, 0.02136752136752136800, 0.02564102564102564400, 0.02991452991452991900, 0.03205128205128206200 ),
 .UNSPECIFIED. ) 
 CURVE ( )  GEOMETRIC_REPRESENTATION_ITEM ( )  RATIONAL_B_SPLINE_CURVE ( ( 0.9330127018922194100, 0.9330127018922194100, 1.000000000000000000, 0.8660254037844387100, 1.000000000000000000, 0.8660254037844387100, 1.000000000000000000, 0.9330127018922191900, 0.9330127018922194100 ) ) 
 REPRESENTATION_ITEM ( '' )  );
#6002 = CARTESIAN_POINT ( 'NONE',  ( 0.05344999999999999800, 0.03137499999999995200, 2.287488949209132000E-018 ) ) ;
#6003 = CARTESIAN_POINT ( 'NONE',  ( 0.05344999999999999800, 0.03081677251576844500, -0.01432188433544353800 ) ) ;
#6004 = CARTESIAN_POINT ( 'NONE',  ( 0.04628905783227819900, 0.03033333333333327800, -0.02672500000000007200 ) ) ;
#6005 = CARTESIAN_POINT ( 'NONE',  ( 0.03085937188818543800, 0.02929166666666661900, -0.05345000000000001100 ) ) ;
#6006 = CARTESIAN_POINT ( 'NONE',  ( -1.963656288354181800E-017, 0.02824999999999995200, -0.05344999999999999800 ) ) ;
#6007 = CARTESIAN_POINT ( 'NONE',  ( -0.03085937188818557400, 0.02720833333333328600, -0.05344999999999994200 ) ) ;
#6008 = CARTESIAN_POINT ( 'NONE',  ( -0.04628905783227826900, 0.02616666666666662600, -0.02672499999999995400 ) ) ;
#6009 = CARTESIAN_POINT ( 'NONE',  ( -0.05344999999999997700, 0.02568322748423146700, -0.01432188433544349600 ) ) ;
#6010 = CARTESIAN_POINT ( 'NONE',  ( -0.05345000000000000400, 0.02512499999999996700, -4.003105661115980100E-017 ) ) ;
#6011 = CARTESIAN_POINT ( 'NONE',  ( 0.0000000000000000000, 0.1274999999999997200, 0.05600000000000000800 ) ) ;
#6012 = CARTESIAN_POINT ( 'NONE',  ( 0.03233161507461907600, 0.1264583333333330900, 0.05599999999999998700 ) ) ;
#6013 =( BOUNDED_CURVE ( )  B_SPLINE_CURVE ( 2, ( #6010, #6009, #6008, #6007, #6006, #6005, #6004, #6003, #6002 ),
 .UNSPECIFIED., .F., .T. ) 
 B_SPLINE_CURVE_WITH_KNOTS ( ( 3, 2, 2, 2, 3 ),
 ( 0.03205128205128206200, 0.03418803418803419100, 0.03846153846153846400, 0.04273504273504273600, 0.04487179487179487900 ),
 .UNSPECIFIED. ) 
 CURVE ( )  GEOMETRIC_REPRESENTATION_ITEM ( )  RATIONAL_B_SPLINE_CURVE ( ( 0.9330127018922194100, 0.9330127018922196300, 1.000000000000000000, 0.8660254037844387100, 1.000000000000000000, 0.8660254037844387100, 1.000000000000000000, 0.9330127018922191900, 0.9330127018922193000 ) ) 
 REPRESENTATION_ITEM ( '' )  );
#6014 = DIRECTION ( 'NONE',  ( 2.449212707644754500E-016, -1.000000000000000000, 0.0000000000000000000 ) ) ;
#6015 = VECTOR ( 'NONE', #6014, 39.37007874015748100 ) ;
#6016 = CARTESIAN_POINT ( 'NONE',  ( -0.05345000000000005300, -1.309104192236122700E-017, 6.545520961180613300E-018 ) ) ;
#6017 = LINE ( 'NONE', #6016, #6015 ) ;
#6018 = CARTESIAN_POINT ( 'NONE',  ( -0.05344999999999994200, 0.4236249999999991400, -4.266166890275030500E-016 ) ) ;
#6019 = CARTESIAN_POINT ( 'NONE',  ( -0.05344999999999995600, 0.4230667725157675800, 0.01432188433544395000 ) ) ;
#6020 = CARTESIAN_POINT ( 'NONE',  ( -0.04628905783227742900, 0.4225833333333324200, 0.02672500000000140400 ) ) ;
#6021 = CARTESIAN_POINT ( 'NONE',  ( -0.03085937188818447000, 0.4215416666666657600, 0.05345000000000057300 ) ) ;
#6022 = CARTESIAN_POINT ( 'NONE',  ( 4.189133415155587600E-016, 0.4204999999999991000, 0.05344999999999999800 ) ) ;
#6023 = CARTESIAN_POINT ( 'NONE',  ( 0.03085937188818683300, 0.4194583333333324300, 0.05344999999999922700 ) ) ;
#6024 = CARTESIAN_POINT ( 'NONE',  ( -0.03085937188818502600, 0.2480416666666661300, 0.05345000000000026800 ) ) ;
#6025 = CARTESIAN_POINT ( 'NONE',  ( 6.285148887886364700E-016, 0.2469999999999994400, 0.05344999999999999800 ) ) ;
#6026 = CARTESIAN_POINT ( 'NONE',  ( 0.03085937188818627500, 0.2459583333333327800, 0.05344999999999953300 ) ) ;
#6027 = CARTESIAN_POINT ( 'NONE',  ( 0.04628905783227871300, 0.2449166666666661200, 0.02672499999999918300 ) ) ;
#6028 = CARTESIAN_POINT ( 'NONE',  ( 0.05345000000000004600, 0.2444332274842309900, 0.01432188433544323400 ) ) ;
#6029 = CARTESIAN_POINT ( 'NONE',  ( 0.05345000000000005300, 0.2438749999999994800, 2.287488949209131700E-016 ) ) ;
#6030 = CARTESIAN_POINT ( 'NONE',  ( 0.05345000000000005300, 0.2438749999999994800, 2.287488949209131700E-016 ) ) ;
#6031 =( BOUNDED_CURVE ( )  B_SPLINE_CURVE ( 2, ( #6029, #6028, #6027, #6026, #6025, #6024, #6073, #6072, #6071 ),
 .UNSPECIFIED., .F., .T. ) 
 B_SPLINE_CURVE_WITH_KNOTS ( ( 3, 2, 2, 2, 3 ),
 ( 0.4807692307692308900, 0.4829059829059829700, 0.4871794871794872300, 0.4914529914529914800, 0.4935897435897437200 ),
 .UNSPECIFIED. ) 
 CURVE ( )  GEOMETRIC_REPRESENTATION_ITEM ( )  RATIONAL_B_SPLINE_CURVE ( ( 0.9330127018922194100, 0.9330127018922210700, 1.000000000000000000, 0.8660254037844387100, 1.000000000000000000, 0.8660254037844387100, 1.000000000000000000, 0.9330127018922167400, 0.9330127018922194100 ) ) 
 REPRESENTATION_ITEM ( '' )  );
#6032 = DIRECTION ( 'NONE',  ( 2.449212707644754500E-016, -1.000000000000000000, 0.0000000000000000000 ) ) ;
#6033 = VECTOR ( 'NONE', #6032, 39.37007874015748100 ) ;
#6034 = CARTESIAN_POINT ( 'NONE',  ( -0.05345000000000005300, -1.309104192236122700E-017, 6.545520961180613300E-018 ) ) ;
#6035 = LINE ( 'NONE', #6034, #6033 ) ;
#6036 = CARTESIAN_POINT ( 'NONE',  ( -0.05345000000000000400, 0.02512499999999996700, -4.003105661115980100E-017 ) ) ;
#6037 = CARTESIAN_POINT ( 'NONE',  ( -0.05345000000000001100, 0.02456677251576845300, 0.01432188433544351200 ) ) ;
#6038 = CARTESIAN_POINT ( 'NONE',  ( -0.04628905783227822700, 0.02408333333333329300, 0.02672500000000002700 ) ) ;
#6039 = CARTESIAN_POINT ( 'NONE',  ( -0.03085937188818544500, 0.02304166666666663400, 0.05345000000000001100 ) ) ;
#6040 = CARTESIAN_POINT ( 'NONE',  ( 1.309104192236121100E-017, 0.02199999999999996400, 0.05344999999999999800 ) ) ;
#6041 = CARTESIAN_POINT ( 'NONE',  ( 0.03085937188818552500, 0.02095833333333329800, 0.05344999999999997700 ) ) ;
#6042 = CARTESIAN_POINT ( 'NONE',  ( 0.04628905783227826900, 0.01991666666666663800, 0.02672499999999996400 ) ) ;
#6043 = CARTESIAN_POINT ( 'NONE',  ( 0.05345000000000000400, 0.01943322748423147500, 0.01432188433544348400 ) ) ;
#6044 = CARTESIAN_POINT ( 'NONE',  ( 0.05344999999999999800, 0.01887499999999997200, -2.058740054288218200E-017 ) ) ;
#6045 = LINE ( 'NONE', #6051, #6098 ) ;
#6046 = DIRECTION ( 'NONE',  ( 1.000000000000000000, 2.449212707644754500E-016, 0.0000000000000000000 ) ) ;
#6047 = DIRECTION ( 'NONE',  ( 2.449212707644754500E-016, -1.000000000000000000, 0.0000000000000000000 ) ) ;
#6048 = CARTESIAN_POINT ( 'NONE',  ( 0.0000000000000000000, 0.0000000000000000000, 0.0000000000000000000 ) ) ;
#6049 = AXIS2_PLACEMENT_3D ( 'NONE', #6048, #6047, #6046 ) ;
#6050 = CYLINDRICAL_SURFACE ( 'NONE', #6049, 0.05345000000000005300 ) ;
#6051 = CARTESIAN_POINT ( 'NONE',  ( 0.05345000000000005300, 1.309104192236122700E-017, 0.0000000000000000000 ) ) ;
#6052 = FACE_OUTER_BOUND ( 'NONE', #3810, .T. ) ;
#6053 = DIRECTION ( 'NONE',  ( 2.449212707644754500E-016, -1.000000000000000000, 0.0000000000000000000 ) ) ;
#6054 = VECTOR ( 'NONE', #6053, 39.37007874015748100 ) ;
#6055 = CARTESIAN_POINT ( 'NONE',  ( 0.05345000000000005300, 1.309104192236122700E-017, 0.0000000000000000000 ) ) ;
#6056 = CARTESIAN_POINT ( 'NONE',  ( -0.05344999999999994200, 0.2611249999999994400, -1.967240496319853200E-016 ) ) ;
#6057 = CARTESIAN_POINT ( 'NONE',  ( -0.05345000000000001100, 0.2605667725157679900, 0.01432188433544398300 ) ) ;
#6058 = CARTESIAN_POINT ( 'NONE',  ( -0.04628905783227770700, 0.2600833333333327800, 0.02672500000000092900 ) ) ;
#6059 = CARTESIAN_POINT ( 'NONE',  ( -0.03085937188818502600, 0.2590416666666661700, 0.05345000000000026800 ) ) ;
#6060 = CARTESIAN_POINT ( 'NONE',  ( 6.285148887886364700E-016, 0.2579999999999994500, 0.05344999999999999800 ) ) ;
#6061 = CARTESIAN_POINT ( 'NONE',  ( 0.03085937188818627500, 0.2569583333333327900, 0.05344999999999953300 ) ) ;
#6062 = CARTESIAN_POINT ( 'NONE',  ( 0.04628905783227871300, 0.2559166666666661300, 0.02672499999999918300 ) ) ;
#6063 = CARTESIAN_POINT ( 'NONE',  ( 0.05345000000000004600, 0.2554332274842309700, 0.01432188433544323400 ) ) ;
#6064 = CARTESIAN_POINT ( 'NONE',  ( 0.05345000000000005300, 0.2548749999999994600, 2.287488949209131700E-016 ) ) ;
#6065 = CARTESIAN_POINT ( 'NONE',  ( 0.03233161507461902700, 0.1222916666666664200, -0.05600000000000000100 ) ) ;
#6066 = CARTESIAN_POINT ( 'NONE',  ( -6.857795581405312900E-018, 0.1212499999999997600, -0.05600000000000000800 ) ) ;
#6067 = CARTESIAN_POINT ( 'NONE',  ( -0.03233161507461906900, 0.1202083333333331000, -0.05599999999999998700 ) ) ;
#6068 = LINE ( 'NONE', #6055, #6054 ) ;
#6069 = CARTESIAN_POINT ( 'NONE',  ( -0.05344999999999994200, 0.2486249999999995100, -2.218864280732857500E-016 ) ) ;
#6070 =( BOUNDED_CURVE ( )  B_SPLINE_CURVE ( 2, ( #6064, #6063, #6062, #6061, #6060, #6059, #6058, #6057, #6056 ),
 .UNSPECIFIED., .F., .T. ) 
 B_SPLINE_CURVE_WITH_KNOTS ( ( 3, 2, 2, 2, 3 ),
 ( 0.4807692307692308900, 0.4829059829059829700, 0.4871794871794872300, 0.4914529914529914800, 0.4935897435897437200 ),
 .UNSPECIFIED. ) 
 CURVE ( )  GEOMETRIC_REPRESENTATION_ITEM ( )  RATIONAL_B_SPLINE_CURVE ( ( 0.9330127018922194100, 0.9330127018922210700, 1.000000000000000000, 0.8660254037844387100, 1.000000000000000000, 0.8660254037844387100, 1.000000000000000000, 0.9330127018922167400, 0.9330127018922194100 ) ) 
 REPRESENTATION_ITEM ( '' )  );
#6071 = CARTESIAN_POINT ( 'NONE',  ( -0.05344999999999994200, 0.2501249999999994900, -1.967240496319853200E-016 ) ) ;
#6072 = CARTESIAN_POINT ( 'NONE',  ( -0.05345000000000001100, 0.2495667725157680300, 0.01432188433544398300 ) ) ;
#6073 = CARTESIAN_POINT ( 'NONE',  ( -0.04628905783227770700, 0.2490833333333328000, 0.02672500000000092900 ) ) ;
#6074 = DIRECTION ( 'NONE',  ( 1.000000000000000000, 2.449212707644754500E-016, 0.0000000000000000000 ) ) ;
#6075 = DIRECTION ( 'NONE',  ( 2.449212707644754500E-016, -1.000000000000000000, 0.0000000000000000000 ) ) ;
#6076 = CARTESIAN_POINT ( 'NONE',  ( 0.0000000000000000000, 0.0000000000000000000, 0.0000000000000000000 ) ) ;
#6077 = AXIS2_PLACEMENT_3D ( 'NONE', #6076, #6075, #6074 ) ;
#6078 = CYLINDRICAL_SURFACE ( 'NONE', #6077, 0.05345000000000005300 ) ;
#6079 = CARTESIAN_POINT ( 'NONE',  ( 0.05344999999999999800, 0.02987499999999997400, -2.058740054288218200E-017 ) ) ;
#6080 = CARTESIAN_POINT ( 'NONE',  ( 0.05344999999999999100, 0.02931677251576846400, -0.01432188433544352500 ) ) ;
#6081 = CARTESIAN_POINT ( 'NONE',  ( 0.04628905783227823400, 0.02883333333333330800, -0.02672500000000002300 ) ) ;
#6082 = CARTESIAN_POINT ( 'NONE',  ( 0.03085937188818547700, 0.02779166666666664500, -0.05345000000000000400 ) ) ;
#6083 = CARTESIAN_POINT ( 'NONE',  ( -6.545520961180605600E-018, 0.02674999999999997900, -0.05344999999999999800 ) ) ;
#6084 = CARTESIAN_POINT ( 'NONE',  ( -0.03085937188818551500, 0.02570833333333331200, -0.05344999999999997700 ) ) ;
#6085 = CARTESIAN_POINT ( 'NONE',  ( -0.04628905783227824800, 0.02466666666666664900, -0.02672499999999998500 ) ) ;
#6086 = CARTESIAN_POINT ( 'NONE',  ( -0.05345000000000000400, 0.02418322748423149000, -0.01432188433544349800 ) ) ;
#6087 = CARTESIAN_POINT ( 'NONE',  ( -0.05345000000000000400, 0.02362499999999997900, 6.862466847627394900E-018 ) ) ;
#6088 =( BOUNDED_CURVE ( )  B_SPLINE_CURVE ( 2, ( #6087, #6086, #6085, #6084, #6083, #6082, #6081, #6080, #6079 ),
 .UNSPECIFIED., .F., .T. ) 
 B_SPLINE_CURVE_WITH_KNOTS ( ( 3, 2, 2, 2, 3 ),
 ( 0.006410256410256410900, 0.008547008547008547900, 0.01282051282051282200, 0.01709401709401709600, 0.01923076923076923200 ),
 .UNSPECIFIED. ) 
 CURVE ( )  GEOMETRIC_REPRESENTATION_ITEM ( )  RATIONAL_B_SPLINE_CURVE ( ( 0.9330127018922194100, 0.9330127018922194100, 1.000000000000000000, 0.8660254037844387100, 1.000000000000000000, 0.8660254037844387100, 1.000000000000000000, 0.9330127018922194100, 0.9330127018922194100 ) ) 
 REPRESENTATION_ITEM ( '' )  );
#6089 = FACE_OUTER_BOUND ( 'NONE', #3861, .T. ) ;
#6090 = CARTESIAN_POINT ( 'NONE',  ( 0.03233161507461902700, 0.1097916666666664700, -0.05600000000000000100 ) ) ;
#6091 = CARTESIAN_POINT ( 'NONE',  ( -6.857795581405312900E-018, 0.1087499999999997900, -0.05600000000000000800 ) ) ;
#6092 = CARTESIAN_POINT ( 'NONE',  ( 0.05345000000000005300, 0.2548749999999994600, 2.287488949209131700E-016 ) ) ;
#6093 = DIRECTION ( 'NONE',  ( 2.449212707644754500E-016, -1.000000000000000000, 0.0000000000000000000 ) ) ;
#6094 = VECTOR ( 'NONE', #6093, 39.37007874015748100 ) ;
#6095 = CARTESIAN_POINT ( 'NONE',  ( -0.05345000000000005300, -1.309104192236122700E-017, 6.545520961180613300E-018 ) ) ;
#6096 = LINE ( 'NONE', #6095, #6094 ) ;
#6097 = DIRECTION ( 'NONE',  ( 2.449212707644754500E-016, -1.000000000000000000, 0.0000000000000000000 ) ) ;
#6098 = VECTOR ( 'NONE', #6097, 39.37007874015748100 ) ;
#6099 = CARTESIAN_POINT ( 'NONE',  ( 0.04849742261192858900, 0.1254166666666664000, 0.02799999999999996600 ) ) ;
#6100 = CARTESIAN_POINT ( 'NONE',  ( 0.06466323014923809600, 0.1243749999999997600, -1.187805037491535100E-017 ) ) ;
#6101 = DIRECTION ( 'NONE',  ( 1.000000000000000000, 0.0000000000000000000, 0.0000000000000000000 ) ) ;
#6102 = DIRECTION ( 'NONE',  ( 0.0000000000000000000, 0.0000000000000000000, 1.000000000000000000 ) ) ;
#6104 = CARTESIAN_POINT ( 'NONE',  ( 0.04849742261192855500, 0.1233333333333330900, -0.02800000000000002800 ) ) ;
#6103 = CARTESIAN_POINT ( 'NONE',  ( 0.0000000000000000000, 0.0000000000000000000, 0.0000000000000000000 ) ) ;
#6105 = AXIS2_PLACEMENT_3D ( 'NONE', #6103, #6102, #6101 ) ;
#6106 = SHAPE_DEFINITION_REPRESENTATION ( #6116, #6107 ) ;
#6107 = ADVANCED_BREP_SHAPE_REPRESENTATION ( '9902', ( #2635, #6105 ), #6108 ) ;
#6108 =( GEOMETRIC_REPRESENTATION_CONTEXT ( 3 ) GLOBAL_UNCERTAINTY_ASSIGNED_CONTEXT ( ( #6109 ) ) GLOBAL_UNIT_ASSIGNED_CONTEXT ( ( #6112, #6111, #6110 ) ) REPRESENTATION_CONTEXT ( 'NONE', 'WORKASPACE' ) );
#6109 = UNCERTAINTY_MEASURE_WITH_UNIT (LENGTH_MEASURE( 1.000000000000000100E-005 ), #6112, 'distance_accuracy_value', 'NONE');
#6110 =( NAMED_UNIT ( * ) SI_UNIT ( $, .STERADIAN. ) SOLID_ANGLE_UNIT ( ) );
#6111 =( NAMED_UNIT ( * ) PLANE_ANGLE_UNIT ( ) SI_UNIT ( $, .RADIAN. ) );
#6112 =( CONVERSION_BASED_UNIT ( 'INCH', #6113 ) LENGTH_UNIT ( ) NAMED_UNIT ( #6114 ) );
#6113 = LENGTH_MEASURE_WITH_UNIT ( LENGTH_MEASURE( 0.02539999999999999900 ), #6115 );
#6114 = DIMENSIONAL_EXPONENTS ( 1.000000000000000000, 0.0000000000000000000, 0.0000000000000000000, 0.0000000000000000000, 0.0000000000000000000, 0.0000000000000000000, 0.0000000000000000000 ) ;
#6115 =( LENGTH_UNIT ( ) NAMED_UNIT ( * ) SI_UNIT ( $, .METRE. ) );
#6116 = PRODUCT_DEFINITION_SHAPE ( 'NONE', 'NONE',  #6120 ) ;
#6117 = PRODUCT_RELATED_PRODUCT_CATEGORY ( 'part', '', ( #6129 ) ) ;
#6118 = PRODUCT_DEFINITION_FORMATION_WITH_SPECIFIED_SOURCE ( 'ANY', '', #6129, .NOT_KNOWN. ) ;
#6119 = CARTESIAN_POINT ( 'NONE',  ( -0.04849742261192856900, 0.1191666666666664500, -0.02799999999999999000 ) ) ;
#6120 = PRODUCT_DEFINITION ( 'UNKNOWN', '', #6118, #6122 ) ;
#6121 = CARTESIAN_POINT ( 'NONE',  ( -0.06466323014923809600, 0.1181249999999997900, 3.959350124971783400E-018 ) ) ;
#6122 = PRODUCT_DEFINITION_CONTEXT ( 'detailed design', #6125, 'design' ) ;
#6123 = CARTESIAN_POINT ( 'NONE',  ( -0.04849742261192856200, 0.1170833333333331200, 0.02800000000000000800 ) ) ;
#6124 = APPLICATION_PROTOCOL_DEFINITION ( 'draft international standard', 'automotive_design', 1998, #6125 ) ;
#6125 = APPLICATION_CONTEXT ( 'automotive_design' ) ;
#6126 = CARTESIAN_POINT ( 'NONE',  ( 0.04849742261192858900, 0.1129166666666664400, 0.02799999999999996600 ) ) ;
#6127 = CARTESIAN_POINT ( 'NONE',  ( 0.06466323014923809600, 0.1118749999999997800, -1.187805037491535100E-017 ) ) ;
#6128 = CARTESIAN_POINT ( 'NONE',  ( 0.04849742261192855500, 0.1108333333333331200, -0.02800000000000002800 ) ) ;
#6129 = PRODUCT ( '9902', '9902', '', ( #6130 ) ) ;
#6130 = PRODUCT_CONTEXT ( 'NONE', #6132, 'mechanical' ) ;
#6131 = APPLICATION_PROTOCOL_DEFINITION ( 'draft international standard', 'automotive_design', 1998, #6132 ) ;
#6132 = APPLICATION_CONTEXT ( 'automotive_design' ) ;
#6133 = CARTESIAN_POINT ( 'NONE',  ( -6.857795581405312900E-018, 0.1337499999999997300, -0.05600000000000000800 ) ) ;
#6134 = CARTESIAN_POINT ( 'NONE',  ( -0.03233161507461906900, 0.1327083333333330700, -0.05599999999999998700 ) ) ;
#6135 = CARTESIAN_POINT ( 'NONE',  ( -0.04849742261192856900, 0.1316666666666664000, -0.02799999999999999000 ) ) ;
#6136 = CARTESIAN_POINT ( 'NONE',  ( -0.06466323014923809600, 0.1306249999999997400, 3.959350124971783400E-018 ) ) ;
#6137 = CARTESIAN_POINT ( 'NONE',  ( -0.04849742261192856200, 0.1295833333333330800, 0.02800000000000000800 ) ) ;
#6138 = CARTESIAN_POINT ( 'NONE',  ( -0.03233161507461903400, 0.1285416666666664200, 0.05600000000000000100 ) ) ;
#6139 = CARTESIAN_POINT ( 'NONE',  ( -0.04628905783227890000, 0.4246666666666657500, -0.02672499999999886400 ) ) ;
#6140 = CARTESIAN_POINT ( 'NONE',  ( -0.05344999999999994200, 0.4241832274842306500, -0.01432188433544321000 ) ) ;
#6141 = CARTESIAN_POINT ( 'NONE',  ( -0.05344999999999994200, 0.4236249999999991400, -4.266166890275030500E-016 ) ) ;
#6142 = AXIS2_PLACEMENT_3D ( 'NONE', #6143, #6231, #6230 ) ;
#6143 = CARTESIAN_POINT ( 'NONE',  ( 0.0000000000000000000, 0.0000000000000000000, 0.0000000000000000000 ) ) ;
#6144 = CARTESIAN_POINT ( 'NONE',  ( 0.05344999999999994200, 0.4048749999999992100, 6.370656723547431000E-016 ) ) ;
#6145 = CARTESIAN_POINT ( 'NONE',  ( 0.05345000000000001100, 0.4043167725157677500, -0.01432188433544373700 ) ) ;
#6146 = CARTESIAN_POINT ( 'NONE',  ( 0.04628905783227753300, 0.4038333333333325400, -0.02672500000000122000 ) ) ;
#6147 = CARTESIAN_POINT ( 'NONE',  ( 0.03085937188818467900, 0.4027916666666657700, -0.05345000000000045500 ) ) ;
#6148 = CARTESIAN_POINT ( 'NONE',  ( -1.728524601555224200E-015, 0.4017499999999990500, -0.05344999999999999800 ) ) ;
#6149 = CARTESIAN_POINT ( 'NONE',  ( -0.03085937188818662500, 0.4007083333333323300, -0.05344999999999933800 ) ) ;
#6150 = CARTESIAN_POINT ( 'NONE',  ( -0.04628905783227850500, 0.3996666666666657300, -0.02672499999999954400 ) ) ;
#6151 = CARTESIAN_POINT ( 'NONE',  ( -0.05344999999999994200, 0.3991832274842305700, -0.01432188433544284000 ) ) ;
#6152 = CARTESIAN_POINT ( 'NONE',  ( -0.04628905783227871300, 0.4371666666666657000, -0.02672499999999918300 ) ) ;
#6153 = CARTESIAN_POINT ( 'NONE',  ( -0.05344999999999985200, 0.4366832274842305000, -0.01432188433544276400 ) ) ;
#6154 = CARTESIAN_POINT ( 'NONE',  ( -0.05344999999999994200, 0.4361249999999991500, 1.944365606827761600E-017 ) ) ;
#6155 =( BOUNDED_CURVE ( )  B_SPLINE_CURVE ( 2, ( #6154, #6153, #6152, #6192, #6191, #6190, #6188, #6187, #6186 ),
 .UNSPECIFIED., .F., .F. ) 
 B_SPLINE_CURVE_WITH_KNOTS ( ( 3, 2, 2, 2, 3 ),
 ( 0.8525641025641027500, 0.8547008547008547700, 0.8589743589743590300, 0.8632478632478632900, 0.8653846153846155300 ),
 .UNSPECIFIED. ) 
 CURVE ( )  GEOMETRIC_REPRESENTATION_ITEM ( )  RATIONAL_B_SPLINE_CURVE ( ( 0.9330127018922194100, 0.9330127018922228500, 1.000000000000000000, 0.8660254037844387100, 1.000000000000000000, 0.8660254037844387100, 1.000000000000000000, 0.9330127018922176300, 0.9330127018922194100 ) ) 
 REPRESENTATION_ITEM ( '' )  );
#6156 = CARTESIAN_POINT ( 'NONE',  ( 0.04628905783227735300, 0.3913333333333324800, -0.02672500000000153900 ) ) ;
#6157 = CARTESIAN_POINT ( 'NONE',  ( 0.03085937188818431100, 0.3902916666666658200, -0.05345000000000067100 ) ) ;
#6158 = CARTESIAN_POINT ( 'NONE',  ( 0.05345000000000019900, 0.4293167725157675000, -0.01432188433544382200 ) ) ;
#6159 = CARTESIAN_POINT ( 'NONE',  ( 0.04628905783227790100, 0.4288333333333324000, -0.02672500000000058900 ) ) ;
#6160 = CARTESIAN_POINT ( 'NONE',  ( 0.03085937188818389800, 0.4277916666666657400, -0.05345000000000090700 ) ) ;
#6161 = CARTESIAN_POINT ( 'NONE',  ( -9.951365008723995700E-016, 0.4267499999999990700, -0.05344999999999999800 ) ) ;
#6162 = CARTESIAN_POINT ( 'NONE',  ( -0.03085937188818740200, 0.4257083333333324100, -0.05344999999999888700 ) ) ;
#6163 = CARTESIAN_POINT ( 'NONE',  ( -0.04849742261192856900, 0.1566666666666663400, -0.02799999999999999000 ) ) ;
#6164 = CARTESIAN_POINT ( 'NONE',  ( -0.06466323014923809600, 0.1556249999999996800, 3.959350124971783400E-018 ) ) ;
#6165 = CARTESIAN_POINT ( 'NONE',  ( -0.04628905783227908000, 0.4011666666666657800, -0.02672499999999854500 ) ) ;
#6166 = CARTESIAN_POINT ( 'NONE',  ( -0.05345000000000003900, 0.4006832274842306300, -0.01432188433544284200 ) ) ;
#6167 = CARTESIAN_POINT ( 'NONE',  ( -0.05345000000000015000, 0.4001249999999991800, -4.117480108576437100E-016 ) ) ;
#6168 = CARTESIAN_POINT ( 'NONE',  ( 0.05344999999999994200, 0.3923749999999991400, 2.710674404812820700E-016 ) ) ;
#6169 = CARTESIAN_POINT ( 'NONE',  ( 0.05344999999999990700, 0.3918167725157676300, -0.01432188433544410500 ) ) ;
#6170 = CARTESIAN_POINT ( 'NONE',  ( -0.03233161507461906900, 0.1452083333333330500, -0.05599999999999998700 ) ) ;
#6171 = CARTESIAN_POINT ( 'NONE',  ( -0.04849742261192856900, 0.1441666666666663900, -0.02799999999999999000 ) ) ;
#6172 = CARTESIAN_POINT ( 'NONE',  ( -0.06466323014923809600, 0.1431249999999997200, 3.959350124971783400E-018 ) ) ;
#6173 = CARTESIAN_POINT ( 'NONE',  ( -0.04849742261192777800, 0.3170833333333326100, 0.02800000000000138100 ) ) ;
#6174 = CARTESIAN_POINT ( 'NONE',  ( -0.03233161507461809100, 0.3160416666666658900, 0.05600000000000054900 ) ) ;
#6175 =( BOUNDED_CURVE ( )  B_SPLINE_CURVE ( 2, ( #6242, #6241, #4351, #4913, #4911, #4910, #5288, #5287, #5283 ),
 .UNSPECIFIED., .F., .T. ) 
 B_SPLINE_CURVE_WITH_KNOTS ( ( 3, 2, 2, 2, 3 ),
 ( 0.5192307692307692700, 0.5213675213675214000, 0.5256410256410256600, 0.5299145299145299200, 0.5320512820512821600 ),
 .UNSPECIFIED. ) 
 CURVE ( )  GEOMETRIC_REPRESENTATION_ITEM ( )  RATIONAL_B_SPLINE_CURVE ( ( 0.9330127018922194100, 0.9330127018922194100, 1.000000000000000000, 0.8660254037844387100, 1.000000000000000000, 0.8660254037844387100, 1.000000000000000000, 0.9330127018922176300, 0.9330127018922194100 ) ) 
 REPRESENTATION_ITEM ( '' )  );
#6176 = CARTESIAN_POINT ( 'NONE',  ( 3.291741879074550600E-016, 0.3149999999999992800, 0.05600000000000000800 ) ) ;
#6177 = CARTESIAN_POINT ( 'NONE',  ( 0.05344999999999994200, 0.4173749999999991100, 1.875740938351487900E-016 ) ) ;
#6178 = CARTESIAN_POINT ( 'NONE',  ( 0.05345000000000009500, 0.4168167725157676500, -0.01432188433544418600 ) ) ;
#6179 = CARTESIAN_POINT ( 'NONE',  ( 0.04628905783227772000, 0.4163333333333324400, -0.02672500000000090800 ) ) ;
#6180 = CARTESIAN_POINT ( 'NONE',  ( 0.03085937188818505000, 0.4152916666666657800, -0.05345000000000024000 ) ) ;
#6181 = CARTESIAN_POINT ( 'NONE',  ( -1.361830551213812000E-015, 0.4142499999999991200, -0.05344999999999999800 ) ) ;
#6182 = CARTESIAN_POINT ( 'NONE',  ( -0.03085937188818625400, 0.4132083333333324600, -0.05344999999999956000 ) ) ;
#6183 = CARTESIAN_POINT ( 'NONE',  ( -0.04628905783227908000, 0.4121666666666657900, -0.02672499999999854500 ) ) ;
#6184 = CARTESIAN_POINT ( 'NONE',  ( -0.05345000000000003900, 0.4116832274842306400, -0.01432188433544284200 ) ) ;
#6185 = CARTESIAN_POINT ( 'NONE',  ( -0.05345000000000015000, 0.4111249999999991300, -4.117480108576437100E-016 ) ) ;
#6186 = CARTESIAN_POINT ( 'NONE',  ( 0.05344999999999994200, 0.4423749999999990200, -5.249787138434957300E-016 ) ) ;
#6187 = CARTESIAN_POINT ( 'NONE',  ( 0.05344999999999969900, 0.4418167725157675100, -0.01432188433544450600 ) ) ;
#6188 = CARTESIAN_POINT ( 'NONE',  ( 0.04628905783227732500, 0.4413333333333323600, -0.02672500000000159100 ) ) ;
#6189 = CARTESIAN_POINT ( 'NONE',  ( 0.04849742261192855500, 0.1358333333333330600, -0.02800000000000002800 ) ) ;
#6190 = CARTESIAN_POINT ( 'NONE',  ( 0.03085937188818426900, 0.4402916666666655800, -0.05345000000000070500 ) ) ;
#6191 = CARTESIAN_POINT ( 'NONE',  ( -6.284424505309872700E-016, 0.4392499999999990300, -0.05344999999999999800 ) ) ;
#6192 = CARTESIAN_POINT ( 'NONE',  ( -0.03085937188818703400, 0.4382083333333324200, -0.05344999999999910200 ) ) ;
#6193 = CARTESIAN_POINT ( 'NONE',  ( -0.05344999999999984500, 0.3866832274842305600, -0.01432188433544281400 ) ) ;
#6194 = CARTESIAN_POINT ( 'NONE',  ( -0.05344999999999995600, 0.3861249999999991600, -3.202484528892784700E-017 ) ) ;
#6195 =( BOUNDED_CURVE ( )  B_SPLINE_CURVE ( 2, ( #6185, #6184, #6183, #6182, #6181, #6180, #6179, #6178, #6177 ),
 .UNSPECIFIED., .F., .T. ) 
 B_SPLINE_CURVE_WITH_KNOTS ( ( 3, 2, 2, 2, 3 ),
 ( 0.8012820512820514300, 0.8034188034188034500, 0.8076923076923078200, 0.8119658119658120800, 0.8141025641025643200 ),
 .UNSPECIFIED. ) 
 CURVE ( )  GEOMETRIC_REPRESENTATION_ITEM ( )  RATIONAL_B_SPLINE_CURVE ( ( 0.9330127018922194100, 0.9330127018922228500, 1.000000000000000000, 0.8660254037844387100, 1.000000000000000000, 0.8660254037844387100, 1.000000000000000000, 0.9330127018922158600, 0.9330127018922194100 ) ) 
 REPRESENTATION_ITEM ( '' )  );
#6196 = DIRECTION ( 'NONE',  ( 1.000000000000000000, 2.449212707644754500E-016, 0.0000000000000000000 ) ) ;
#6197 = DIRECTION ( 'NONE',  ( 2.449212707644754500E-016, -1.000000000000000000, 0.0000000000000000000 ) ) ;
#6198 = CARTESIAN_POINT ( 'NONE',  ( 0.03233161507461907600, 0.1389583333333330500, 0.05599999999999998700 ) ) ;
#6199 = CARTESIAN_POINT ( 'NONE',  ( 0.0000000000000000000, 0.0000000000000000000, 0.0000000000000000000 ) ) ;
#6200 = CARTESIAN_POINT ( 'NONE',  ( 0.04849742261192858900, 0.1379166666666663800, 0.02799999999999996600 ) ) ;
#6201 = AXIS2_PLACEMENT_3D ( 'NONE', #6199, #6197, #6196 ) ;
#6202 = CARTESIAN_POINT ( 'NONE',  ( 0.06466323014923809600, 0.1368749999999996900, -1.187805037491535100E-017 ) ) ;
#6203 = CARTESIAN_POINT ( 'NONE',  ( -0.04849742261192856200, 0.1545833333333330200, 0.02800000000000000800 ) ) ;
#6204 = CARTESIAN_POINT ( 'NONE',  ( -0.03233161507461903400, 0.1535416666666663500, 0.05600000000000000100 ) ) ;
#6205 = CARTESIAN_POINT ( 'NONE',  ( 0.0000000000000000000, 0.1524999999999996900, 0.05600000000000000800 ) ) ;
#6206 = CARTESIAN_POINT ( 'NONE',  ( 0.05344999999999994200, 0.4063749999999992100, 1.875740938351487900E-016 ) ) ;
#6207 = CARTESIAN_POINT ( 'NONE',  ( 0.05345000000000009500, 0.4058167725157675900, -0.01432188433544418600 ) ) ;
#6208 = CARTESIAN_POINT ( 'NONE',  ( 0.04628905783227772000, 0.4053333333333324400, -0.02672500000000090800 ) ) ;
#6209 = CARTESIAN_POINT ( 'NONE',  ( 0.03085937188818505000, 0.4042916666666657700, -0.05345000000000024000 ) ) ;
#6210 = CARTESIAN_POINT ( 'NONE',  ( -1.361830551213812000E-015, 0.4032499999999991100, -0.05344999999999999800 ) ) ;
#6211 = CARTESIAN_POINT ( 'NONE',  ( -0.03085937188818625400, 0.4022083333333324500, -0.05344999999999956000 ) ) ;
#6212 = CARTESIAN_POINT ( 'NONE',  ( 0.03233161507461902700, 0.1597916666666663300, -0.05600000000000000100 ) ) ;
#6213 = CARTESIAN_POINT ( 'NONE',  ( -6.857795581405312900E-018, 0.1587499999999996700, -0.05600000000000000800 ) ) ;
#6214 = CARTESIAN_POINT ( 'NONE',  ( -0.03233161507461906900, 0.1577083333333330100, -0.05599999999999998700 ) ) ;
#6215 =( BOUNDED_CURVE ( )  B_SPLINE_CURVE ( 2, ( #6194, #6193, #6252, #6250, #6249, #6157, #6156, #6169, #6168 ),
 .UNSPECIFIED., .F., .F. ) 
 B_SPLINE_CURVE_WITH_KNOTS ( ( 3, 2, 2, 2, 3 ),
 ( 0.7500000000000002200, 0.7521367521367522400, 0.7564102564102565000, 0.7606837606837607600, 0.7628205128205130000 ),
 .UNSPECIFIED. ) 
 CURVE ( )  GEOMETRIC_REPRESENTATION_ITEM ( )  RATIONAL_B_SPLINE_CURVE ( ( 0.9330127018922194100, 0.9330127018922228500, 1.000000000000000000, 0.8660254037844387100, 1.000000000000000000, 0.8660254037844387100, 1.000000000000000000, 0.9330127018922158600, 0.9330127018922194100 ) ) 
 REPRESENTATION_ITEM ( '' )  );
#6216 = CYLINDRICAL_SURFACE ( 'NONE', #6201, 0.05345000000000005300 ) ;
#6217 =( BOUNDED_CURVE ( )  B_SPLINE_CURVE ( 2, ( #6167, #6166, #6165, #6211, #6210, #6209, #6208, #6207, #6206 ),
 .UNSPECIFIED., .F., .T. ) 
 B_SPLINE_CURVE_WITH_KNOTS ( ( 3, 2, 2, 2, 3 ),
 ( 0.8012820512820514300, 0.8034188034188034500, 0.8076923076923078200, 0.8119658119658120800, 0.8141025641025643200 ),
 .UNSPECIFIED. ) 
 CURVE ( )  GEOMETRIC_REPRESENTATION_ITEM ( )  RATIONAL_B_SPLINE_CURVE ( ( 0.9330127018922194100, 0.9330127018922228500, 1.000000000000000000, 0.8660254037844387100, 1.000000000000000000, 0.8660254037844387100, 1.000000000000000000, 0.9330127018922158600, 0.9330127018922194100 ) ) 
 REPRESENTATION_ITEM ( '' )  );
#6218 = FACE_OUTER_BOUND ( 'NONE', #2736, .T. ) ;
#6219 = CARTESIAN_POINT ( 'NONE',  ( 0.03233161507461902700, 0.1347916666666664200, -0.05600000000000000100 ) ) ;
#6220 = CARTESIAN_POINT ( 'NONE',  ( 0.05344999999999994200, 0.4313749999999990100, -5.249787138434957300E-016 ) ) ;
#6221 = CARTESIAN_POINT ( 'NONE',  ( 0.05344999999999969900, 0.4308167725157676100, -0.01432188433544450600 ) ) ;
#6222 = CARTESIAN_POINT ( 'NONE',  ( 0.04628905783227732500, 0.4303333333333323500, -0.02672500000000159100 ) ) ;
#6223 = CARTESIAN_POINT ( 'NONE',  ( 0.03085937188818426900, 0.4292916666666657900, -0.05345000000000070500 ) ) ;
#6224 = CARTESIAN_POINT ( 'NONE',  ( -6.284424505309872700E-016, 0.4282499999999990200, -0.05344999999999999800 ) ) ;
#6225 = CARTESIAN_POINT ( 'NONE',  ( -0.03085937188818703400, 0.4272083333333323600, -0.05344999999999910200 ) ) ;
#6226 = CARTESIAN_POINT ( 'NONE',  ( -0.04628905783227871300, 0.4261666666666657500, -0.02672499999999918300 ) ) ;
#6227 = CARTESIAN_POINT ( 'NONE',  ( -0.05344999999999985200, 0.4256832274842305400, -0.01432188433544276400 ) ) ;
#6228 = CARTESIAN_POINT ( 'NONE',  ( -0.05344999999999994200, 0.4251249999999990900, 1.944365606827761600E-017 ) ) ;
#6229 =( BOUNDED_CURVE ( )  B_SPLINE_CURVE ( 2, ( #6228, #6227, #6226, #6225, #6224, #6223, #6222, #6221, #6220 ),
 .UNSPECIFIED., .F., .T. ) 
 B_SPLINE_CURVE_WITH_KNOTS ( ( 3, 2, 2, 2, 3 ),
 ( 0.8525641025641027500, 0.8547008547008547700, 0.8589743589743590300, 0.8632478632478632900, 0.8653846153846155300 ),
 .UNSPECIFIED. ) 
 CURVE ( )  GEOMETRIC_REPRESENTATION_ITEM ( )  RATIONAL_B_SPLINE_CURVE ( ( 0.9330127018922194100, 0.9330127018922228500, 1.000000000000000000, 0.8660254037844387100, 1.000000000000000000, 0.8660254037844387100, 1.000000000000000000, 0.9330127018922176300, 0.9330127018922194100 ) ) 
 REPRESENTATION_ITEM ( '' )  );
#6230 = DIRECTION ( 'NONE',  ( 1.000000000000000000, 2.449212707644754500E-016, 0.0000000000000000000 ) ) ;
#6231 = DIRECTION ( 'NONE',  ( 2.449212707644754500E-016, -1.000000000000000000, 0.0000000000000000000 ) ) ;
#6232 = CYLINDRICAL_SURFACE ( 'NONE', #6142, 0.05345000000000005300 ) ;
#6233 = FACE_OUTER_BOUND ( 'NONE', #2730, .T. ) ;
#6234 =( BOUNDED_CURVE ( )  B_SPLINE_CURVE ( 2, ( #6255, #6151, #6150, #6149, #6148, #6147, #6146, #6145, #6144 ),
 .UNSPECIFIED., .F., .T. ) 
 B_SPLINE_CURVE_WITH_KNOTS ( ( 3, 2, 2, 2, 3 ),
 ( 0.7756410256410257700, 0.7777777777777779000, 0.7820512820512821600, 0.7863247863247864200, 0.7884615384615386600 ),
 .UNSPECIFIED. ) 
 CURVE ( )  GEOMETRIC_REPRESENTATION_ITEM ( )  RATIONAL_B_SPLINE_CURVE ( ( 0.9330127018922194100, 0.9330127018922210700, 1.000000000000000000, 0.8660254037844387100, 1.000000000000000000, 0.8660254037844387100, 1.000000000000000000, 0.9330127018922158600, 0.9330127018922194100 ) ) 
 REPRESENTATION_ITEM ( '' )  );
#6235 = DIRECTION ( 'NONE',  ( 1.000000000000000000, 2.449212707644754500E-016, 0.0000000000000000000 ) ) ;
#6236 = CARTESIAN_POINT ( 'NONE',  ( -0.04849742261192856200, 0.1420833333333330600, 0.02800000000000000800 ) ) ;
#6237 = CARTESIAN_POINT ( 'NONE',  ( -0.03233161507461903400, 0.1410416666666664000, 0.05600000000000000100 ) ) ;
#6238 = DIRECTION ( 'NONE',  ( 2.449212707644754500E-016, -1.000000000000000000, 0.0000000000000000000 ) ) ;
#6239 = CARTESIAN_POINT ( 'NONE',  ( 0.0000000000000000000, 0.1399999999999997400, 0.05600000000000000800 ) ) ;
#6240 = CARTESIAN_POINT ( 'NONE',  ( 0.0000000000000000000, 0.0000000000000000000, 0.0000000000000000000 ) ) ;
#6241 = CARTESIAN_POINT ( 'NONE',  ( -0.05345000000000008800, 0.2631832274842309000, -0.01432188433544302900 ) ) ;
#6242 = CARTESIAN_POINT ( 'NONE',  ( -0.05344999999999994200, 0.2626249999999993900, 5.501410922847960800E-016 ) ) ;
#6243 = CARTESIAN_POINT ( 'NONE',  ( 0.03233161507461907600, 0.1514583333333330300, 0.05599999999999998700 ) ) ;
#6244 = CARTESIAN_POINT ( 'NONE',  ( 0.04849742261192858900, 0.1504166666666663400, 0.02799999999999996600 ) ) ;
#6245 = CARTESIAN_POINT ( 'NONE',  ( 0.06466323014923809600, 0.1493749999999996700, -1.187805037491535100E-017 ) ) ;
#6246 = CYLINDRICAL_SURFACE ( 'NONE', #6256, 0.05345000000000005300 ) ;
#6247 =( BOUNDED_CURVE ( )  B_SPLINE_CURVE ( 2, ( #6141, #6140, #6139, #6162, #6161, #6160, #6159, #6158, #6257 ),
 .UNSPECIFIED., .F., .T. ) 
 B_SPLINE_CURVE_WITH_KNOTS ( ( 3, 2, 2, 2, 3 ),
 ( 0.8269230769230770900, 0.8290598290598291100, 0.8333333333333333700, 0.8376068376068377400, 0.8397435897435899800 ),
 .UNSPECIFIED. ) 
 CURVE ( )  GEOMETRIC_REPRESENTATION_ITEM ( )  RATIONAL_B_SPLINE_CURVE ( ( 0.9330127018922194100, 0.9330127018922228500, 1.000000000000000000, 0.8660254037844387100, 1.000000000000000000, 0.8660254037844387100, 1.000000000000000000, 0.9330127018922158600, 0.9330127018922194100 ) ) 
 REPRESENTATION_ITEM ( '' )  );
#6248 = FACE_OUTER_BOUND ( 'NONE', #2724, .T. ) ;
#6249 = CARTESIAN_POINT ( 'NONE',  ( -5.760782828415425500E-016, 0.3892499999999991500, -0.05344999999999999800 ) ) ;
#6250 = CARTESIAN_POINT ( 'NONE',  ( -0.03085937188818698900, 0.3882083333333324900, -0.05344999999999913000 ) ) ;
#6251 = CARTESIAN_POINT ( 'NONE',  ( 0.04849742261192855500, 0.1483333333333330400, -0.02800000000000002800 ) ) ;
#6252 = CARTESIAN_POINT ( 'NONE',  ( -0.04628905783227868500, 0.3871666666666658300, -0.02672499999999922500 ) ) ;
#6253 = CARTESIAN_POINT ( 'NONE',  ( 0.03233161507461902700, 0.1472916666666663500, -0.05600000000000000100 ) ) ;
#6254 = CARTESIAN_POINT ( 'NONE',  ( -6.857795581405312900E-018, 0.1462499999999997100, -0.05600000000000000800 ) ) ;
#6255 = CARTESIAN_POINT ( 'NONE',  ( -0.05344999999999995600, 0.3986249999999990600, 3.408358534321605800E-016 ) ) ;
#6256 = AXIS2_PLACEMENT_3D ( 'NONE', #6240, #6238, #6235 ) ;
#6257 = CARTESIAN_POINT ( 'NONE',  ( 0.05345000000000015000, 0.4298749999999991200, 2.035865164796127200E-016 ) ) ;
#6258 = CARTESIAN_POINT ( 'NONE',  ( -0.04849742261192856900, 0.1691666666666663300, -0.02799999999999999000 ) ) ;
#6259 = CARTESIAN_POINT ( 'NONE',  ( -0.06466323014923809600, 0.1681249999999996600, 3.959350124971783400E-018 ) ) ;
#6260 = CARTESIAN_POINT ( 'NONE',  ( -0.04849742261192856200, 0.1670833333333330000, 0.02800000000000000800 ) ) ;
#6261 = CARTESIAN_POINT ( 'NONE',  ( -0.03233161507461903400, 0.1660416666666663700, 0.05600000000000000100 ) ) ;
#6262 = CARTESIAN_POINT ( 'NONE',  ( 0.0000000000000000000, 0.1649999999999996700, 0.05600000000000000800 ) ) ;
#6263 = CARTESIAN_POINT ( 'NONE',  ( 0.03233161507461907600, 0.1639583333333330100, 0.05599999999999998700 ) ) ;
#6264 = CARTESIAN_POINT ( 'NONE',  ( 0.04849742261192858900, 0.1629166666666663500, 0.02799999999999996600 ) ) ;
#6265 = CARTESIAN_POINT ( 'NONE',  ( 0.06466323014923809600, 0.1618749999999996600, -1.187805037491535100E-017 ) ) ;
#6266 = CARTESIAN_POINT ( 'NONE',  ( 0.04849742261192855500, 0.1608333333333330000, -0.02800000000000002800 ) ) ;
#6267 = CARTESIAN_POINT ( 'NONE',  ( 0.04849742261192855500, 0.1733333333333330100, -0.02800000000000002800 ) ) ;
#6268 = CARTESIAN_POINT ( 'NONE',  ( 0.03233161507461902700, 0.1722916666666663400, -0.05600000000000000100 ) ) ;
#6269 = CARTESIAN_POINT ( 'NONE',  ( 0.03233161507461907600, 0.1889583333333329500, 0.05599999999999998700 ) ) ;
#6270 = CARTESIAN_POINT ( 'NONE',  ( 0.04849742261192858900, 0.1879166666666662900, 0.02799999999999996600 ) ) ;
#6271 = CARTESIAN_POINT ( 'NONE',  ( 0.06466323014923809600, 0.1868749999999996200, -1.187805037491535100E-017 ) ) ;
#6272 = CARTESIAN_POINT ( 'NONE',  ( -0.04849742261192856900, 0.2066666666666662500, -0.02799999999999999000 ) ) ;
#6273 = CARTESIAN_POINT ( 'NONE',  ( -0.06466323014923809600, 0.2056249999999995600, 3.959350124971783400E-018 ) ) ;
#6274 = CARTESIAN_POINT ( 'NONE',  ( -0.04849742261192856200, 0.2045833333333329000, 0.02800000000000000800 ) ) ;
#6275 = CARTESIAN_POINT ( 'NONE',  ( -0.03233161507461903400, 0.2035416666666662300, 0.05600000000000000100 ) ) ;
#6276 = CARTESIAN_POINT ( 'NONE',  ( 0.0000000000000000000, 0.2024999999999995700, 0.05600000000000000800 ) ) ;
#6277 = CARTESIAN_POINT ( 'NONE',  ( 0.03233161507461907600, 0.2014583333333329300, 0.05599999999999998700 ) ) ;
#6278 = CARTESIAN_POINT ( 'NONE',  ( 0.04849742261192858900, 0.2004166666666662700, 0.02799999999999996600 ) ) ;
#6279 = CARTESIAN_POINT ( 'NONE',  ( 0.06466323014923809600, 0.1993749999999996100, -1.187805037491535100E-017 ) ) ;
#6280 = CARTESIAN_POINT ( 'NONE',  ( 0.0000000000000000000, 0.1899999999999996100, 0.05600000000000000800 ) ) ;
#6281 = CARTESIAN_POINT ( 'NONE',  ( 0.0000000000000000000, 0.1774999999999996300, 0.05600000000000000800 ) ) ;
#6282 = CARTESIAN_POINT ( 'NONE',  ( 0.03233161507461907600, 0.1764583333333330000, 0.05599999999999998700 ) ) ;
#6283 = CARTESIAN_POINT ( 'NONE',  ( 0.04849742261192855500, 0.1983333333333329500, -0.02800000000000002800 ) ) ;
#6284 = CARTESIAN_POINT ( 'NONE',  ( 0.03233161507461902700, 0.1972916666666662800, -0.05600000000000000100 ) ) ;
#6285 = CARTESIAN_POINT ( 'NONE',  ( -6.857795581405312900E-018, 0.1962499999999996200, -0.05600000000000000800 ) ) ;
#6286 = CARTESIAN_POINT ( 'NONE',  ( -0.03233161507461906900, 0.1827083333333329700, -0.05599999999999998700 ) ) ;
#6287 = CARTESIAN_POINT ( 'NONE',  ( -0.04849742261192856900, 0.1816666666666662800, -0.02799999999999999000 ) ) ;
#6288 = CARTESIAN_POINT ( 'NONE',  ( -0.06466323014923809600, 0.1806249999999996500, 3.959350124971783400E-018 ) ) ;
#6289 = CARTESIAN_POINT ( 'NONE',  ( -0.04849742261192856200, 0.1795833333333329600, 0.02800000000000000800 ) ) ;
#6290 = CARTESIAN_POINT ( 'NONE',  ( -0.03233161507461903400, 0.1785416666666662900, 0.05600000000000000100 ) ) ;
#6291 = CARTESIAN_POINT ( 'NONE',  ( -0.03233161507461906900, 0.1702083333333329600, -0.05599999999999998700 ) ) ;
#6292 = CARTESIAN_POINT ( 'NONE',  ( 0.04849742261192858900, 0.1754166666666663300, 0.02799999999999996600 ) ) ;
#6293 = CARTESIAN_POINT ( 'NONE',  ( 0.06466323014923809600, 0.1743749999999996700, -1.187805037491535100E-017 ) ) ;
#6294 = CARTESIAN_POINT ( 'NONE',  ( -0.03233161507461906900, 0.1952083333333329600, -0.05599999999999998700 ) ) ;
#6295 = CARTESIAN_POINT ( 'NONE',  ( -0.04849742261192856900, 0.1941666666666662700, -0.02799999999999999000 ) ) ;
#6296 = CARTESIAN_POINT ( 'NONE',  ( -0.06466323014923809600, 0.1931249999999995700, 3.959350124971783400E-018 ) ) ;
#6297 = CARTESIAN_POINT ( 'NONE',  ( -0.04849742261192856200, 0.1920833333333329400, 0.02800000000000000800 ) ) ;
#6298 = CARTESIAN_POINT ( 'NONE',  ( -0.03233161507461903400, 0.1910416666666662500, 0.05600000000000000100 ) ) ;
#6299 = CARTESIAN_POINT ( 'NONE',  ( 0.04849742261192855500, 0.1858333333333329600, -0.02800000000000002800 ) ) ;
#6300 = CARTESIAN_POINT ( 'NONE',  ( 0.03233161507461902700, 0.1847916666666663300, -0.05600000000000000100 ) ) ;
#6301 = CARTESIAN_POINT ( 'NONE',  ( -6.857795581405312900E-018, 0.1837499999999996400, -0.05600000000000000800 ) ) ;
#6302 = CARTESIAN_POINT ( 'NONE',  ( -6.857795581405312900E-018, 0.1712499999999996500, -0.05600000000000000800 ) ) ;
#6303 = CARTESIAN_POINT ( 'NONE',  ( -0.03233161507461903400, 0.2160416666666662200, 0.05600000000000000100 ) ) ;
#6304 = CARTESIAN_POINT ( 'NONE',  ( 0.0000000000000000000, 0.2149999999999995500, 0.05600000000000000800 ) ) ;
#6305 = CARTESIAN_POINT ( 'NONE',  ( -0.03233161507461906900, 0.2077083333333329100, -0.05599999999999998700 ) ) ;
#6306 = CARTESIAN_POINT ( 'NONE',  ( 0.06466323014923809600, 0.2118749999999995600, -1.187805037491535100E-017 ) ) ;
#6307 = CARTESIAN_POINT ( 'NONE',  ( 0.04849742261192855500, 0.2108333333333329000, -0.02800000000000002800 ) ) ;
#6308 = CARTESIAN_POINT ( 'NONE',  ( 0.0000000000000000000, 0.2274999999999995100, 0.05600000000000000800 ) ) ;
#6309 = CARTESIAN_POINT ( 'NONE',  ( 0.03233161507461907600, 0.2264583333333328500, 0.05599999999999998700 ) ) ;
#6310 = CARTESIAN_POINT ( 'NONE',  ( 0.04849742261192858900, 0.2254166666666662100, 0.02799999999999996600 ) ) ;
#6311 = CARTESIAN_POINT ( 'NONE',  ( 0.06466323014923809600, 0.2243749999999995200, -1.187805037491535100E-017 ) ) ;
#6312 = CARTESIAN_POINT ( 'NONE',  ( 0.04849742261192855500, 0.2233333333333328800, -0.02800000000000002800 ) ) ;
#6313 = CARTESIAN_POINT ( 'NONE',  ( 0.03233161507461902700, 0.2222916666666662500, -0.05600000000000000100 ) ) ;
#6314 = CARTESIAN_POINT ( 'NONE',  ( 0.03233161507461902700, 0.2097916666666662400, -0.05600000000000000100 ) ) ;
#6315 = CARTESIAN_POINT ( 'NONE',  ( 0.03233161507461907600, 0.2139583333333328900, 0.05599999999999998700 ) ) ;
#6316 = CARTESIAN_POINT ( 'NONE',  ( 0.04849742261192858900, 0.2129166666666662300, 0.02799999999999996600 ) ) ;
#6317 = CARTESIAN_POINT ( 'NONE',  ( -6.857795581405312900E-018, 0.2212499999999995600, -0.05600000000000000800 ) ) ;
#6318 = CARTESIAN_POINT ( 'NONE',  ( -0.03233161507461906900, 0.2202083333333329500, -0.05599999999999998700 ) ) ;
#6319 = CARTESIAN_POINT ( 'NONE',  ( -0.04849742261192856900, 0.2191666666666662300, -0.02799999999999999000 ) ) ;
#6320 = CARTESIAN_POINT ( 'NONE',  ( -0.06466323014923809600, 0.2181249999999996000, 3.959350124971783400E-018 ) ) ;
#6321 = CARTESIAN_POINT ( 'NONE',  ( -0.04849742261192856200, 0.2170833333333328800, 0.02800000000000000800 ) ) ;
#6322 = CARTESIAN_POINT ( 'NONE',  ( -6.857795581405312900E-018, 0.2087499999999995700, -0.05600000000000000800 ) ) ;
#6323 = CARTESIAN_POINT ( 'NONE',  ( -0.04849742261192856200, 0.2420833333333328500, 0.02800000000000000800 ) ) ;
#6324 = CARTESIAN_POINT ( 'NONE',  ( -0.03233161507461903400, 0.2410416666666661300, 0.05600000000000000100 ) ) ;
#6325 = CARTESIAN_POINT ( 'NONE',  ( -0.04849742261192856900, 0.2566666666666661500, -0.02799999999999999000 ) ) ;
#6326 = CARTESIAN_POINT ( 'NONE',  ( -0.06466323014923809600, 0.2556249999999994900, 3.959350124971783400E-018 ) ) ;
#6327 = CARTESIAN_POINT ( 'NONE',  ( -0.04849742261192856900, 0.2316666666666661900, -0.02799999999999999000 ) ) ;
#6328 = CARTESIAN_POINT ( 'NONE',  ( 0.04849742261192855500, 0.2608333333333328100, -0.02800000000000002800 ) ) ;
#6329 = CARTESIAN_POINT ( 'NONE',  ( 0.03233161507461902700, 0.2597916666666660900, -0.05600000000000000100 ) ) ;
#6330 = CARTESIAN_POINT ( 'NONE',  ( -6.857795581405312900E-018, 0.2587499999999994800, -0.05600000000000000800 ) ) ;
#6331 = CARTESIAN_POINT ( 'NONE',  ( -0.03233161507461906900, 0.2577083333333327600, -0.05599999999999998700 ) ) ;
#6332 = CARTESIAN_POINT ( 'NONE',  ( 0.0000000000000000000, 0.2399999999999994900, 0.05600000000000000800 ) ) ;
#6333 = CARTESIAN_POINT ( 'NONE',  ( 0.03233161507461907600, 0.2389583333333328600, 0.05599999999999998700 ) ) ;
#6334 = CARTESIAN_POINT ( 'NONE',  ( 0.03233161507461902700, 0.2472916666666661600, -0.05600000000000000100 ) ) ;
#6335 = CARTESIAN_POINT ( 'NONE',  ( -6.857795581405312900E-018, 0.2462499999999995000, -0.05600000000000000800 ) ) ;
#6336 = CARTESIAN_POINT ( 'NONE',  ( 0.06466323014923809600, 0.2493749999999994900, -1.187805037491535100E-017 ) ) ;
#6337 = CARTESIAN_POINT ( 'NONE',  ( 0.04849742261192855500, 0.2483333333333328200, -0.02800000000000002800 ) ) ;
#6338 = CARTESIAN_POINT ( 'NONE',  ( 0.04849742261192855500, 0.2358333333333328400, -0.02800000000000002800 ) ) ;
#6339 = CARTESIAN_POINT ( 'NONE',  ( 0.03233161507461902700, 0.2347916666666662000, -0.05600000000000000100 ) ) ;
#6340 = CARTESIAN_POINT ( 'NONE',  ( -6.857795581405312900E-018, 0.2337499999999995100, -0.05600000000000000800 ) ) ;
#6341 = CARTESIAN_POINT ( 'NONE',  ( -0.03233161507461906900, 0.2327083333333328800, -0.05599999999999998700 ) ) ;
#6342 = CARTESIAN_POINT ( 'NONE',  ( -0.04849742261192856200, 0.2545833333333328300, 0.02800000000000000800 ) ) ;
#6343 = CARTESIAN_POINT ( 'NONE',  ( -0.03233161507461903400, 0.2535416666666661700, 0.05600000000000000100 ) ) ;
#6344 = CARTESIAN_POINT ( 'NONE',  ( 0.0000000000000000000, 0.2524999999999994500, 0.05600000000000000800 ) ) ;
#6345 = CARTESIAN_POINT ( 'NONE',  ( -0.03233161507461903400, 0.2285416666666661700, 0.05600000000000000100 ) ) ;
#6346 = CARTESIAN_POINT ( 'NONE',  ( -0.04849742261192856200, 0.2295833333333328900, 0.02800000000000000800 ) ) ;
#6347 = CARTESIAN_POINT ( 'NONE',  ( -0.06466323014923809600, 0.2306249999999995200, 3.959350124971783400E-018 ) ) ;
#6348 = CARTESIAN_POINT ( 'NONE',  ( 0.03233161507461907600, 0.2514583333333327800, 0.05599999999999998700 ) ) ;
#6349 = CARTESIAN_POINT ( 'NONE',  ( 0.04849742261192858900, 0.2504166666666661200, 0.02799999999999996600 ) ) ;
#6350 = CARTESIAN_POINT ( 'NONE',  ( 0.04849742261192858900, 0.2379166666666661700, 0.02799999999999996600 ) ) ;
#6351 = CARTESIAN_POINT ( 'NONE',  ( 0.06466323014923809600, 0.2368749999999995300, -1.187805037491535100E-017 ) ) ;
#6352 = CARTESIAN_POINT ( 'NONE',  ( -0.03233161507461906900, 0.2452083333333328100, -0.05599999999999998700 ) ) ;
#6353 = CARTESIAN_POINT ( 'NONE',  ( -0.04849742261192856900, 0.2441666666666661700, -0.02799999999999999000 ) ) ;
#6354 = CARTESIAN_POINT ( 'NONE',  ( -0.06466323014923809600, 0.2431249999999994800, 3.959350124971783400E-018 ) ) ;
#6355 = CARTESIAN_POINT ( 'NONE',  ( -0.06466323014923809600, 0.2681249999999994500, 3.959350124971783400E-018 ) ) ;
#6356 = CARTESIAN_POINT ( 'NONE',  ( 0.04849742261192855500, 0.2733333333333327600, -0.02800000000000002800 ) ) ;
#6357 = CARTESIAN_POINT ( 'NONE',  ( 0.03233161507461902700, 0.2722916666666661000, -0.05600000000000000100 ) ) ;
#6358 = CARTESIAN_POINT ( 'NONE',  ( 0.04849742261192858900, 0.2629166666666661300, 0.02799999999999996600 ) ) ;
#6359 = CARTESIAN_POINT ( 'NONE',  ( 0.0000000000000000000, 0.2774999999999994100, 0.05600000000000000800 ) ) ;
#6360 = CARTESIAN_POINT ( 'NONE',  ( 0.03233161507461907600, 0.2764583333333327500, 0.05599999999999998700 ) ) ;
#6361 = CARTESIAN_POINT ( 'NONE',  ( 0.04849742261192858900, 0.2754166666666660900, 0.02799999999999996600 ) ) ;
#6362 = CARTESIAN_POINT ( 'NONE',  ( 0.06466323014923809600, 0.2743749999999993700, -1.187805037491535100E-017 ) ) ;
#6363 = CARTESIAN_POINT ( 'NONE',  ( 0.06466323014923809600, 0.2618749999999994700, -1.187805037491535100E-017 ) ) ;
#6364 = CARTESIAN_POINT ( 'NONE',  ( 0.03233161507461907600, 0.2639583333333328000, 0.05599999999999998700 ) ) ;
#6365 = CARTESIAN_POINT ( 'NONE',  ( -0.04849742261192856200, 0.2795833333333327400, 0.02800000000000000800 ) ) ;
#6366 = CARTESIAN_POINT ( 'NONE',  ( -0.03233161507461903400, 0.2785416666666660800, 0.05600000000000000100 ) ) ;
#6367 = CARTESIAN_POINT ( 'NONE',  ( -0.04849742261192856200, 0.2670833333333327800, 0.02800000000000000800 ) ) ;
#6368 = CARTESIAN_POINT ( 'NONE',  ( -6.857795581405312900E-018, 0.2837499999999993900, -0.05600000000000000800 ) ) ;
#6369 = CARTESIAN_POINT ( 'NONE',  ( -0.03233161507461906900, 0.2827083333333327300, -0.05599999999999998700 ) ) ;
#6370 = CARTESIAN_POINT ( 'NONE',  ( -0.04849742261192856900, 0.2816666666666660700, -0.02799999999999999000 ) ) ;
#6371 = CARTESIAN_POINT ( 'NONE',  ( -0.06466323014923809600, 0.2806249999999994000, 3.959350124971783400E-018 ) ) ;
#6372 = CARTESIAN_POINT ( 'NONE',  ( 0.0000000000000000000, 0.2649999999999994600, 0.05600000000000000800 ) ) ;
#6373 = CARTESIAN_POINT ( 'NONE',  ( 0.03233161507461907600, 0.2889583333333327100, 0.05599999999999998700 ) ) ;
#6374 = CARTESIAN_POINT ( 'NONE',  ( 0.04849742261192858900, 0.2879166666666661000, 0.02799999999999996600 ) ) ;
#6375 = CARTESIAN_POINT ( 'NONE',  ( 0.06466323014923809600, 0.2868749999999993800, -1.187805037491535100E-017 ) ) ;
#6376 = CARTESIAN_POINT ( 'NONE',  ( 0.04849742261192855500, 0.2858333333333327200, -0.02800000000000002800 ) ) ;
#6377 = CARTESIAN_POINT ( 'NONE',  ( 0.03233161507461902700, 0.2847916666666660500, -0.05600000000000000100 ) ) ;
#6378 = CARTESIAN_POINT ( 'NONE',  ( -0.03233161507461903400, 0.2660416666666661200, 0.05600000000000000100 ) ) ;
#6379 = CARTESIAN_POINT ( 'NONE',  ( -6.857795581405312900E-018, 0.2712499999999994400, -0.05600000000000000800 ) ) ;
#6380 = CARTESIAN_POINT ( 'NONE',  ( -0.03233161507461906900, 0.2702083333333327700, -0.05599999999999998700 ) ) ;
#6381 = CARTESIAN_POINT ( 'NONE',  ( -0.04849742261192856900, 0.2691666666666661100, -0.02799999999999999000 ) ) ;
#6382 = CARTESIAN_POINT ( 'NONE',  ( -0.04849742261192856200, 0.2920833333333327000, 0.02800000000000000800 ) ) ;
#6383 = CARTESIAN_POINT ( 'NONE',  ( -0.03233161507461903400, 0.2910416666666660300, 0.05600000000000000100 ) ) ;
#6384 = CARTESIAN_POINT ( 'NONE',  ( 0.0000000000000000000, 0.2899999999999994200, 0.05600000000000000800 ) ) ;
#6385 = CARTESIAN_POINT ( 'NONE',  ( -6.857795581405312900E-018, 0.2962499999999993500, -0.05600000000000000800 ) ) ;
#6386 = CARTESIAN_POINT ( 'NONE',  ( 0.03233161507461907600, 0.3389583333333325800, 0.05599999999999998700 ) ) ;
#6387 = CARTESIAN_POINT ( 'NONE',  ( 0.04849742261192858900, 0.3379166666666659200, 0.02799999999999996600 ) ) ;
#6388 = CARTESIAN_POINT ( 'NONE',  ( 0.06466323014923809600, 0.3368749999999992600, -1.187805037491535100E-017 ) ) ;
#6389 = CARTESIAN_POINT ( 'NONE',  ( 0.04849742261192855500, 0.3358333333333326000, -0.02800000000000002800 ) ) ;
#6390 = CARTESIAN_POINT ( 'NONE',  ( 0.03233161507461902700, 0.3347916666666659300, -0.05600000000000000100 ) ) ;
#6391 = CARTESIAN_POINT ( 'NONE',  ( -6.857795581405312900E-018, 0.3337499999999992700, -0.05600000000000000800 ) ) ;
#6392 = CARTESIAN_POINT ( 'NONE',  ( -0.06466323014923809600, 0.3181249999999993200, 3.959350124971783400E-018 ) ) ;
#6393 = CARTESIAN_POINT ( 'NONE',  ( -0.04849742261192856200, 0.3170833333333326100, 0.02800000000000000800 ) ) ;
#6394 = CARTESIAN_POINT ( 'NONE',  ( 0.03233161507461902700, 0.2972916666666660100, -0.05600000000000000100 ) ) ;
#6395 = CARTESIAN_POINT ( 'NONE',  ( -0.03233161507461903400, 0.3035416666666660400, 0.05600000000000000100 ) ) ;
#6396 = CARTESIAN_POINT ( 'NONE',  ( 0.0000000000000000000, 0.3024999999999993800, 0.05600000000000000800 ) ) ;
#6397 = CARTESIAN_POINT ( 'NONE',  ( 0.06466323014923809600, 0.2993749999999993900, -1.187805037491535100E-017 ) ) ;
#6398 = CARTESIAN_POINT ( 'NONE',  ( 0.04849742261192858900, 0.3129166666666659500, 0.02799999999999996600 ) ) ;
#6399 = CARTESIAN_POINT ( 'NONE',  ( 0.04849742261192855500, 0.2983333333333326700, -0.02800000000000002800 ) ) ;
#6400 = CARTESIAN_POINT ( 'NONE',  ( -0.03233161507461906900, 0.3327083333333326100, -0.05599999999999998700 ) ) ;
#6401 = CARTESIAN_POINT ( 'NONE',  ( -0.04849742261192856900, 0.3316666666666659400, -0.02799999999999999000 ) ) ;
#6402 = CARTESIAN_POINT ( 'NONE',  ( -0.06466323014923809600, 0.3306249999999992800, 3.959350124971783400E-018 ) ) ;
#6403 = CARTESIAN_POINT ( 'NONE',  ( -0.04849742261192856200, 0.3295833333333326200, 0.02800000000000000800 ) ) ;
#6404 = CARTESIAN_POINT ( 'NONE',  ( -0.03233161507461903400, 0.3285416666666659500, 0.05600000000000000100 ) ) ;
#6405 = CARTESIAN_POINT ( 'NONE',  ( -0.06466323014923809600, 0.3056249999999993700, 3.959350124971783400E-018 ) ) ;
#6406 = CARTESIAN_POINT ( 'NONE',  ( -0.04849742261192856200, 0.3045833333333327100, 0.02800000000000000800 ) ) ;
#6407 = CARTESIAN_POINT ( 'NONE',  ( -0.03233161507461906900, 0.3202083333333326000, -0.05599999999999998700 ) ) ;
#6408 = CARTESIAN_POINT ( 'NONE',  ( -0.04849742261192856900, 0.3191666666666659300, -0.02799999999999999000 ) ) ;
#6409 = CARTESIAN_POINT ( 'NONE',  ( 0.04849742261192855500, 0.3233333333333325800, -0.02800000000000002800 ) ) ;
#6410 = CARTESIAN_POINT ( 'NONE',  ( 0.03233161507461902700, 0.3222916666666660300, -0.05600000000000000100 ) ) ;
#6411 = CARTESIAN_POINT ( 'NONE',  ( -6.857795581405312900E-018, 0.3212499999999992600, -0.05600000000000000800 ) ) ;
#6412 = CARTESIAN_POINT ( 'NONE',  ( 0.0000000000000000000, 0.3274999999999992400, 0.05600000000000000800 ) ) ;
#6413 = CARTESIAN_POINT ( 'NONE',  ( 0.03233161507461907600, 0.3264583333333325700, 0.05599999999999998700 ) ) ;
#6414 = CARTESIAN_POINT ( 'NONE',  ( 0.04849742261192858900, 0.3254166666666659100, 0.02799999999999996600 ) ) ;
#6415 = CARTESIAN_POINT ( 'NONE',  ( 0.06466323014923809600, 0.3243749999999992500, -1.187805037491535100E-017 ) ) ;
#6416 = CARTESIAN_POINT ( 'NONE',  ( 0.03233161507461902700, 0.3097916666666660200, -0.05600000000000000100 ) ) ;
#6417 = CARTESIAN_POINT ( 'NONE',  ( -6.857795581405312900E-018, 0.3087499999999993600, -0.05600000000000000800 ) ) ;
#6418 = CARTESIAN_POINT ( 'NONE',  ( -0.04849742261192856900, 0.2941666666666660200, -0.02799999999999999000 ) ) ;
#6419 = CARTESIAN_POINT ( 'NONE',  ( -0.03233161507461906900, 0.2952083333333326800, -0.05599999999999998700 ) ) ;
#6420 = CARTESIAN_POINT ( 'NONE',  ( 0.03233161507461907600, 0.3014583333333327200, 0.05599999999999998700 ) ) ;
#6421 = CARTESIAN_POINT ( 'NONE',  ( 0.04849742261192858900, 0.3004166666666660500, 0.02799999999999996600 ) ) ;
#6422 = CARTESIAN_POINT ( 'NONE',  ( -0.06466323014923809600, 0.2931249999999993600, 3.959350124971783400E-018 ) ) ;
#6423 = CARTESIAN_POINT ( 'NONE',  ( -0.03233161507461906900, 0.3077083333333326400, -0.05599999999999998700 ) ) ;
#6424 = CARTESIAN_POINT ( 'NONE',  ( -0.04849742261192856900, 0.3066666666666660300, -0.02799999999999999000 ) ) ;
#6425 = CARTESIAN_POINT ( 'NONE',  ( -0.03233161507461903400, 0.3160416666666660000, 0.05600000000000000100 ) ) ;
#6426 = CARTESIAN_POINT ( 'NONE',  ( 0.0000000000000000000, 0.3149999999999992800, 0.05600000000000000800 ) ) ;
#6427 = CARTESIAN_POINT ( 'NONE',  ( 0.03233161507461907600, 0.3139583333333326700, 0.05599999999999998700 ) ) ;
#6428 = CARTESIAN_POINT ( 'NONE',  ( 0.06466323014923809600, 0.3118749999999993500, -1.187805037491535100E-017 ) ) ;
#6429 = CARTESIAN_POINT ( 'NONE',  ( 0.04849742261192855500, 0.3108333333333326800, -0.02800000000000002800 ) ) ;
#6430 = CARTESIAN_POINT ( 'NONE',  ( 0.04849742261192855500, 0.3733333333333324600, -0.02800000000000002800 ) ) ;
#6431 = CARTESIAN_POINT ( 'NONE',  ( 0.03233161507461902700, 0.3722916666666658000, -0.05600000000000000100 ) ) ;
#6432 = CARTESIAN_POINT ( 'NONE',  ( -6.857795581405312900E-018, 0.3712499999999991400, -0.05600000000000000800 ) ) ;
#6433 = CARTESIAN_POINT ( 'NONE',  ( -0.03233161507461906900, 0.3702083333333324700, -0.05599999999999998700 ) ) ;
#6434 = CARTESIAN_POINT ( 'NONE',  ( 0.06466323014923809600, 0.3618749999999991700, -1.187805037491535100E-017 ) ) ;
#6435 = CARTESIAN_POINT ( 'NONE',  ( 0.04849742261192855500, 0.3608333333333325600, -0.02800000000000002800 ) ) ;
#6436 = CARTESIAN_POINT ( 'NONE',  ( -0.06466323014923809600, 0.3431249999999992400, 3.959350124971783400E-018 ) ) ;
#6437 = CARTESIAN_POINT ( 'NONE',  ( -0.04849742261192856200, 0.3420833333333325700, 0.02800000000000000800 ) ) ;
#6438 = CARTESIAN_POINT ( 'NONE',  ( 0.03233161507461902700, 0.3472916666666658900, -0.05600000000000000100 ) ) ;
#6439 = CARTESIAN_POINT ( 'NONE',  ( -6.857795581405312900E-018, 0.3462499999999992300, -0.05600000000000000800 ) ) ;
#6440 = CARTESIAN_POINT ( 'NONE',  ( 0.03233161507461907600, 0.3514583333333326000, 0.05599999999999998700 ) ) ;
#6441 = CARTESIAN_POINT ( 'NONE',  ( 0.04849742261192858900, 0.3504166666666658800, 0.02799999999999996600 ) ) ;
#6442 = CARTESIAN_POINT ( 'NONE',  ( -0.03233161507461906900, 0.3452083333333325600, -0.05599999999999998700 ) ) ;
#6443 = CARTESIAN_POINT ( 'NONE',  ( -0.04849742261192856900, 0.3441666666666659000, -0.02799999999999999000 ) ) ;
#6444 = CARTESIAN_POINT ( 'NONE',  ( -0.04849742261192856200, 0.3545833333333325800, 0.02800000000000000800 ) ) ;
#6445 = CARTESIAN_POINT ( 'NONE',  ( -0.03233161507461903400, 0.3535416666666659200, 0.05600000000000000100 ) ) ;
#6446 = CARTESIAN_POINT ( 'NONE',  ( 0.0000000000000000000, 0.3524999999999992600, 0.05600000000000000800 ) ) ;
#6447 = CARTESIAN_POINT ( 'NONE',  ( -0.06466323014923809600, 0.3556249999999991900, 3.959350124971783400E-018 ) ) ;
#6448 = CARTESIAN_POINT ( 'NONE',  ( -0.04849742261192856900, 0.3691666666666658100, -0.02799999999999999000 ) ) ;
#6449 = CARTESIAN_POINT ( 'NONE',  ( -0.06466323014923809600, 0.3681249999999991500, 3.959350124971783400E-018 ) ) ;
#6450 = CARTESIAN_POINT ( 'NONE',  ( -0.04849742261192856200, 0.3670833333333324800, 0.02800000000000000800 ) ) ;
#6451 = CARTESIAN_POINT ( 'NONE',  ( 0.06466323014923809600, 0.3493749999999992100, -1.187805037491535100E-017 ) ) ;
#6452 = CARTESIAN_POINT ( 'NONE',  ( 0.04849742261192855500, 0.3483333333333325500, -0.02800000000000002800 ) ) ;
#6453 = CARTESIAN_POINT ( 'NONE',  ( -0.03233161507461903400, 0.3660416666666658200, 0.05600000000000000100 ) ) ;
#6454 = CARTESIAN_POINT ( 'NONE',  ( 0.0000000000000000000, 0.3649999999999991600, 0.05600000000000000800 ) ) ;
#6455 = CARTESIAN_POINT ( 'NONE',  ( -0.03233161507461906900, 0.3577083333333325200, -0.05599999999999998700 ) ) ;
#6456 = CARTESIAN_POINT ( 'NONE',  ( -0.04849742261192856900, 0.3566666666666659100, -0.02799999999999999000 ) ) ;
#6457 = CARTESIAN_POINT ( 'NONE',  ( -0.03233161507461903400, 0.3410416666666659100, 0.05600000000000000100 ) ) ;
#6458 = CARTESIAN_POINT ( 'NONE',  ( 0.0000000000000000000, 0.3399999999999992500, 0.05600000000000000800 ) ) ;
#6459 = CARTESIAN_POINT ( 'NONE',  ( 0.03233161507461907600, 0.3639583333333325000, 0.05599999999999998700 ) ) ;
#6460 = CARTESIAN_POINT ( 'NONE',  ( 0.04849742261192858900, 0.3629166666666658300, 0.02799999999999996600 ) ) ;
#6461 = CARTESIAN_POINT ( 'NONE',  ( 0.03233161507461902700, 0.3597916666666658400, -0.05600000000000000100 ) ) ;
#6462 = CARTESIAN_POINT ( 'NONE',  ( -6.857795581405312900E-018, 0.3587499999999992400, -0.05600000000000000800 ) ) ;
#6463 = CARTESIAN_POINT ( 'NONE',  ( 0.04849742261192855500, 0.3858333333333324700, -0.02800000000000002800 ) ) ;
#6464 = CARTESIAN_POINT ( 'NONE',  ( 0.03233161507461902700, 0.3847916666666658100, -0.05600000000000000100 ) ) ;
#6465 = CARTESIAN_POINT ( 'NONE',  ( -6.857795581405312900E-018, 0.3837499999999991500, -0.05600000000000000800 ) ) ;
#6466 = CARTESIAN_POINT ( 'NONE',  ( -0.03233161507461906900, 0.3827083333333325400, -0.05599999999999998700 ) ) ;
#6467 = CARTESIAN_POINT ( 'NONE',  ( -0.04849742261192856900, 0.3816666666666658200, -0.02799999999999999000 ) ) ;
#6468 = CARTESIAN_POINT ( 'NONE',  ( -0.06466323014923809600, 0.3806249999999992100, 3.959350124971783400E-018 ) ) ;
#6469 = CARTESIAN_POINT ( 'NONE',  ( 0.06466323014923809600, 0.3743749999999991300, -1.187805037491535100E-017 ) ) ;
#6470 = CARTESIAN_POINT ( 'NONE',  ( -6.857795581405312900E-018, 0.3962499999999991000, -0.05600000000000000800 ) ) ;
#6471 = CARTESIAN_POINT ( 'NONE',  ( -0.03233161507461906900, 0.3952083333333323800, -0.05599999999999998700 ) ) ;
#6472 = CARTESIAN_POINT ( 'NONE',  ( -0.04849742261192856900, 0.3941666666666657800, -0.02799999999999999000 ) ) ;
#6473 = CARTESIAN_POINT ( 'NONE',  ( -0.06466323014923809600, 0.3931249999999990600, 3.959350124971783400E-018 ) ) ;
#6474 = CARTESIAN_POINT ( 'NONE',  ( 0.03233161507461907600, 0.3889583333333324100, 0.05599999999999998700 ) ) ;
#6475 = CARTESIAN_POINT ( 'NONE',  ( 0.04849742261192858900, 0.3879166666666658000, 0.02799999999999996600 ) ) ;
#6476 = CARTESIAN_POINT ( 'NONE',  ( 0.06466323014923809600, 0.3868749999999991400, -1.187805037491535100E-017 ) ) ;
#6477 = CARTESIAN_POINT ( 'NONE',  ( -0.04849742261192856200, 0.3920833333333324500, 0.02800000000000000800 ) ) ;
#6478 = CARTESIAN_POINT ( 'NONE',  ( -0.03233161507461903400, 0.3910416666666657300, 0.05600000000000000100 ) ) ;
#6479 = CARTESIAN_POINT ( 'NONE',  ( 0.0000000000000000000, 0.3899999999999991300, 0.05600000000000000800 ) ) ;
#6480 = CARTESIAN_POINT ( 'NONE',  ( 0.04849742261192858900, 0.3754166666666658400, 0.02799999999999996600 ) ) ;
#6481 = CARTESIAN_POINT ( 'NONE',  ( -0.04849742261192856200, 0.3795833333333325000, 0.02800000000000000800 ) ) ;
#6482 = CARTESIAN_POINT ( 'NONE',  ( -0.03233161507461903400, 0.3785416666666658900, 0.05600000000000000100 ) ) ;
#6483 = CARTESIAN_POINT ( 'NONE',  ( 0.0000000000000000000, 0.3774999999999991700, 0.05600000000000000800 ) ) ;
#6484 = CARTESIAN_POINT ( 'NONE',  ( 0.03233161507461907600, 0.3764583333333325600, 0.05599999999999998700 ) ) ;
#6485 = CARTESIAN_POINT ( 'NONE',  ( 0.04849742261192858900, 0.4004166666666658100, 0.02799999999999996600 ) ) ;
#6486 = CARTESIAN_POINT ( 'NONE',  ( 0.06466323014923809600, 0.3993749999999990900, -1.187805037491535100E-017 ) ) ;
#6487 = CARTESIAN_POINT ( 'NONE',  ( 0.04849742261192855500, 0.3983333333333324800, -0.02800000000000002800 ) ) ;
#6488 = CARTESIAN_POINT ( 'NONE',  ( 0.03233161507461902700, 0.3972916666666657100, -0.05600000000000000100 ) ) ;
#6489 = CARTESIAN_POINT ( 'NONE',  ( -0.03233161507461903400, 0.4035416666666658000, 0.05600000000000000100 ) ) ;
#6490 = CARTESIAN_POINT ( 'NONE',  ( 0.0000000000000000000, 0.4024999999999991400, 0.05600000000000000800 ) ) ;
#6491 = CARTESIAN_POINT ( 'NONE',  ( -0.06466323014923809600, 0.4056249999999991300, 3.959350124971783400E-018 ) ) ;
#6492 = CARTESIAN_POINT ( 'NONE',  ( -0.04849742261192856200, 0.4045833333333324600, 0.02800000000000000800 ) ) ;
#6493 = CARTESIAN_POINT ( 'NONE',  ( 0.03233161507461907600, 0.4014583333333324700, 0.05599999999999998700 ) ) ;
#6494 = CARTESIAN_POINT ( 'NONE',  ( -0.06466323014923809600, 0.4181249999999990800, 3.959350124971783400E-018 ) ) ;
#6495 = CARTESIAN_POINT ( 'NONE',  ( -0.04849742261192856200, 0.4170833333333323600, 0.02800000000000000800 ) ) ;
#6496 = CARTESIAN_POINT ( 'NONE',  ( -0.03233161507461903400, 0.4160416666666657500, 0.05600000000000000100 ) ) ;
#6497 = CARTESIAN_POINT ( 'NONE',  ( 0.0000000000000000000, 0.4149999999999990400, 0.05600000000000000800 ) ) ;
#6498 = CARTESIAN_POINT ( 'NONE',  ( 0.03233161507461907600, 0.4139583333333324300, 0.05599999999999998700 ) ) ;
#6499 = CARTESIAN_POINT ( 'NONE',  ( 0.04849742261192858900, 0.4129166666666657100, 0.02799999999999996600 ) ) ;
#6500 = CARTESIAN_POINT ( 'NONE',  ( 0.06466323014923809600, 0.4118749999999991000, -1.187805037491535100E-017 ) ) ;
#6501 = CARTESIAN_POINT ( 'NONE',  ( 0.04849742261192855500, 0.4108333333333323800, -0.02800000000000002800 ) ) ;
#6502 = CARTESIAN_POINT ( 'NONE',  ( 0.03233161507461902700, 0.4097916666666657800, -0.05600000000000000100 ) ) ;
#6503 = CARTESIAN_POINT ( 'NONE',  ( -6.857795581405312900E-018, 0.4087499999999991100, -0.05600000000000000800 ) ) ;
#6504 = CARTESIAN_POINT ( 'NONE',  ( -0.03233161507461906900, 0.4077083333333324500, -0.05599999999999998700 ) ) ;
#6505 = CARTESIAN_POINT ( 'NONE',  ( -0.04849742261192856900, 0.4066666666666657900, -0.02799999999999999000 ) ) ;
#6506 = CARTESIAN_POINT ( 'NONE',  ( 0.04628905783227826900, 0.3059166666666660000, 0.02672499999999996400 ) ) ;
#6507 = CARTESIAN_POINT ( 'NONE',  ( 0.06171874377637098800, 0.3048749999999993400, -1.133717486677188400E-017 ) ) ;
#6508 = CARTESIAN_POINT ( 'NONE',  ( -0.04628905783227824100, 0.3100833333333326600, 0.02672500000000000200 ) ) ;
#6509 = CARTESIAN_POINT ( 'NONE',  ( -0.03085937188818549000, 0.3090416666666659900, 0.05344999999999999800 ) ) ;
#6510 = CARTESIAN_POINT ( 'NONE',  ( -0.04628905783227824800, 0.3121666666666659800, -0.02672499999999998500 ) ) ;
#6511 = CARTESIAN_POINT ( 'NONE',  ( -0.06171874377637098800, 0.3236249999999993300, 3.779058288923960300E-018 ) ) ;
#6512 = CARTESIAN_POINT ( 'NONE',  ( -0.04628905783227824100, 0.3225833333333326700, 0.02672500000000000200 ) ) ;
#6513 = CARTESIAN_POINT ( 'NONE',  ( -0.03085937188818549000, 0.3215416666666660000, 0.05344999999999999800 ) ) ;
#6514 = CARTESIAN_POINT ( 'NONE',  ( 0.04628905783227822700, 0.3163333333333326900, -0.02672500000000002300 ) ) ;
#6515 = CARTESIAN_POINT ( 'NONE',  ( 0.03085937188818547700, 0.3152916666666659700, -0.05344999999999999800 ) ) ;
#6516 = CARTESIAN_POINT ( 'NONE',  ( 0.06171874377637098800, 0.3298749999999993100, -1.133717486677188400E-017 ) ) ;
#6517 = CARTESIAN_POINT ( 'NONE',  ( 0.04628905783227822700, 0.3288333333333326400, -0.02672500000000002300 ) ) ;
#6518 = CARTESIAN_POINT ( 'NONE',  ( 0.03085937188818547700, 0.3277916666666659800, -0.05344999999999999800 ) ) ;
#6519 = CARTESIAN_POINT ( 'NONE',  ( -6.545520961180605600E-018, 0.3267499999999993200, -0.05344999999999999800 ) ) ;
#6520 = CARTESIAN_POINT ( 'NONE',  ( -0.03085937188818551800, 0.3257083333333327100, -0.05344999999999998400 ) ) ;
#6521 = CARTESIAN_POINT ( 'NONE',  ( -0.04628905783227824800, 0.3246666666666659900, -0.02672499999999998500 ) ) ;
#6522 = CARTESIAN_POINT ( 'NONE',  ( -6.545520961180605600E-018, 0.3142499999999993100, -0.05344999999999999800 ) ) ;
#6523 = CARTESIAN_POINT ( 'NONE',  ( -0.03085937188818551800, 0.3132083333333326400, -0.05344999999999998400 ) ) ;
#6524 = CARTESIAN_POINT ( 'NONE',  ( 0.04628905783227826900, 0.3184166666666660200, 0.02672499999999996400 ) ) ;
#6525 = CARTESIAN_POINT ( 'NONE',  ( 0.06171874377637098800, 0.3173749999999993500, -1.133717486677188400E-017 ) ) ;
#6526 = CARTESIAN_POINT ( 'NONE',  ( 0.0000000000000000000, 0.3204999999999993400, 0.05344999999999999800 ) ) ;
#6527 = CARTESIAN_POINT ( 'NONE',  ( 0.03085937188818552200, 0.3194583333333326800, 0.05344999999999998400 ) ) ;
#6528 = CARTESIAN_POINT ( 'NONE',  ( -0.06171874377637098800, 0.3111249999999993200, 3.779058288923960300E-018 ) ) ;
#6529 = CARTESIAN_POINT ( 'NONE',  ( 0.0000000000000000000, 0.3079999999999993300, 0.05344999999999999800 ) ) ;
#6530 = CARTESIAN_POINT ( 'NONE',  ( 0.03085937188818552200, 0.3069583333333326700, 0.05344999999999998400 ) ) ;
#6531 = CARTESIAN_POINT ( 'NONE',  ( -0.04849742261192856900, 0.4191666666666656900, -0.02799999999999999000 ) ) ;
#6532 = CARTESIAN_POINT ( 'NONE',  ( -0.03233161507461906900, 0.4577083333333323300, -0.05599999999999998700 ) ) ;
#6533 = CARTESIAN_POINT ( 'NONE',  ( -0.04849742261192856900, 0.4566666666666656700, -0.02799999999999999000 ) ) ;
#6534 = CARTESIAN_POINT ( 'NONE',  ( -0.06466323014923809600, 0.4556249999999989500, 3.959350124971783400E-018 ) ) ;
#6535 = CARTESIAN_POINT ( 'NONE',  ( -0.04849742261192856200, 0.4545833333333323400, 0.02800000000000000800 ) ) ;
#6536 = CARTESIAN_POINT ( 'NONE',  ( -0.03233161507461906900, 0.4327083333333323600, -0.05599999999999998700 ) ) ;
#6537 = CARTESIAN_POINT ( 'NONE',  ( -0.04849742261192856900, 0.4316666666666657000, -0.02799999999999999000 ) ) ;
#6538 = CARTESIAN_POINT ( 'NONE',  ( -0.06466323014923809600, 0.4306249999999990400, 3.959350124971783400E-018 ) ) ;
#6539 = CARTESIAN_POINT ( 'NONE',  ( -0.04849742261192856200, 0.4420833333333323300, 0.02800000000000000800 ) ) ;
#6540 = CARTESIAN_POINT ( 'NONE',  ( -0.03233161507461903400, 0.4410416666666656700, 0.05600000000000000100 ) ) ;
#6541 = CARTESIAN_POINT ( 'NONE',  ( -0.03233161507461906900, 0.4202083333333323500, -0.05599999999999998700 ) ) ;
#6542 = CARTESIAN_POINT ( 'NONE',  ( -0.04849742261192856200, 0.4295833333333323700, 0.02800000000000000800 ) ) ;
#6543 = CARTESIAN_POINT ( 'NONE',  ( -0.03233161507461903400, 0.4285416666666657700, 0.05600000000000000100 ) ) ;
#6544 = CARTESIAN_POINT ( 'NONE',  ( 0.0000000000000000000, 0.4274999999999990500, 0.05600000000000000800 ) ) ;
#6545 = CARTESIAN_POINT ( 'NONE',  ( -0.03233161507461903400, 0.4535416666666656200, 0.05600000000000000100 ) ) ;
#6546 = CARTESIAN_POINT ( 'NONE',  ( 0.0000000000000000000, 0.4524999999999990100, 0.05600000000000000800 ) ) ;
#6547 = CARTESIAN_POINT ( 'NONE',  ( 0.03233161507461907600, 0.4514583333333323000, 0.05599999999999998700 ) ) ;
#6548 = CARTESIAN_POINT ( 'NONE',  ( 0.04849742261192858900, 0.4504166666666656900, 0.02799999999999996600 ) ) ;
#6549 = CARTESIAN_POINT ( 'NONE',  ( 0.06466323014923809600, 0.4243749999999990600, -1.187805037491535100E-017 ) ) ;
#6550 = CARTESIAN_POINT ( 'NONE',  ( -0.04849742261192856900, 0.4691666666666656200, -0.02799999999999999000 ) ) ;
#6551 = CARTESIAN_POINT ( 'NONE',  ( -0.06466323014923809600, 0.4681249999999989600, 3.959350124971783400E-018 ) ) ;
#6552 = CARTESIAN_POINT ( 'NONE',  ( -0.04849742261192856200, 0.4670833333333322400, 0.02800000000000000800 ) ) ;
#6553 = CARTESIAN_POINT ( 'NONE',  ( -0.03233161507461903400, 0.4660416666666655800, 0.05600000000000000100 ) ) ;
#6554 = CARTESIAN_POINT ( 'NONE',  ( 0.0000000000000000000, 0.4649999999999989100, 0.05600000000000000800 ) ) ;
#6555 = CARTESIAN_POINT ( 'NONE',  ( 0.03233161507461907600, 0.4639583333333322500, 0.05599999999999998700 ) ) ;
#6556 = CARTESIAN_POINT ( 'NONE',  ( 0.04849742261192858900, 0.4629166666666655900, 0.02799999999999996600 ) ) ;
#6557 = CARTESIAN_POINT ( 'NONE',  ( 0.06466323014923809600, 0.4618749999999989800, -1.187805037491535100E-017 ) ) ;
#6558 = CARTESIAN_POINT ( 'NONE',  ( 0.04849742261192855500, 0.4608333333333322600, -0.02800000000000002800 ) ) ;
#6559 = CARTESIAN_POINT ( 'NONE',  ( 0.03233161507461902700, 0.4597916666666656500, -0.05600000000000000100 ) ) ;
#6560 = CARTESIAN_POINT ( 'NONE',  ( -6.857795581405312900E-018, 0.4587499999999989900, -0.05600000000000000800 ) ) ;
#6561 = CARTESIAN_POINT ( 'NONE',  ( 0.04849742261192858900, 0.4379166666666656800, 0.02799999999999996600 ) ) ;
#6562 = CARTESIAN_POINT ( 'NONE',  ( 0.06466323014923809600, 0.4368749999999990100, -1.187805037491535100E-017 ) ) ;
#6563 = CARTESIAN_POINT ( 'NONE',  ( 0.04849742261192855500, 0.4358333333333323500, -0.02800000000000002800 ) ) ;
#6564 = CARTESIAN_POINT ( 'NONE',  ( 0.03233161507461902700, 0.4347916666666656900, -0.05600000000000000100 ) ) ;
#6565 = CARTESIAN_POINT ( 'NONE',  ( -6.857795581405312900E-018, 0.4337499999999990300, -0.05600000000000000800 ) ) ;
#6566 = CARTESIAN_POINT ( 'NONE',  ( 0.03233161507461902700, 0.4222916666666657300, -0.05600000000000000100 ) ) ;
#6567 = CARTESIAN_POINT ( 'NONE',  ( 0.0000000000000000000, 0.4774999999999989300, 0.05600000000000000800 ) ) ;
#6568 = CARTESIAN_POINT ( 'NONE',  ( 0.03233161507461907600, 0.4764583333333322600, 0.05599999999999998700 ) ) ;
#6569 = CARTESIAN_POINT ( 'NONE',  ( 0.04849742261192858900, 0.4754166666666656000, 0.02799999999999996600 ) ) ;
#6570 = CARTESIAN_POINT ( 'NONE',  ( 0.06466323014923809600, 0.4743749999999989400, -1.187805037491535100E-017 ) ) ;
#6571 = CARTESIAN_POINT ( 'NONE',  ( 0.04849742261192855500, 0.4733333333333322700, -0.02800000000000002800 ) ) ;
#6572 = CARTESIAN_POINT ( 'NONE',  ( 0.03233161507461902700, 0.4722916666666656100, -0.05600000000000000100 ) ) ;
#6573 = CARTESIAN_POINT ( 'NONE',  ( -6.857795581405312900E-018, 0.4712499999999989500, -0.05600000000000000800 ) ) ;
#6574 = CARTESIAN_POINT ( 'NONE',  ( -0.03233161507461906900, 0.4702083333333322800, -0.05599999999999998700 ) ) ;
#6575 = CARTESIAN_POINT ( 'NONE',  ( 0.0000000000000000000, 0.4399999999999990000, 0.05600000000000000800 ) ) ;
#6576 = CARTESIAN_POINT ( 'NONE',  ( 0.03233161507461907600, 0.4389583333333323400, 0.05599999999999998700 ) ) ;
#6577 = CARTESIAN_POINT ( 'NONE',  ( 0.06466323014923809600, 0.4493749999999990300, -1.187805037491535100E-017 ) ) ;
#6578 = CARTESIAN_POINT ( 'NONE',  ( 0.04849742261192855500, 0.4483333333333323600, -0.02800000000000002800 ) ) ;
#6579 = CARTESIAN_POINT ( 'NONE',  ( 0.03233161507461902700, 0.4472916666666657000, -0.05600000000000000100 ) ) ;
#6580 = CARTESIAN_POINT ( 'NONE',  ( -6.857795581405312900E-018, 0.4462499999999990400, -0.05600000000000000800 ) ) ;
#6581 = CARTESIAN_POINT ( 'NONE',  ( -0.03233161507461906900, 0.4452083333333323700, -0.05599999999999998700 ) ) ;
#6582 = CARTESIAN_POINT ( 'NONE',  ( -0.04849742261192856900, 0.4441666666666657100, -0.02799999999999999000 ) ) ;
#6583 = CARTESIAN_POINT ( 'NONE',  ( -0.06466323014923809600, 0.4431249999999989900, 3.959350124971783400E-018 ) ) ;
#6584 = CARTESIAN_POINT ( 'NONE',  ( -6.857795581405312900E-018, 0.4212499999999990700, -0.05600000000000000800 ) ) ;
#6585 = CARTESIAN_POINT ( 'NONE',  ( 0.04849742261192855500, 0.4233333333333324000, -0.02800000000000002800 ) ) ;
#6586 = CARTESIAN_POINT ( 'NONE',  ( 0.03233161507461907600, 0.4264583333333323300, 0.05599999999999998700 ) ) ;
#6587 = CARTESIAN_POINT ( 'NONE',  ( 0.04849742261192858900, 0.4254166666666657200, 0.02799999999999996600 ) ) ;
#6588 = CARTESIAN_POINT ( 'NONE',  ( 0.03233161507461892300, 0.09729166666666647100, -0.05600000000000006400 ) ) ;
#6589 = CARTESIAN_POINT ( 'NONE',  ( -2.881033085710971800E-016, 0.09624999999999980800, -0.05600000000000000800 ) ) ;
#6590 = CARTESIAN_POINT ( 'NONE',  ( 0.04849742261192838800, 0.09833333333333313400, -0.02800000000000031300 ) ) ;
#6591 = CARTESIAN_POINT ( 'NONE',  ( 0.06466323014923808200, 0.09937499999999981100, -2.217674245075497300E-016 ) ) ;
#6592 = CARTESIAN_POINT ( 'NONE',  ( 0.04849742261192878400, 0.1004166666666664700, 0.02799999999999963600 ) ) ;
#6593 = CARTESIAN_POINT ( 'NONE',  ( -0.03233161507461870800, 0.1035416666666664500, 0.05600000000000019500 ) ) ;
#6594 = CARTESIAN_POINT ( 'NONE',  ( -0.04849742261192848500, 0.1045833333333331100, 0.02800000000000014600 ) ) ;
#6595 = CARTESIAN_POINT ( 'NONE',  ( 0.03233161507461930500, 0.1014583333333331400, 0.05599999999999986200 ) ) ;
#6596 = CARTESIAN_POINT ( 'NONE',  ( -0.06466323014923808200, 0.1056249999999998000, 4.594160670241164000E-016 ) ) ;
#6597 = CARTESIAN_POINT ( 'NONE',  ( -0.03233161507461951300, 0.1077083333333331100, -0.05599999999999972400 ) ) ;
#6598 = CARTESIAN_POINT ( 'NONE',  ( -0.04849742261192868000, 0.1066666666666664500, -0.02799999999999980300 ) ) ;
#6599 = CARTESIAN_POINT ( 'NONE',  ( 9.600913813967439200E-017, 0.1024999999999998000, 0.05600000000000000800 ) ) ;
#6600 = CARTESIAN_POINT ( 'NONE',  ( 0.03233161507461890200, 0.1097916666666664400, -0.05600000000000008400 ) ) ;
#6601 = CARTESIAN_POINT ( 'NONE',  ( -3.018188997339077400E-016, 0.1087499999999997800, -0.05600000000000000800 ) ) ;
#6602 = CARTESIAN_POINT ( 'NONE',  ( 0.04849742261192838100, 0.1108333333333331200, -0.02800000000000032700 ) ) ;
#6603 = CARTESIAN_POINT ( 'NONE',  ( 0.06466323014923808200, 0.1118749999999997800, -2.376048250074368600E-016 ) ) ;
#6604 = CARTESIAN_POINT ( 'NONE',  ( 0.04849742261192878400, 0.1129166666666664400, 0.02799999999999962200 ) ) ;
#6605 = CARTESIAN_POINT ( 'NONE',  ( -0.04849742261192847800, 0.1170833333333331100, 0.02800000000000015700 ) ) ;
#6606 = CARTESIAN_POINT ( 'NONE',  ( -0.03233161507461870100, 0.1160416666666664200, 0.05600000000000020200 ) ) ;
#6607 = CARTESIAN_POINT ( 'NONE',  ( 0.03233161507461931900, 0.1139583333333331100, 0.05599999999999984200 ) ) ;
#6608 = CARTESIAN_POINT ( 'NONE',  ( 1.097247293024850100E-016, 0.1149999999999997700, 0.05600000000000000800 ) ) ;
#6609 = CARTESIAN_POINT ( 'NONE',  ( -0.06466323014923808200, 0.09312499999999980500, 4.435786665242293500E-016 ) ) ;
#6610 = CARTESIAN_POINT ( 'NONE',  ( -0.04849742261192849200, 0.09208333333333314200, 0.02800000000000013600 ) ) ;
#6611 = CARTESIAN_POINT ( 'NONE',  ( -0.03233161507461872900, 0.09104166666666649300, 0.05600000000000016800 ) ) ;
#6612 = CARTESIAN_POINT ( 'NONE',  ( 8.229354697686376400E-017, 0.08999999999999983000, 0.05600000000000000800 ) ) ;
#6613 = CARTESIAN_POINT ( 'NONE',  ( -0.03233161507461909700, 0.09520833333333314500, -0.05599999999999998000 ) ) ;
#6614 = CARTESIAN_POINT ( 'NONE',  ( -0.04849742261192868000, 0.09416666666666648200, -0.02799999999999981300 ) ) ;
#6615 = CARTESIAN_POINT ( 'NONE',  ( 0.03233161507461929100, 0.08895833333333316700, 0.05599999999999986200 ) ) ;
#6616 = CARTESIAN_POINT ( 'NONE',  ( 0.04849742261192877700, 0.08791666666666650400, 0.02799999999999964300 ) ) ;
#6617 = CARTESIAN_POINT ( 'NONE',  ( 0.06466323014923808200, 0.08687499999999984100, -2.059300240076626000E-016 ) ) ;
#6618 = CARTESIAN_POINT ( 'NONE',  ( 0.04849742261192840200, 0.08583333333333316400, -0.02800000000000030200 ) ) ;
#6619 = CARTESIAN_POINT ( 'NONE',  ( 0.03233161507461893000, 0.08479166666666650100, -0.05600000000000006400 ) ) ;
#6620 = CARTESIAN_POINT ( 'NONE',  ( 0.03085937188818547700, 0.4917916666666655700, -0.05344999999999999800 ) ) ;
#6621 = CARTESIAN_POINT ( 'NONE',  ( 0.0000000000000000000, 0.4969999999999988900, 0.05344999999999999800 ) ) ;
#6622 = CARTESIAN_POINT ( 'NONE',  ( 0.04628905783227822700, 0.4928333333333322400, -0.02672500000000002300 ) ) ;
#6623 = CARTESIAN_POINT ( 'NONE',  ( 0.04628905783227826900, 0.4949166666666655600, 0.02672499999999996400 ) ) ;
#6624 = CARTESIAN_POINT ( 'NONE',  ( 0.06171874377637098800, 0.4938749999999989000, -1.133717486677188400E-017 ) ) ;
#6625 = CARTESIAN_POINT ( 'NONE',  ( 0.03085937188818552200, 0.4959583333333322200, 0.05344999999999998400 ) ) ;
#6626 = CARTESIAN_POINT ( 'NONE',  ( 0.03085937188818547700, 0.4792916666666656200, -0.05344999999999999800 ) ) ;
#6627 = CARTESIAN_POINT ( 'NONE',  ( -6.545520961180605600E-018, 0.4782499999999989000, -0.05344999999999999800 ) ) ;
#6628 = CARTESIAN_POINT ( 'NONE',  ( -0.03085937188818551800, 0.4772083333333322900, -0.05344999999999998400 ) ) ;
#6629 = CARTESIAN_POINT ( 'NONE',  ( -0.04628905783227824800, 0.4761666666666655700, -0.02672499999999998500 ) ) ;
#6630 = CARTESIAN_POINT ( 'NONE',  ( -6.545520961180605600E-018, 0.4907499999999989100, -0.05344999999999999800 ) ) ;
#6631 = CARTESIAN_POINT ( 'NONE',  ( -0.03085937188818551800, 0.4897083333333322500, -0.05344999999999998400 ) ) ;
#6632 = CARTESIAN_POINT ( 'NONE',  ( -0.04628905783227824800, 0.4886666666666655800, -0.02672499999999998500 ) ) ;
#6633 = CARTESIAN_POINT ( 'NONE',  ( -0.06171874377637098800, 0.4876249999999989200, 3.779058288923960300E-018 ) ) ;
#6634 = CARTESIAN_POINT ( 'NONE',  ( -0.04628905783227824100, 0.4865833333333322600, 0.02672500000000000200 ) ) ;
#6635 = CARTESIAN_POINT ( 'NONE',  ( -0.03085937188818549000, 0.4855416666666656500, 0.05344999999999999800 ) ) ;
#6636 = CARTESIAN_POINT ( 'NONE',  ( 0.0000000000000000000, 0.4844999999999988800, 0.05344999999999999800 ) ) ;
#6637 = CARTESIAN_POINT ( 'NONE',  ( 0.03085937188818552200, 0.4834583333333322100, 0.05344999999999998400 ) ) ;
#6638 = CARTESIAN_POINT ( 'NONE',  ( 0.04628905783227826900, 0.4824166666666655500, 0.02672499999999996400 ) ) ;
#6639 = CARTESIAN_POINT ( 'NONE',  ( 0.06171874377637098800, 0.4813749999999989400, -1.133717486677188400E-017 ) ) ;
#6640 = CARTESIAN_POINT ( 'NONE',  ( 0.04628905783227822700, 0.4803333333333322200, -0.02672500000000002300 ) ) ;
#6641 = DIRECTION ( 'NONE',  ( 2.449212707644754500E-016, -1.000000000000000000, 0.0000000000000000000 ) ) ;
#6642 = VECTOR ( 'NONE', #6641, 39.37007874015748100 ) ;
#6643 =( BOUNDED_CURVE ( )  B_SPLINE_CURVE ( 2, ( #5171, #5168, #5167, #5166, #5165, #5164, #5163, #5162, #5161 ),
 .UNSPECIFIED., .F., .T. ) 
 B_SPLINE_CURVE_WITH_KNOTS ( ( 3, 2, 2, 2, 3 ),
 ( 0.3782051282051283000, 0.3803418803418803800, 0.3846153846153846400, 0.3888888888888889500, 0.3910256410256411400 ),
 .UNSPECIFIED. ) 
 CURVE ( )  GEOMETRIC_REPRESENTATION_ITEM ( )  RATIONAL_B_SPLINE_CURVE ( ( 0.9330127018922194100, 0.9330127018922210700, 1.000000000000000000, 0.8660254037844387100, 1.000000000000000000, 0.8660254037844387100, 1.000000000000000000, 0.9330127018922176300, 0.9330127018922194100 ) ) 
 REPRESENTATION_ITEM ( '' )  );
#6644 = AXIS2_PLACEMENT_3D ( 'NONE', #6648, #6646, #6647 ) ;
#6645 = CIRCLE ( 'NONE', #6644, 0.05235491526669433500 ) ;
#6646 = DIRECTION ( 'NONE',  ( 0.0000000000000000000, -1.000000000000000000, 0.0000000000000000000 ) ) ;
#6647 = DIRECTION ( 'NONE',  ( 0.0000000000000000000, 0.0000000000000000000, -1.000000000000000000 ) ) ;
#6648 = CARTESIAN_POINT ( 'NONE',  ( -8.897180721553044800E-017, 0.5682048745074053100, 0.0000000000000000000 ) ) ;
#6649 =( BOUNDED_CURVE ( )  B_SPLINE_CURVE ( 2, ( #4820, #4819, #4818, #4817, #4586, #4579, #4581, #98, #55 ),
 .UNSPECIFIED., .F., .F. ) 
 B_SPLINE_CURVE_WITH_KNOTS ( ( 3, 2, 2, 2, 3 ),
 ( 0.1987179487179487600, 0.2008547008547008600, 0.2051282051282051500, 0.2094017094017094300, 0.2115384615384615900 ),
 .UNSPECIFIED. ) 
 CURVE ( )  GEOMETRIC_REPRESENTATION_ITEM ( )  RATIONAL_B_SPLINE_CURVE ( ( 0.9330127018922194100, 0.9330127018922203000, 1.000000000000000000, 0.8660254037844387100, 1.000000000000000000, 0.8660254037844387100, 1.000000000000000000, 0.9330127018922185200, 0.9330127018922194100 ) ) 
 REPRESENTATION_ITEM ( '' )  );
#6650 = DIRECTION ( 'NONE',  ( 2.449212707644754500E-016, -1.000000000000000000, 0.0000000000000000000 ) ) ;
#6651 = CARTESIAN_POINT ( 'NONE',  ( -8.897180721553044800E-017, 0.3630740709919644300, 0.0000000000000000000 ) ) ;
#6652 = CARTESIAN_POINT ( 'NONE',  ( -0.03085937188818551500, 0.01470833333333331300, -0.05344999999999997700 ) ) ;
#6653 = DIRECTION ( 'NONE',  ( -1.000000000000000000, -2.449212707644754500E-016, 0.0000000000000000000 ) ) ;
#6654 = AXIS2_PLACEMENT_3D ( 'NONE', #6651, #6650, #8 ) ;
#6655 = TOROIDAL_SURFACE ( 'NONE', #6654, -0.0008873635070602620000, 0.2119277867574533000 ) ;
#6656 = FACE_OUTER_BOUND ( 'NONE', #2953, .T. ) ;
#6657 = CARTESIAN_POINT ( 'NONE',  ( -0.04956762031745534600, 0.5682048745074146400, 0.01685491526669592400 ) ) ;
ENDSEC;
END-ISO-10303-21;
