ISO-10303-21;
HEADER;
FILE_DESCRIPTION (( 'STEP AP214' ),
    '1' );
FILE_NAME ('9901.STEP',
    '2007-12-12T16:56:30',
    ( 'Richard Maletta' ),
    ( '' ),
    'SwSTEP 2.0',
    'SolidWorks 2007',
    '' );
FILE_SCHEMA (( 'AUTOMOTIVE_DESIGN' ));
ENDSEC;

DATA;
#1 = CARTESIAN_POINT ( 'NONE',  ( -6.857795581405312900E-018, 0.02124999999999998800, -0.05600000000000000800 ) ) ;
#2 = CARTESIAN_POINT ( 'NONE',  ( -0.03233161507461906900, 0.02020833333333332500, -0.05599999999999998700 ) ) ;
#3 = B_SPLINE_CURVE_WITH_KNOTS ( 'NONE', 3,
 ( #6, #5, #4, #5156 ),
 .UNSPECIFIED., .F., .F.,
 ( 4, 4 ),
 ( 0.0003064892814219115600, 0.001170122457373340400 ),
 .UNSPECIFIED. ) ;
#4 = CARTESIAN_POINT ( 'NONE',  ( -0.01295002430072919600, 0.4210591373645382100, 0.04671241177994629000 ) ) ;
#5 = CARTESIAN_POINT ( 'NONE',  ( -0.01490186898519174800, 0.4321285986382481000, 0.04816886156023930000 ) ) ;
#6 = CARTESIAN_POINT ( 'NONE',  ( -0.01685491526669425900, 0.4432048745074052600, 0.04956762031745414600 ) ) ;
#7 = AXIS2_PLACEMENT_3D ( 'NONE', #5157, #24, #67 ) ;
#8 = CIRCLE ( 'NONE', #7, 0.05344999999999999800 ) ;
#9 = CARTESIAN_POINT ( 'NONE',  ( 0.04816886156023932100, 0.4321285986382481000, 0.01490186898519174800 ) ) ;
#10 = CARTESIAN_POINT ( 'NONE',  ( 0.04956762031745416000, 0.4432048745074052600, 0.01685491526669425900 ) ) ;
#11 = VECTOR ( 'NONE', #43, 39.37007874015748100 ) ;
#12 = CYLINDRICAL_SURFACE ( 'NONE', #37, 0.05345000000000004600 ) ;
#13 = FACE_OUTER_BOUND ( 'NONE', #2492, .T. ) ;
#14 = DIRECTION ( 'NONE',  ( -0.1710878697460358500, -0.9702875252478139200, -0.1710878697460358800 ) ) ;
#15 = VECTOR ( 'NONE', #14, 39.37007874015748100 ) ;
#16 = CARTESIAN_POINT ( 'NONE',  ( 0.01200049050387610800, 0.4156740636053327100, 0.01200049050387610300 ) ) ;
#17 = LINE ( 'NONE', #16, #15 ) ;
#18 = CARTESIAN_POINT ( 'NONE',  ( -0.01099999999999999900, 0.4099999999999999800, 0.04518019477602991400 ) ) ;
#19 = CARTESIAN_POINT ( 'NONE',  ( -0.01099999999999999900, 0.4099999999999999800, 0.04518019477602991400 ) ) ;
#20 = DIRECTION ( 'NONE',  ( -0.7071067811865462400, 0.7071067811865487900, 0.0000000000000000000 ) ) ;
#21 = VECTOR ( 'NONE', #20, 39.37007874015748100 ) ;
#22 = CARTESIAN_POINT ( 'NONE',  ( -0.04645000000000002600, -2.275318605401978100E-017, 0.0000000000000000000 ) ) ;
#23 = LINE ( 'NONE', #22, #21 ) ;
#24 = DIRECTION ( 'NONE',  ( 2.449212707644754500E-016, -1.000000000000000000, 0.0000000000000000000 ) ) ;
#25 = CARTESIAN_POINT ( 'NONE',  ( -0.05344999999999999800, 0.006999999999999975000, 6.545520961180609500E-018 ) ) ;
#26 = CARTESIAN_POINT ( 'NONE',  ( 0.09176243282732773900, 0.4286768045481991800, 0.0000000000000000000 ) ) ;
#27 = LINE ( 'NONE', #18, #11 ) ;
#28 = DIRECTION ( 'NONE',  ( 1.000000000000000000, 0.0000000000000000000, 0.0000000000000000000 ) ) ;
#29 = VECTOR ( 'NONE', #28, 39.37007874015748100 ) ;
#30 = CARTESIAN_POINT ( 'NONE',  ( 0.04518019477602992800, 0.4099999999999999800, 0.01099999999999999900 ) ) ;
#31 = B_SPLINE_CURVE_WITH_KNOTS ( 'NONE', 3,
 ( #10, #9, #45, #44 ),
 .UNSPECIFIED., .F., .F.,
 ( 4, 4 ),
 ( 0.0003064892814219115600, 0.001170122457373340400 ),
 .UNSPECIFIED. ) ;
#32 = LINE ( 'NONE', #30, #29 ) ;
#33 = CARTESIAN_POINT ( 'NONE',  ( -0.04645000000000002600, -2.275318605401978100E-017, 0.0000000000000000000 ) ) ;
#34 = DIRECTION ( 'NONE',  ( 1.000000000000000000, 2.449212707644754500E-016, 0.0000000000000000000 ) ) ;
#35 = DIRECTION ( 'NONE',  ( 2.449212707644754500E-016, -1.000000000000000000, 0.0000000000000000000 ) ) ;
#36 = CARTESIAN_POINT ( 'NONE',  ( 0.0000000000000000000, 0.0000000000000000000, 0.0000000000000000000 ) ) ;
#37 = AXIS2_PLACEMENT_3D ( 'NONE', #36, #35, #34 ) ;
#38 = CARTESIAN_POINT ( 'NONE',  ( 0.04645000000000002600, 0.0000000000000000000, 6.116908737342776200E-018 ) ) ;
#39 = DIRECTION ( 'NONE',  ( 0.7071067811865458000, 0.7071067811865492400, 8.659274570719336900E-017 ) ) ;
#40 = VECTOR ( 'NONE', #39, 39.37007874015748100 ) ;
#41 = CARTESIAN_POINT ( 'NONE',  ( 0.04645000000000002600, 0.0000000000000000000, 5.688296513504945300E-018 ) ) ;
#42 = LINE ( 'NONE', #41, #40 ) ;
#43 = DIRECTION ( 'NONE',  ( 1.873239394071793700E-016, 0.0000000000000000000, 1.000000000000000000 ) ) ;
#44 = CARTESIAN_POINT ( 'NONE',  ( 0.04518019477602992800, 0.4099999999999999800, 0.01099999999999999900 ) ) ;
#45 = CARTESIAN_POINT ( 'NONE',  ( 0.04671241177994630400, 0.4210591373645382100, 0.01295002430072919600 ) ) ;
#46 = DIRECTION ( 'NONE',  ( 2.449212707644754500E-016, -1.000000000000000000, 0.0000000000000000000 ) ) ;
#47 = CARTESIAN_POINT ( 'NONE',  ( 0.08520478898892751300, 0.4151861667838571700, 0.0000000000000000000 ) ) ;
#48 = CARTESIAN_POINT ( 'NONE',  ( 2.786369621145532900E-033, -1.137659302700989100E-017, 0.0000000000000000000 ) ) ;
#49 = CARTESIAN_POINT ( 'NONE',  ( 0.03233161507461902700, 0.02229166666666665100, -0.05600000000000000100 ) ) ;
#50 = CIRCLE ( 'NONE', #75, 0.1059999999999999300 ) ;
#51 = CARTESIAN_POINT ( 'NONE',  ( 0.1059999999999998400, 0.3750000000000000600, 0.0000000000000000000 ) ) ;
#52 = DIRECTION ( 'NONE',  ( 0.1391731009600719300, -0.9902680687415694700, 0.0000000000000000000 ) ) ;
#53 = VECTOR ( 'NONE', #52, 39.37007874015748100 ) ;
#54 = CARTESIAN_POINT ( 'NONE',  ( 0.1059999999999998400, 0.3750000000000000600, 0.0000000000000000000 ) ) ;
#55 = FACE_OUTER_BOUND ( 'NONE', #2568, .T. ) ;
#56 = AXIS2_PLACEMENT_3D ( 'NONE', #76, #46, #65 ) ;
#57 = CARTESIAN_POINT ( 'NONE',  ( -9.184547653667830700E-017, 0.3750000000000000600, 0.0000000000000000000 ) ) ;
#58 = DIRECTION ( 'NONE',  ( -1.000000000000000000, -2.449212707644754500E-016, 0.0000000000000000000 ) ) ;
#59 = DIRECTION ( 'NONE',  ( -2.449212707644754500E-016, 1.000000000000000000, 0.0000000000000000000 ) ) ;
#60 = CARTESIAN_POINT ( 'NONE',  ( 2.786369621145532900E-033, -1.137659302700989100E-017, 0.0000000000000000000 ) ) ;
#61 = AXIS2_PLACEMENT_3D ( 'NONE', #60, #59, #58 ) ;
#62 = DIRECTION ( 'NONE',  ( 0.0000000000000000000, 0.0000000000000000000, -1.000000000000000000 ) ) ;
#63 = CONICAL_SURFACE ( 'NONE', #61, 0.04645000000000002600, 0.7853981633974461700 ) ;
#64 = FACE_OUTER_BOUND ( 'NONE', #2464, .T. ) ;
#65 = DIRECTION ( 'NONE',  ( 1.000000000000000000, 0.0000000000000000000, 0.0000000000000000000 ) ) ;
#66 = CONICAL_SURFACE ( 'NONE', #56, 0.1059999999999999300, 0.1396263401595526600 ) ;
#67 = DIRECTION ( 'NONE',  ( 1.000000000000000000, 2.395797468718659400E-016, 0.0000000000000000000 ) ) ;
#68 = DIRECTION ( 'NONE',  ( 1.000000000000000000, 2.449212707644754500E-016, 0.0000000000000000000 ) ) ;
#69 = DIRECTION ( 'NONE',  ( 2.449212707644754500E-016, -1.000000000000000000, 0.0000000000000000000 ) ) ;
#70 = AXIS2_PLACEMENT_3D ( 'NONE', #48, #69, #68 ) ;
#71 = CIRCLE ( 'NONE', #70, 0.04645000000000002600 ) ;
#72 = CARTESIAN_POINT ( 'NONE',  ( -0.1060000000000000100, 0.3750000000000000600, 1.298082735051719000E-017 ) ) ;
#73 = DIRECTION ( 'NONE',  ( -1.000000000000000000, 0.0000000000000000000, 0.0000000000000000000 ) ) ;
#74 = DIRECTION ( 'NONE',  ( 1.000000000000000000, 0.0000000000000000000, 0.0000000000000000000 ) ) ;
#75 = AXIS2_PLACEMENT_3D ( 'NONE', #57, #77, #74 ) ;
#76 = CARTESIAN_POINT ( 'NONE',  ( -9.184547653667830700E-017, 0.3750000000000000600, 0.0000000000000000000 ) ) ;
#77 = DIRECTION ( 'NONE',  ( 2.449212707644754500E-016, -1.000000000000000000, 0.0000000000000000000 ) ) ;
#78 = AXIS2_PLACEMENT_3D ( 'NONE', #47, #62, #73 ) ;
#79 = CIRCLE ( 'NONE', #78, 0.01499999999999996000 ) ;
#80 = LINE ( 'NONE', #54, #53 ) ;
#81 = CARTESIAN_POINT ( 'NONE',  ( 0.04849742261192855500, 0.02333333333333331700, -0.02800000000000002800 ) ) ;
#82 = CARTESIAN_POINT ( 'NONE',  ( 0.04849742261192858900, 0.02541666666666664300, 0.02799999999999996600 ) ) ;
#83 = CARTESIAN_POINT ( 'NONE',  ( 0.06466323014923809600, 0.02437499999999998000, -1.187805037491535100E-017 ) ) ;
#84 = CARTESIAN_POINT ( 'NONE',  ( 0.05344999999999999800, 0.007000000000000001000, 0.0000000000000000000 ) ) ;
#85 = DIRECTION ( 'NONE',  ( 1.000000000000000000, 0.0000000000000000000, -1.224606353822377300E-016 ) ) ;
#86 = AXIS2_PLACEMENT_3D ( 'NONE', #90, #91, #85 ) ;
#87 = CIRCLE ( 'NONE', #86, 0.01499999999999996000 ) ;
#88 = CARTESIAN_POINT ( 'NONE',  ( 0.0000000000000000000, 0.02749999999999997200, 0.05600000000000000800 ) ) ;
#89 = CARTESIAN_POINT ( 'NONE',  ( 0.03233161507461907600, 0.02645833333333330900, 0.05599999999999998700 ) ) ;
#90 = CARTESIAN_POINT ( 'NONE',  ( -0.08520478898892770700, 0.4151861667838571700, 1.043423259719356700E-017 ) ) ;
#91 = DIRECTION ( 'NONE',  ( 1.224606353822377300E-016, 2.999321443644274900E-032, 1.000000000000000000 ) ) ;
#92 = CARTESIAN_POINT ( 'NONE',  ( -0.09176243282732796100, 0.4286768045481991800, 1.123728582825447800E-017 ) ) ;
#93 = AXIS2_PLACEMENT_3D ( 'NONE', #110, #109, #108 ) ;
#94 = CIRCLE ( 'NONE', #93, 0.1000588100200511300 ) ;
#95 = CARTESIAN_POINT ( 'NONE',  ( -0.1000588100200512200, 0.4172737632982582700, 1.225326545064607500E-017 ) ) ;
#96 = CARTESIAN_POINT ( 'NONE',  ( 0.1000588100200510100, 0.4172737632982582700, 0.0000000000000000000 ) ) ;
#97 = DIRECTION ( 'NONE',  ( 2.449212707644754500E-016, -1.000000000000000000, 0.0000000000000000000 ) ) ;
#98 = AXIS2_PLACEMENT_3D ( 'NONE', #112, #97, #106 ) ;
#99 = LINE ( 'NONE', #107, #105 ) ;
#100 = CARTESIAN_POINT ( 'NONE',  ( -0.03233161507461903400, 0.02854166666666663900, 0.05600000000000000100 ) ) ;
#101 = FACE_OUTER_BOUND ( 'NONE', #2565, .T. ) ;
#102 = CARTESIAN_POINT ( 'NONE',  ( -0.06466323014923809600, 0.03062499999999996500, 3.959350124971783400E-018 ) ) ;
#103 = CARTESIAN_POINT ( 'NONE',  ( -0.04849742261192856200, 0.02958333333333330200, 0.02800000000000000800 ) ) ;
#104 = DIRECTION ( 'NONE',  ( 2.449212707644754500E-016, -1.000000000000000000, 0.0000000000000000000 ) ) ;
#105 = VECTOR ( 'NONE', #104, 39.37007874015748100 ) ;
#106 = DIRECTION ( 'NONE',  ( 1.000000000000000000, 0.0000000000000000000, 0.0000000000000000000 ) ) ;
#107 = CARTESIAN_POINT ( 'NONE',  ( -0.05345000000000004600, -1.309104192236122500E-017, 6.545520961180612600E-018 ) ) ;
#108 = DIRECTION ( 'NONE',  ( 1.000000000000000000, 0.0000000000000000000, 0.0000000000000000000 ) ) ;
#109 = DIRECTION ( 'NONE',  ( 2.449212707644754500E-016, -1.000000000000000000, 0.0000000000000000000 ) ) ;
#110 = CARTESIAN_POINT ( 'NONE',  ( -1.021992203636843600E-016, 0.4172737632982582700, 0.0000000000000000000 ) ) ;
#111 = TOROIDAL_SURFACE ( 'NONE', #116, 0.08520478898892761000, 0.01499999999999996300 ) ;
#112 = CARTESIAN_POINT ( 'NONE',  ( -1.049920677171996200E-016, 0.4286768045481991800, 0.0000000000000000000 ) ) ;
#113 = CIRCLE ( 'NONE', #98, 0.09176243282732787800 ) ;
#114 = CARTESIAN_POINT ( 'NONE',  ( -1.024442997624098700E-016, 0.4151861667838571700, 0.0000000000000000000 ) ) ;
#115 = DIRECTION ( 'NONE',  ( 2.449212707644754500E-016, -1.000000000000000000, 0.0000000000000000000 ) ) ;
#116 = AXIS2_PLACEMENT_3D ( 'NONE', #114, #115, #117 ) ;
#117 = DIRECTION ( 'NONE',  ( 1.000000000000000000, 2.449212707644754500E-016, 0.0000000000000000000 ) ) ;
#118 = CARTESIAN_POINT ( 'NONE',  ( 0.03085937188818593800, 0.2834583333333327000, 0.05344999999999973400 ) ) ;
#119 = CARTESIAN_POINT ( 'NONE',  ( 0.04628905783227892100, 0.2824166666666660400, 0.02672499999999881600 ) ) ;
#120 = CARTESIAN_POINT ( 'NONE',  ( 0.05345000000000005300, 0.2819332274842309400, 0.01432188433544298100 ) ) ;
#121 =( BOUNDED_CURVE ( )  B_SPLINE_CURVE ( 2, ( #127, #120, #119, #118, #149, #148, #147, #129, #128 ),
 .UNSPECIFIED., .F., .F. ) 
 B_SPLINE_CURVE_WITH_KNOTS ( ( 3, 2, 2, 2, 3 ),
 ( 0.7500000000000001100, 0.7528735632183908300, 0.7586206896551723800, 0.7643678160919540300, 0.7672413793103448600 ),
 .UNSPECIFIED. ) 
 CURVE ( )  GEOMETRIC_REPRESENTATION_ITEM ( )  RATIONAL_B_SPLINE_CURVE ( ( 0.9330127018922194100, 0.9330127018922219600, 1.000000000000000000, 0.8660254037844387100, 1.000000000000000000, 0.8660254037844387100, 1.000000000000000000, 0.9330127018922180800, 0.9330127018922194100 ) ) 
 REPRESENTATION_ITEM ( '' )  );
#122 = CARTESIAN_POINT ( 'NONE',  ( -0.05344999999999993500, 0.2861249999999994100, 5.364161585895415000E-016 ) ) ;
#123 = CARTESIAN_POINT ( 'NONE',  ( 0.05345000000000015700, 0.2813749999999994900, 3.488420647543926800E-016 ) ) ;
#124 = DIRECTION ( 'NONE',  ( -0.1391731009600714300, -0.9902680687415694700, 1.704322637168669800E-017 ) ) ;
#125 = VECTOR ( 'NONE', #124, 39.37007874015748100 ) ;
#126 = FACE_OUTER_BOUND ( 'NONE', #2601, .T. ) ;
#127 = CARTESIAN_POINT ( 'NONE',  ( 0.05345000000000015700, 0.2813749999999994900, 3.488420647543926800E-016 ) ) ;
#128 = CARTESIAN_POINT ( 'NONE',  ( -0.05344999999999996300, 0.2876249999999994100, 4.323354114005258800E-016 ) ) ;
#129 = CARTESIAN_POINT ( 'NONE',  ( -0.05344999999999995600, 0.2870667725157679000, 0.01432188433544430800 ) ) ;
#130 = CARTESIAN_POINT ( 'NONE',  ( 0.05345000000000004600, 1.309104192236122500E-017, 0.0000000000000000000 ) ) ;
#131 = LINE ( 'NONE', #130, #139 ) ;
#132 = DIRECTION ( 'NONE',  ( 2.449212707644754500E-016, -1.000000000000000000, 0.0000000000000000000 ) ) ;
#133 = VECTOR ( 'NONE', #132, 39.37007874015748100 ) ;
#134 = CARTESIAN_POINT ( 'NONE',  ( -0.05345000000000004600, -1.309104192236122500E-017, 6.545520961180612600E-018 ) ) ;
#135 = CARTESIAN_POINT ( 'NONE',  ( -0.1060000000000000100, 0.3750000000000000600, 1.298082735051719000E-017 ) ) ;
#136 = LINE ( 'NONE', #135, #125 ) ;
#137 = CARTESIAN_POINT ( 'NONE',  ( -0.05344999999999996300, 0.3236249999999993900, 4.048855440100163200E-016 ) ) ;
#138 = DIRECTION ( 'NONE',  ( 2.449212707644754500E-016, -1.000000000000000000, 0.0000000000000000000 ) ) ;
#139 = VECTOR ( 'NONE', #138, 39.37007874015748100 ) ;
#140 = CYLINDRICAL_SURFACE ( 'NONE', #146, 0.05345000000000004600 ) ;
#141 = CARTESIAN_POINT ( 'NONE',  ( -0.05344999999999996300, 0.2876249999999994100, 4.323354114005258800E-016 ) ) ;
#142 = LINE ( 'NONE', #134, #133 ) ;
#143 = DIRECTION ( 'NONE',  ( 1.000000000000000000, 2.449212707644754500E-016, 0.0000000000000000000 ) ) ;
#144 = DIRECTION ( 'NONE',  ( 2.449212707644754500E-016, -1.000000000000000000, 0.0000000000000000000 ) ) ;
#145 = CARTESIAN_POINT ( 'NONE',  ( 0.0000000000000000000, 0.0000000000000000000, 0.0000000000000000000 ) ) ;
#146 = AXIS2_PLACEMENT_3D ( 'NONE', #145, #144, #143 ) ;
#147 = CARTESIAN_POINT ( 'NONE',  ( -0.04628905783227787300, 0.2865833333333326900, 0.02672500000000063400 ) ) ;
#148 = CARTESIAN_POINT ( 'NONE',  ( -0.03085937188818536200, 0.2855416666666660300, 0.05345000000000005300 ) ) ;
#149 = CARTESIAN_POINT ( 'NONE',  ( 1.047573106819493700E-015, 0.2844999999999993600, 0.05344999999999999800 ) ) ;
#150 = LINE ( 'NONE', #184, #168 ) ;
#151 = CYLINDRICAL_SURFACE ( 'NONE', #152, 0.05345000000000004600 ) ;
#152 = AXIS2_PLACEMENT_3D ( 'NONE', #158, #157, #156 ) ;
#153 = FACE_OUTER_BOUND ( 'NONE', #2595, .T. ) ;
#154 = CARTESIAN_POINT ( 'NONE',  ( 0.05345000000000004600, 1.309104192236122500E-017, 0.0000000000000000000 ) ) ;
#155 = LINE ( 'NONE', #154, #206 ) ;
#156 = DIRECTION ( 'NONE',  ( 1.000000000000000000, 2.449212707644754500E-016, 0.0000000000000000000 ) ) ;
#157 = DIRECTION ( 'NONE',  ( 2.449212707644754500E-016, -1.000000000000000000, 0.0000000000000000000 ) ) ;
#158 = CARTESIAN_POINT ( 'NONE',  ( 0.0000000000000000000, 0.0000000000000000000, 0.0000000000000000000 ) ) ;
#159 = CARTESIAN_POINT ( 'NONE',  ( 0.05345000000000016400, 0.3313749999999993600, -2.607737402098410100E-016 ) ) ;
#160 = CARTESIAN_POINT ( 'NONE',  ( -0.05344999999999996300, 0.3486249999999993000, -7.319964637469222400E-017 ) ) ;
#161 = CARTESIAN_POINT ( 'NONE',  ( -0.05345000000000008800, 0.3480667725157677900, 0.01432188433544410500 ) ) ;
#162 = CARTESIAN_POINT ( 'NONE',  ( -0.04628905783227784500, 0.3475833333333325200, 0.02672500000000068200 ) ) ;
#163 = CARTESIAN_POINT ( 'NONE',  ( -0.03085937188818379000, 0.3465416666666658600, 0.05345000000000097600 ) ) ;
#164 = CARTESIAN_POINT ( 'NONE',  ( 1.099937274508938600E-015, 0.3454999999999992000, 0.05344999999999999800 ) ) ;
#165 = CARTESIAN_POINT ( 'NONE',  ( 0.03085937188818599400, 0.3444583333333325900, 0.05344999999999969900 ) ) ;
#166 = CARTESIAN_POINT ( 'NONE',  ( 0.05344999999999996300, 0.3188749999999994100, 2.836486297019323400E-016 ) ) ;
#167 = CARTESIAN_POINT ( 'NONE',  ( 0.05344999999999996300, 0.3173749999999994600, 4.655040011640582800E-016 ) ) ;
#168 = VECTOR ( 'NONE', #188, 39.37007874015748100 ) ;
#169 = CARTESIAN_POINT ( 'NONE',  ( -0.04849742261192856900, 0.03166666666666663500, -0.02799999999999999000 ) ) ;
#170 = CARTESIAN_POINT ( 'NONE',  ( 0.06466323014923809600, 0.03687499999999994900, -1.187805037491535100E-017 ) ) ;
#171 = CARTESIAN_POINT ( 'NONE',  ( 0.04849742261192855500, 0.03583333333333328700, -0.02800000000000002800 ) ) ;
#172 = CARTESIAN_POINT ( 'NONE',  ( 0.03233161507461902700, 0.03479166666666662400, -0.05600000000000000100 ) ) ;
#173 = CARTESIAN_POINT ( 'NONE',  ( -6.857795581405312900E-018, 0.03374999999999996100, -0.05600000000000000800 ) ) ;
#174 = CARTESIAN_POINT ( 'NONE',  ( -0.03233161507461906900, 0.03270833333333329800, -0.05599999999999998700 ) ) ;
#175 = CARTESIAN_POINT ( 'NONE',  ( -0.05344999999999996300, 0.3126249999999993200, 4.048855440100163200E-016 ) ) ;
#176 = CARTESIAN_POINT ( 'NONE',  ( -0.05344999999999973400, 0.3120667725157678700, 0.01432188433544427800 ) ) ;
#177 = CARTESIAN_POINT ( 'NONE',  ( -0.04628905783227748500, 0.3115833333333326600, 0.02672500000000131700 ) ) ;
#178 = CARTESIAN_POINT ( 'NONE',  ( -0.03085937188818458100, 0.3105416666666659900, 0.05345000000000051800 ) ) ;
#179 = CARTESIAN_POINT ( 'NONE',  ( 3.141850061366690800E-016, 0.3094999999999993300, 0.05344999999999999800 ) ) ;
#180 = CARTESIAN_POINT ( 'NONE',  ( 0.03085937188818672200, 0.3084583333333326700, 0.05344999999999929700 ) ) ;
#181 = CARTESIAN_POINT ( 'NONE',  ( 0.04628905783227856000, 0.3074166666666660100, 0.02672499999999945800 ) ) ;
#182 = CARTESIAN_POINT ( 'NONE',  ( 0.05344999999999971300, 0.3069332274842308500, 0.01432188433544315900 ) ) ;
#183 = CARTESIAN_POINT ( 'NONE',  ( 0.05344999999999996300, 0.3063749999999994000, 4.655040011640582800E-016 ) ) ;
#184 = CARTESIAN_POINT ( 'NONE',  ( 0.05345000000000004600, 1.309104192236122500E-017, 0.0000000000000000000 ) ) ;
#185 =( BOUNDED_CURVE ( )  B_SPLINE_CURVE ( 2, ( #167, #219, #218, #217, #216, #215, #214, #213, #212 ),
 .UNSPECIFIED., .F., .T. ) 
 B_SPLINE_CURVE_WITH_KNOTS ( ( 3, 2, 2, 2, 3 ),
 ( 0.8189655172413794500, 0.8218390804597700500, 0.8275862068965517100, 0.8333333333333333700, 0.8362068965517242000 ),
 .UNSPECIFIED. ) 
 CURVE ( )  GEOMETRIC_REPRESENTATION_ITEM ( )  RATIONAL_B_SPLINE_CURVE ( ( 0.9330127018922193000, 0.9330127018922231800, 1.000000000000000000, 0.8660254037844387100, 1.000000000000000000, 0.8660254037844387100, 1.000000000000000000, 0.9330127018922180800, 0.9330127018922194100 ) ) 
 REPRESENTATION_ITEM ( '' )  );
#186 = CARTESIAN_POINT ( 'NONE',  ( 0.05344999999999996300, 0.3173749999999994600, 4.655040011640582800E-016 ) ) ;
#187 = CARTESIAN_POINT ( 'NONE',  ( 0.05344999999999996300, 0.3048749999999994000, 3.637107429242520200E-016 ) ) ;
#188 = DIRECTION ( 'NONE',  ( 2.449212707644754500E-016, -1.000000000000000000, 0.0000000000000000000 ) ) ;
#189 = CARTESIAN_POINT ( 'NONE',  ( -0.05344999999999996300, 0.3376249999999992900, -7.319964637469222400E-017 ) ) ;
#190 = DIRECTION ( 'NONE',  ( 1.000000000000000000, 2.449212707644754500E-016, 0.0000000000000000000 ) ) ;
#191 = DIRECTION ( 'NONE',  ( 2.449212707644754500E-016, -1.000000000000000000, 0.0000000000000000000 ) ) ;
#192 = CARTESIAN_POINT ( 'NONE',  ( 0.0000000000000000000, 0.0000000000000000000, 0.0000000000000000000 ) ) ;
#193 = AXIS2_PLACEMENT_3D ( 'NONE', #192, #191, #190 ) ;
#194 = CYLINDRICAL_SURFACE ( 'NONE', #193, 0.05345000000000004600 ) ;
#195 = CARTESIAN_POINT ( 'NONE',  ( -0.05345000000000015700, 0.3111249999999994300, -1.406805703763616400E-016 ) ) ;
#196 = FACE_OUTER_BOUND ( 'NONE', #2639, .T. ) ;
#197 =( BOUNDED_CURVE ( )  B_SPLINE_CURVE ( 2, ( #222, #221, #220, #165, #164, #163, #162, #161, #160 ),
 .UNSPECIFIED., .F., .T. ) 
 B_SPLINE_CURVE_WITH_KNOTS ( ( 3, 2, 2, 2, 3 ),
 ( 0.8879310344827586700, 0.8908045977011493900, 0.8965517241379310500, 0.9022988505747126000, 0.9051724137931035400 ),
 .UNSPECIFIED. ) 
 CURVE ( )  GEOMETRIC_REPRESENTATION_ITEM ( )  RATIONAL_B_SPLINE_CURVE ( ( 0.9330127018922194100, 0.9330127018922206300, 1.000000000000000000, 0.8660254037844387100, 1.000000000000000000, 0.8660254037844387100, 1.000000000000000000, 0.9330127018922167400, 0.9330127018922194100 ) ) 
 REPRESENTATION_ITEM ( '' )  );
#198 =( BOUNDED_CURVE ( )  B_SPLINE_CURVE ( 2, ( #183, #182, #181, #180, #179, #178, #177, #176, #175 ),
 .UNSPECIFIED., .F., .T. ) 
 B_SPLINE_CURVE_WITH_KNOTS ( ( 3, 2, 2, 2, 3 ),
 ( 0.8189655172413794500, 0.8218390804597700500, 0.8275862068965517100, 0.8333333333333333700, 0.8362068965517242000 ),
 .UNSPECIFIED. ) 
 CURVE ( )  GEOMETRIC_REPRESENTATION_ITEM ( )  RATIONAL_B_SPLINE_CURVE ( ( 0.9330127018922193000, 0.9330127018922231800, 1.000000000000000000, 0.8660254037844387100, 1.000000000000000000, 0.8660254037844387100, 1.000000000000000000, 0.9330127018922180800, 0.9330127018922194100 ) ) 
 REPRESENTATION_ITEM ( '' )  );
#199 = CARTESIAN_POINT ( 'NONE',  ( -0.05345000000000015700, 0.3111249999999994300, -1.406805703763616400E-016 ) ) ;
#200 = CARTESIAN_POINT ( 'NONE',  ( -0.05345000000000019900, 0.3105667725157679200, 0.01432188433544368300 ) ) ;
#201 = CARTESIAN_POINT ( 'NONE',  ( -0.04628905783227806000, 0.3100833333333326600, 0.02672500000000031400 ) ) ;
#202 = CARTESIAN_POINT ( 'NONE',  ( -0.03085937188818421000, 0.3090416666666659900, 0.05345000000000073300 ) ) ;
#203 = CARTESIAN_POINT ( 'NONE',  ( 6.808790564780813900E-016, 0.3079999999999993300, 0.05344999999999999800 ) ) ;
#204 = CARTESIAN_POINT ( 'NONE',  ( 0.03085937188818708600, 0.3069583333333326700, 0.05344999999999907500 ) ) ;
#205 = CARTESIAN_POINT ( 'NONE',  ( 0.04628905783227873400, 0.3059166666666660000, 0.02672499999999913500 ) ) ;
#206 = VECTOR ( 'NONE', #207, 39.37007874015748100 ) ;
#207 = DIRECTION ( 'NONE',  ( 2.449212707644754500E-016, -1.000000000000000000, 0.0000000000000000000 ) ) ;
#208 = CARTESIAN_POINT ( 'NONE',  ( 0.05344999999999997000, 0.3054332274842309100, 0.01432188433544335000 ) ) ;
#209 = CARTESIAN_POINT ( 'NONE',  ( 0.05344999999999996300, 0.3048749999999994000, 3.637107429242520200E-016 ) ) ;
#210 = CARTESIAN_POINT ( 'NONE',  ( -0.05344999999999996300, 0.3251249999999993900, -5.215474804196821100E-016 ) ) ;
#211 =( BOUNDED_CURVE ( )  B_SPLINE_CURVE ( 2, ( #209, #208, #205, #204, #203, #202, #201, #200, #199 ),
 .UNSPECIFIED., .F., .T. ) 
 B_SPLINE_CURVE_WITH_KNOTS ( ( 3, 2, 2, 2, 3 ),
 ( 0.7844827586206897200, 0.7873563218390804400, 0.7931034482758621000, 0.7988505747126436500, 0.8017241379310345900 ),
 .UNSPECIFIED. ) 
 CURVE ( )  GEOMETRIC_REPRESENTATION_ITEM ( )  RATIONAL_B_SPLINE_CURVE ( ( 0.9330127018922194100, 0.9330127018922219600, 1.000000000000000000, 0.8660254037844387100, 1.000000000000000000, 0.8660254037844387100, 1.000000000000000000, 0.9330127018922167400, 0.9330127018922194100 ) ) 
 REPRESENTATION_ITEM ( '' )  );
#212 = CARTESIAN_POINT ( 'NONE',  ( -0.05344999999999996300, 0.3236249999999993900, 4.048855440100163200E-016 ) ) ;
#213 = CARTESIAN_POINT ( 'NONE',  ( -0.05344999999999973400, 0.3230667725157678700, 0.01432188433544427800 ) ) ;
#214 = CARTESIAN_POINT ( 'NONE',  ( -0.04628905783227748500, 0.3225833333333326700, 0.02672500000000131700 ) ) ;
#215 = CARTESIAN_POINT ( 'NONE',  ( -0.03085937188818458100, 0.3215416666666660000, 0.05345000000000051800 ) ) ;
#216 = CARTESIAN_POINT ( 'NONE',  ( 3.141850061366690800E-016, 0.3204999999999993400, 0.05344999999999999800 ) ) ;
#217 = CARTESIAN_POINT ( 'NONE',  ( 0.03085937188818672200, 0.3194583333333326800, 0.05344999999999929700 ) ) ;
#218 = CARTESIAN_POINT ( 'NONE',  ( 0.04628905783227856000, 0.3184166666666660200, 0.02672499999999945800 ) ) ;
#219 = CARTESIAN_POINT ( 'NONE',  ( 0.05344999999999971300, 0.3179332274842309200, 0.01432188433544315900 ) ) ;
#220 = CARTESIAN_POINT ( 'NONE',  ( 0.04628905783227894900, 0.3434166666666659300, 0.02672499999999877400 ) ) ;
#221 = CARTESIAN_POINT ( 'NONE',  ( 0.05345000000000022600, 0.3429332274842307200, 0.01432188433544267200 ) ) ;
#222 = CARTESIAN_POINT ( 'NONE',  ( 0.05345000000000016400, 0.3423749999999993200, -2.607737402098409600E-016 ) ) ;
#223 =( BOUNDED_SURFACE ( )  B_SPLINE_SURFACE ( 1, 2, ( 
 ( #234, #233, #232, #231, #230, #2, #1, #49, #81, #83, #82, #89, #88, #100, #103, #102, #169, #174, #173, #172, #171, #170, #366, #470, #367, #263, #365, #469, #381, #429, #428, #493, #277, #364, #363, #242, #294, #293, #494, #443, #442, #497, #496, #495, #266, #265, #264, #315, #314, #468, #467, #466, #415, #414, #406, #405, #404, #358, #357, #356, #330, #329, #328, #413, #412, #411, #280, #279, #278, #384, #383, #382, #371, #370, #369, #368, #410, #409, #408, #407, #433, #432, #431, #430, #362, #361, #360, #359, #448, #447, #446, #445, #444, #300, #299, #298, #297, #296, #295, #492, #491, #490, #489, #488, #336, #335, #334, #333, #332, #331, #262, #261, #260, #259, #258, #257, #465, #464, #463, #462, #461, #460, #459, #380, #379, #378, #377, #376, #375, #374, #373, #372, #441, #440, #439, #438, #437, #436, #435, #434, #276, #275, #274, #273, #272, #271, #270, #269, #268, #267, #458, #457, #456, #455, #454, #453, #452, #451, #450, #449, #427, #426, #425, #424, #423, #422, #421, #420, #419, #418, #417, #416, #508, #507, #506, #505, #504, #503, #502, #501, #500, #499, #498, #292, #291, #290, #289, #288, #287, #286, #285, #284, #283, #282, #281, #327, #326, #325, #324, #323, #322, #321, #320, #319, #318, #317, #316, #256, #255, #254, #253, #252, #251, #250, #249, #248, #247, #246, #245, #244, #243, #487, #486, #485, #484, #483, #482, #481, #480, #479, #478, #477, #476, #475, #474, #473, #472, #471, #403, #402, #401, #400, #399, #398, #397, #396, #395, #394, #393, #392, #391, #390, #389, #388, #387, #386, #385, #313, #312, #311, #310, #309, #308, #307, #306, #305, #304, #303, #302, #301, #355, #354, #353, #352, #351, #350, #349, #348, #347, #346, #345, #344, #343, #342, #341, #340, #339, #338, #337, #515, #522, #538, #528, #526, #525, #541, #540, #539, #527, #537, #543, #542, #524, #523, #514, #513, #512, #518, #517, #516, #521, #520, #519, #511, #510, #509, #532, #531, #530, #529, #536, #535, #534, #533, #559, #558, #557, #556, #555, #554, #553, #552, #551, #550, #549, #548, #547, #546, #545, #544, #604, #603, #605, #716, #721, #777, #776, #722, #807 ),
 ( #715, #714, #573, #572, #775, #774, #767, #766, #765, #764, #780, #779, #778, #811, #810, #809, #808, #587, #586, #585, #584, #720, #719, #718, #717, #763, #762, #761, #760, #736, #735, #734, #733, #816, #815, #814, #813, #812, #629, #628, #627, #626, #726, #725, #724, #723, #732, #731, #730, #729, #728, #727, #571, #570, #569, #568, #567, #773, #772, #771, #770, #769, #768, #566, #565, #564, #563, #562, #561, #560, #583, #582, #581, #580, #579, #578, #577, #576, #575, #574, #825, #824, #823, #822, #821, #820, #819, #818, #817, #806, #805, #804, #803, #802, #801, #800, #799, #798, #797, #796, #625, #624, #623, #622, #621, #620, #619, #618, #617, #616, #615, #614, #613, #612, #611, #610, #609, #608, #607, #606, #759, #758, #757, #756, #755, #754, #753, #752, #751, #750, #749, #748, #747, #746, #745, #744, #743, #742, #741, #740, #739, #738, #737, #675, #674, #673, #672, #671, #670, #669, #668, #667, #666, #665, #664, #663, #662, #661, #660, #659, #658, #657, #656, #655, #654, #653, #652, #651, #650, #649, #648, #647, #646, #645, #644, #643, #642, #641, #640, #639, #638, #637, #636, #635, #634, #633, #632, #631, #630, #713, #712, #711, #710, #709, #708, #707, #706, #705, #704, #703, #702, #701, #700, #699, #698, #697, #696, #695, #694, #693, #692, #691, #690, #689, #688, #687, #686, #685, #684, #683, #682, #681, #680, #679, #678, #677, #676, #602, #601, #600, #599, #598, #597, #596, #595, #594, #593, #592, #591, #590, #589, #588, #795, #794, #793, #792, #791, #790, #789, #788, #787, #786, #785, #784, #783, #782, #781, #837, #836, #831, #830, #877, #855, #861, #854, #860, #853, #867, #862, #859, #858, #857, #856, #866, #865, #864, #863, #852, #851, #850, #849, #848, #876, #875, #874, #873, #872, #871, #870, #869, #868, #5138, #5137, #5136, #5130, #5129, #5128, #5127, #5126, #5135, #5134, #5133, #5132, #5131, #4994, #4981, #4984, #4978, #5005, #5004, #4995, #4986, #4985, #4980, #4979, #4988, #4987, #4993, #4992, #4983, #4982, #4996, #5007, #5006, #4977, #4976, #4975, #4998, #4997, #4991, #4990, #4989, #5003, #5002, #5001, #5000, #4999, #5008, #5013, #5015, #5014, #5012, #5011, #5019, #5018, #5017, #5016, #5010, #5009 ) ),
 .UNSPECIFIED., .F., .F., .T. ) 
 B_SPLINE_SURFACE_WITH_KNOTS ( ( 2, 2 ),
 ( 3, 2, 2, 2, 2, 2, 2, 2, 2, 2, 2, 2, 2, 2, 2, 2, 2, 2, 2, 2, 2, 2, 2, 2, 2, 2, 2, 2, 2, 2, 2, 2, 2, 2, 2, 2, 2, 2, 2, 2, 2, 2, 2, 2, 2, 2, 2, 2, 2, 2, 2, 2, 2, 2, 2, 2, 2, 2, 2, 2, 2, 2, 2, 2, 2, 2, 2, 2, 2, 2, 2, 2, 2, 2, 2, 2, 2, 2, 2, 2, 2, 2, 2, 2, 2, 2, 2, 2, 2, 2, 2, 2, 2, 2, 2, 2, 2, 2, 2, 2, 2, 2, 2, 2, 2, 2, 2, 2, 2, 2, 2, 2, 2, 2, 2, 2, 2, 2, 2, 2, 2, 2, 2, 2, 2, 2, 2, 2, 2, 2, 2, 2, 2, 2, 2, 2, 2, 2, 2, 2, 2, 2, 2, 2, 2, 2, 2, 2, 2, 2, 2, 2, 2, 2, 2, 2, 2, 2, 2, 2, 2, 2, 2, 2, 2, 2, 2, 2, 2, 2, 2, 2, 2, 2, 3 ),
 ( 0.0000000000000000000, 1.000000000000000000 ),
 ( 0.0000000000000000000, 0.005747126436781609100, 0.01149425287356321800, 0.01724137931034482700, 0.02298850574712643600, 0.02873563218390804600, 0.03448275862068965500, 0.04022988505747126400, 0.04597701149425287300, 0.05172413793103448200, 0.05747126436781609100, 0.06321839080459770700, 0.06896551724137930900, 0.07471264367816091200, 0.08045977011494252800, 0.08620689655172414400, 0.09195402298850574600, 0.09770114942528734800, 0.1034482758620689600, 0.1091954022988505800, 0.1149425287356321800, 0.1206896551724137800, 0.1264367816091954100, 0.1321839080459770200, 0.1379310344827586200, 0.1436781609195402200, 0.1494252873563218200, 0.1551724137931034500, 0.1609195402298850600, 0.1666666666666666600, 0.1724137931034482900, 0.1781609195402298900, 0.1839080459770114900, 0.1896551724137930900, 0.1954022988505747000, 0.2011494252873563300, 0.2068965517241379300, 0.2126436781609195300, 0.2183908045977011600, 0.2241379310344827600, 0.2298850574712643600, 0.2356321839080459700, 0.2413793103448275700, 0.2471264367816092000, 0.2528735632183908300, 0.2586206896551724300, 0.2643678160919540300, 0.2701149425287356400, 0.2758620689655172400, 0.2816091954022988400, 0.2873563218390804400, 0.2931034482758620400, 0.2988505747126436500, 0.3045977011494253000, 0.3103448275862069100, 0.3160919540229885100, 0.3218390804597701100, 0.3275862068965517100, 0.3333333333333333100, 0.3390804597701149200, 0.3448275862068965700, 0.3505747126436781800, 0.3563218390804597800, 0.3620689655172413800, 0.3678160919540229800, 0.3735632183908045900, 0.3793103448275861900, 0.3850574712643677900, 0.3908045977011493900, 0.3965517241379310500, 0.4022988505747126500, 0.4080459770114942500, 0.4137931034482758600, 0.4195402298850574600, 0.4252873563218390600, 0.4310344827586206600, 0.4367816091954023200, 0.4425287356321839200, 0.4482758620689655200, 0.4540229885057471300, 0.4597701149425287300, 0.4655172413793103300, 0.4712643678160919300, 0.4770114942528735400, 0.4827586206896551400, 0.4885057471264368000, 0.4942528735632184000, 0.5000000000000000000, 0.5057471264367816600, 0.5114942528735632000, 0.5172413793103448600, 0.5229885057471264100, 0.5287356321839080700, 0.5344827586206896100, 0.5402298850574712700, 0.5459770114942528200, 0.5517241379310344800, 0.5574712643678161300, 0.5632183908045976800, 0.5689655172413793400, 0.5747126436781608800, 0.5804597701149425400, 0.5862068965517240900, 0.5919540229885057500, 0.5977011494252872900, 0.6034482758620689500, 0.6091954022988506100, 0.6149425287356321500, 0.6206896551724138100, 0.6264367816091953600, 0.6321839080459770200, 0.6379310344827585600, 0.6436781609195402200, 0.6494252873563218800, 0.6551724137931034300, 0.6609195402298850800, 0.6666666666666666300, 0.6724137931034482900, 0.6781609195402298300, 0.6839080459770114900, 0.6896551724137931500, 0.6954022988505747000, 0.7011494252873563500, 0.7068965517241379000, 0.7126436781609195600, 0.7183908045977011000, 0.7241379310344827600, 0.7298850574712643100, 0.7356321839080459700, 0.7413793103448276200, 0.7471264367816091700, 0.7528735632183908300, 0.7586206896551723800, 0.7643678160919540300, 0.7701149425287355800, 0.7758620689655172400, 0.7816091954022987800, 0.7873563218390804400, 0.7931034482758621000, 0.7988505747126436500, 0.8045977011494253000, 0.8103448275862068500, 0.8160919540229885100, 0.8218390804597700500, 0.8275862068965517100, 0.8333333333333333700, 0.8390804597701149200, 0.8448275862068965700, 0.8505747126436781200, 0.8563218390804597800, 0.8620689655172413300, 0.8678160919540229800, 0.8735632183908046400, 0.8793103448275861900, 0.8850574712643678500, 0.8908045977011493900, 0.8965517241379310500, 0.9022988505747126000, 0.9080459770114942500, 0.9137931034482758000, 0.9195402298850574600, 0.9252873563218391200, 0.9310344827586206600, 0.9367816091954023200, 0.9425287356321838700, 0.9482758620689655200, 0.9540229885057470700, 0.9597701149425287300, 0.9655172413793102800, 0.9712643678160919300, 0.9770114942528735900, 0.9827586206896551400, 0.9885057471264368000, 0.9942528735632183400, 1.000000000000000000 ),
 .UNSPECIFIED. ) 
 GEOMETRIC_REPRESENTATION_ITEM ( )  RATIONAL_B_SPLINE_SURFACE ( (
 ( 1.000000000000000000, 0.8660254037844387100, 1.000000000000000000, 0.8660254037844387100, 1.000000000000000000, 0.8660254037844387100, 1.000000000000000000, 0.8660254037844387100, 1.000000000000000000, 0.8660254037844387100, 1.000000000000000000, 0.8660254037844387100, 1.000000000000000000, 0.8660254037844387100, 1.000000000000000000, 0.8660254037844387100, 1.000000000000000000, 0.8660254037844387100, 1.000000000000000000, 0.8660254037844387100, 1.000000000000000000, 0.8660254037844387100, 1.000000000000000000, 0.8660254037844387100, 1.000000000000000000, 0.8660254037844387100, 1.000000000000000000, 0.8660254037844387100, 1.000000000000000000, 0.8660254037844387100, 1.000000000000000000, 0.8660254037844387100, 1.000000000000000000, 0.8660254037844387100, 1.000000000000000000, 0.8660254037844387100, 1.000000000000000000, 0.8660254037844387100, 1.000000000000000000, 0.8660254037844387100, 1.000000000000000000, 0.8660254037844387100, 1.000000000000000000, 0.8660254037844387100, 1.000000000000000000, 0.8660254037844387100, 1.000000000000000000, 0.8660254037844387100, 1.000000000000000000, 0.8660254037844387100, 1.000000000000000000, 0.8660254037844387100, 1.000000000000000000, 0.8660254037844387100, 1.000000000000000000, 0.8660254037844387100, 1.000000000000000000, 0.8660254037844387100, 1.000000000000000000, 0.8660254037844387100, 1.000000000000000000, 0.8660254037844387100, 1.000000000000000000, 0.8660254037844387100, 1.000000000000000000, 0.8660254037844387100, 1.000000000000000000, 0.8660254037844387100, 1.000000000000000000, 0.8660254037844387100, 1.000000000000000000, 0.8660254037844387100, 1.000000000000000000, 0.8660254037844387100, 1.000000000000000000, 0.8660254037844387100, 1.000000000000000000, 0.8660254037844387100, 1.000000000000000000, 0.8660254037844387100, 1.000000000000000000, 0.8660254037844387100, 1.000000000000000000, 0.8660254037844387100, 1.000000000000000000, 0.8660254037844387100, 1.000000000000000000, 0.8660254037844387100, 1.000000000000000000, 0.8660254037844387100, 1.000000000000000000, 0.8660254037844387100, 1.000000000000000000, 0.8660254037844387100, 1.000000000000000000, 0.8660254037844387100, 1.000000000000000000, 0.8660254037844387100, 1.000000000000000000, 0.8660254037844387100, 1.000000000000000000, 0.8660254037844387100, 1.000000000000000000, 0.8660254037844387100, 1.000000000000000000, 0.8660254037844387100, 1.000000000000000000, 0.8660254037844387100, 1.000000000000000000, 0.8660254037844387100, 1.000000000000000000, 0.8660254037844387100, 1.000000000000000000, 0.8660254037844387100, 1.000000000000000000, 0.8660254037844387100, 1.000000000000000000, 0.8660254037844387100, 1.000000000000000000, 0.8660254037844387100, 1.000000000000000000, 0.8660254037844387100, 1.000000000000000000, 0.8660254037844387100, 1.000000000000000000, 0.8660254037844387100, 1.000000000000000000, 0.8660254037844387100, 1.000000000000000000, 0.8660254037844387100, 1.000000000000000000, 0.8660254037844387100, 1.000000000000000000, 0.8660254037844387100, 1.000000000000000000, 0.8660254037844387100, 1.000000000000000000, 0.8660254037844387100, 1.000000000000000000, 0.8660254037844387100, 1.000000000000000000, 0.8660254037844387100, 1.000000000000000000, 0.8660254037844387100, 1.000000000000000000, 0.8660254037844387100, 1.000000000000000000, 0.8660254037844387100, 1.000000000000000000, 0.8660254037844387100, 1.000000000000000000, 0.8660254037844387100, 1.000000000000000000, 0.8660254037844387100, 1.000000000000000000, 0.8660254037844387100, 1.000000000000000000, 0.8660254037844387100, 1.000000000000000000, 0.8660254037844387100, 1.000000000000000000, 0.8660254037844387100, 1.000000000000000000, 0.8660254037844387100, 1.000000000000000000, 0.8660254037844387100, 1.000000000000000000, 0.8660254037844387100, 1.000000000000000000, 0.8660254037844387100, 1.000000000000000000, 0.8660254037844387100, 1.000000000000000000, 0.8660254037844387100, 1.000000000000000000, 0.8660254037844387100, 1.000000000000000000, 0.8660254037844387100, 1.000000000000000000, 0.8660254037844387100, 1.000000000000000000, 0.8660254037844387100, 1.000000000000000000, 0.8660254037844387100, 1.000000000000000000, 0.8660254037844387100, 1.000000000000000000, 0.8660254037844387100, 1.000000000000000000, 0.8660254037844387100, 1.000000000000000000, 0.8660254037844387100, 1.000000000000000000, 0.8660254037844387100, 1.000000000000000000, 0.8660254037844387100, 1.000000000000000000, 0.8660254037844387100, 1.000000000000000000, 0.8660254037844387100, 1.000000000000000000, 0.8660254037844387100, 1.000000000000000000, 0.8660254037844387100, 1.000000000000000000, 0.8660254037844387100, 1.000000000000000000, 0.8660254037844387100, 1.000000000000000000, 0.8660254037844387100, 1.000000000000000000, 0.8660254037844387100, 1.000000000000000000, 0.8660254037844387100, 1.000000000000000000, 0.8660254037844387100, 1.000000000000000000, 0.8660254037844387100, 1.000000000000000000, 0.8660254037844387100, 1.000000000000000000, 0.8660254037844387100, 1.000000000000000000, 0.8660254037844387100, 1.000000000000000000, 0.8660254037844387100, 1.000000000000000000, 0.8660254037844387100, 1.000000000000000000, 0.8660254037844387100, 1.000000000000000000, 0.8660254037844387100, 1.000000000000000000, 0.8660254037844387100, 1.000000000000000000, 0.8660254037844387100, 1.000000000000000000, 0.8660254037844387100, 1.000000000000000000, 0.8660254037844387100, 1.000000000000000000, 0.8660254037844387100, 1.000000000000000000, 0.8660254037844387100, 1.000000000000000000, 0.8660254037844387100, 1.000000000000000000, 0.8660254037844387100, 1.000000000000000000, 0.8660254037844387100, 1.000000000000000000, 0.8660254037844387100, 1.000000000000000000, 0.8660254037844387100, 1.000000000000000000, 0.8660254037844387100, 1.000000000000000000, 0.8660254037844387100, 1.000000000000000000, 0.8660254037844387100, 1.000000000000000000, 0.8660254037844387100, 1.000000000000000000, 0.8660254037844387100, 1.000000000000000000, 0.8660254037844387100, 1.000000000000000000, 0.8660254037844387100, 1.000000000000000000, 0.8660254037844387100, 1.000000000000000000, 0.8660254037844387100, 1.000000000000000000, 0.8660254037844387100, 1.000000000000000000, 0.8660254037844387100, 1.000000000000000000, 0.8660254037844387100, 1.000000000000000000, 0.8660254037844387100, 1.000000000000000000, 0.8660254037844387100, 1.000000000000000000, 0.8660254037844387100, 1.000000000000000000, 0.8660254037844387100, 1.000000000000000000, 0.8660254037844387100, 1.000000000000000000, 0.8660254037844387100, 1.000000000000000000, 0.8660254037844387100, 1.000000000000000000, 0.8660254037844387100, 1.000000000000000000, 0.8660254037844387100, 1.000000000000000000, 0.8660254037844387100, 1.000000000000000000, 0.8660254037844387100, 1.000000000000000000, 0.8660254037844387100, 1.000000000000000000, 0.8660254037844387100, 1.000000000000000000, 0.8660254037844387100, 1.000000000000000000, 0.8660254037844387100, 1.000000000000000000, 0.8660254037844387100, 1.000000000000000000, 0.8660254037844387100, 1.000000000000000000, 0.8660254037844387100, 1.000000000000000000, 0.8660254037844387100, 1.000000000000000000, 0.8660254037844387100, 1.000000000000000000, 0.8660254037844387100, 1.000000000000000000, 0.8660254037844387100, 1.000000000000000000, 0.8660254037844387100, 1.000000000000000000, 0.8660254037844387100, 1.000000000000000000, 0.8660254037844387100, 1.000000000000000000, 0.8660254037844387100, 1.000000000000000000, 0.8660254037844387100, 1.000000000000000000, 0.8660254037844387100, 1.000000000000000000, 0.8660254037844387100, 1.000000000000000000, 0.8660254037844387100, 1.000000000000000000, 0.8660254037844387100, 1.000000000000000000, 0.8660254037844387100, 1.000000000000000000, 0.8660254037844387100, 1.000000000000000000, 0.8660254037844387100, 1.000000000000000000, 0.8660254037844387100, 1.000000000000000000),
 ( 1.000000000000000000, 0.8660254037844387100, 1.000000000000000000, 0.8660254037844387100, 1.000000000000000000, 0.8660254037844387100, 1.000000000000000000, 0.8660254037844387100, 1.000000000000000000, 0.8660254037844387100, 1.000000000000000000, 0.8660254037844387100, 1.000000000000000000, 0.8660254037844387100, 1.000000000000000000, 0.8660254037844387100, 1.000000000000000000, 0.8660254037844387100, 1.000000000000000000, 0.8660254037844387100, 1.000000000000000000, 0.8660254037844387100, 1.000000000000000000, 0.8660254037844387100, 1.000000000000000000, 0.8660254037844387100, 1.000000000000000000, 0.8660254037844387100, 1.000000000000000000, 0.8660254037844387100, 1.000000000000000000, 0.8660254037844387100, 1.000000000000000000, 0.8660254037844387100, 1.000000000000000000, 0.8660254037844387100, 1.000000000000000000, 0.8660254037844387100, 1.000000000000000000, 0.8660254037844387100, 1.000000000000000000, 0.8660254037844387100, 1.000000000000000000, 0.8660254037844387100, 1.000000000000000000, 0.8660254037844387100, 1.000000000000000000, 0.8660254037844387100, 1.000000000000000000, 0.8660254037844387100, 1.000000000000000000, 0.8660254037844387100, 1.000000000000000000, 0.8660254037844387100, 1.000000000000000000, 0.8660254037844387100, 1.000000000000000000, 0.8660254037844387100, 1.000000000000000000, 0.8660254037844387100, 1.000000000000000000, 0.8660254037844387100, 1.000000000000000000, 0.8660254037844387100, 1.000000000000000000, 0.8660254037844387100, 1.000000000000000000, 0.8660254037844387100, 1.000000000000000000, 0.8660254037844387100, 1.000000000000000000, 0.8660254037844387100, 1.000000000000000000, 0.8660254037844387100, 1.000000000000000000, 0.8660254037844387100, 1.000000000000000000, 0.8660254037844387100, 1.000000000000000000, 0.8660254037844387100, 1.000000000000000000, 0.8660254037844387100, 1.000000000000000000, 0.8660254037844387100, 1.000000000000000000, 0.8660254037844387100, 1.000000000000000000, 0.8660254037844387100, 1.000000000000000000, 0.8660254037844387100, 1.000000000000000000, 0.8660254037844387100, 1.000000000000000000, 0.8660254037844387100, 1.000000000000000000, 0.8660254037844387100, 1.000000000000000000, 0.8660254037844387100, 1.000000000000000000, 0.8660254037844387100, 1.000000000000000000, 0.8660254037844387100, 1.000000000000000000, 0.8660254037844387100, 1.000000000000000000, 0.8660254037844387100, 1.000000000000000000, 0.8660254037844387100, 1.000000000000000000, 0.8660254037844387100, 1.000000000000000000, 0.8660254037844387100, 1.000000000000000000, 0.8660254037844387100, 1.000000000000000000, 0.8660254037844387100, 1.000000000000000000, 0.8660254037844387100, 1.000000000000000000, 0.8660254037844387100, 1.000000000000000000, 0.8660254037844387100, 1.000000000000000000, 0.8660254037844387100, 1.000000000000000000, 0.8660254037844387100, 1.000000000000000000, 0.8660254037844387100, 1.000000000000000000, 0.8660254037844387100, 1.000000000000000000, 0.8660254037844387100, 1.000000000000000000, 0.8660254037844387100, 1.000000000000000000, 0.8660254037844387100, 1.000000000000000000, 0.8660254037844387100, 1.000000000000000000, 0.8660254037844387100, 1.000000000000000000, 0.8660254037844387100, 1.000000000000000000, 0.8660254037844387100, 1.000000000000000000, 0.8660254037844387100, 1.000000000000000000, 0.8660254037844387100, 1.000000000000000000, 0.8660254037844387100, 1.000000000000000000, 0.8660254037844387100, 1.000000000000000000, 0.8660254037844387100, 1.000000000000000000, 0.8660254037844387100, 1.000000000000000000, 0.8660254037844387100, 1.000000000000000000, 0.8660254037844387100, 1.000000000000000000, 0.8660254037844387100, 1.000000000000000000, 0.8660254037844387100, 1.000000000000000000, 0.8660254037844387100, 1.000000000000000000, 0.8660254037844387100, 1.000000000000000000, 0.8660254037844387100, 1.000000000000000000, 0.8660254037844387100, 1.000000000000000000, 0.8660254037844387100, 1.000000000000000000, 0.8660254037844387100, 1.000000000000000000, 0.8660254037844387100, 1.000000000000000000, 0.8660254037844387100, 1.000000000000000000, 0.8660254037844387100, 1.000000000000000000, 0.8660254037844387100, 1.000000000000000000, 0.8660254037844387100, 1.000000000000000000, 0.8660254037844387100, 1.000000000000000000, 0.8660254037844387100, 1.000000000000000000, 0.8660254037844387100, 1.000000000000000000, 0.8660254037844387100, 1.000000000000000000, 0.8660254037844387100, 1.000000000000000000, 0.8660254037844387100, 1.000000000000000000, 0.8660254037844387100, 1.000000000000000000, 0.8660254037844387100, 1.000000000000000000, 0.8660254037844387100, 1.000000000000000000, 0.8660254037844387100, 1.000000000000000000, 0.8660254037844387100, 1.000000000000000000, 0.8660254037844387100, 1.000000000000000000, 0.8660254037844387100, 1.000000000000000000, 0.8660254037844387100, 1.000000000000000000, 0.8660254037844387100, 1.000000000000000000, 0.8660254037844387100, 1.000000000000000000, 0.8660254037844387100, 1.000000000000000000, 0.8660254037844387100, 1.000000000000000000, 0.8660254037844387100, 1.000000000000000000, 0.8660254037844387100, 1.000000000000000000, 0.8660254037844387100, 1.000000000000000000, 0.8660254037844387100, 1.000000000000000000, 0.8660254037844387100, 1.000000000000000000, 0.8660254037844387100, 1.000000000000000000, 0.8660254037844387100, 1.000000000000000000, 0.8660254037844387100, 1.000000000000000000, 0.8660254037844387100, 1.000000000000000000, 0.8660254037844387100, 1.000000000000000000, 0.8660254037844387100, 1.000000000000000000, 0.8660254037844387100, 1.000000000000000000, 0.8660254037844387100, 1.000000000000000000, 0.8660254037844387100, 1.000000000000000000, 0.8660254037844387100, 1.000000000000000000, 0.8660254037844387100, 1.000000000000000000, 0.8660254037844387100, 1.000000000000000000, 0.8660254037844387100, 1.000000000000000000, 0.8660254037844387100, 1.000000000000000000, 0.8660254037844387100, 1.000000000000000000, 0.8660254037844387100, 1.000000000000000000, 0.8660254037844387100, 1.000000000000000000, 0.8660254037844387100, 1.000000000000000000, 0.8660254037844387100, 1.000000000000000000, 0.8660254037844387100, 1.000000000000000000, 0.8660254037844387100, 1.000000000000000000, 0.8660254037844387100, 1.000000000000000000, 0.8660254037844387100, 1.000000000000000000, 0.8660254037844387100, 1.000000000000000000, 0.8660254037844387100, 1.000000000000000000, 0.8660254037844387100, 1.000000000000000000, 0.8660254037844387100, 1.000000000000000000, 0.8660254037844387100, 1.000000000000000000, 0.8660254037844387100, 1.000000000000000000, 0.8660254037844387100, 1.000000000000000000, 0.8660254037844387100, 1.000000000000000000, 0.8660254037844387100, 1.000000000000000000, 0.8660254037844387100, 1.000000000000000000, 0.8660254037844387100, 1.000000000000000000, 0.8660254037844387100, 1.000000000000000000, 0.8660254037844387100, 1.000000000000000000, 0.8660254037844387100, 1.000000000000000000, 0.8660254037844387100, 1.000000000000000000, 0.8660254037844387100, 1.000000000000000000, 0.8660254037844387100, 1.000000000000000000, 0.8660254037844387100, 1.000000000000000000, 0.8660254037844387100, 1.000000000000000000, 0.8660254037844387100, 1.000000000000000000, 0.8660254037844387100, 1.000000000000000000, 0.8660254037844387100, 1.000000000000000000, 0.8660254037844387100, 1.000000000000000000, 0.8660254037844387100, 1.000000000000000000, 0.8660254037844387100, 1.000000000000000000, 0.8660254037844387100, 1.000000000000000000, 0.8660254037844387100, 1.000000000000000000, 0.8660254037844387100, 1.000000000000000000, 0.8660254037844387100, 1.000000000000000000, 0.8660254037844387100, 1.000000000000000000, 0.8660254037844387100, 1.000000000000000000, 0.8660254037844387100, 1.000000000000000000, 0.8660254037844387100, 1.000000000000000000, 0.8660254037844387100, 1.000000000000000000, 0.8660254037844387100, 1.000000000000000000) ) ) 
 REPRESENTATION_ITEM ( '' )  SURFACE ( )  );
#224 = CARTESIAN_POINT ( 'NONE',  ( 0.05344999999999996300, 0.3063749999999994500, 4.655040011640582800E-016 ) ) ;
#225 = CARTESIAN_POINT ( 'NONE',  ( 0.03085937188818636100, 0.3209583333333325700, 0.05344999999999949100 ) ) ;
#226 = CARTESIAN_POINT ( 'NONE',  ( -0.05344999999999996300, 0.3251249999999993900, -5.215474804196821100E-016 ) ) ;
#227 = CARTESIAN_POINT ( 'NONE',  ( 1.466631324850350800E-015, 0.3219999999999992300, 0.05344999999999999800 ) ) ;
#228 = CARTESIAN_POINT ( 'NONE',  ( -0.04628905783227767200, 0.3240833333333326700, 0.02672500000000099800 ) ) ;
#229 = CARTESIAN_POINT ( 'NONE',  ( 0.05344999999999976900, 0.3194332274842308600, 0.01432188433544326900 ) ) ;
#230 = CARTESIAN_POINT ( 'NONE',  ( -0.04849742261192856900, 0.01916666666666666200, -0.02799999999999999000 ) ) ;
#231 = CARTESIAN_POINT ( 'NONE',  ( -0.06466323014923809600, 0.01812499999999999500, 3.959350124971783400E-018 ) ) ;
#232 = CARTESIAN_POINT ( 'NONE',  ( -0.04849742261192856200, 0.01708333333333333200, 0.02800000000000000800 ) ) ;
#233 = CARTESIAN_POINT ( 'NONE',  ( -0.03233161507461903400, 0.01604166666666666200, 0.05600000000000000100 ) ) ;
#234 = CARTESIAN_POINT ( 'NONE',  ( 0.0000000000000000000, 0.01500000000000000300, 0.05600000000000000800 ) ) ;
#235 = CARTESIAN_POINT ( 'NONE',  ( -0.05344999999999999800, 0.3245667725157678800, 0.01432188433544365500 ) ) ;
#236 = FACE_OUTER_BOUND ( 'NONE', #3193, .T. ) ;
#237 = CARTESIAN_POINT ( 'NONE',  ( 0.05344999999999996300, 0.3188749999999994100, 2.836486297019323400E-016 ) ) ;
#238 =( BOUNDED_CURVE ( )  B_SPLINE_CURVE ( 2, ( #237, #229, #240, #225, #227, #239, #228, #235, #226 ),
 .UNSPECIFIED., .F., .T. ) 
 B_SPLINE_CURVE_WITH_KNOTS ( ( 3, 2, 2, 2, 3 ),
 ( 0.8534482758620690600, 0.8563218390804597800, 0.8620689655172413300, 0.8678160919540229800, 0.8706896551724139200 ),
 .UNSPECIFIED. ) 
 CURVE ( )  GEOMETRIC_REPRESENTATION_ITEM ( )  RATIONAL_B_SPLINE_CURVE ( ( 0.9330127018922194100, 0.9330127018922219600, 1.000000000000000000, 0.8660254037844387100, 1.000000000000000000, 0.8660254037844387100, 1.000000000000000000, 0.9330127018922167400, 0.9330127018922194100 ) ) 
 REPRESENTATION_ITEM ( '' )  );
#239 = CARTESIAN_POINT ( 'NONE',  ( -0.03085937188818494200, 0.3230416666666660100, 0.05345000000000030300 ) ) ;
#240 = CARTESIAN_POINT ( 'NONE',  ( 0.04628905783227836600, 0.3199166666666659600, 0.02672499999999977300 ) ) ;
#241 = CARTESIAN_POINT ( 'NONE',  ( -0.05344999999999996300, 0.3126249999999993200, 4.048855440100163200E-016 ) ) ;
#242 = CARTESIAN_POINT ( 'NONE',  ( 0.03233161507461907600, 0.05145833333333325900, 0.05599999999999998700 ) ) ;
#243 = CARTESIAN_POINT ( 'NONE',  ( -0.04849742261192856900, 0.2441666666666661700, -0.02799999999999999000 ) ) ;
#244 = CARTESIAN_POINT ( 'NONE',  ( -0.06466323014923809600, 0.2431249999999994800, 3.959350124971783400E-018 ) ) ;
#245 = CARTESIAN_POINT ( 'NONE',  ( -0.04849742261192856200, 0.2420833333333328500, 0.02800000000000000800 ) ) ;
#246 = CARTESIAN_POINT ( 'NONE',  ( -0.03233161507461903400, 0.2410416666666661300, 0.05600000000000000100 ) ) ;
#247 = CARTESIAN_POINT ( 'NONE',  ( 0.0000000000000000000, 0.2399999999999994900, 0.05600000000000000800 ) ) ;
#248 = CARTESIAN_POINT ( 'NONE',  ( 0.03233161507461907600, 0.2389583333333328600, 0.05599999999999998700 ) ) ;
#249 = CARTESIAN_POINT ( 'NONE',  ( 0.04849742261192858900, 0.2379166666666661700, 0.02799999999999996600 ) ) ;
#250 = CARTESIAN_POINT ( 'NONE',  ( 0.06466323014923809600, 0.2368749999999995300, -1.187805037491535100E-017 ) ) ;
#251 = CARTESIAN_POINT ( 'NONE',  ( 0.04849742261192855500, 0.2358333333333328400, -0.02800000000000002800 ) ) ;
#252 = CARTESIAN_POINT ( 'NONE',  ( 0.03233161507461902700, 0.2347916666666662000, -0.05600000000000000100 ) ) ;
#253 = CARTESIAN_POINT ( 'NONE',  ( -6.857795581405312900E-018, 0.2337499999999995100, -0.05600000000000000800 ) ) ;
#254 = CARTESIAN_POINT ( 'NONE',  ( -0.03233161507461906900, 0.2327083333333328800, -0.05599999999999998700 ) ) ;
#255 = CARTESIAN_POINT ( 'NONE',  ( -0.04849742261192856900, 0.2316666666666661900, -0.02799999999999999000 ) ) ;
#256 = CARTESIAN_POINT ( 'NONE',  ( -0.06466323014923809600, 0.2306249999999995200, 3.959350124971783400E-018 ) ) ;
#257 = CARTESIAN_POINT ( 'NONE',  ( 0.03233161507461902700, 0.1347916666666664200, -0.05600000000000000100 ) ) ;
#258 = CARTESIAN_POINT ( 'NONE',  ( -6.857795581405312900E-018, 0.1337499999999997300, -0.05600000000000000800 ) ) ;
#259 = CARTESIAN_POINT ( 'NONE',  ( -0.03233161507461906900, 0.1327083333333330700, -0.05599999999999998700 ) ) ;
#260 = CARTESIAN_POINT ( 'NONE',  ( -0.04849742261192856900, 0.1316666666666664000, -0.02799999999999999000 ) ) ;
#261 = CARTESIAN_POINT ( 'NONE',  ( -0.06466323014923809600, 0.1306249999999997400, 3.959350124971783400E-018 ) ) ;
#262 = CARTESIAN_POINT ( 'NONE',  ( -0.04849742261192856200, 0.1295833333333330800, 0.02800000000000000800 ) ) ;
#263 = CARTESIAN_POINT ( 'NONE',  ( -0.03233161507461903400, 0.04104166666666660800, 0.05600000000000000100 ) ) ;
#264 = CARTESIAN_POINT ( 'NONE',  ( 0.04849742261192858900, 0.06291666666666656500, 0.02799999999999996600 ) ) ;
#265 = CARTESIAN_POINT ( 'NONE',  ( 0.06466323014923809600, 0.06187499999999990200, -1.187805037491535100E-017 ) ) ;
#266 = CARTESIAN_POINT ( 'NONE',  ( 0.04849742261192855500, 0.06083333333333323200, -0.02800000000000002800 ) ) ;
#267 = CARTESIAN_POINT ( 'NONE',  ( -0.03233161507461906900, 0.1702083333333329600, -0.05599999999999998700 ) ) ;
#268 = CARTESIAN_POINT ( 'NONE',  ( -0.04849742261192856900, 0.1691666666666663300, -0.02799999999999999000 ) ) ;
#269 = CARTESIAN_POINT ( 'NONE',  ( -0.06466323014923809600, 0.1681249999999996600, 3.959350124971783400E-018 ) ) ;
#270 = CARTESIAN_POINT ( 'NONE',  ( -0.04849742261192856200, 0.1670833333333330000, 0.02800000000000000800 ) ) ;
#271 = CARTESIAN_POINT ( 'NONE',  ( -0.03233161507461903400, 0.1660416666666663700, 0.05600000000000000100 ) ) ;
#272 = CARTESIAN_POINT ( 'NONE',  ( 0.0000000000000000000, 0.1649999999999996700, 0.05600000000000000800 ) ) ;
#273 = CARTESIAN_POINT ( 'NONE',  ( 0.03233161507461907600, 0.1639583333333330100, 0.05599999999999998700 ) ) ;
#274 = CARTESIAN_POINT ( 'NONE',  ( 0.04849742261192858900, 0.1629166666666663500, 0.02799999999999996600 ) ) ;
#275 = CARTESIAN_POINT ( 'NONE',  ( 0.06466323014923809600, 0.1618749999999996600, -1.187805037491535100E-017 ) ) ;
#276 = CARTESIAN_POINT ( 'NONE',  ( 0.04849742261192855500, 0.1608333333333330000, -0.02800000000000002800 ) ) ;
#277 = CARTESIAN_POINT ( 'NONE',  ( 0.04849742261192855500, 0.04833333333333325600, -0.02800000000000002800 ) ) ;
#278 = CARTESIAN_POINT ( 'NONE',  ( 0.04849742261192855500, 0.08583333333333317800, -0.02800000000000002800 ) ) ;
#279 = CARTESIAN_POINT ( 'NONE',  ( 0.03233161507461902700, 0.08479166666666651500, -0.05600000000000000100 ) ) ;
#280 = CARTESIAN_POINT ( 'NONE',  ( -6.857795581405312900E-018, 0.08374999999999985200, -0.05600000000000000800 ) ) ;
#281 = CARTESIAN_POINT ( 'NONE',  ( -0.04849742261192856200, 0.2170833333333328800, 0.02800000000000000800 ) ) ;
#282 = CARTESIAN_POINT ( 'NONE',  ( -0.03233161507461903400, 0.2160416666666662200, 0.05600000000000000100 ) ) ;
#283 = CARTESIAN_POINT ( 'NONE',  ( 0.0000000000000000000, 0.2149999999999995500, 0.05600000000000000800 ) ) ;
#284 = CARTESIAN_POINT ( 'NONE',  ( 0.03233161507461907600, 0.2139583333333328900, 0.05599999999999998700 ) ) ;
#285 = CARTESIAN_POINT ( 'NONE',  ( 0.04849742261192858900, 0.2129166666666662300, 0.02799999999999996600 ) ) ;
#286 = CARTESIAN_POINT ( 'NONE',  ( 0.06466323014923809600, 0.2118749999999995600, -1.187805037491535100E-017 ) ) ;
#287 = CARTESIAN_POINT ( 'NONE',  ( 0.04849742261192855500, 0.2108333333333329000, -0.02800000000000002800 ) ) ;
#288 = CARTESIAN_POINT ( 'NONE',  ( 0.03233161507461902700, 0.2097916666666662400, -0.05600000000000000100 ) ) ;
#289 = CARTESIAN_POINT ( 'NONE',  ( -6.857795581405312900E-018, 0.2087499999999995700, -0.05600000000000000800 ) ) ;
#290 = CARTESIAN_POINT ( 'NONE',  ( -0.03233161507461906900, 0.2077083333333329100, -0.05599999999999998700 ) ) ;
#291 = CARTESIAN_POINT ( 'NONE',  ( -0.04849742261192856900, 0.2066666666666662500, -0.02799999999999999000 ) ) ;
#292 = CARTESIAN_POINT ( 'NONE',  ( -0.06466323014923809600, 0.2056249999999995600, 3.959350124971783400E-018 ) ) ;
#293 = CARTESIAN_POINT ( 'NONE',  ( -0.03233161507461903400, 0.05354166666666658500, 0.05600000000000000100 ) ) ;
#294 = CARTESIAN_POINT ( 'NONE',  ( 0.0000000000000000000, 0.05249999999999991500, 0.05600000000000000800 ) ) ;
#295 = CARTESIAN_POINT ( 'NONE',  ( -0.04849742261192856200, 0.1170833333333331200, 0.02800000000000000800 ) ) ;
#296 = CARTESIAN_POINT ( 'NONE',  ( -0.03233161507461903400, 0.1160416666666664200, 0.05600000000000000100 ) ) ;
#297 = CARTESIAN_POINT ( 'NONE',  ( 0.0000000000000000000, 0.1149999999999997700, 0.05600000000000000800 ) ) ;
#298 = CARTESIAN_POINT ( 'NONE',  ( 0.03233161507461907600, 0.1139583333333331100, 0.05599999999999998700 ) ) ;
#299 = CARTESIAN_POINT ( 'NONE',  ( 0.04849742261192858900, 0.1129166666666664400, 0.02799999999999996600 ) ) ;
#300 = CARTESIAN_POINT ( 'NONE',  ( 0.06466323014923809600, 0.1118749999999997800, -1.187805037491535100E-017 ) ) ;
#301 = CARTESIAN_POINT ( 'NONE',  ( -0.03233161507461906900, 0.2952083333333326800, -0.05599999999999998700 ) ) ;
#302 = CARTESIAN_POINT ( 'NONE',  ( -0.04849742261192856900, 0.2941666666666660200, -0.02799999999999999000 ) ) ;
#303 = CARTESIAN_POINT ( 'NONE',  ( -0.06466323014923809600, 0.2931249999999993600, 3.959350124971783400E-018 ) ) ;
#304 = CARTESIAN_POINT ( 'NONE',  ( -0.04849742261192856200, 0.2920833333333327000, 0.02800000000000000800 ) ) ;
#305 = CARTESIAN_POINT ( 'NONE',  ( -0.03233161507461903400, 0.2910416666666660300, 0.05600000000000000100 ) ) ;
#306 = CARTESIAN_POINT ( 'NONE',  ( 0.0000000000000000000, 0.2899999999999994200, 0.05600000000000000800 ) ) ;
#307 = CARTESIAN_POINT ( 'NONE',  ( 0.03233161507461907600, 0.2889583333333327100, 0.05599999999999998700 ) ) ;
#308 = CARTESIAN_POINT ( 'NONE',  ( 0.04849742261192858900, 0.2879166666666661000, 0.02799999999999996600 ) ) ;
#309 = CARTESIAN_POINT ( 'NONE',  ( 0.06466323014923809600, 0.2868749999999993800, -1.187805037491535100E-017 ) ) ;
#310 = CARTESIAN_POINT ( 'NONE',  ( 0.04849742261192855500, 0.2858333333333327200, -0.02800000000000002800 ) ) ;
#311 = CARTESIAN_POINT ( 'NONE',  ( 0.03233161507461902700, 0.2847916666666660500, -0.05600000000000000100 ) ) ;
#312 = CARTESIAN_POINT ( 'NONE',  ( -6.857795581405312900E-018, 0.2837499999999993900, -0.05600000000000000800 ) ) ;
#313 = CARTESIAN_POINT ( 'NONE',  ( -0.03233161507461906900, 0.2827083333333327300, -0.05599999999999998700 ) ) ;
#314 = CARTESIAN_POINT ( 'NONE',  ( 0.0000000000000000000, 0.06499999999999989100, 0.05600000000000000800 ) ) ;
#315 = CARTESIAN_POINT ( 'NONE',  ( 0.03233161507461907600, 0.06395833333333322800, 0.05599999999999998700 ) ) ;
#316 = CARTESIAN_POINT ( 'NONE',  ( -0.04849742261192856200, 0.2295833333333328900, 0.02800000000000000800 ) ) ;
#317 = CARTESIAN_POINT ( 'NONE',  ( -0.03233161507461903400, 0.2285416666666661700, 0.05600000000000000100 ) ) ;
#318 = CARTESIAN_POINT ( 'NONE',  ( 0.0000000000000000000, 0.2274999999999995100, 0.05600000000000000800 ) ) ;
#319 = CARTESIAN_POINT ( 'NONE',  ( 0.03233161507461907600, 0.2264583333333328500, 0.05599999999999998700 ) ) ;
#320 = CARTESIAN_POINT ( 'NONE',  ( 0.04849742261192858900, 0.2254166666666662100, 0.02799999999999996600 ) ) ;
#321 = CARTESIAN_POINT ( 'NONE',  ( 0.06466323014923809600, 0.2243749999999995200, -1.187805037491535100E-017 ) ) ;
#322 = CARTESIAN_POINT ( 'NONE',  ( 0.04849742261192855500, 0.2233333333333328800, -0.02800000000000002800 ) ) ;
#323 = CARTESIAN_POINT ( 'NONE',  ( 0.03233161507461902700, 0.2222916666666662500, -0.05600000000000000100 ) ) ;
#324 = CARTESIAN_POINT ( 'NONE',  ( -6.857795581405312900E-018, 0.2212499999999995600, -0.05600000000000000800 ) ) ;
#325 = CARTESIAN_POINT ( 'NONE',  ( -0.03233161507461906900, 0.2202083333333329500, -0.05599999999999998700 ) ) ;
#326 = CARTESIAN_POINT ( 'NONE',  ( -0.04849742261192856900, 0.2191666666666662300, -0.02799999999999999000 ) ) ;
#327 = CARTESIAN_POINT ( 'NONE',  ( -0.06466323014923809600, 0.2181249999999996000, 3.959350124971783400E-018 ) ) ;
#328 = CARTESIAN_POINT ( 'NONE',  ( -0.04849742261192856200, 0.07958333333333317300, 0.02800000000000000800 ) ) ;
#329 = CARTESIAN_POINT ( 'NONE',  ( -0.03233161507461903400, 0.07854166666666651000, 0.05600000000000000100 ) ) ;
#330 = CARTESIAN_POINT ( 'NONE',  ( 0.0000000000000000000, 0.07749999999999986100, 0.05600000000000000800 ) ) ;
#331 = CARTESIAN_POINT ( 'NONE',  ( -0.03233161507461903400, 0.1285416666666664200, 0.05600000000000000100 ) ) ;
#332 = CARTESIAN_POINT ( 'NONE',  ( 0.0000000000000000000, 0.1274999999999997200, 0.05600000000000000800 ) ) ;
#333 = CARTESIAN_POINT ( 'NONE',  ( 0.03233161507461907600, 0.1264583333333330900, 0.05599999999999998700 ) ) ;
#334 = CARTESIAN_POINT ( 'NONE',  ( 0.04849742261192858900, 0.1254166666666664000, 0.02799999999999996600 ) ) ;
#335 = CARTESIAN_POINT ( 'NONE',  ( 0.06466323014923809600, 0.1243749999999997600, -1.187805037491535100E-017 ) ) ;
#336 = CARTESIAN_POINT ( 'NONE',  ( 0.04849742261192855500, 0.1233333333333330900, -0.02800000000000002800 ) ) ;
#337 = CARTESIAN_POINT ( 'NONE',  ( 0.0000000000000000000, 0.3149999999999992800, 0.05600000000000000800 ) ) ;
#338 = CARTESIAN_POINT ( 'NONE',  ( 0.03233161507461907600, 0.3139583333333326700, 0.05599999999999998700 ) ) ;
#339 = CARTESIAN_POINT ( 'NONE',  ( 0.04849742261192858900, 0.3129166666666659500, 0.02799999999999996600 ) ) ;
#340 = CARTESIAN_POINT ( 'NONE',  ( 0.06466323014923809600, 0.3118749999999993500, -1.187805037491535100E-017 ) ) ;
#341 = CARTESIAN_POINT ( 'NONE',  ( 0.04849742261192855500, 0.3108333333333326800, -0.02800000000000002800 ) ) ;
#342 = CARTESIAN_POINT ( 'NONE',  ( 0.03233161507461902700, 0.3097916666666660200, -0.05600000000000000100 ) ) ;
#343 = CARTESIAN_POINT ( 'NONE',  ( -6.857795581405312900E-018, 0.3087499999999993600, -0.05600000000000000800 ) ) ;
#344 = CARTESIAN_POINT ( 'NONE',  ( -0.03233161507461906900, 0.3077083333333326400, -0.05599999999999998700 ) ) ;
#345 = CARTESIAN_POINT ( 'NONE',  ( -0.04849742261192856900, 0.3066666666666660300, -0.02799999999999999000 ) ) ;
#346 = CARTESIAN_POINT ( 'NONE',  ( -0.06466323014923809600, 0.3056249999999993700, 3.959350124971783400E-018 ) ) ;
#347 = CARTESIAN_POINT ( 'NONE',  ( -0.04849742261192856200, 0.3045833333333327100, 0.02800000000000000800 ) ) ;
#348 = CARTESIAN_POINT ( 'NONE',  ( -0.03233161507461903400, 0.3035416666666660400, 0.05600000000000000100 ) ) ;
#349 = CARTESIAN_POINT ( 'NONE',  ( 0.0000000000000000000, 0.3024999999999993800, 0.05600000000000000800 ) ) ;
#350 = CARTESIAN_POINT ( 'NONE',  ( 0.03233161507461907600, 0.3014583333333327200, 0.05599999999999998700 ) ) ;
#351 = CARTESIAN_POINT ( 'NONE',  ( 0.04849742261192858900, 0.3004166666666660500, 0.02799999999999996600 ) ) ;
#352 = CARTESIAN_POINT ( 'NONE',  ( 0.06466323014923809600, 0.2993749999999993900, -1.187805037491535100E-017 ) ) ;
#353 = CARTESIAN_POINT ( 'NONE',  ( 0.04849742261192855500, 0.2983333333333326700, -0.02800000000000002800 ) ) ;
#354 = CARTESIAN_POINT ( 'NONE',  ( 0.03233161507461902700, 0.2972916666666660100, -0.05600000000000000100 ) ) ;
#355 = CARTESIAN_POINT ( 'NONE',  ( -6.857795581405312900E-018, 0.2962499999999993500, -0.05600000000000000800 ) ) ;
#356 = CARTESIAN_POINT ( 'NONE',  ( 0.03233161507461907600, 0.07645833333333319800, 0.05599999999999998700 ) ) ;
#357 = CARTESIAN_POINT ( 'NONE',  ( 0.04849742261192858900, 0.07541666666666653500, 0.02799999999999996600 ) ) ;
#358 = CARTESIAN_POINT ( 'NONE',  ( 0.06466323014923809600, 0.07437499999999987200, -1.187805037491535100E-017 ) ) ;
#359 = CARTESIAN_POINT ( 'NONE',  ( -0.06466323014923809600, 0.1056249999999998200, 3.959350124971783400E-018 ) ) ;
#360 = CARTESIAN_POINT ( 'NONE',  ( -0.04849742261192856200, 0.1045833333333331100, 0.02800000000000000800 ) ) ;
#361 = CARTESIAN_POINT ( 'NONE',  ( -0.03233161507461903400, 0.1035416666666664500, 0.05600000000000000100 ) ) ;
#362 = CARTESIAN_POINT ( 'NONE',  ( 0.0000000000000000000, 0.1024999999999998000, 0.05600000000000000800 ) ) ;
#363 = CARTESIAN_POINT ( 'NONE',  ( 0.04849742261192858900, 0.05041666666666658900, 0.02799999999999996600 ) ) ;
#364 = CARTESIAN_POINT ( 'NONE',  ( 0.06466323014923809600, 0.04937499999999993300, -1.187805037491535100E-017 ) ) ;
#365 = CARTESIAN_POINT ( 'NONE',  ( -0.04849742261192856200, 0.04208333333333327100, 0.02800000000000000800 ) ) ;
#366 = CARTESIAN_POINT ( 'NONE',  ( 0.04849742261192858900, 0.03791666666666661900, 0.02799999999999996600 ) ) ;
#367 = CARTESIAN_POINT ( 'NONE',  ( 0.0000000000000000000, 0.03999999999999995200, 0.05600000000000000800 ) ) ;
#368 = CARTESIAN_POINT ( 'NONE',  ( -0.06466323014923809600, 0.09312499999999981900, 3.959350124971783400E-018 ) ) ;
#369 = CARTESIAN_POINT ( 'NONE',  ( -0.04849742261192856200, 0.09208333333333314200, 0.02800000000000000800 ) ) ;
#370 = CARTESIAN_POINT ( 'NONE',  ( -0.03233161507461903400, 0.09104166666666649300, 0.05600000000000000100 ) ) ;
#371 = CARTESIAN_POINT ( 'NONE',  ( 0.0000000000000000000, 0.08999999999999983000, 0.05600000000000000800 ) ) ;
#372 = CARTESIAN_POINT ( 'NONE',  ( 0.03233161507461907600, 0.1514583333333330300, 0.05599999999999998700 ) ) ;
#373 = CARTESIAN_POINT ( 'NONE',  ( 0.04849742261192858900, 0.1504166666666663400, 0.02799999999999996600 ) ) ;
#374 = CARTESIAN_POINT ( 'NONE',  ( 0.06466323014923809600, 0.1493749999999996700, -1.187805037491535100E-017 ) ) ;
#375 = CARTESIAN_POINT ( 'NONE',  ( 0.04849742261192855500, 0.1483333333333330400, -0.02800000000000002800 ) ) ;
#376 = CARTESIAN_POINT ( 'NONE',  ( 0.03233161507461902700, 0.1472916666666663500, -0.05600000000000000100 ) ) ;
#377 = CARTESIAN_POINT ( 'NONE',  ( -6.857795581405312900E-018, 0.1462499999999997100, -0.05600000000000000800 ) ) ;
#378 = CARTESIAN_POINT ( 'NONE',  ( -0.03233161507461906900, 0.1452083333333330500, -0.05599999999999998700 ) ) ;
#379 = CARTESIAN_POINT ( 'NONE',  ( -0.04849742261192856900, 0.1441666666666663900, -0.02799999999999999000 ) ) ;
#380 = CARTESIAN_POINT ( 'NONE',  ( -0.06466323014923809600, 0.1431249999999997200, 3.959350124971783400E-018 ) ) ;
#381 = CARTESIAN_POINT ( 'NONE',  ( -0.04849742261192856900, 0.04416666666666660400, -0.02799999999999999000 ) ) ;
#382 = CARTESIAN_POINT ( 'NONE',  ( 0.03233161507461907600, 0.08895833333333315300, 0.05599999999999998700 ) ) ;
#383 = CARTESIAN_POINT ( 'NONE',  ( 0.04849742261192858900, 0.08791666666666650400, 0.02799999999999996600 ) ) ;
#384 = CARTESIAN_POINT ( 'NONE',  ( 0.06466323014923809600, 0.08687499999999985500, -1.187805037491535100E-017 ) ) ;
#385 = CARTESIAN_POINT ( 'NONE',  ( -0.04849742261192856900, 0.2816666666666660700, -0.02799999999999999000 ) ) ;
#386 = CARTESIAN_POINT ( 'NONE',  ( -0.06466323014923809600, 0.2806249999999994000, 3.959350124971783400E-018 ) ) ;
#387 = CARTESIAN_POINT ( 'NONE',  ( -0.04849742261192856200, 0.2795833333333327400, 0.02800000000000000800 ) ) ;
#388 = CARTESIAN_POINT ( 'NONE',  ( -0.03233161507461903400, 0.2785416666666660800, 0.05600000000000000100 ) ) ;
#389 = CARTESIAN_POINT ( 'NONE',  ( 0.0000000000000000000, 0.2774999999999994100, 0.05600000000000000800 ) ) ;
#390 = CARTESIAN_POINT ( 'NONE',  ( 0.03233161507461907600, 0.2764583333333327500, 0.05599999999999998700 ) ) ;
#391 = CARTESIAN_POINT ( 'NONE',  ( 0.04849742261192858900, 0.2754166666666660900, 0.02799999999999996600 ) ) ;
#392 = CARTESIAN_POINT ( 'NONE',  ( 0.06466323014923809600, 0.2743749999999993700, -1.187805037491535100E-017 ) ) ;
#393 = CARTESIAN_POINT ( 'NONE',  ( 0.04849742261192855500, 0.2733333333333327600, -0.02800000000000002800 ) ) ;
#394 = CARTESIAN_POINT ( 'NONE',  ( 0.03233161507461902700, 0.2722916666666661000, -0.05600000000000000100 ) ) ;
#395 = CARTESIAN_POINT ( 'NONE',  ( -6.857795581405312900E-018, 0.2712499999999994400, -0.05600000000000000800 ) ) ;
#396 = CARTESIAN_POINT ( 'NONE',  ( -0.03233161507461906900, 0.2702083333333327700, -0.05599999999999998700 ) ) ;
#397 = CARTESIAN_POINT ( 'NONE',  ( -0.04849742261192856900, 0.2691666666666661100, -0.02799999999999999000 ) ) ;
#398 = CARTESIAN_POINT ( 'NONE',  ( -0.06466323014923809600, 0.2681249999999994500, 3.959350124971783400E-018 ) ) ;
#399 = CARTESIAN_POINT ( 'NONE',  ( -0.04849742261192856200, 0.2670833333333327800, 0.02800000000000000800 ) ) ;
#400 = CARTESIAN_POINT ( 'NONE',  ( -0.03233161507461903400, 0.2660416666666661200, 0.05600000000000000100 ) ) ;
#401 = CARTESIAN_POINT ( 'NONE',  ( 0.0000000000000000000, 0.2649999999999994600, 0.05600000000000000800 ) ) ;
#402 = CARTESIAN_POINT ( 'NONE',  ( 0.03233161507461907600, 0.2639583333333328000, 0.05599999999999998700 ) ) ;
#403 = CARTESIAN_POINT ( 'NONE',  ( 0.04849742261192858900, 0.2629166666666661300, 0.02799999999999996600 ) ) ;
#404 = CARTESIAN_POINT ( 'NONE',  ( 0.04849742261192855500, 0.07333333333333320900, -0.02800000000000002800 ) ) ;
#405 = CARTESIAN_POINT ( 'NONE',  ( 0.03233161507461902700, 0.07229166666666653200, -0.05600000000000000100 ) ) ;
#406 = CARTESIAN_POINT ( 'NONE',  ( -6.857795581405312900E-018, 0.07124999999999986900, -0.05600000000000000800 ) ) ;
#407 = CARTESIAN_POINT ( 'NONE',  ( 0.03233161507461902700, 0.09729166666666649900, -0.05600000000000000100 ) ) ;
#408 = CARTESIAN_POINT ( 'NONE',  ( -6.857795581405312900E-018, 0.09624999999999982200, -0.05600000000000000800 ) ) ;
#409 = CARTESIAN_POINT ( 'NONE',  ( -0.03233161507461906900, 0.09520833333333315900, -0.05599999999999998700 ) ) ;
#410 = CARTESIAN_POINT ( 'NONE',  ( -0.04849742261192856900, 0.09416666666666651000, -0.02799999999999999000 ) ) ;
#411 = CARTESIAN_POINT ( 'NONE',  ( -0.03233161507461906900, 0.08270833333333317500, -0.05599999999999998700 ) ) ;
#412 = CARTESIAN_POINT ( 'NONE',  ( -0.04849742261192856900, 0.08166666666666651300, -0.02799999999999999000 ) ) ;
#413 = CARTESIAN_POINT ( 'NONE',  ( -0.06466323014923809600, 0.08062499999999985000, 3.959350124971783400E-018 ) ) ;
#414 = CARTESIAN_POINT ( 'NONE',  ( -0.03233161507461906900, 0.07020833333333320600, -0.05599999999999998700 ) ) ;
#415 = CARTESIAN_POINT ( 'NONE',  ( -0.04849742261192856900, 0.06916666666666654300, -0.02799999999999999000 ) ) ;
#416 = CARTESIAN_POINT ( 'NONE',  ( -0.06466323014923809600, 0.1931249999999995700, 3.959350124971783400E-018 ) ) ;
#417 = CARTESIAN_POINT ( 'NONE',  ( -0.04849742261192856200, 0.1920833333333329400, 0.02800000000000000800 ) ) ;
#418 = CARTESIAN_POINT ( 'NONE',  ( -0.03233161507461903400, 0.1910416666666662500, 0.05600000000000000100 ) ) ;
#419 = CARTESIAN_POINT ( 'NONE',  ( 0.0000000000000000000, 0.1899999999999996100, 0.05600000000000000800 ) ) ;
#420 = CARTESIAN_POINT ( 'NONE',  ( 0.03233161507461907600, 0.1889583333333329500, 0.05599999999999998700 ) ) ;
#421 = CARTESIAN_POINT ( 'NONE',  ( 0.04849742261192858900, 0.1879166666666662900, 0.02799999999999996600 ) ) ;
#422 = CARTESIAN_POINT ( 'NONE',  ( 0.06466323014923809600, 0.1868749999999996200, -1.187805037491535100E-017 ) ) ;
#423 = CARTESIAN_POINT ( 'NONE',  ( 0.04849742261192855500, 0.1858333333333329600, -0.02800000000000002800 ) ) ;
#424 = CARTESIAN_POINT ( 'NONE',  ( 0.03233161507461902700, 0.1847916666666663300, -0.05600000000000000100 ) ) ;
#425 = CARTESIAN_POINT ( 'NONE',  ( -6.857795581405312900E-018, 0.1837499999999996400, -0.05600000000000000800 ) ) ;
#426 = CARTESIAN_POINT ( 'NONE',  ( -0.03233161507461906900, 0.1827083333333329700, -0.05599999999999998700 ) ) ;
#427 = CARTESIAN_POINT ( 'NONE',  ( -0.04849742261192856900, 0.1816666666666662800, -0.02799999999999999000 ) ) ;
#428 = CARTESIAN_POINT ( 'NONE',  ( -6.857795581405312900E-018, 0.04624999999999993700, -0.05600000000000000800 ) ) ;
#429 = CARTESIAN_POINT ( 'NONE',  ( -0.03233161507461906900, 0.04520833333333328100, -0.05599999999999998700 ) ) ;
#430 = CARTESIAN_POINT ( 'NONE',  ( 0.03233161507461907600, 0.1014583333333331400, 0.05599999999999998700 ) ) ;
#431 = CARTESIAN_POINT ( 'NONE',  ( 0.04849742261192858900, 0.1004166666666664700, 0.02799999999999996600 ) ) ;
#432 = CARTESIAN_POINT ( 'NONE',  ( 0.06466323014923809600, 0.09937499999999981100, -1.187805037491535100E-017 ) ) ;
#433 = CARTESIAN_POINT ( 'NONE',  ( 0.04849742261192855500, 0.09833333333333314800, -0.02800000000000002800 ) ) ;
#434 = CARTESIAN_POINT ( 'NONE',  ( 0.03233161507461902700, 0.1597916666666663300, -0.05600000000000000100 ) ) ;
#435 = CARTESIAN_POINT ( 'NONE',  ( -6.857795581405312900E-018, 0.1587499999999996700, -0.05600000000000000800 ) ) ;
#436 = CARTESIAN_POINT ( 'NONE',  ( -0.03233161507461906900, 0.1577083333333330100, -0.05599999999999998700 ) ) ;
#437 = CARTESIAN_POINT ( 'NONE',  ( -0.04849742261192856900, 0.1566666666666663400, -0.02799999999999999000 ) ) ;
#438 = CARTESIAN_POINT ( 'NONE',  ( -0.06466323014923809600, 0.1556249999999996800, 3.959350124971783400E-018 ) ) ;
#439 = CARTESIAN_POINT ( 'NONE',  ( -0.04849742261192856200, 0.1545833333333330200, 0.02800000000000000800 ) ) ;
#440 = CARTESIAN_POINT ( 'NONE',  ( -0.03233161507461903400, 0.1535416666666663500, 0.05600000000000000100 ) ) ;
#441 = CARTESIAN_POINT ( 'NONE',  ( 0.0000000000000000000, 0.1524999999999996900, 0.05600000000000000800 ) ) ;
#442 = CARTESIAN_POINT ( 'NONE',  ( -0.04849742261192856900, 0.05666666666666657400, -0.02799999999999999000 ) ) ;
#443 = CARTESIAN_POINT ( 'NONE',  ( -0.06466323014923809600, 0.05562499999999991100, 3.959350124971783400E-018 ) ) ;
#444 = CARTESIAN_POINT ( 'NONE',  ( 0.04849742261192855500, 0.1108333333333331200, -0.02800000000000002800 ) ) ;
#445 = CARTESIAN_POINT ( 'NONE',  ( 0.03233161507461902700, 0.1097916666666664700, -0.05600000000000000100 ) ) ;
#446 = CARTESIAN_POINT ( 'NONE',  ( -6.857795581405312900E-018, 0.1087499999999997900, -0.05600000000000000800 ) ) ;
#447 = CARTESIAN_POINT ( 'NONE',  ( -0.03233161507461906900, 0.1077083333333331300, -0.05599999999999998700 ) ) ;
#448 = CARTESIAN_POINT ( 'NONE',  ( -0.04849742261192856900, 0.1066666666666664800, -0.02799999999999999000 ) ) ;
#449 = CARTESIAN_POINT ( 'NONE',  ( -0.06466323014923809600, 0.1806249999999996500, 3.959350124971783400E-018 ) ) ;
#450 = CARTESIAN_POINT ( 'NONE',  ( -0.04849742261192856200, 0.1795833333333329600, 0.02800000000000000800 ) ) ;
#451 = CARTESIAN_POINT ( 'NONE',  ( -0.03233161507461903400, 0.1785416666666662900, 0.05600000000000000100 ) ) ;
#452 = CARTESIAN_POINT ( 'NONE',  ( 0.0000000000000000000, 0.1774999999999996300, 0.05600000000000000800 ) ) ;
#453 = CARTESIAN_POINT ( 'NONE',  ( 0.03233161507461907600, 0.1764583333333330000, 0.05599999999999998700 ) ) ;
#454 = CARTESIAN_POINT ( 'NONE',  ( 0.04849742261192858900, 0.1754166666666663300, 0.02799999999999996600 ) ) ;
#455 = CARTESIAN_POINT ( 'NONE',  ( 0.06466323014923809600, 0.1743749999999996700, -1.187805037491535100E-017 ) ) ;
#456 = CARTESIAN_POINT ( 'NONE',  ( 0.04849742261192855500, 0.1733333333333330100, -0.02800000000000002800 ) ) ;
#457 = CARTESIAN_POINT ( 'NONE',  ( 0.03233161507461902700, 0.1722916666666663400, -0.05600000000000000100 ) ) ;
#458 = CARTESIAN_POINT ( 'NONE',  ( -6.857795581405312900E-018, 0.1712499999999996500, -0.05600000000000000800 ) ) ;
#459 = CARTESIAN_POINT ( 'NONE',  ( -0.04849742261192856200, 0.1420833333333330600, 0.02800000000000000800 ) ) ;
#460 = CARTESIAN_POINT ( 'NONE',  ( -0.03233161507461903400, 0.1410416666666664000, 0.05600000000000000100 ) ) ;
#461 = CARTESIAN_POINT ( 'NONE',  ( 0.0000000000000000000, 0.1399999999999997400, 0.05600000000000000800 ) ) ;
#462 = CARTESIAN_POINT ( 'NONE',  ( 0.03233161507461907600, 0.1389583333333330500, 0.05599999999999998700 ) ) ;
#463 = CARTESIAN_POINT ( 'NONE',  ( 0.04849742261192858900, 0.1379166666666663800, 0.02799999999999996600 ) ) ;
#464 = CARTESIAN_POINT ( 'NONE',  ( 0.06466323014923809600, 0.1368749999999996900, -1.187805037491535100E-017 ) ) ;
#465 = CARTESIAN_POINT ( 'NONE',  ( 0.04849742261192855500, 0.1358333333333330600, -0.02800000000000002800 ) ) ;
#466 = CARTESIAN_POINT ( 'NONE',  ( -0.06466323014923809600, 0.06812499999999988000, 3.959350124971783400E-018 ) ) ;
#467 = CARTESIAN_POINT ( 'NONE',  ( -0.04849742261192856200, 0.06708333333333321700, 0.02800000000000000800 ) ) ;
#468 = CARTESIAN_POINT ( 'NONE',  ( -0.03233161507461903400, 0.06604166666666655400, 0.05600000000000000100 ) ) ;
#469 = CARTESIAN_POINT ( 'NONE',  ( -0.06466323014923809600, 0.04312499999999993400, 3.959350124971783400E-018 ) ) ;
#470 = CARTESIAN_POINT ( 'NONE',  ( 0.03233161507461907600, 0.03895833333333328900, 0.05599999999999998700 ) ) ;
#471 = CARTESIAN_POINT ( 'NONE',  ( 0.06466323014923809600, 0.2618749999999994700, -1.187805037491535100E-017 ) ) ;
#472 = CARTESIAN_POINT ( 'NONE',  ( 0.04849742261192855500, 0.2608333333333328100, -0.02800000000000002800 ) ) ;
#473 = CARTESIAN_POINT ( 'NONE',  ( 0.03233161507461902700, 0.2597916666666660900, -0.05600000000000000100 ) ) ;
#474 = CARTESIAN_POINT ( 'NONE',  ( -6.857795581405312900E-018, 0.2587499999999994800, -0.05600000000000000800 ) ) ;
#475 = CARTESIAN_POINT ( 'NONE',  ( -0.03233161507461906900, 0.2577083333333327600, -0.05599999999999998700 ) ) ;
#476 = CARTESIAN_POINT ( 'NONE',  ( -0.04849742261192856900, 0.2566666666666661500, -0.02799999999999999000 ) ) ;
#477 = CARTESIAN_POINT ( 'NONE',  ( -0.06466323014923809600, 0.2556249999999994900, 3.959350124971783400E-018 ) ) ;
#478 = CARTESIAN_POINT ( 'NONE',  ( -0.04849742261192856200, 0.2545833333333328300, 0.02800000000000000800 ) ) ;
#479 = CARTESIAN_POINT ( 'NONE',  ( -0.03233161507461903400, 0.2535416666666661700, 0.05600000000000000100 ) ) ;
#480 = CARTESIAN_POINT ( 'NONE',  ( 0.0000000000000000000, 0.2524999999999994500, 0.05600000000000000800 ) ) ;
#481 = CARTESIAN_POINT ( 'NONE',  ( 0.03233161507461907600, 0.2514583333333327800, 0.05599999999999998700 ) ) ;
#482 = CARTESIAN_POINT ( 'NONE',  ( 0.04849742261192858900, 0.2504166666666661200, 0.02799999999999996600 ) ) ;
#483 = CARTESIAN_POINT ( 'NONE',  ( 0.06466323014923809600, 0.2493749999999994900, -1.187805037491535100E-017 ) ) ;
#484 = CARTESIAN_POINT ( 'NONE',  ( 0.04849742261192855500, 0.2483333333333328200, -0.02800000000000002800 ) ) ;
#485 = CARTESIAN_POINT ( 'NONE',  ( 0.03233161507461902700, 0.2472916666666661600, -0.05600000000000000100 ) ) ;
#486 = CARTESIAN_POINT ( 'NONE',  ( -6.857795581405312900E-018, 0.2462499999999995000, -0.05600000000000000800 ) ) ;
#487 = CARTESIAN_POINT ( 'NONE',  ( -0.03233161507461906900, 0.2452083333333328100, -0.05599999999999998700 ) ) ;
#488 = CARTESIAN_POINT ( 'NONE',  ( 0.03233161507461902700, 0.1222916666666664200, -0.05600000000000000100 ) ) ;
#489 = CARTESIAN_POINT ( 'NONE',  ( -6.857795581405312900E-018, 0.1212499999999997600, -0.05600000000000000800 ) ) ;
#490 = CARTESIAN_POINT ( 'NONE',  ( -0.03233161507461906900, 0.1202083333333331000, -0.05599999999999998700 ) ) ;
#491 = CARTESIAN_POINT ( 'NONE',  ( -0.04849742261192856900, 0.1191666666666664500, -0.02799999999999999000 ) ) ;
#492 = CARTESIAN_POINT ( 'NONE',  ( -0.06466323014923809600, 0.1181249999999997900, 3.959350124971783400E-018 ) ) ;
#493 = CARTESIAN_POINT ( 'NONE',  ( 0.03233161507461902700, 0.04729166666666659300, -0.05600000000000000100 ) ) ;
#494 = CARTESIAN_POINT ( 'NONE',  ( -0.04849742261192856200, 0.05458333333333324800, 0.02800000000000000800 ) ) ;
#495 = CARTESIAN_POINT ( 'NONE',  ( 0.03233161507461902700, 0.05979166666666656200, -0.05600000000000000100 ) ) ;
#496 = CARTESIAN_POINT ( 'NONE',  ( -6.857795581405312900E-018, 0.05874999999999990000, -0.05600000000000000800 ) ) ;
#497 = CARTESIAN_POINT ( 'NONE',  ( -0.03233161507461906900, 0.05770833333333325000, -0.05599999999999998700 ) ) ;
#498 = CARTESIAN_POINT ( 'NONE',  ( -0.04849742261192856200, 0.2045833333333329000, 0.02800000000000000800 ) ) ;
#499 = CARTESIAN_POINT ( 'NONE',  ( -0.03233161507461903400, 0.2035416666666662300, 0.05600000000000000100 ) ) ;
#500 = CARTESIAN_POINT ( 'NONE',  ( 0.0000000000000000000, 0.2024999999999995700, 0.05600000000000000800 ) ) ;
#501 = CARTESIAN_POINT ( 'NONE',  ( 0.03233161507461907600, 0.2014583333333329300, 0.05599999999999998700 ) ) ;
#502 = CARTESIAN_POINT ( 'NONE',  ( 0.04849742261192858900, 0.2004166666666662700, 0.02799999999999996600 ) ) ;
#503 = CARTESIAN_POINT ( 'NONE',  ( 0.06466323014923809600, 0.1993749999999996100, -1.187805037491535100E-017 ) ) ;
#504 = CARTESIAN_POINT ( 'NONE',  ( 0.04849742261192855500, 0.1983333333333329500, -0.02800000000000002800 ) ) ;
#505 = CARTESIAN_POINT ( 'NONE',  ( 0.03233161507461902700, 0.1972916666666662800, -0.05600000000000000100 ) ) ;
#506 = CARTESIAN_POINT ( 'NONE',  ( -6.857795581405312900E-018, 0.1962499999999996200, -0.05600000000000000800 ) ) ;
#507 = CARTESIAN_POINT ( 'NONE',  ( -0.03233161507461906900, 0.1952083333333329600, -0.05599999999999998700 ) ) ;
#508 = CARTESIAN_POINT ( 'NONE',  ( -0.04849742261192856900, 0.1941666666666662700, -0.02799999999999999000 ) ) ;
#509 = CARTESIAN_POINT ( 'NONE',  ( -0.06466323014923809600, 0.3431249999999992400, 3.959350124971783400E-018 ) ) ;
#510 = CARTESIAN_POINT ( 'NONE',  ( -0.04849742261192856200, 0.3420833333333325700, 0.02800000000000000800 ) ) ;
#511 = CARTESIAN_POINT ( 'NONE',  ( -0.03233161507461903400, 0.3410416666666659100, 0.05600000000000000100 ) ) ;
#512 = CARTESIAN_POINT ( 'NONE',  ( -6.857795581405312900E-018, 0.3337499999999992700, -0.05600000000000000800 ) ) ;
#513 = CARTESIAN_POINT ( 'NONE',  ( -0.03233161507461906900, 0.3327083333333326100, -0.05599999999999998700 ) ) ;
#514 = CARTESIAN_POINT ( 'NONE',  ( -0.04849742261192856900, 0.3316666666666659400, -0.02799999999999999000 ) ) ;
#515 = CARTESIAN_POINT ( 'NONE',  ( -0.03233161507461903400, 0.3160416666666660000, 0.05600000000000000100 ) ) ;
#516 = CARTESIAN_POINT ( 'NONE',  ( 0.06466323014923809600, 0.3368749999999992600, -1.187805037491535100E-017 ) ) ;
#517 = CARTESIAN_POINT ( 'NONE',  ( 0.04849742261192855500, 0.3358333333333326000, -0.02800000000000002800 ) ) ;
#518 = CARTESIAN_POINT ( 'NONE',  ( 0.03233161507461902700, 0.3347916666666659300, -0.05600000000000000100 ) ) ;
#519 = CARTESIAN_POINT ( 'NONE',  ( 0.0000000000000000000, 0.3399999999999992500, 0.05600000000000000800 ) ) ;
#520 = CARTESIAN_POINT ( 'NONE',  ( 0.03233161507461907600, 0.3389583333333325800, 0.05599999999999998700 ) ) ;
#521 = CARTESIAN_POINT ( 'NONE',  ( 0.04849742261192858900, 0.3379166666666659200, 0.02799999999999996600 ) ) ;
#522 = CARTESIAN_POINT ( 'NONE',  ( -0.04849742261192856200, 0.3170833333333326100, 0.02800000000000000800 ) ) ;
#523 = CARTESIAN_POINT ( 'NONE',  ( -0.06466323014923809600, 0.3306249999999992800, 3.959350124971783400E-018 ) ) ;
#524 = CARTESIAN_POINT ( 'NONE',  ( -0.04849742261192856200, 0.3295833333333326200, 0.02800000000000000800 ) ) ;
#525 = CARTESIAN_POINT ( 'NONE',  ( -6.857795581405312900E-018, 0.3212499999999992600, -0.05600000000000000800 ) ) ;
#526 = CARTESIAN_POINT ( 'NONE',  ( -0.03233161507461906900, 0.3202083333333326000, -0.05599999999999998700 ) ) ;
#527 = CARTESIAN_POINT ( 'NONE',  ( 0.04849742261192858900, 0.3254166666666659100, 0.02799999999999996600 ) ) ;
#528 = CARTESIAN_POINT ( 'NONE',  ( -0.04849742261192856900, 0.3191666666666659300, -0.02799999999999999000 ) ) ;
#529 = CARTESIAN_POINT ( 'NONE',  ( 0.03233161507461902700, 0.3472916666666658900, -0.05600000000000000100 ) ) ;
#530 = CARTESIAN_POINT ( 'NONE',  ( -6.857795581405312900E-018, 0.3462499999999992300, -0.05600000000000000800 ) ) ;
#531 = CARTESIAN_POINT ( 'NONE',  ( -0.03233161507461906900, 0.3452083333333325600, -0.05599999999999998700 ) ) ;
#532 = CARTESIAN_POINT ( 'NONE',  ( -0.04849742261192856900, 0.3441666666666659000, -0.02799999999999999000 ) ) ;
#533 = CARTESIAN_POINT ( 'NONE',  ( 0.03233161507461907600, 0.3514583333333326000, 0.05599999999999998700 ) ) ;
#534 = CARTESIAN_POINT ( 'NONE',  ( 0.04849742261192858900, 0.3504166666666658800, 0.02799999999999996600 ) ) ;
#535 = CARTESIAN_POINT ( 'NONE',  ( 0.06466323014923809600, 0.3493749999999992100, -1.187805037491535100E-017 ) ) ;
#536 = CARTESIAN_POINT ( 'NONE',  ( 0.04849742261192855500, 0.3483333333333325500, -0.02800000000000002800 ) ) ;
#537 = CARTESIAN_POINT ( 'NONE',  ( 0.03233161507461907600, 0.3264583333333325700, 0.05599999999999998700 ) ) ;
#538 = CARTESIAN_POINT ( 'NONE',  ( -0.06466323014923809600, 0.3181249999999993200, 3.959350124971783400E-018 ) ) ;
#539 = CARTESIAN_POINT ( 'NONE',  ( 0.06466323014923809600, 0.3243749999999992500, -1.187805037491535100E-017 ) ) ;
#540 = CARTESIAN_POINT ( 'NONE',  ( 0.04849742261192855500, 0.3233333333333325800, -0.02800000000000002800 ) ) ;
#541 = CARTESIAN_POINT ( 'NONE',  ( 0.03233161507461902700, 0.3222916666666660300, -0.05600000000000000100 ) ) ;
#542 = CARTESIAN_POINT ( 'NONE',  ( -0.03233161507461903400, 0.3285416666666659500, 0.05600000000000000100 ) ) ;
#543 = CARTESIAN_POINT ( 'NONE',  ( 0.0000000000000000000, 0.3274999999999992400, 0.05600000000000000800 ) ) ;
#544 = CARTESIAN_POINT ( 'NONE',  ( -0.06466323014923809600, 0.3681249999999991500, 3.959350124971783400E-018 ) ) ;
#545 = CARTESIAN_POINT ( 'NONE',  ( -0.04849742261192856200, 0.3670833333333324800, 0.02800000000000000800 ) ) ;
#546 = CARTESIAN_POINT ( 'NONE',  ( -0.03233161507461903400, 0.3660416666666658200, 0.05600000000000000100 ) ) ;
#547 = CARTESIAN_POINT ( 'NONE',  ( 0.0000000000000000000, 0.3649999999999991600, 0.05600000000000000800 ) ) ;
#548 = CARTESIAN_POINT ( 'NONE',  ( 0.03233161507461907600, 0.3639583333333325000, 0.05599999999999998700 ) ) ;
#549 = CARTESIAN_POINT ( 'NONE',  ( 0.04849742261192858900, 0.3629166666666658300, 0.02799999999999996600 ) ) ;
#550 = CARTESIAN_POINT ( 'NONE',  ( 0.06466323014923809600, 0.3618749999999991700, -1.187805037491535100E-017 ) ) ;
#551 = CARTESIAN_POINT ( 'NONE',  ( 0.04849742261192855500, 0.3608333333333325600, -0.02800000000000002800 ) ) ;
#552 = CARTESIAN_POINT ( 'NONE',  ( 0.03233161507461902700, 0.3597916666666658400, -0.05600000000000000100 ) ) ;
#553 = CARTESIAN_POINT ( 'NONE',  ( -6.857795581405312900E-018, 0.3587499999999992400, -0.05600000000000000800 ) ) ;
#554 = CARTESIAN_POINT ( 'NONE',  ( -0.03233161507461906900, 0.3577083333333325200, -0.05599999999999998700 ) ) ;
#555 = CARTESIAN_POINT ( 'NONE',  ( -0.04849742261192856900, 0.3566666666666659100, -0.02799999999999999000 ) ) ;
#556 = CARTESIAN_POINT ( 'NONE',  ( -0.06466323014923809600, 0.3556249999999991900, 3.959350124971783400E-018 ) ) ;
#557 = CARTESIAN_POINT ( 'NONE',  ( -0.04849742261192856200, 0.3545833333333325800, 0.02800000000000000800 ) ) ;
#558 = CARTESIAN_POINT ( 'NONE',  ( -0.03233161507461903400, 0.3535416666666659200, 0.05600000000000000100 ) ) ;
#559 = CARTESIAN_POINT ( 'NONE',  ( 0.0000000000000000000, 0.3524999999999992600, 0.05600000000000000800 ) ) ;
#560 = CARTESIAN_POINT ( 'NONE',  ( 0.06171874377637098800, 0.08137499999999982200, -1.133717486677188400E-017 ) ) ;
#561 = CARTESIAN_POINT ( 'NONE',  ( 0.04628905783227822700, 0.08033333333333316000, -0.02672500000000002300 ) ) ;
#562 = CARTESIAN_POINT ( 'NONE',  ( 0.03085937188818547700, 0.07929166666666649700, -0.05344999999999999800 ) ) ;
#563 = CARTESIAN_POINT ( 'NONE',  ( -6.545520961180605600E-018, 0.07824999999999984700, -0.05344999999999999800 ) ) ;
#564 = CARTESIAN_POINT ( 'NONE',  ( -0.03085937188818551800, 0.07720833333333318400, -0.05344999999999998400 ) ) ;
#565 = CARTESIAN_POINT ( 'NONE',  ( -0.04628905783227824800, 0.07616666666666650800, -0.02672499999999998500 ) ) ;
#566 = CARTESIAN_POINT ( 'NONE',  ( -0.06171874377637098800, 0.07512499999999984500, 3.779058288923960300E-018 ) ) ;
#567 = CARTESIAN_POINT ( 'NONE',  ( 0.04628905783227822700, 0.06783333333333319000, -0.02672500000000002300 ) ) ;
#568 = CARTESIAN_POINT ( 'NONE',  ( 0.03085937188818547700, 0.06679166666666652700, -0.05344999999999999800 ) ) ;
#569 = CARTESIAN_POINT ( 'NONE',  ( -6.545520961180605600E-018, 0.06574999999999986400, -0.05344999999999999800 ) ) ;
#570 = CARTESIAN_POINT ( 'NONE',  ( -0.03085937188818551800, 0.06470833333333321500, -0.05344999999999998400 ) ) ;
#571 = CARTESIAN_POINT ( 'NONE',  ( -0.04628905783227824800, 0.06366666666666653800, -0.02672499999999998500 ) ) ;
#572 = CARTESIAN_POINT ( 'NONE',  ( -0.06171874377637098800, 0.01262499999999998700, 3.779058288923960300E-018 ) ) ;
#573 = CARTESIAN_POINT ( 'NONE',  ( -0.04628905783227824100, 0.01158333333333332400, 0.02672500000000000200 ) ) ;
#574 = CARTESIAN_POINT ( 'NONE',  ( 0.03085937188818547700, 0.09179166666666648000, -0.05344999999999999800 ) ) ;
#575 = CARTESIAN_POINT ( 'NONE',  ( -6.545520961180605600E-018, 0.09074999999999981700, -0.05344999999999999800 ) ) ;
#576 = CARTESIAN_POINT ( 'NONE',  ( -0.03085937188818551800, 0.08970833333333315400, -0.05344999999999998400 ) ) ;
#577 = CARTESIAN_POINT ( 'NONE',  ( -0.04628905783227824800, 0.08866666666666649100, -0.02672499999999998500 ) ) ;
#578 = CARTESIAN_POINT ( 'NONE',  ( -0.06171874377637098800, 0.08762499999999980000, 3.779058288923960300E-018 ) ) ;
#579 = CARTESIAN_POINT ( 'NONE',  ( -0.04628905783227824100, 0.08658333333333315100, 0.02672500000000000200 ) ) ;
#580 = CARTESIAN_POINT ( 'NONE',  ( -0.03085937188818549000, 0.08554166666666648800, 0.05344999999999999800 ) ) ;
#581 = CARTESIAN_POINT ( 'NONE',  ( 0.0000000000000000000, 0.08449999999999982500, 0.05344999999999999800 ) ) ;
#582 = CARTESIAN_POINT ( 'NONE',  ( 0.03085937188818552200, 0.08345833333333316200, 0.05344999999999998400 ) ) ;
#583 = CARTESIAN_POINT ( 'NONE',  ( 0.04628905783227826900, 0.08241666666666648500, 0.02672499999999996400 ) ) ;
#584 = CARTESIAN_POINT ( 'NONE',  ( 0.04628905783227822700, 0.03033333333333327800, -0.02672500000000002300 ) ) ;
#585 = CARTESIAN_POINT ( 'NONE',  ( 0.03085937188818547700, 0.02929166666666661900, -0.05344999999999999800 ) ) ;
#586 = CARTESIAN_POINT ( 'NONE',  ( -6.545520961180605600E-018, 0.02824999999999995200, -0.05344999999999999800 ) ) ;
#587 = CARTESIAN_POINT ( 'NONE',  ( -0.03085937188818551800, 0.02720833333333328900, -0.05344999999999998400 ) ) ;
#588 = CARTESIAN_POINT ( 'NONE',  ( -0.03085937188818549000, 0.2605416666666661200, 0.05344999999999999800 ) ) ;
#589 = CARTESIAN_POINT ( 'NONE',  ( 0.0000000000000000000, 0.2594999999999994500, 0.05344999999999999800 ) ) ;
#590 = CARTESIAN_POINT ( 'NONE',  ( 0.03085937188818552200, 0.2584583333333327300, 0.05344999999999998400 ) ) ;
#591 = CARTESIAN_POINT ( 'NONE',  ( 0.04628905783227826900, 0.2574166666666660700, 0.02672499999999996400 ) ) ;
#592 = CARTESIAN_POINT ( 'NONE',  ( 0.06171874377637098800, 0.2563749999999994100, -1.133717486677188400E-017 ) ) ;
#593 = CARTESIAN_POINT ( 'NONE',  ( 0.04628905783227822700, 0.2553333333333327500, -0.02672500000000002300 ) ) ;
#594 = CARTESIAN_POINT ( 'NONE',  ( 0.03085937188818547700, 0.2542916666666661400, -0.05344999999999999800 ) ) ;
#595 = CARTESIAN_POINT ( 'NONE',  ( -6.545520961180605600E-018, 0.2532499999999994200, -0.05344999999999999800 ) ) ;
#596 = CARTESIAN_POINT ( 'NONE',  ( -0.03085937188818551800, 0.2522083333333328100, -0.05344999999999998400 ) ) ;
#597 = CARTESIAN_POINT ( 'NONE',  ( -0.04628905783227824800, 0.2511666666666660900, -0.02672499999999998500 ) ) ;
#598 = CARTESIAN_POINT ( 'NONE',  ( -0.06171874377637098800, 0.2501249999999994300, 3.779058288923960300E-018 ) ) ;
#599 = CARTESIAN_POINT ( 'NONE',  ( -0.04628905783227824100, 0.2490833333333328000, 0.02672500000000000200 ) ) ;
#600 = CARTESIAN_POINT ( 'NONE',  ( -0.03085937188818549000, 0.2480416666666661300, 0.05344999999999999800 ) ) ;
#601 = CARTESIAN_POINT ( 'NONE',  ( 0.0000000000000000000, 0.2469999999999994400, 0.05344999999999999800 ) ) ;
#602 = CARTESIAN_POINT ( 'NONE',  ( 0.03085937188818552200, 0.2459583333333327800, 0.05344999999999998400 ) ) ;
#603 = CARTESIAN_POINT ( 'NONE',  ( -0.03233161507461906900, 0.3702083333333324700, -0.05599999999999998700 ) ) ;
#604 = CARTESIAN_POINT ( 'NONE',  ( -0.04849742261192856900, 0.3691666666666658100, -0.02799999999999999000 ) ) ;
#605 = CARTESIAN_POINT ( 'NONE',  ( -6.857795581405312900E-018, 0.3712499999999991400, -0.05600000000000000800 ) ) ;
#606 = CARTESIAN_POINT ( 'NONE',  ( 0.03085937188818552200, 0.1334583333333330400, 0.05344999999999998400 ) ) ;
#607 = CARTESIAN_POINT ( 'NONE',  ( 0.04628905783227826900, 0.1324166666666663800, 0.02672499999999996400 ) ) ;
#608 = CARTESIAN_POINT ( 'NONE',  ( 0.06171874377637098800, 0.1313749999999997100, -1.133717486677188400E-017 ) ) ;
#609 = CARTESIAN_POINT ( 'NONE',  ( 0.04628905783227822700, 0.1303333333333330500, -0.02672500000000002300 ) ) ;
#610 = CARTESIAN_POINT ( 'NONE',  ( 0.03085937188818547700, 0.1292916666666664200, -0.05344999999999999800 ) ) ;
#611 = CARTESIAN_POINT ( 'NONE',  ( -6.545520961180605600E-018, 0.1282499999999997300, -0.05344999999999999800 ) ) ;
#612 = CARTESIAN_POINT ( 'NONE',  ( -0.03085937188818551800, 0.1272083333333330600, -0.05344999999999998400 ) ) ;
#613 = CARTESIAN_POINT ( 'NONE',  ( -0.04628905783227824800, 0.1261666666666664000, -0.02672499999999998500 ) ) ;
#614 = CARTESIAN_POINT ( 'NONE',  ( -0.06171874377637098800, 0.1251249999999997400, 3.779058288923960300E-018 ) ) ;
#615 = CARTESIAN_POINT ( 'NONE',  ( -0.04628905783227824100, 0.1240833333333330700, 0.02672500000000000200 ) ) ;
#616 = CARTESIAN_POINT ( 'NONE',  ( -0.03085937188818549000, 0.1230416666666664200, 0.05344999999999999800 ) ) ;
#617 = CARTESIAN_POINT ( 'NONE',  ( 0.0000000000000000000, 0.1219999999999997300, 0.05344999999999999800 ) ) ;
#618 = CARTESIAN_POINT ( 'NONE',  ( 0.03085937188818552200, 0.1209583333333330700, 0.05344999999999998400 ) ) ;
#619 = CARTESIAN_POINT ( 'NONE',  ( 0.04628905783227826900, 0.1199166666666664100, 0.02672499999999996400 ) ) ;
#620 = CARTESIAN_POINT ( 'NONE',  ( 0.06171874377637098800, 0.1188749999999997400, -1.133717486677188400E-017 ) ) ;
#621 = CARTESIAN_POINT ( 'NONE',  ( 0.04628905783227822700, 0.1178333333333330800, -0.02672500000000002300 ) ) ;
#622 = CARTESIAN_POINT ( 'NONE',  ( 0.03085937188818547700, 0.1167916666666664200, -0.05344999999999999800 ) ) ;
#623 = CARTESIAN_POINT ( 'NONE',  ( -6.545520961180605600E-018, 0.1157499999999997400, -0.05344999999999999800 ) ) ;
#624 = CARTESIAN_POINT ( 'NONE',  ( -0.03085937188818551800, 0.1147083333333330900, -0.05344999999999998400 ) ) ;
#625 = CARTESIAN_POINT ( 'NONE',  ( -0.04628905783227824800, 0.1136666666666664300, -0.02672499999999998500 ) ) ;
#626 = CARTESIAN_POINT ( 'NONE',  ( -0.03085937188818551800, 0.05220833333333323200, -0.05344999999999998400 ) ) ;
#627 = CARTESIAN_POINT ( 'NONE',  ( -0.04628905783227824800, 0.05116666666666656200, -0.02672499999999998500 ) ) ;
#628 = CARTESIAN_POINT ( 'NONE',  ( -0.06171874377637098800, 0.05012499999999989900, 3.779058288923960300E-018 ) ) ;
#629 = CARTESIAN_POINT ( 'NONE',  ( -0.04628905783227824100, 0.04908333333333324300, 0.02672500000000000200 ) ) ;
#630 = CARTESIAN_POINT ( 'NONE',  ( 0.04628905783227822700, 0.2053333333333329000, -0.02672500000000002300 ) ) ;
#631 = CARTESIAN_POINT ( 'NONE',  ( 0.03085937188818547700, 0.2042916666666662600, -0.05344999999999999800 ) ) ;
#632 = CARTESIAN_POINT ( 'NONE',  ( -6.545520961180605600E-018, 0.2032499999999995700, -0.05344999999999999800 ) ) ;
#633 = CARTESIAN_POINT ( 'NONE',  ( -0.03085937188818551800, 0.2022083333333329300, -0.05344999999999998400 ) ) ;
#634 = CARTESIAN_POINT ( 'NONE',  ( -0.04628905783227824800, 0.2011666666666662400, -0.02672499999999998500 ) ) ;
#635 = CARTESIAN_POINT ( 'NONE',  ( -0.06171874377637098800, 0.2001249999999995300, 3.779058288923960300E-018 ) ) ;
#636 = CARTESIAN_POINT ( 'NONE',  ( -0.04628905783227824100, 0.1990833333333328900, 0.02672500000000000200 ) ) ;
#637 = CARTESIAN_POINT ( 'NONE',  ( -0.03085937188818549000, 0.1980416666666662300, 0.05344999999999999800 ) ) ;
#638 = CARTESIAN_POINT ( 'NONE',  ( 0.0000000000000000000, 0.1969999999999995600, 0.05344999999999999800 ) ) ;
#639 = CARTESIAN_POINT ( 'NONE',  ( 0.03085937188818552200, 0.1959583333333329000, 0.05344999999999998400 ) ) ;
#640 = CARTESIAN_POINT ( 'NONE',  ( 0.04628905783227826900, 0.1949166666666662400, 0.02672499999999996400 ) ) ;
#641 = CARTESIAN_POINT ( 'NONE',  ( 0.06171874377637098800, 0.1938749999999995800, -1.133717486677188400E-017 ) ) ;
#642 = CARTESIAN_POINT ( 'NONE',  ( 0.04628905783227822700, 0.1928333333333329100, -0.02672500000000002300 ) ) ;
#643 = CARTESIAN_POINT ( 'NONE',  ( 0.03085937188818547700, 0.1917916666666662500, -0.05344999999999999800 ) ) ;
#644 = CARTESIAN_POINT ( 'NONE',  ( -6.545520961180605600E-018, 0.1907499999999995900, -0.05344999999999999800 ) ) ;
#645 = CARTESIAN_POINT ( 'NONE',  ( -0.03085937188818551800, 0.1897083333333329200, -0.05344999999999998400 ) ) ;
#646 = CARTESIAN_POINT ( 'NONE',  ( -0.04628905783227824800, 0.1886666666666662300, -0.02672499999999998500 ) ) ;
#647 = CARTESIAN_POINT ( 'NONE',  ( -0.06171874377637098800, 0.1876249999999996000, 3.779058288923960300E-018 ) ) ;
#648 = CARTESIAN_POINT ( 'NONE',  ( -0.04628905783227824100, 0.1865833333333329100, 0.02672500000000000200 ) ) ;
#649 = CARTESIAN_POINT ( 'NONE',  ( -0.03085937188818549000, 0.1855416666666662400, 0.05344999999999999800 ) ) ;
#650 = CARTESIAN_POINT ( 'NONE',  ( 0.0000000000000000000, 0.1844999999999996100, 0.05344999999999999800 ) ) ;
#651 = CARTESIAN_POINT ( 'NONE',  ( 0.03085937188818552200, 0.1834583333333329500, 0.05344999999999998400 ) ) ;
#652 = CARTESIAN_POINT ( 'NONE',  ( 0.04628905783227826900, 0.1824166666666662800, 0.02672499999999996400 ) ) ;
#653 = CARTESIAN_POINT ( 'NONE',  ( 0.06171874377637098800, 0.1813749999999996200, -1.133717486677188400E-017 ) ) ;
#654 = CARTESIAN_POINT ( 'NONE',  ( 0.04628905783227822700, 0.1803333333333329600, -0.02672500000000002300 ) ) ;
#655 = CARTESIAN_POINT ( 'NONE',  ( 0.03085937188818547700, 0.1792916666666662900, -0.05344999999999999800 ) ) ;
#656 = CARTESIAN_POINT ( 'NONE',  ( -6.545520961180605600E-018, 0.1782499999999996300, -0.05344999999999999800 ) ) ;
#657 = CARTESIAN_POINT ( 'NONE',  ( -0.03085937188818551800, 0.1772083333333329400, -0.05344999999999998400 ) ) ;
#658 = CARTESIAN_POINT ( 'NONE',  ( -0.04628905783227824800, 0.1761666666666662800, -0.02672499999999998500 ) ) ;
#659 = CARTESIAN_POINT ( 'NONE',  ( -0.06171874377637098800, 0.1751249999999996100, 3.779058288923960300E-018 ) ) ;
#660 = CARTESIAN_POINT ( 'NONE',  ( -0.04628905783227824100, 0.1740833333333329500, 0.02672500000000000200 ) ) ;
#661 = CARTESIAN_POINT ( 'NONE',  ( -0.03085937188818549000, 0.1730416666666662900, 0.05344999999999999800 ) ) ;
#662 = CARTESIAN_POINT ( 'NONE',  ( 0.0000000000000000000, 0.1719999999999996300, 0.05344999999999999800 ) ) ;
#663 = CARTESIAN_POINT ( 'NONE',  ( 0.03085937188818552200, 0.1709583333333329600, 0.05344999999999998400 ) ) ;
#664 = CARTESIAN_POINT ( 'NONE',  ( 0.04628905783227826900, 0.1699166666666663000, 0.02672499999999996400 ) ) ;
#665 = CARTESIAN_POINT ( 'NONE',  ( 0.06171874377637098800, 0.1688749999999996400, -1.133717486677188400E-017 ) ) ;
#666 = CARTESIAN_POINT ( 'NONE',  ( 0.04628905783227822700, 0.1678333333333329700, -0.02672500000000002300 ) ) ;
#667 = CARTESIAN_POINT ( 'NONE',  ( 0.03085937188818547700, 0.1667916666666663400, -0.05344999999999999800 ) ) ;
#668 = CARTESIAN_POINT ( 'NONE',  ( -6.545520961180605600E-018, 0.1657499999999996200, -0.05344999999999999800 ) ) ;
#669 = CARTESIAN_POINT ( 'NONE',  ( -0.03085937188818551800, 0.1647083333333329800, -0.05344999999999998400 ) ) ;
#670 = CARTESIAN_POINT ( 'NONE',  ( -0.04628905783227824800, 0.1636666666666662900, -0.02672499999999998500 ) ) ;
#671 = CARTESIAN_POINT ( 'NONE',  ( -0.06171874377637098800, 0.1626249999999996600, 3.779058288923960300E-018 ) ) ;
#672 = CARTESIAN_POINT ( 'NONE',  ( -0.04628905783227824100, 0.1615833333333329700, 0.02672500000000000200 ) ) ;
#673 = CARTESIAN_POINT ( 'NONE',  ( -0.03085937188818549000, 0.1605416666666663300, 0.05344999999999999800 ) ) ;
#674 = CARTESIAN_POINT ( 'NONE',  ( 0.0000000000000000000, 0.1594999999999996700, 0.05344999999999999800 ) ) ;
#675 = CARTESIAN_POINT ( 'NONE',  ( 0.03085937188818552200, 0.1584583333333330100, 0.05344999999999998400 ) ) ;
#676 = CARTESIAN_POINT ( 'NONE',  ( 0.04628905783227826900, 0.2449166666666661200, 0.02672499999999996400 ) ) ;
#677 = CARTESIAN_POINT ( 'NONE',  ( 0.06171874377637098800, 0.2438749999999994500, -1.133717486677188400E-017 ) ) ;
#678 = CARTESIAN_POINT ( 'NONE',  ( 0.04628905783227822700, 0.2428333333333327900, -0.02672500000000002300 ) ) ;
#679 = CARTESIAN_POINT ( 'NONE',  ( 0.03085937188818547700, 0.2417916666666661300, -0.05344999999999999800 ) ) ;
#680 = CARTESIAN_POINT ( 'NONE',  ( -6.545520961180605600E-018, 0.2407499999999994600, -0.05344999999999999800 ) ) ;
#681 = CARTESIAN_POINT ( 'NONE',  ( -0.03085937188818551800, 0.2397083333333327700, -0.05344999999999998400 ) ) ;
#682 = CARTESIAN_POINT ( 'NONE',  ( -0.04628905783227824800, 0.2386666666666661400, -0.02672499999999998500 ) ) ;
#683 = CARTESIAN_POINT ( 'NONE',  ( -0.06171874377637098800, 0.2376249999999995300, 3.779058288923960300E-018 ) ) ;
#684 = CARTESIAN_POINT ( 'NONE',  ( -0.04628905783227824100, 0.2365833333333328400, 0.02672500000000000200 ) ) ;
#685 = CARTESIAN_POINT ( 'NONE',  ( -0.03085937188818549000, 0.2355416666666661500, 0.05344999999999999800 ) ) ;
#686 = CARTESIAN_POINT ( 'NONE',  ( 0.0000000000000000000, 0.2344999999999994600, 0.05344999999999999800 ) ) ;
#687 = CARTESIAN_POINT ( 'NONE',  ( 0.03085937188818552200, 0.2334583333333328200, 0.05344999999999998400 ) ) ;
#688 = CARTESIAN_POINT ( 'NONE',  ( 0.04628905783227826900, 0.2324166666666661600, 0.02672499999999996400 ) ) ;
#689 = CARTESIAN_POINT ( 'NONE',  ( 0.06171874377637098800, 0.2313749999999995000, -1.133717486677188400E-017 ) ) ;
#690 = CARTESIAN_POINT ( 'NONE',  ( 0.04628905783227822700, 0.2303333333333328300, -0.02672500000000002300 ) ) ;
#691 = CARTESIAN_POINT ( 'NONE',  ( 0.03085937188818547700, 0.2292916666666661700, -0.05344999999999999800 ) ) ;
#692 = CARTESIAN_POINT ( 'NONE',  ( -6.545520961180605600E-018, 0.2282499999999995100, -0.05344999999999999800 ) ) ;
#693 = CARTESIAN_POINT ( 'NONE',  ( -0.03085937188818551800, 0.2272083333333328500, -0.05344999999999998400 ) ) ;
#694 = CARTESIAN_POINT ( 'NONE',  ( -0.04628905783227824800, 0.2261666666666661800, -0.02672499999999998500 ) ) ;
#695 = CARTESIAN_POINT ( 'NONE',  ( -0.06171874377637098800, 0.2251249999999994900, 3.779058288923960300E-018 ) ) ;
#696 = CARTESIAN_POINT ( 'NONE',  ( -0.04628905783227824100, 0.2240833333333328600, 0.02672500000000000200 ) ) ;
#697 = CARTESIAN_POINT ( 'NONE',  ( -0.03085937188818549000, 0.2230416666666661400, 0.05344999999999999800 ) ) ;
#698 = CARTESIAN_POINT ( 'NONE',  ( 0.0000000000000000000, 0.2219999999999995000, 0.05344999999999999800 ) ) ;
#699 = CARTESIAN_POINT ( 'NONE',  ( 0.03085937188818552200, 0.2209583333333328400, 0.05344999999999998400 ) ) ;
#700 = CARTESIAN_POINT ( 'NONE',  ( 0.04628905783227826900, 0.2199166666666661800, 0.02672499999999996400 ) ) ;
#701 = CARTESIAN_POINT ( 'NONE',  ( 0.06171874377637098800, 0.2188749999999995400, -1.133717486677188400E-017 ) ) ;
#702 = CARTESIAN_POINT ( 'NONE',  ( 0.04628905783227822700, 0.2178333333333328500, -0.02672500000000002300 ) ) ;
#703 = CARTESIAN_POINT ( 'NONE',  ( 0.03085937188818547700, 0.2167916666666662200, -0.05344999999999999800 ) ) ;
#704 = CARTESIAN_POINT ( 'NONE',  ( -6.545520961180605600E-018, 0.2157499999999995300, -0.05344999999999999800 ) ) ;
#705 = CARTESIAN_POINT ( 'NONE',  ( -0.03085937188818551800, 0.2147083333333328900, -0.05344999999999998400 ) ) ;
#706 = CARTESIAN_POINT ( 'NONE',  ( -0.04628905783227824800, 0.2136666666666662000, -0.02672499999999998500 ) ) ;
#707 = CARTESIAN_POINT ( 'NONE',  ( -0.06171874377637098800, 0.2126249999999995600, 3.779058288923960300E-018 ) ) ;
#708 = CARTESIAN_POINT ( 'NONE',  ( -0.04628905783227824100, 0.2115833333333328500, 0.02672500000000000200 ) ) ;
#709 = CARTESIAN_POINT ( 'NONE',  ( -0.03085937188818549000, 0.2105416666666661800, 0.05344999999999999800 ) ) ;
#710 = CARTESIAN_POINT ( 'NONE',  ( 0.0000000000000000000, 0.2094999999999995500, 0.05344999999999999800 ) ) ;
#711 = CARTESIAN_POINT ( 'NONE',  ( 0.03085937188818552200, 0.2084583333333328600, 0.05344999999999998400 ) ) ;
#712 = CARTESIAN_POINT ( 'NONE',  ( 0.04628905783227826900, 0.2074166666666662200, 0.02672499999999996400 ) ) ;
#713 = CARTESIAN_POINT ( 'NONE',  ( 0.06171874377637098800, 0.2063749999999995300, -1.133717486677188400E-017 ) ) ;
#714 = CARTESIAN_POINT ( 'NONE',  ( -0.03085937188818549000, 0.01054166666666665800, 0.05344999999999999800 ) ) ;
#715 = CARTESIAN_POINT ( 'NONE',  ( 0.0000000000000000000, 0.009499999999999994600, 0.05344999999999999800 ) ) ;
#716 = CARTESIAN_POINT ( 'NONE',  ( 0.03233161507461902700, 0.3722916666666658000, -0.05600000000000000100 ) ) ;
#717 = CARTESIAN_POINT ( 'NONE',  ( 0.0000000000000000000, 0.03449999999999993300, 0.05344999999999999800 ) ) ;
#718 = CARTESIAN_POINT ( 'NONE',  ( 0.03085937188818552200, 0.03345833333333327700, 0.05344999999999998400 ) ) ;
#719 = CARTESIAN_POINT ( 'NONE',  ( 0.04628905783227826900, 0.03241666666666660800, 0.02672499999999996400 ) ) ;
#720 = CARTESIAN_POINT ( 'NONE',  ( 0.06171874377637098800, 0.03137499999999994500, -1.133717486677188400E-017 ) ) ;
#721 = CARTESIAN_POINT ( 'NONE',  ( 0.04849742261192855500, 0.3733333333333324600, -0.02800000000000002800 ) ) ;
#722 = CARTESIAN_POINT ( 'NONE',  ( 0.03233161507461907600, 0.3764583333333325600, 0.05599999999999998700 ) ) ;
#723 = CARTESIAN_POINT ( 'NONE',  ( 0.06171874377637098800, 0.05637499999999989000, -1.133717486677188400E-017 ) ) ;
#724 = CARTESIAN_POINT ( 'NONE',  ( 0.04628905783227822700, 0.05533333333333322800, -0.02672500000000002300 ) ) ;
#725 = CARTESIAN_POINT ( 'NONE',  ( 0.03085937188818547700, 0.05429166666666655100, -0.05344999999999999800 ) ) ;
#726 = CARTESIAN_POINT ( 'NONE',  ( -6.545520961180605600E-018, 0.05324999999999989500, -0.05344999999999999800 ) ) ;
#727 = CARTESIAN_POINT ( 'NONE',  ( -0.06171874377637098800, 0.06262499999999987500, 3.779058288923960300E-018 ) ) ;
#728 = CARTESIAN_POINT ( 'NONE',  ( -0.04628905783227824100, 0.06158333333333321200, 0.02672500000000000200 ) ) ;
#729 = CARTESIAN_POINT ( 'NONE',  ( -0.03085937188818549000, 0.06054166666666654200, 0.05344999999999999800 ) ) ;
#730 = CARTESIAN_POINT ( 'NONE',  ( 0.0000000000000000000, 0.05949999999999987900, 0.05344999999999999800 ) ) ;
#731 = CARTESIAN_POINT ( 'NONE',  ( 0.03085937188818552200, 0.05845833333333322300, 0.05344999999999998400 ) ) ;
#732 = CARTESIAN_POINT ( 'NONE',  ( 0.04628905783227826900, 0.05741666666666655300, 0.02672499999999996400 ) ) ;
#733 = CARTESIAN_POINT ( 'NONE',  ( 0.04628905783227822700, 0.04283333333333325800, -0.02672500000000002300 ) ) ;
#734 = CARTESIAN_POINT ( 'NONE',  ( 0.03085937188818547700, 0.04179166666666658800, -0.05344999999999999800 ) ) ;
#735 = CARTESIAN_POINT ( 'NONE',  ( -6.545520961180605600E-018, 0.04074999999999992500, -0.05344999999999999800 ) ) ;
#736 = CARTESIAN_POINT ( 'NONE',  ( -0.03085937188818551800, 0.03970833333333325500, -0.05344999999999998400 ) ) ;
#737 = CARTESIAN_POINT ( 'NONE',  ( 0.04628905783227826900, 0.1574166666666663400, 0.02672499999999996400 ) ) ;
#738 = CARTESIAN_POINT ( 'NONE',  ( 0.06171874377637098800, 0.1563749999999996500, -1.133717486677188400E-017 ) ) ;
#739 = CARTESIAN_POINT ( 'NONE',  ( 0.04628905783227822700, 0.1553333333333329900, -0.02672500000000002300 ) ) ;
#740 = CARTESIAN_POINT ( 'NONE',  ( 0.03085937188818547700, 0.1542916666666663000, -0.05344999999999999800 ) ) ;
#741 = CARTESIAN_POINT ( 'NONE',  ( -6.545520961180605600E-018, 0.1532499999999996600, -0.05344999999999999800 ) ) ;
#742 = CARTESIAN_POINT ( 'NONE',  ( -0.03085937188818551800, 0.1522083333333330000, -0.05344999999999998400 ) ) ;
#743 = CARTESIAN_POINT ( 'NONE',  ( -0.04628905783227824800, 0.1511666666666663400, -0.02672499999999998500 ) ) ;
#744 = CARTESIAN_POINT ( 'NONE',  ( -0.06171874377637098800, 0.1501249999999996800, 3.779058288923960300E-018 ) ) ;
#745 = CARTESIAN_POINT ( 'NONE',  ( -0.04628905783227824100, 0.1490833333333330100, 0.02672500000000000200 ) ) ;
#746 = CARTESIAN_POINT ( 'NONE',  ( -0.03085937188818549000, 0.1480416666666663800, 0.05344999999999999800 ) ) ;
#747 = CARTESIAN_POINT ( 'NONE',  ( 0.0000000000000000000, 0.1469999999999996900, 0.05344999999999999800 ) ) ;
#748 = CARTESIAN_POINT ( 'NONE',  ( 0.03085937188818552200, 0.1459583333333330500, 0.05344999999999998400 ) ) ;
#749 = CARTESIAN_POINT ( 'NONE',  ( 0.04628905783227826900, 0.1449166666666663600, 0.02672499999999996400 ) ) ;
#750 = CARTESIAN_POINT ( 'NONE',  ( 0.06171874377637098800, 0.1438749999999997000, -1.133717486677188400E-017 ) ) ;
#751 = CARTESIAN_POINT ( 'NONE',  ( 0.04628905783227822700, 0.1428333333333330300, -0.02672500000000002300 ) ) ;
#752 = CARTESIAN_POINT ( 'NONE',  ( 0.03085937188818547700, 0.1417916666666663700, -0.05344999999999999800 ) ) ;
#753 = CARTESIAN_POINT ( 'NONE',  ( -6.545520961180605600E-018, 0.1407499999999997100, -0.05344999999999999800 ) ) ;
#754 = CARTESIAN_POINT ( 'NONE',  ( -0.03085937188818551800, 0.1397083333333330200, -0.05344999999999998400 ) ) ;
#755 = CARTESIAN_POINT ( 'NONE',  ( -0.04628905783227824800, 0.1386666666666663500, -0.02672499999999998500 ) ) ;
#756 = CARTESIAN_POINT ( 'NONE',  ( -0.06171874377637098800, 0.1376249999999997200, 3.779058288923960300E-018 ) ) ;
#757 = CARTESIAN_POINT ( 'NONE',  ( -0.04628905783227824100, 0.1365833333333330300, 0.02672500000000000200 ) ) ;
#758 = CARTESIAN_POINT ( 'NONE',  ( -0.03085937188818549000, 0.1355416666666663700, 0.05344999999999999800 ) ) ;
#759 = CARTESIAN_POINT ( 'NONE',  ( 0.0000000000000000000, 0.1344999999999997300, 0.05344999999999999800 ) ) ;
#760 = CARTESIAN_POINT ( 'NONE',  ( -0.04628905783227824800, 0.03866666666666659200, -0.02672499999999998500 ) ) ;
#761 = CARTESIAN_POINT ( 'NONE',  ( -0.06171874377637098800, 0.03762499999999992900, 3.779058288923960300E-018 ) ) ;
#762 = CARTESIAN_POINT ( 'NONE',  ( -0.04628905783227824100, 0.03658333333333326600, 0.02672500000000000200 ) ) ;
#763 = CARTESIAN_POINT ( 'NONE',  ( -0.03085937188818549000, 0.03554166666666660300, 0.05344999999999999800 ) ) ;
#764 = CARTESIAN_POINT ( 'NONE',  ( 0.06171874377637098800, 0.01887499999999997200, -1.133717486677188400E-017 ) ) ;
#765 = CARTESIAN_POINT ( 'NONE',  ( 0.04628905783227822700, 0.01783333333333330900, -0.02672500000000002300 ) ) ;
#766 = CARTESIAN_POINT ( 'NONE',  ( 0.03085937188818547700, 0.01679166666666664600, -0.05344999999999999800 ) ) ;
#767 = CARTESIAN_POINT ( 'NONE',  ( -6.545520961180605600E-018, 0.01574999999999997900, -0.05344999999999999800 ) ) ;
#768 = CARTESIAN_POINT ( 'NONE',  ( -0.04628905783227824100, 0.07408333333333318200, 0.02672500000000000200 ) ) ;
#769 = CARTESIAN_POINT ( 'NONE',  ( -0.03085937188818549000, 0.07304166666666650500, 0.05344999999999999800 ) ) ;
#770 = CARTESIAN_POINT ( 'NONE',  ( 0.0000000000000000000, 0.07199999999999985600, 0.05344999999999999800 ) ) ;
#771 = CARTESIAN_POINT ( 'NONE',  ( 0.03085937188818552200, 0.07095833333333317900, 0.05344999999999998400 ) ) ;
#772 = CARTESIAN_POINT ( 'NONE',  ( 0.04628905783227826900, 0.06991666666666653000, 0.02672499999999996400 ) ) ;
#773 = CARTESIAN_POINT ( 'NONE',  ( 0.06171874377637098800, 0.06887499999999986700, -1.133717486677188400E-017 ) ) ;
#774 = CARTESIAN_POINT ( 'NONE',  ( -0.03085937188818551800, 0.01470833333333331600, -0.05344999999999998400 ) ) ;
#775 = CARTESIAN_POINT ( 'NONE',  ( -0.04628905783227824800, 0.01366666666666665200, -0.02672499999999998500 ) ) ;
#776 = CARTESIAN_POINT ( 'NONE',  ( 0.04849742261192858900, 0.3754166666666658400, 0.02799999999999996600 ) ) ;
#777 = CARTESIAN_POINT ( 'NONE',  ( 0.06466323014923809600, 0.3743749999999991300, -1.187805037491535100E-017 ) ) ;
#778 = CARTESIAN_POINT ( 'NONE',  ( 0.0000000000000000000, 0.02199999999999996400, 0.05344999999999999800 ) ) ;
#779 = CARTESIAN_POINT ( 'NONE',  ( 0.03085937188818552200, 0.02095833333333330500, 0.05344999999999998400 ) ) ;
#780 = CARTESIAN_POINT ( 'NONE',  ( 0.04628905783227826900, 0.01991666666666663800, 0.02672499999999996400 ) ) ;
#781 = CARTESIAN_POINT ( 'NONE',  ( -0.04628905783227824800, 0.2761666666666660600, -0.02672499999999998500 ) ) ;
#782 = CARTESIAN_POINT ( 'NONE',  ( -0.06171874377637098800, 0.2751249999999994000, 3.779058288923960300E-018 ) ) ;
#783 = CARTESIAN_POINT ( 'NONE',  ( -0.04628905783227824100, 0.2740833333333327300, 0.02672500000000000200 ) ) ;
#784 = CARTESIAN_POINT ( 'NONE',  ( -0.03085937188818549000, 0.2730416666666660700, 0.05344999999999999800 ) ) ;
#785 = CARTESIAN_POINT ( 'NONE',  ( 0.0000000000000000000, 0.2719999999999994100, 0.05344999999999999800 ) ) ;
#786 = CARTESIAN_POINT ( 'NONE',  ( 0.03085937188818552200, 0.2709583333333327500, 0.05344999999999998400 ) ) ;
#787 = CARTESIAN_POINT ( 'NONE',  ( 0.04628905783227826900, 0.2699166666666660800, 0.02672499999999996400 ) ) ;
#788 = CARTESIAN_POINT ( 'NONE',  ( 0.06171874377637098800, 0.2688749999999994200, -1.133717486677188400E-017 ) ) ;
#789 = CARTESIAN_POINT ( 'NONE',  ( 0.04628905783227822700, 0.2678333333333327600, -0.02672500000000002300 ) ) ;
#790 = CARTESIAN_POINT ( 'NONE',  ( 0.03085937188818547700, 0.2667916666666660900, -0.05344999999999999800 ) ) ;
#791 = CARTESIAN_POINT ( 'NONE',  ( -6.545520961180605600E-018, 0.2657499999999994300, -0.05344999999999999800 ) ) ;
#792 = CARTESIAN_POINT ( 'NONE',  ( -0.03085937188818551800, 0.2647083333333327700, -0.05344999999999998400 ) ) ;
#793 = CARTESIAN_POINT ( 'NONE',  ( -0.04628905783227824800, 0.2636666666666661100, -0.02672499999999998500 ) ) ;
#794 = CARTESIAN_POINT ( 'NONE',  ( -0.06171874377637098800, 0.2626249999999994400, 3.779058288923960300E-018 ) ) ;
#795 = CARTESIAN_POINT ( 'NONE',  ( -0.04628905783227824100, 0.2615833333333327800, 0.02672500000000000200 ) ) ;
#796 = CARTESIAN_POINT ( 'NONE',  ( -0.06171874377637098800, 0.1126249999999997700, 3.779058288923960300E-018 ) ) ;
#797 = CARTESIAN_POINT ( 'NONE',  ( -0.04628905783227824100, 0.1115833333333331000, 0.02672500000000000200 ) ) ;
#798 = CARTESIAN_POINT ( 'NONE',  ( -0.03085937188818549000, 0.1105416666666664100, 0.05344999999999999800 ) ) ;
#799 = CARTESIAN_POINT ( 'NONE',  ( 0.0000000000000000000, 0.1094999999999997600, 0.05344999999999999800 ) ) ;
#800 = CARTESIAN_POINT ( 'NONE',  ( 0.03085937188818552200, 0.1084583333333331000, 0.05344999999999998400 ) ) ;
#801 = CARTESIAN_POINT ( 'NONE',  ( 0.04628905783227826900, 0.1074166666666664400, 0.02672499999999996400 ) ) ;
#802 = CARTESIAN_POINT ( 'NONE',  ( 0.06171874377637098800, 0.1063749999999997900, -1.133717486677188400E-017 ) ) ;
#803 = CARTESIAN_POINT ( 'NONE',  ( 0.04628905783227822700, 0.1053333333333331300, -0.02672500000000002300 ) ) ;
#804 = CARTESIAN_POINT ( 'NONE',  ( 0.03085937188818547700, 0.1042916666666664500, -0.05344999999999999800 ) ) ;
#805 = CARTESIAN_POINT ( 'NONE',  ( -6.545520961180605600E-018, 0.1032499999999997900, -0.05344999999999999800 ) ) ;
#806 = CARTESIAN_POINT ( 'NONE',  ( -0.03085937188818551800, 0.1022083333333331100, -0.05344999999999998400 ) ) ;
#807 = CARTESIAN_POINT ( 'NONE',  ( 0.0000000000000000000, 0.3774999999999991700, 0.05600000000000000800 ) ) ;
#808 = CARTESIAN_POINT ( 'NONE',  ( -0.04628905783227824800, 0.02616666666666662600, -0.02672499999999998500 ) ) ;
#809 = CARTESIAN_POINT ( 'NONE',  ( -0.06171874377637098800, 0.02512499999999996000, 3.779058288923960300E-018 ) ) ;
#810 = CARTESIAN_POINT ( 'NONE',  ( -0.04628905783227824100, 0.02408333333333329300, 0.02672500000000000200 ) ) ;
#811 = CARTESIAN_POINT ( 'NONE',  ( -0.03085937188818549000, 0.02304166666666663400, 0.05344999999999999800 ) ) ;
#812 = CARTESIAN_POINT ( 'NONE',  ( -0.03085937188818549000, 0.04804166666666658000, 0.05344999999999999800 ) ) ;
#813 = CARTESIAN_POINT ( 'NONE',  ( 0.0000000000000000000, 0.04699999999999991000, 0.05344999999999999800 ) ) ;
#814 = CARTESIAN_POINT ( 'NONE',  ( 0.03085937188818552200, 0.04595833333333324000, 0.05344999999999998400 ) ) ;
#815 = CARTESIAN_POINT ( 'NONE',  ( 0.04628905783227826900, 0.04491666666666657700, 0.02672499999999996400 ) ) ;
#816 = CARTESIAN_POINT ( 'NONE',  ( 0.06171874377637098800, 0.04387499999999992100, -1.133717486677188400E-017 ) ) ;
#817 = CARTESIAN_POINT ( 'NONE',  ( -0.04628905783227824800, 0.1011666666666664600, -0.02672499999999998500 ) ) ;
#818 = CARTESIAN_POINT ( 'NONE',  ( -0.06171874377637098800, 0.1001249999999997800, 3.779058288923960300E-018 ) ) ;
#819 = CARTESIAN_POINT ( 'NONE',  ( -0.04628905783227824100, 0.09908333333333312100, 0.02672500000000000200 ) ) ;
#820 = CARTESIAN_POINT ( 'NONE',  ( -0.03085937188818549000, 0.09804166666666645800, 0.05344999999999999800 ) ) ;
#821 = CARTESIAN_POINT ( 'NONE',  ( 0.0000000000000000000, 0.09699999999999979500, 0.05344999999999999800 ) ) ;
#822 = CARTESIAN_POINT ( 'NONE',  ( 0.03085937188818552200, 0.09595833333333313200, 0.05344999999999998400 ) ) ;
#823 = CARTESIAN_POINT ( 'NONE',  ( 0.04628905783227826900, 0.09491666666666646900, 0.02672499999999996400 ) ) ;
#824 = CARTESIAN_POINT ( 'NONE',  ( 0.06171874377637098800, 0.09387499999999980600, -1.133717486677188400E-017 ) ) ;
#825 = CARTESIAN_POINT ( 'NONE',  ( 0.04628905783227822700, 0.09283333333333312900, -0.02672500000000002300 ) ) ;
#826 = AXIS2_PLACEMENT_3D ( 'NONE', #833, #835, #828 ) ;
#827 = CIRCLE ( 'NONE', #826, 0.04650000000000000000 ) ;
#828 = DIRECTION ( 'NONE',  ( 0.0000000000000000000, 0.0000000000000000000, 1.000000000000000000 ) ) ;
#829 = CONICAL_SURFACE ( 'NONE', #839, 0.04650000000000000000, 0.1745329251994333400 ) ;
#830 = CARTESIAN_POINT ( 'NONE',  ( 0.04628905783227822700, 0.2803333333333327100, -0.02672500000000002300 ) ) ;
#831 = CARTESIAN_POINT ( 'NONE',  ( 0.03085937188818547700, 0.2792916666666660500, -0.05344999999999999800 ) ) ;
#832 = CARTESIAN_POINT ( 'NONE',  ( 0.01100000000000000500, 0.4099999999999999800, 0.01099999999999999900 ) ) ;
#833 = CARTESIAN_POINT ( 'NONE',  ( 1.694065894508600700E-017, 0.4099999999999999800, 0.0000000000000000000 ) ) ;
#834 = FACE_OUTER_BOUND ( 'NONE', #2512, .T. ) ;
#835 = DIRECTION ( 'NONE',  ( 0.0000000000000000000, 1.000000000000000000, 0.0000000000000000000 ) ) ;
#836 = CARTESIAN_POINT ( 'NONE',  ( -6.545520961180605600E-018, 0.2782499999999993900, -0.05344999999999999800 ) ) ;
#837 = CARTESIAN_POINT ( 'NONE',  ( -0.03085937188818551800, 0.2772083333333327200, -0.05344999999999998400 ) ) ;
#838 = DIRECTION ( 'NONE',  ( 0.0000000000000000000, 0.0000000000000000000, 1.000000000000000000 ) ) ;
#839 = AXIS2_PLACEMENT_3D ( 'NONE', #840, #847, #838 ) ;
#840 = CARTESIAN_POINT ( 'NONE',  ( 1.694065894508600700E-017, 0.4099999999999999800, 0.0000000000000000000 ) ) ;
#841 = PLANE ( 'NONE',  #843 ) ;
#842 = CARTESIAN_POINT ( 'NONE',  ( 0.01099999999999999900, 0.4099999999999999800, 0.04518019477602991400 ) ) ;
#843 = AXIS2_PLACEMENT_3D ( 'NONE', #842, #846, #845 ) ;
#844 = FACE_OUTER_BOUND ( 'NONE', #2530, .T. ) ;
#845 = DIRECTION ( 'NONE',  ( 0.1736481776669307200, 0.9848077530122080200, 0.0000000000000000000 ) ) ;
#846 = DIRECTION ( 'NONE',  ( 0.9848077530122080200, -0.1736481776669307200, 1.844780678529793300E-016 ) ) ;
#847 = DIRECTION ( 'NONE',  ( 0.0000000000000000000, 1.000000000000000000, 0.0000000000000000000 ) ) ;
#848 = CARTESIAN_POINT ( 'NONE',  ( -0.03085937188818551800, 0.3022083333333326300, -0.05344999999999998400 ) ) ;
#849 = CARTESIAN_POINT ( 'NONE',  ( -0.04628905783227824800, 0.3011666666666659700, -0.02672499999999998500 ) ) ;
#850 = CARTESIAN_POINT ( 'NONE',  ( -0.06171874377637098800, 0.3001249999999993600, 3.779058288923960300E-018 ) ) ;
#851 = CARTESIAN_POINT ( 'NONE',  ( -0.04628905783227824100, 0.2990833333333327000, 0.02672500000000000200 ) ) ;
#852 = CARTESIAN_POINT ( 'NONE',  ( -0.03085937188818549000, 0.2980416666666660400, 0.05344999999999999800 ) ) ;
#853 = CARTESIAN_POINT ( 'NONE',  ( -0.04628905783227824100, 0.2865833333333326900, 0.02672500000000000200 ) ) ;
#854 = CARTESIAN_POINT ( 'NONE',  ( 0.0000000000000000000, 0.2844999999999993600, 0.05344999999999999800 ) ) ;
#855 = CARTESIAN_POINT ( 'NONE',  ( 0.04628905783227826900, 0.2824166666666660400, 0.02672499999999996400 ) ) ;
#856 = CARTESIAN_POINT ( 'NONE',  ( 0.04628905783227822700, 0.2928333333333326700, -0.02672500000000002300 ) ) ;
#857 = CARTESIAN_POINT ( 'NONE',  ( 0.03085937188818547700, 0.2917916666666660100, -0.05344999999999999800 ) ) ;
#858 = CARTESIAN_POINT ( 'NONE',  ( -6.545520961180605600E-018, 0.2907499999999993400, -0.05344999999999999800 ) ) ;
#859 = CARTESIAN_POINT ( 'NONE',  ( -0.03085937188818551800, 0.2897083333333326800, -0.05344999999999998400 ) ) ;
#860 = CARTESIAN_POINT ( 'NONE',  ( -0.03085937188818549000, 0.2855416666666660800, 0.05344999999999999800 ) ) ;
#861 = CARTESIAN_POINT ( 'NONE',  ( 0.03085937188818552200, 0.2834583333333327600, 0.05344999999999998400 ) ) ;
#862 = CARTESIAN_POINT ( 'NONE',  ( -0.04628905783227824800, 0.2886666666666660200, -0.02672499999999998500 ) ) ;
#863 = CARTESIAN_POINT ( 'NONE',  ( 0.0000000000000000000, 0.2969999999999993800, 0.05344999999999999800 ) ) ;
#864 = CARTESIAN_POINT ( 'NONE',  ( 0.03085937188818552200, 0.2959583333333327100, 0.05344999999999998400 ) ) ;
#865 = CARTESIAN_POINT ( 'NONE',  ( 0.04628905783227826900, 0.2949166666666660500, 0.02672499999999996400 ) ) ;
#866 = CARTESIAN_POINT ( 'NONE',  ( 0.06171874377637098800, 0.2938749999999993900, -1.133717486677188400E-017 ) ) ;
#867 = CARTESIAN_POINT ( 'NONE',  ( -0.06171874377637098800, 0.2876249999999993500, 3.779058288923960300E-018 ) ) ;
#868 = CARTESIAN_POINT ( 'NONE',  ( -0.04628905783227824100, 0.3115833333333326600, 0.02672500000000000200 ) ) ;
#869 = CARTESIAN_POINT ( 'NONE',  ( -0.03085937188818549000, 0.3105416666666659400, 0.05344999999999999800 ) ) ;
#870 = CARTESIAN_POINT ( 'NONE',  ( 0.0000000000000000000, 0.3094999999999993300, 0.05344999999999999800 ) ) ;
#871 = CARTESIAN_POINT ( 'NONE',  ( 0.03085937188818552200, 0.3084583333333326100, 0.05344999999999998400 ) ) ;
#872 = CARTESIAN_POINT ( 'NONE',  ( 0.04628905783227826900, 0.3074166666666660100, 0.02672499999999996400 ) ) ;
#873 = CARTESIAN_POINT ( 'NONE',  ( 0.06171874377637098800, 0.3063749999999992900, -1.133717486677188400E-017 ) ) ;
#874 = CARTESIAN_POINT ( 'NONE',  ( 0.04628905783227822700, 0.3053333333333326800, -0.02672500000000002300 ) ) ;
#875 = CARTESIAN_POINT ( 'NONE',  ( 0.03085937188818547700, 0.3042916666666659600, -0.05344999999999999800 ) ) ;
#876 = CARTESIAN_POINT ( 'NONE',  ( -6.545520961180605600E-018, 0.3032499999999993000, -0.05344999999999999800 ) ) ;
#877 = CARTESIAN_POINT ( 'NONE',  ( 0.06171874377637098800, 0.2813749999999993800, -1.133717486677188400E-017 ) ) ;
#878 = CARTESIAN_POINT ( 'NONE',  ( 0.01685491526667403200, 0.4432048745072905100, -0.04956762031743966500 ) ) ;
#879 = CARTESIAN_POINT ( 'NONE',  ( -0.01777070675434740800, 0.4483985861218931500, 0.01777070675434740100 ) ) ;
#880 = CARTESIAN_POINT ( 'NONE',  ( -0.04956762031745534600, 0.4432048745074146400, 0.01685491526669591000 ) ) ;
#881 = CARTESIAN_POINT ( 'NONE',  ( -0.03911879522145975100, 0.4457352309997583700, 0.01730108538710694400 ) ) ;
#882 = CARTESIAN_POINT ( 'NONE',  ( -0.02848129229754722500, 0.4474759076985447800, 0.01760801365379352500 ) ) ;
#883 = CARTESIAN_POINT ( 'NONE',  ( -0.01777070675434740800, 0.4483985861218931500, 0.01777070675434740100 ) ) ;
#884 = CARTESIAN_POINT ( 'NONE',  ( -0.01685491526669425900, 0.4432048745074052600, 0.04956762031745414600 ) ) ;
#885 = B_SPLINE_CURVE_WITH_KNOTS ( 'NONE', 3,
 ( #883, #882, #881, #880 ),
 .UNSPECIFIED., .F., .F.,
 ( 4, 4 ),
 ( 0.0001725068873764862900, 0.0009916394087687596100 ),
 .UNSPECIFIED. ) ;
#886 = CARTESIAN_POINT ( 'NONE',  ( -0.01760780519067061900, 0.4474747254454257100, 0.02849501606396965100 ) ) ;
#887 = CARTESIAN_POINT ( 'NONE',  ( -0.01730215907186064700, 0.4457413201685820300, 0.03909365067751484300 ) ) ;
#888 = CIRCLE ( 'NONE', #892, 0.05235491526669427300 ) ;
#889 = DIRECTION ( 'NONE',  ( 0.0000000000000000000, 0.0000000000000000000, -1.000000000000000000 ) ) ;
#890 = DIRECTION ( 'NONE',  ( 0.0000000000000000000, -1.000000000000000000, 0.0000000000000000000 ) ) ;
#891 = CARTESIAN_POINT ( 'NONE',  ( -5.829187369293374200E-017, 0.4432048745074052600, 0.0000000000000000000 ) ) ;
#892 = AXIS2_PLACEMENT_3D ( 'NONE', #891, #890, #889 ) ;
#893 = DIRECTION ( 'NONE',  ( 0.0000000000000000000, 0.0000000000000000000, -1.000000000000000000 ) ) ;
#894 = DIRECTION ( 'NONE',  ( 1.000000000000000000, 0.0000000000000000000, 0.0000000000000000000 ) ) ;
#895 = CARTESIAN_POINT ( 'NONE',  ( 0.0000000000000000000, 0.01500000000000000600, 0.05600000000000000800 ) ) ;
#896 = AXIS2_PLACEMENT_3D ( 'NONE', #912, #902, #909 ) ;
#897 = FACE_OUTER_BOUND ( 'NONE', #2800, .T. ) ;
#898 = DIRECTION ( 'NONE',  ( -1.000000000000000000, -2.449212707644754500E-016, 0.0000000000000000000 ) ) ;
#899 = DIRECTION ( 'NONE',  ( -2.449212707644754500E-016, 1.000000000000000000, 0.0000000000000000000 ) ) ;
#900 = B_SPLINE_CURVE_WITH_KNOTS ( 'NONE', 3,
 ( #884, #887, #886, #879 ),
 .UNSPECIFIED., .F., .F.,
 ( 4, 4 ),
 ( 3.846639411342208100E-005, 0.0008570759831709920000 ),
 .UNSPECIFIED. ) ;
#901 = FACE_OUTER_BOUND ( 'NONE', #2826, .T. ) ;
#902 = DIRECTION ( 'NONE',  ( 2.449212707644754500E-016, -1.000000000000000000, 0.0000000000000000000 ) ) ;
#903 = AXIS2_PLACEMENT_3D ( 'NONE', #895, #894, #893 ) ;
#904 = CARTESIAN_POINT ( 'NONE',  ( 2.786369621145532900E-033, -1.137659302700989100E-017, 0.0000000000000000000 ) ) ;
#905 = AXIS2_PLACEMENT_3D ( 'NONE', #904, #899, #898 ) ;
#906 = CONICAL_SURFACE ( 'NONE', #905, 0.04645000000000002600, 0.7853981633974461700 ) ;
#907 = CARTESIAN_POINT ( 'NONE',  ( -0.01777070675434740800, 0.4483985861218931500, 0.01777070675434740100 ) ) ;
#908 = FACE_OUTER_BOUND ( 'NONE', #2816, .T. ) ;
#909 = DIRECTION ( 'NONE',  ( 1.000000000000000000, 2.449212707644754500E-016, 0.0000000000000000000 ) ) ;
#910 = TOROIDAL_SURFACE ( 'NONE', #896, -0.0008873635070602671000, 0.2119277867574532700 ) ;
#911 = PLANE ( 'NONE',  #903 ) ;
#912 = CARTESIAN_POINT ( 'NONE',  ( -5.829187369293374200E-017, 0.2380740709919644800, 0.0000000000000000000 ) ) ;
#913 = CARTESIAN_POINT ( 'NONE',  ( 0.04849742261192858900, 0.2504166666666661200, 0.02799999999999996600 ) ) ;
#914 = CARTESIAN_POINT ( 'NONE',  ( 0.06466323014923809600, 0.2493749999999994900, -1.187805037491535100E-017 ) ) ;
#915 = CARTESIAN_POINT ( 'NONE',  ( -0.03233161507461903400, 0.2285416666666661700, 0.05600000000000000100 ) ) ;
#916 = CARTESIAN_POINT ( 'NONE',  ( 0.0000000000000000000, 0.2274999999999995100, 0.05600000000000000800 ) ) ;
#917 = CARTESIAN_POINT ( 'NONE',  ( 0.03233161507461907600, 0.2389583333333328600, 0.05599999999999998700 ) ) ;
#918 = CARTESIAN_POINT ( 'NONE',  ( 0.04849742261192858900, 0.2379166666666661700, 0.02799999999999996600 ) ) ;
#919 = CARTESIAN_POINT ( 'NONE',  ( 0.03233161507461902700, 0.2222916666666662500, -0.05600000000000000100 ) ) ;
#920 = CARTESIAN_POINT ( 'NONE',  ( -6.857795581405312900E-018, 0.2212499999999995600, -0.05600000000000000800 ) ) ;
#921 = CARTESIAN_POINT ( 'NONE',  ( -6.857795581405312900E-018, 0.2337499999999995100, -0.05600000000000000800 ) ) ;
#922 = CARTESIAN_POINT ( 'NONE',  ( -0.03233161507461906900, 0.2327083333333328800, -0.05599999999999998700 ) ) ;
#923 = CARTESIAN_POINT ( 'NONE',  ( -0.04849742261192856900, 0.2316666666666661900, -0.02799999999999999000 ) ) ;
#924 = CARTESIAN_POINT ( 'NONE',  ( -0.04849742261192856900, 0.2441666666666661700, -0.02799999999999999000 ) ) ;
#925 = CARTESIAN_POINT ( 'NONE',  ( -0.06466323014923809600, 0.2431249999999994800, 3.959350124971783400E-018 ) ) ;
#926 = CARTESIAN_POINT ( 'NONE',  ( -0.03233161507461903400, 0.2410416666666661300, 0.05600000000000000100 ) ) ;
#927 = CARTESIAN_POINT ( 'NONE',  ( 0.0000000000000000000, 0.2399999999999994900, 0.05600000000000000800 ) ) ;
#928 = CARTESIAN_POINT ( 'NONE',  ( -0.06466323014923809600, 0.2306249999999995200, 3.959350124971783400E-018 ) ) ;
#929 = CARTESIAN_POINT ( 'NONE',  ( -0.04849742261192856200, 0.2295833333333328900, 0.02800000000000000800 ) ) ;
#930 = CARTESIAN_POINT ( 'NONE',  ( 0.03233161507461907600, 0.2264583333333328500, 0.05599999999999998700 ) ) ;
#931 = CARTESIAN_POINT ( 'NONE',  ( 0.04849742261192858900, 0.2254166666666662100, 0.02799999999999996600 ) ) ;
#932 = CARTESIAN_POINT ( 'NONE',  ( 0.04849742261192855500, 0.2483333333333328200, -0.02800000000000002800 ) ) ;
#933 = CARTESIAN_POINT ( 'NONE',  ( 0.03233161507461902700, 0.2472916666666661600, -0.05600000000000000100 ) ) ;
#934 = CARTESIAN_POINT ( 'NONE',  ( 0.06466323014923809600, 0.2368749999999995300, -1.187805037491535100E-017 ) ) ;
#935 = CARTESIAN_POINT ( 'NONE',  ( 0.04849742261192855500, 0.2358333333333328400, -0.02800000000000002800 ) ) ;
#936 = CARTESIAN_POINT ( 'NONE',  ( 0.03233161507461902700, 0.2347916666666662000, -0.05600000000000000100 ) ) ;
#937 = CARTESIAN_POINT ( 'NONE',  ( 0.06466323014923809600, 0.2243749999999995200, -1.187805037491535100E-017 ) ) ;
#938 = CARTESIAN_POINT ( 'NONE',  ( 0.04849742261192855500, 0.2233333333333328800, -0.02800000000000002800 ) ) ;
#939 = CARTESIAN_POINT ( 'NONE',  ( -0.04849742261192856200, 0.2420833333333328500, 0.02800000000000000800 ) ) ;
#940 = CARTESIAN_POINT ( 'NONE',  ( -6.857795581405312900E-018, 0.2462499999999995000, -0.05600000000000000800 ) ) ;
#941 = CARTESIAN_POINT ( 'NONE',  ( -0.03233161507461906900, 0.2452083333333328100, -0.05599999999999998700 ) ) ;
#942 = CARTESIAN_POINT ( 'NONE',  ( -0.06466323014923809600, 0.2681249999999994500, 3.959350124971783400E-018 ) ) ;
#943 = CARTESIAN_POINT ( 'NONE',  ( -0.04849742261192856200, 0.2670833333333327800, 0.02800000000000000800 ) ) ;
#944 = CARTESIAN_POINT ( 'NONE',  ( -0.03233161507461903400, 0.2660416666666661200, 0.05600000000000000100 ) ) ;
#945 = CARTESIAN_POINT ( 'NONE',  ( -0.03233161507461903400, 0.2535416666666661700, 0.05600000000000000100 ) ) ;
#946 = CARTESIAN_POINT ( 'NONE',  ( -6.857795581405312900E-018, 0.2587499999999994800, -0.05600000000000000800 ) ) ;
#947 = CARTESIAN_POINT ( 'NONE',  ( 0.04849742261192855500, 0.2608333333333328100, -0.02800000000000002800 ) ) ;
#948 = CARTESIAN_POINT ( 'NONE',  ( 0.03233161507461902700, 0.2597916666666660900, -0.05600000000000000100 ) ) ;
#949 = CARTESIAN_POINT ( 'NONE',  ( -0.06466323014923809600, 0.2556249999999994900, 3.959350124971783400E-018 ) ) ;
#950 = CARTESIAN_POINT ( 'NONE',  ( 0.0000000000000000000, 0.2524999999999994500, 0.05600000000000000800 ) ) ;
#951 = CARTESIAN_POINT ( 'NONE',  ( 0.03233161507461907600, 0.2514583333333327800, 0.05599999999999998700 ) ) ;
#952 = CARTESIAN_POINT ( 'NONE',  ( -0.04849742261192856200, 0.2545833333333328300, 0.02800000000000000800 ) ) ;
#953 = CARTESIAN_POINT ( 'NONE',  ( 0.0000000000000000000, 0.2649999999999994600, 0.05600000000000000800 ) ) ;
#954 = CARTESIAN_POINT ( 'NONE',  ( 0.03233161507461907600, 0.2639583333333328000, 0.05599999999999998700 ) ) ;
#955 = CARTESIAN_POINT ( 'NONE',  ( 0.04849742261192858900, 0.2629166666666661300, 0.02799999999999996600 ) ) ;
#956 = CARTESIAN_POINT ( 'NONE',  ( -0.03233161507461903400, 0.2785416666666660800, 0.05600000000000000100 ) ) ;
#957 = CARTESIAN_POINT ( 'NONE',  ( 0.0000000000000000000, 0.2774999999999994100, 0.05600000000000000800 ) ) ;
#958 = CARTESIAN_POINT ( 'NONE',  ( 0.03233161507461907600, 0.2764583333333327500, 0.05599999999999998700 ) ) ;
#959 = CARTESIAN_POINT ( 'NONE',  ( 0.04849742261192858900, 0.2754166666666660900, 0.02799999999999996600 ) ) ;
#960 = CARTESIAN_POINT ( 'NONE',  ( 0.06466323014923809600, 0.2743749999999993700, -1.187805037491535100E-017 ) ) ;
#961 = CARTESIAN_POINT ( 'NONE',  ( 0.04849742261192855500, 0.2733333333333327600, -0.02800000000000002800 ) ) ;
#962 = CARTESIAN_POINT ( 'NONE',  ( 0.03233161507461902700, 0.2722916666666661000, -0.05600000000000000100 ) ) ;
#963 = CARTESIAN_POINT ( 'NONE',  ( -6.857795581405312900E-018, 0.2712499999999994400, -0.05600000000000000800 ) ) ;
#964 = CARTESIAN_POINT ( 'NONE',  ( -0.03233161507461906900, 0.2702083333333327700, -0.05599999999999998700 ) ) ;
#965 = CARTESIAN_POINT ( 'NONE',  ( -0.04849742261192856900, 0.2691666666666661100, -0.02799999999999999000 ) ) ;
#966 = CARTESIAN_POINT ( 'NONE',  ( -0.03233161507461906900, 0.2577083333333327600, -0.05599999999999998700 ) ) ;
#967 = CARTESIAN_POINT ( 'NONE',  ( -0.04849742261192856900, 0.2566666666666661500, -0.02799999999999999000 ) ) ;
#968 = CARTESIAN_POINT ( 'NONE',  ( 0.06466323014923809600, 0.2618749999999994700, -1.187805037491535100E-017 ) ) ;
#969 = CARTESIAN_POINT ( 'NONE',  ( 0.03233161507461907600, 0.2889583333333327100, 0.05599999999999998700 ) ) ;
#970 = CARTESIAN_POINT ( 'NONE',  ( 0.04849742261192858900, 0.2879166666666661000, 0.02799999999999996600 ) ) ;
#971 = CARTESIAN_POINT ( 'NONE',  ( 0.06466323014923809600, 0.2868749999999993800, -1.187805037491535100E-017 ) ) ;
#972 = CARTESIAN_POINT ( 'NONE',  ( -0.04849742261192856200, 0.3045833333333327100, 0.02800000000000000800 ) ) ;
#973 = CARTESIAN_POINT ( 'NONE',  ( -0.03233161507461903400, 0.3035416666666660400, 0.05600000000000000100 ) ) ;
#974 = CARTESIAN_POINT ( 'NONE',  ( 0.0000000000000000000, 0.3024999999999993800, 0.05600000000000000800 ) ) ;
#975 = CARTESIAN_POINT ( 'NONE',  ( 0.03233161507461907600, 0.3014583333333327200, 0.05599999999999998700 ) ) ;
#976 = CARTESIAN_POINT ( 'NONE',  ( -0.06466323014923809600, 0.2931249999999993600, 3.959350124971783400E-018 ) ) ;
#977 = CARTESIAN_POINT ( 'NONE',  ( -0.04849742261192856200, 0.2920833333333327000, 0.02800000000000000800 ) ) ;
#978 = CARTESIAN_POINT ( 'NONE',  ( -0.03233161507461903400, 0.2910416666666660300, 0.05600000000000000100 ) ) ;
#979 = CARTESIAN_POINT ( 'NONE',  ( 0.0000000000000000000, 0.2899999999999994200, 0.05600000000000000800 ) ) ;
#980 = CARTESIAN_POINT ( 'NONE',  ( -0.06466323014923809600, 0.2806249999999994000, 3.959350124971783400E-018 ) ) ;
#981 = CARTESIAN_POINT ( 'NONE',  ( -0.04849742261192856900, 0.2816666666666660700, -0.02799999999999999000 ) ) ;
#982 = CARTESIAN_POINT ( 'NONE',  ( 0.03233161507461902700, 0.2972916666666660100, -0.05600000000000000100 ) ) ;
#983 = CARTESIAN_POINT ( 'NONE',  ( -6.857795581405312900E-018, 0.2962499999999993500, -0.05600000000000000800 ) ) ;
#984 = CARTESIAN_POINT ( 'NONE',  ( -0.03233161507461906900, 0.2952083333333326800, -0.05599999999999998700 ) ) ;
#985 = CARTESIAN_POINT ( 'NONE',  ( -0.04849742261192856900, 0.2941666666666660200, -0.02799999999999999000 ) ) ;
#986 = CARTESIAN_POINT ( 'NONE',  ( -0.04849742261192856200, 0.2795833333333327400, 0.02800000000000000800 ) ) ;
#987 = CARTESIAN_POINT ( 'NONE',  ( 0.04849742261192855500, 0.2858333333333327200, -0.02800000000000002800 ) ) ;
#988 = CARTESIAN_POINT ( 'NONE',  ( 0.03233161507461902700, 0.2847916666666660500, -0.05600000000000000100 ) ) ;
#989 = CARTESIAN_POINT ( 'NONE',  ( -6.857795581405312900E-018, 0.2837499999999993900, -0.05600000000000000800 ) ) ;
#990 = CARTESIAN_POINT ( 'NONE',  ( -0.03233161507461906900, 0.2827083333333327300, -0.05599999999999998700 ) ) ;
#991 = CARTESIAN_POINT ( 'NONE',  ( 0.04849742261192858900, 0.3004166666666660500, 0.02799999999999996600 ) ) ;
#992 = CARTESIAN_POINT ( 'NONE',  ( 0.06466323014923809600, 0.2993749999999993900, -1.187805037491535100E-017 ) ) ;
#993 = CARTESIAN_POINT ( 'NONE',  ( 0.04849742261192855500, 0.2983333333333326700, -0.02800000000000002800 ) ) ;
#994 = CARTESIAN_POINT ( 'NONE',  ( -0.06466323014923809600, 0.3056249999999993700, 3.959350124971783400E-018 ) ) ;
#995 = CARTESIAN_POINT ( 'NONE',  ( -0.06466323014923809600, 0.3181249999999993200, 3.959350124971783400E-018 ) ) ;
#996 = CARTESIAN_POINT ( 'NONE',  ( -6.857795581405312900E-018, 0.3087499999999993600, -0.05600000000000000800 ) ) ;
#997 = CARTESIAN_POINT ( 'NONE',  ( 0.04849742261192855500, 0.3233333333333325800, -0.02800000000000002800 ) ) ;
#998 = CARTESIAN_POINT ( 'NONE',  ( 0.03233161507461902700, 0.3222916666666660300, -0.05600000000000000100 ) ) ;
#999 = CARTESIAN_POINT ( 'NONE',  ( -6.857795581405312900E-018, 0.3212499999999992600, -0.05600000000000000800 ) ) ;
#1000 = CARTESIAN_POINT ( 'NONE',  ( 0.04849742261192858900, 0.3254166666666659100, 0.02799999999999996600 ) ) ;
#1001 = CARTESIAN_POINT ( 'NONE',  ( 0.06466323014923809600, 0.3243749999999992500, -1.187805037491535100E-017 ) ) ;
#1002 = CARTESIAN_POINT ( 'NONE',  ( 0.0000000000000000000, 0.3149999999999992800, 0.05600000000000000800 ) ) ;
#1003 = CARTESIAN_POINT ( 'NONE',  ( 0.03233161507461907600, 0.3139583333333326700, 0.05599999999999998700 ) ) ;
#1004 = CARTESIAN_POINT ( 'NONE',  ( 0.04849742261192858900, 0.3129166666666659500, 0.02799999999999996600 ) ) ;
#1005 = CARTESIAN_POINT ( 'NONE',  ( 0.06466323014923809600, 0.3118749999999993500, -1.187805037491535100E-017 ) ) ;
#1006 = CARTESIAN_POINT ( 'NONE',  ( -0.03233161507461906900, 0.3077083333333326400, -0.05599999999999998700 ) ) ;
#1007 = CARTESIAN_POINT ( 'NONE',  ( 0.04849742261192855500, 0.3108333333333326800, -0.02800000000000002800 ) ) ;
#1008 = CARTESIAN_POINT ( 'NONE',  ( -0.04849742261192856900, 0.3066666666666660300, -0.02799999999999999000 ) ) ;
#1009 = CARTESIAN_POINT ( 'NONE',  ( -0.04849742261192856200, 0.3170833333333326100, 0.02800000000000000800 ) ) ;
#1010 = CARTESIAN_POINT ( 'NONE',  ( -0.03233161507461903400, 0.3160416666666660000, 0.05600000000000000100 ) ) ;
#1011 = CARTESIAN_POINT ( 'NONE',  ( 0.03233161507461902700, 0.3097916666666660200, -0.05600000000000000100 ) ) ;
#1012 = CARTESIAN_POINT ( 'NONE',  ( -0.03233161507461906900, 0.3202083333333326000, -0.05599999999999998700 ) ) ;
#1013 = CARTESIAN_POINT ( 'NONE',  ( -0.04849742261192856900, 0.3191666666666659300, -0.02799999999999999000 ) ) ;
#1014 = CARTESIAN_POINT ( 'NONE',  ( -6.857795581405312900E-018, 0.3462499999999992300, -0.05600000000000000800 ) ) ;
#1015 = CARTESIAN_POINT ( 'NONE',  ( -0.03233161507461906900, 0.3452083333333325600, -0.05599999999999998700 ) ) ;
#1016 = CARTESIAN_POINT ( 'NONE',  ( 0.0000000000000000000, 0.0000000000000000000, 0.0000000000000000000 ) ) ;
#1017 = FACE_OUTER_BOUND ( 'NONE', #2858, .T. ) ;
#1018 = CARTESIAN_POINT ( 'NONE',  ( -0.05344999999999985900, 0.2605667725157679900, 0.01432188433544424200 ) ) ;
#1019 = CARTESIAN_POINT ( 'NONE',  ( -0.04628905783227770700, 0.2600833333333327800, 0.02672500000000092900 ) ) ;
#1020 = CARTESIAN_POINT ( 'NONE',  ( -0.03085937188818502600, 0.2590416666666661700, 0.05345000000000026800 ) ) ;
#1021 = CARTESIAN_POINT ( 'NONE',  ( 6.285148887886364700E-016, 0.2579999999999994500, 0.05344999999999999800 ) ) ;
#1022 = CARTESIAN_POINT ( 'NONE',  ( 0.03085937188818627500, 0.2569583333333327900, 0.05344999999999953300 ) ) ;
#1023 = DIRECTION ( 'NONE',  ( 2.449212707644754500E-016, -1.000000000000000000, 0.0000000000000000000 ) ) ;
#1024 = VECTOR ( 'NONE', #1023, 39.37007874015748100 ) ;
#1025 = CARTESIAN_POINT ( 'NONE',  ( 0.05345000000000004600, 1.309104192236122500E-017, 0.0000000000000000000 ) ) ;
#1026 = DIRECTION ( 'NONE',  ( 1.000000000000000000, 2.449212707644754500E-016, 0.0000000000000000000 ) ) ;
#1027 = DIRECTION ( 'NONE',  ( 2.449212707644754500E-016, -1.000000000000000000, 0.0000000000000000000 ) ) ;
#1028 = AXIS2_PLACEMENT_3D ( 'NONE', #1016, #1027, #1026 ) ;
#1029 = CYLINDRICAL_SURFACE ( 'NONE', #1028, 0.05345000000000004600 ) ;
#1030 = CARTESIAN_POINT ( 'NONE',  ( 0.03233161507461907600, 0.3389583333333325800, 0.05599999999999998700 ) ) ;
#1031 = CARTESIAN_POINT ( 'NONE',  ( 0.04849742261192858900, 0.3379166666666659200, 0.02799999999999996600 ) ) ;
#1032 = CARTESIAN_POINT ( 'NONE',  ( 0.06466323014923809600, 0.3368749999999992600, -1.187805037491535100E-017 ) ) ;
#1033 = CARTESIAN_POINT ( 'NONE',  ( -0.03233161507461903400, 0.3535416666666659200, 0.05600000000000000100 ) ) ;
#1034 = CARTESIAN_POINT ( 'NONE',  ( 0.0000000000000000000, 0.3524999999999992600, 0.05600000000000000800 ) ) ;
#1035 = CARTESIAN_POINT ( 'NONE',  ( 0.03233161507461907600, 0.3514583333333326000, 0.05599999999999998700 ) ) ;
#1036 = CARTESIAN_POINT ( 'NONE',  ( 0.04849742261192858900, 0.3504166666666658800, 0.02799999999999996600 ) ) ;
#1037 = CARTESIAN_POINT ( 'NONE',  ( 0.04849742261192855500, 0.3358333333333326000, -0.02800000000000002800 ) ) ;
#1038 = CARTESIAN_POINT ( 'NONE',  ( 0.0000000000000000000, 0.3649999999999991600, 0.05600000000000000800 ) ) ;
#1039 = CARTESIAN_POINT ( 'NONE',  ( 0.03233161507461907600, 0.3639583333333325000, 0.05599999999999998700 ) ) ;
#1040 = CARTESIAN_POINT ( 'NONE',  ( 0.04849742261192858900, 0.3629166666666658300, 0.02799999999999996600 ) ) ;
#1041 = CARTESIAN_POINT ( 'NONE',  ( 0.06466323014923809600, 0.3618749999999991700, -1.187805037491535100E-017 ) ) ;
#1042 = CARTESIAN_POINT ( 'NONE',  ( 0.03233161507461907600, 0.3264583333333325700, 0.05599999999999998700 ) ) ;
#1043 =( BOUNDED_CURVE ( )  B_SPLINE_CURVE ( 2, ( #1052, #1051, #1050, #1079, #1078, #1077, #1076, #1075, #1074 ),
 .UNSPECIFIED., .F., .T. ) 
 B_SPLINE_CURVE_WITH_KNOTS ( ( 3, 2, 2, 2, 3 ),
 ( 0.2844827586206896700, 0.2873563218390804400, 0.2931034482758620400, 0.2988505747126436500, 0.3017241379310345300 ),
 .UNSPECIFIED. ) 
 CURVE ( )  GEOMETRIC_REPRESENTATION_ITEM ( )  RATIONAL_B_SPLINE_CURVE ( ( 0.9330127018922194100, 0.9330127018922200800, 1.000000000000000000, 0.8660254037844387100, 1.000000000000000000, 0.8660254037844387100, 1.000000000000000000, 0.9330127018922180800, 0.9330127018922194100 ) ) 
 REPRESENTATION_ITEM ( '' )  );
#1044 = CARTESIAN_POINT ( 'NONE',  ( -0.06466323014923809600, 0.3306249999999992800, 3.959350124971783400E-018 ) ) ;
#1045 = CARTESIAN_POINT ( 'NONE',  ( -0.03233161507461906900, 0.3702083333333324700, -0.05599999999999998700 ) ) ;
#1046 = CARTESIAN_POINT ( 'NONE',  ( -0.04849742261192856900, 0.3691666666666658100, -0.02799999999999999000 ) ) ;
#1047 = CARTESIAN_POINT ( 'NONE',  ( -0.06466323014923809600, 0.3681249999999991500, 3.959350124971783400E-018 ) ) ;
#1048 = CARTESIAN_POINT ( 'NONE',  ( -0.04849742261192856200, 0.3670833333333324800, 0.02800000000000000800 ) ) ;
#1049 = CARTESIAN_POINT ( 'NONE',  ( -0.03233161507461903400, 0.3660416666666658200, 0.05600000000000000100 ) ) ;
#1050 = CARTESIAN_POINT ( 'NONE',  ( -0.04628905783227835900, 0.1136666666666664300, -0.02672499999999979400 ) ) ;
#1051 = CARTESIAN_POINT ( 'NONE',  ( -0.05344999999999997700, 0.1131832274842312500, -0.01432188433544331400 ) ) ;
#1052 = CARTESIAN_POINT ( 'NONE',  ( -0.05345000000000000400, 0.1126249999999997800, 2.859361186511415200E-017 ) ) ;
#1053 = CARTESIAN_POINT ( 'NONE',  ( 0.0000000000000000000, 0.3274999999999992400, 0.05600000000000000800 ) ) ;
#1054 = CARTESIAN_POINT ( 'NONE',  ( -0.03233161507461903400, 0.3410416666666659100, 0.05600000000000000100 ) ) ;
#1055 = CARTESIAN_POINT ( 'NONE',  ( 0.0000000000000000000, 0.3399999999999992500, 0.05600000000000000800 ) ) ;
#1056 = CARTESIAN_POINT ( 'NONE',  ( -0.04849742261192856900, 0.3441666666666659000, -0.02799999999999999000 ) ) ;
#1057 = CARTESIAN_POINT ( 'NONE',  ( -0.06466323014923809600, 0.3431249999999992400, 3.959350124971783400E-018 ) ) ;
#1058 = CARTESIAN_POINT ( 'NONE',  ( -0.04849742261192856200, 0.3420833333333325700, 0.02800000000000000800 ) ) ;
#1059 = CARTESIAN_POINT ( 'NONE',  ( -0.03233161507461903400, 0.3285416666666659500, 0.05600000000000000100 ) ) ;
#1060 = CARTESIAN_POINT ( 'NONE',  ( -0.04849742261192856900, 0.3566666666666659100, -0.02799999999999999000 ) ) ;
#1061 = CARTESIAN_POINT ( 'NONE',  ( -0.06466323014923809600, 0.3556249999999991900, 3.959350124971783400E-018 ) ) ;
#1062 = CARTESIAN_POINT ( 'NONE',  ( -0.04849742261192856200, 0.3545833333333325800, 0.02800000000000000800 ) ) ;
#1063 = CARTESIAN_POINT ( 'NONE',  ( 0.04849742261192858900, 0.3754166666666658400, 0.02799999999999996600 ) ) ;
#1064 = CARTESIAN_POINT ( 'NONE',  ( 0.06466323014923809600, 0.3743749999999991300, -1.187805037491535100E-017 ) ) ;
#1065 = CARTESIAN_POINT ( 'NONE',  ( 0.04849742261192855500, 0.3733333333333324600, -0.02800000000000002800 ) ) ;
#1066 = CARTESIAN_POINT ( 'NONE',  ( 0.03233161507461902700, 0.3722916666666658000, -0.05600000000000000100 ) ) ;
#1067 = CARTESIAN_POINT ( 'NONE',  ( -6.857795581405312900E-018, 0.3712499999999991400, -0.05600000000000000800 ) ) ;
#1068 = CARTESIAN_POINT ( 'NONE',  ( 0.04628905783227834500, 0.2699166666666660800, 0.02672499999999981800 ) ) ;
#1069 = CARTESIAN_POINT ( 'NONE',  ( 0.05344999999999989300, 0.2694332274842308700, 0.01432188433544306400 ) ) ;
#1070 = CARTESIAN_POINT ( 'NONE',  ( 0.05344999999999996300, 0.2688749999999994200, -2.218864280732857500E-016 ) ) ;
#1071 = CARTESIAN_POINT ( 'NONE',  ( 0.03233161507461902700, 0.3347916666666659300, -0.05600000000000000100 ) ) ;
#1072 = CARTESIAN_POINT ( 'NONE',  ( -6.857795581405312900E-018, 0.3337499999999992700, -0.05600000000000000800 ) ) ;
#1073 = CARTESIAN_POINT ( 'NONE',  ( -0.04849742261192856200, 0.3295833333333326200, 0.02800000000000000800 ) ) ;
#1074 = CARTESIAN_POINT ( 'NONE',  ( 0.05345000000000000400, 0.1188749999999997900, 2.573425067860273800E-016 ) ) ;
#1075 = CARTESIAN_POINT ( 'NONE',  ( 0.05345000000000004600, 0.1183167725157682600, -0.01432188433544353600 ) ) ;
#1076 = CARTESIAN_POINT ( 'NONE',  ( 0.04628905783227806000, 0.1178333333333330800, -0.02672500000000031800 ) ) ;
#1077 = CARTESIAN_POINT ( 'NONE',  ( 0.03085937188818534800, 0.1167916666666664000, -0.05345000000000008100 ) ) ;
#1078 = CARTESIAN_POINT ( 'NONE',  ( -3.011664024719571100E-016, 0.1157499999999997400, -0.05344999999999999800 ) ) ;
#1079 = CARTESIAN_POINT ( 'NONE',  ( -0.03085937188818595200, 0.1147083333333330900, -0.05344999999999973400 ) ) ;
#1080 = CARTESIAN_POINT ( 'NONE',  ( 0.04849742261192855500, 0.3608333333333325600, -0.02800000000000002800 ) ) ;
#1081 = CARTESIAN_POINT ( 'NONE',  ( 0.03233161507461902700, 0.3597916666666658400, -0.05600000000000000100 ) ) ;
#1082 = CARTESIAN_POINT ( 'NONE',  ( -6.857795581405312900E-018, 0.3587499999999992400, -0.05600000000000000800 ) ) ;
#1083 = CARTESIAN_POINT ( 'NONE',  ( -0.03233161507461906900, 0.3577083333333325200, -0.05599999999999998700 ) ) ;
#1084 = CARTESIAN_POINT ( 'NONE',  ( 0.0000000000000000000, 0.3774999999999991700, 0.05600000000000000800 ) ) ;
#1085 = CARTESIAN_POINT ( 'NONE',  ( 0.03233161507461907600, 0.3764583333333325600, 0.05599999999999998700 ) ) ;
#1086 =( BOUNDED_CURVE ( )  B_SPLINE_CURVE ( 2, ( #1070, #1069, #1068, #1107, #1106, #1105, #1104, #1103, #1102 ),
 .UNSPECIFIED., .F., .T. ) 
 B_SPLINE_CURVE_WITH_KNOTS ( ( 3, 2, 2, 2, 3 ),
 ( 0.7155172413793103900, 0.7183908045977011000, 0.7241379310344827600, 0.7298850574712643100, 0.7327586206896551400 ),
 .UNSPECIFIED. ) 
 CURVE ( )  GEOMETRIC_REPRESENTATION_ITEM ( )  RATIONAL_B_SPLINE_CURVE ( ( 0.9330127018922194100, 0.9330127018922206300, 1.000000000000000000, 0.8660254037844387100, 1.000000000000000000, 0.8660254037844387100, 1.000000000000000000, 0.9330127018922194100, 0.9330127018922194100 ) ) 
 REPRESENTATION_ITEM ( '' )  );
#1087 = CARTESIAN_POINT ( 'NONE',  ( 0.06466323014923809600, 0.3493749999999992100, -1.187805037491535100E-017 ) ) ;
#1088 = CARTESIAN_POINT ( 'NONE',  ( 0.04849742261192855500, 0.3483333333333325500, -0.02800000000000002800 ) ) ;
#1089 = CARTESIAN_POINT ( 'NONE',  ( 0.03233161507461902700, 0.3472916666666658900, -0.05600000000000000100 ) ) ;
#1090 = CARTESIAN_POINT ( 'NONE',  ( -0.05344999999999996300, 0.2501249999999995400, 3.659982318734610800E-016 ) ) ;
#1091 = CARTESIAN_POINT ( 'NONE',  ( -0.05344999999999985900, 0.2495667725157680000, 0.01432188433544424200 ) ) ;
#1092 = CARTESIAN_POINT ( 'NONE',  ( -0.04628905783227770700, 0.2490833333333328000, 0.02672500000000092900 ) ) ;
#1093 = CARTESIAN_POINT ( 'NONE',  ( -0.03085937188818502600, 0.2480416666666661300, 0.05345000000000026800 ) ) ;
#1094 = CARTESIAN_POINT ( 'NONE',  ( 6.285148887886364700E-016, 0.2469999999999994400, 0.05344999999999999800 ) ) ;
#1095 = CARTESIAN_POINT ( 'NONE',  ( 0.03085937188818627500, 0.2459583333333327800, 0.05344999999999953300 ) ) ;
#1096 = CARTESIAN_POINT ( 'NONE',  ( 0.04628905783227871300, 0.2449166666666661200, 0.02672499999999918300 ) ) ;
#1097 = CARTESIAN_POINT ( 'NONE',  ( 0.05345000000000024700, 0.2444332274842309600, 0.01432188433544288700 ) ) ;
#1098 = CARTESIAN_POINT ( 'NONE',  ( 0.05345000000000004600, 0.2438749999999994000, -5.169725025212638800E-016 ) ) ;
#1099 = LINE ( 'NONE', #1025, #1024 ) ;
#1100 =( BOUNDED_CURVE ( )  B_SPLINE_CURVE ( 2, ( #1098, #1097, #1096, #1095, #1094, #1093, #1092, #1091, #1090 ),
 .UNSPECIFIED., .F., .T. ) 
 B_SPLINE_CURVE_WITH_KNOTS ( ( 3, 2, 2, 2, 3 ),
 ( 0.6465517241379310500, 0.6494252873563218800, 0.6551724137931034300, 0.6609195402298850800, 0.6637931034482759100 ),
 .UNSPECIFIED. ) 
 CURVE ( )  GEOMETRIC_REPRESENTATION_ITEM ( )  RATIONAL_B_SPLINE_CURVE ( ( 0.9330127018922194100, 0.9330127018922194100, 1.000000000000000000, 0.8660254037844387100, 1.000000000000000000, 0.8660254037844387100, 1.000000000000000000, 0.9330127018922180800, 0.9330127018922194100 ) ) 
 REPRESENTATION_ITEM ( '' )  );
#1101 = CARTESIAN_POINT ( 'NONE',  ( -0.05344999999999996300, 0.2501249999999995400, 3.659982318734610800E-016 ) ) ;
#1102 = CARTESIAN_POINT ( 'NONE',  ( -0.05344999999999993500, 0.2751249999999993400, 5.364161585895415000E-016 ) ) ;
#1103 = CARTESIAN_POINT ( 'NONE',  ( -0.05344999999999969900, 0.2745667725157678900, 0.01432188433544412000 ) ) ;
#1104 = CARTESIAN_POINT ( 'NONE',  ( -0.04628905783227769300, 0.2740833333333327300, 0.02672500000000095300 ) ) ;
#1105 = CARTESIAN_POINT ( 'NONE',  ( -0.03085937188818499400, 0.2730416666666660700, 0.05345000000000026800 ) ) ;
#1106 = CARTESIAN_POINT ( 'NONE',  ( 1.414267157160906100E-015, 0.2719999999999994100, 0.05344999999999999800 ) ) ;
#1107 = CARTESIAN_POINT ( 'NONE',  ( 0.03085937188818630600, 0.2709583333333327500, 0.05344999999999951900 ) ) ;
#1108 = CARTESIAN_POINT ( 'NONE',  ( -0.03233161507461906900, 0.3327083333333326100, -0.05599999999999998700 ) ) ;
#1109 = CARTESIAN_POINT ( 'NONE',  ( -0.04849742261192856900, 0.3316666666666659400, -0.02799999999999999000 ) ) ;
#1110 = CARTESIAN_POINT ( 'NONE',  ( 0.05344999999999996300, 0.2423749999999995600, -1.566929930208255100E-016 ) ) ;
#1111 = CARTESIAN_POINT ( 'NONE',  ( -0.05345000000000006700, 0.2111249999999995900, -4.231854556036894700E-016 ) ) ;
#1112 = DIRECTION ( 'NONE',  ( 2.449212707644754500E-016, -1.000000000000000000, 0.0000000000000000000 ) ) ;
#1113 = VECTOR ( 'NONE', #1112, 39.37007874015748100 ) ;
#1114 = CARTESIAN_POINT ( 'NONE',  ( -0.05345000000000004600, -1.309104192236122500E-017, 6.545520961180612600E-018 ) ) ;
#1115 = LINE ( 'NONE', #1114, #1113 ) ;
#1116 = CARTESIAN_POINT ( 'NONE',  ( 0.05345000000000004600, 0.2298749999999994400, -4.918101240799634300E-016 ) ) ;
#1117 = CARTESIAN_POINT ( 'NONE',  ( -0.05344999999999993500, 0.2376249999999994500, 5.238349693688912300E-016 ) ) ;
#1118 =( BOUNDED_CURVE ( )  B_SPLINE_CURVE ( 2, ( #1123, #1164, #1163, #1162, #1161, #1160, #1159, #1158, #1157 ),
 .UNSPECIFIED., .F., .T. ) 
 B_SPLINE_CURVE_WITH_KNOTS ( ( 3, 2, 2, 2, 3 ),
 ( 0.5086206896551724900, 0.5114942528735632000, 0.5172413793103448600, 0.5229885057471264100, 0.5258620689655173500 ),
 .UNSPECIFIED. ) 
 CURVE ( )  GEOMETRIC_REPRESENTATION_ITEM ( )  RATIONAL_B_SPLINE_CURVE ( ( 0.9330127018922194100, 0.9330127018922206300, 1.000000000000000000, 0.8660254037844387100, 1.000000000000000000, 0.8660254037844387100, 1.000000000000000000, 0.9330127018922167400, 0.9330127018922194100 ) ) 
 REPRESENTATION_ITEM ( '' )  );
#1119 = FACE_OUTER_BOUND ( 'NONE', #3456, .T. ) ;
#1120 = CARTESIAN_POINT ( 'NONE',  ( 0.05344999999999996300, 0.2673749999999994700, 3.751481876702976400E-016 ) ) ;
#1121 = CARTESIAN_POINT ( 'NONE',  ( -0.04628905783227809500, 0.2350833333333328700, 0.02672500000000024500 ) ) ;
#1122 = CARTESIAN_POINT ( 'NONE',  ( 0.05345000000000004600, 1.309104192236122500E-017, 0.0000000000000000000 ) ) ;
#1123 = CARTESIAN_POINT ( 'NONE',  ( 0.05345000000000005300, 0.1938749999999996000, 8.806832454455156300E-017 ) ) ;
#1124 = CARTESIAN_POINT ( 'NONE',  ( 0.0000000000000000000, 0.0000000000000000000, 0.0000000000000000000 ) ) ;
#1125 = AXIS2_PLACEMENT_3D ( 'NONE', #1124, #1155, #1139 ) ;
#1126 = CYLINDRICAL_SURFACE ( 'NONE', #1125, 0.05345000000000004600 ) ;
#1127 = DIRECTION ( 'NONE',  ( 2.449212707644754500E-016, -1.000000000000000000, 0.0000000000000000000 ) ) ;
#1128 = CARTESIAN_POINT ( 'NONE',  ( 6.023328049439142100E-016, 0.2329999999999995100, 0.05344999999999999800 ) ) ;
#1129 = CARTESIAN_POINT ( 'NONE',  ( -0.05344999999999996300, 0.2611249999999994400, 3.659982318734610800E-016 ) ) ;
#1130 = CARTESIAN_POINT ( 'NONE',  ( 0.05345000000000004600, 1.309104192236122500E-017, 0.0000000000000000000 ) ) ;
#1131 = DIRECTION ( 'NONE',  ( 2.449212707644754500E-016, -1.000000000000000000, 0.0000000000000000000 ) ) ;
#1132 = VECTOR ( 'NONE', #1131, 39.37007874015748100 ) ;
#1133 = CARTESIAN_POINT ( 'NONE',  ( 0.05345000000000004600, 1.309104192236122500E-017, 0.0000000000000000000 ) ) ;
#1134 = LINE ( 'NONE', #1133, #1132 ) ;
#1135 = DIRECTION ( 'NONE',  ( 1.000000000000000000, 2.449212707644754500E-016, 0.0000000000000000000 ) ) ;
#1136 = DIRECTION ( 'NONE',  ( 2.449212707644754500E-016, -1.000000000000000000, 0.0000000000000000000 ) ) ;
#1137 = AXIS2_PLACEMENT_3D ( 'NONE', #1143, #1136, #1135 ) ;
#1138 = CARTESIAN_POINT ( 'NONE',  ( -0.05345000000000005300, 0.2361249999999995900, 1.635554598684529000E-016 ) ) ;
#1139 = DIRECTION ( 'NONE',  ( 1.000000000000000000, 2.449212707644754500E-016, 0.0000000000000000000 ) ) ;
#1140 = VECTOR ( 'NONE', #1127, 39.37007874015748100 ) ;
#1141 = LINE ( 'NONE', #1122, #1140 ) ;
#1142 = CYLINDRICAL_SURFACE ( 'NONE', #1137, 0.05345000000000004600 ) ;
#1143 = CARTESIAN_POINT ( 'NONE',  ( 0.0000000000000000000, 0.0000000000000000000, 0.0000000000000000000 ) ) ;
#1144 = FACE_OUTER_BOUND ( 'NONE', #3576, .T. ) ;
#1145 = CARTESIAN_POINT ( 'NONE',  ( 0.05344999999999996300, 0.2313749999999995500, -1.566929930208255100E-016 ) ) ;
#1146 = CARTESIAN_POINT ( 'NONE',  ( 0.05344999999999996300, 0.2688749999999994800, -2.218864280732857500E-016 ) ) ;
#1147 = CARTESIAN_POINT ( 'NONE',  ( 0.05345000000000004600, 0.2438749999999994300, -5.169725025212638800E-016 ) ) ;
#1148 = DIRECTION ( 'NONE',  ( 2.449212707644754500E-016, -1.000000000000000000, 0.0000000000000000000 ) ) ;
#1149 = VECTOR ( 'NONE', #1148, 39.37007874015748100 ) ;
#1150 = CARTESIAN_POINT ( 'NONE',  ( 0.05345000000000004600, 1.309104192236122500E-017, 0.0000000000000000000 ) ) ;
#1151 = LINE ( 'NONE', #1150, #1149 ) ;
#1152 = CARTESIAN_POINT ( 'NONE',  ( -0.05345000000000005300, 0.2361249999999995900, 1.635554598684529000E-016 ) ) ;
#1153 = CARTESIAN_POINT ( 'NONE',  ( 0.05345000000000024700, 0.2304332274842310300, 0.01432188433544291300 ) ) ;
#1154 = CARTESIAN_POINT ( 'NONE',  ( 0.05345000000000004600, 0.2298749999999994400, -4.918101240799634300E-016 ) ) ;
#1155 = DIRECTION ( 'NONE',  ( 2.449212707644754500E-016, -1.000000000000000000, 0.0000000000000000000 ) ) ;
#1156 = CARTESIAN_POINT ( 'NONE',  ( -0.05345000000000006700, 0.2355667725157680500, 0.01432188433544386200 ) ) ;
#1157 = CARTESIAN_POINT ( 'NONE',  ( -0.05345000000000006700, 0.2001249999999996600, -4.231854556036894700E-016 ) ) ;
#1158 = CARTESIAN_POINT ( 'NONE',  ( -0.05345000000000022600, 0.1995667725157681000, 0.01432188433544357700 ) ) ;
#1159 = CARTESIAN_POINT ( 'NONE',  ( -0.04628905783227811600, 0.1990833333333328900, 0.02672500000000022400 ) ) ;
#1160 = CARTESIAN_POINT ( 'NONE',  ( -0.03085937188818507400, 0.1980416666666662300, 0.05345000000000023300 ) ) ;
#1161 = CARTESIAN_POINT ( 'NONE',  ( 5.761507210991917600E-016, 0.1969999999999995600, 0.05344999999999999800 ) ) ;
#1162 = CARTESIAN_POINT ( 'NONE',  ( 0.03085937188818622900, 0.1959583333333329000, 0.05344999999999956700 ) ) ;
#1163 = CARTESIAN_POINT ( 'NONE',  ( 0.04628905783227868500, 0.1949166666666662400, 0.02672499999999922500 ) ) ;
#1164 = CARTESIAN_POINT ( 'NONE',  ( 0.05345000000000008100, 0.1944332274842310900, 0.01432188433544319600 ) ) ;
#1165 = CARTESIAN_POINT ( 'NONE',  ( -0.03085937188818505000, 0.2340416666666661800, 0.05345000000000024000 ) ) ;
#1166 =( BOUNDED_CURVE ( )  B_SPLINE_CURVE ( 2, ( #1116, #1153, #1167, #1168, #1128, #1165, #1121, #1156, #1152 ),
 .UNSPECIFIED., .F., .T. ) 
 B_SPLINE_CURVE_WITH_KNOTS ( ( 3, 2, 2, 2, 3 ),
 ( 0.5775862068965517100, 0.5804597701149425400, 0.5862068965517240900, 0.5919540229885057500, 0.5948275862068965700 ),
 .UNSPECIFIED. ) 
 CURVE ( )  GEOMETRIC_REPRESENTATION_ITEM ( )  RATIONAL_B_SPLINE_CURVE ( ( 0.9330127018922194100, 0.9330127018922194100, 1.000000000000000000, 0.8660254037844387100, 1.000000000000000000, 0.8660254037844387100, 1.000000000000000000, 0.9330127018922180800, 0.9330127018922194100 ) ) 
 REPRESENTATION_ITEM ( '' )  );
#1167 = CARTESIAN_POINT ( 'NONE',  ( 0.04628905783227869900, 0.2309166666666661900, 0.02672499999999920400 ) ) ;
#1168 = CARTESIAN_POINT ( 'NONE',  ( 0.03085937188818625400, 0.2319583333333328500, 0.05344999999999956000 ) ) ;
#1169 = CARTESIAN_POINT ( 'NONE',  ( -0.05345000000000006700, 0.2111249999999996200, -4.231854556036894700E-016 ) ) ;
#1170 = CARTESIAN_POINT ( 'NONE',  ( -0.05345000000000022600, 0.2105667725157680500, 0.01432188433544357700 ) ) ;
#1171 = CARTESIAN_POINT ( 'NONE',  ( -0.04628905783227811600, 0.2100833333333329000, 0.02672500000000022400 ) ) ;
#1172 = CARTESIAN_POINT ( 'NONE',  ( -0.03085937188818507400, 0.2090416666666662400, 0.05345000000000023300 ) ) ;
#1173 = CARTESIAN_POINT ( 'NONE',  ( 5.761507210991917600E-016, 0.2079999999999995700, 0.05344999999999999800 ) ) ;
#1174 = CARTESIAN_POINT ( 'NONE',  ( 0.03085937188818622900, 0.2069583333333329100, 0.05344999999999956700 ) ) ;
#1175 = CARTESIAN_POINT ( 'NONE',  ( 0.04628905783227868500, 0.2059166666666662500, 0.02672499999999922500 ) ) ;
#1176 = CARTESIAN_POINT ( 'NONE',  ( -0.03085937188818466100, 0.2355416666666660900, 0.05345000000000047600 ) ) ;
#1177 = CARTESIAN_POINT ( 'NONE',  ( 9.952089391300489700E-016, 0.2344999999999994600, 0.05344999999999999800 ) ) ;
#1178 = CARTESIAN_POINT ( 'NONE',  ( 0.03085937188818588600, 0.2334583333333328200, 0.05344999999999976900 ) ) ;
#1179 = CARTESIAN_POINT ( 'NONE',  ( 0.04628905783227851200, 0.2324166666666661600, 0.02672499999999952000 ) ) ;
#1180 = CARTESIAN_POINT ( 'NONE',  ( -0.05344999999999996300, 0.2126249999999995900, -5.261224583181002700E-017 ) ) ;
#1181 = DIRECTION ( 'NONE',  ( 2.449212707644754500E-016, -1.000000000000000000, 0.0000000000000000000 ) ) ;
#1182 = VECTOR ( 'NONE', #1181, 39.37007874015748100 ) ;
#1183 = CARTESIAN_POINT ( 'NONE',  ( 0.05345000000000004600, 1.309104192236122500E-017, 0.0000000000000000000 ) ) ;
#1184 = LINE ( 'NONE', #1183, #1182 ) ;
#1185 = CARTESIAN_POINT ( 'NONE',  ( 0.04628905783227850500, 0.2074166666666662200, 0.02672499999999954400 ) ) ;
#1186 = CARTESIAN_POINT ( 'NONE',  ( -0.05345000000000005300, 0.2251249999999995500, 1.635554598684529000E-016 ) ) ;
#1187 =( BOUNDED_CURVE ( )  B_SPLINE_CURVE ( 2, ( #1252, #1251, #1250, #1249, #1248, #1247, #1246, #1245, #1244 ),
 .UNSPECIFIED., .F., .T. ) 
 B_SPLINE_CURVE_WITH_KNOTS ( ( 3, 2, 2, 2, 3 ),
 ( 0.7155172413793103900, 0.7183908045977011000, 0.7241379310344827600, 0.7298850574712643100, 0.7327586206896551400 ),
 .UNSPECIFIED. ) 
 CURVE ( )  GEOMETRIC_REPRESENTATION_ITEM ( )  RATIONAL_B_SPLINE_CURVE ( ( 0.9330127018922194100, 0.9330127018922206300, 1.000000000000000000, 0.8660254037844387100, 1.000000000000000000, 0.8660254037844387100, 1.000000000000000000, 0.9330127018922194100, 0.9330127018922194100 ) ) 
 REPRESENTATION_ITEM ( '' )  );
#1188 = CARTESIAN_POINT ( 'NONE',  ( 0.05344999999999996300, 0.2798749999999994900, -2.218864280732857500E-016 ) ) ;
#1189 = DIRECTION ( 'NONE',  ( 1.000000000000000000, 2.449212707644754500E-016, 0.0000000000000000000 ) ) ;
#1190 = DIRECTION ( 'NONE',  ( 2.449212707644754500E-016, -1.000000000000000000, 0.0000000000000000000 ) ) ;
#1191 = AXIS2_PLACEMENT_3D ( 'NONE', #1194, #1190, #1189 ) ;
#1192 = CYLINDRICAL_SURFACE ( 'NONE', #1191, 0.05345000000000004600 ) ;
#1193 = CARTESIAN_POINT ( 'NONE',  ( -0.05344999999999995600, 0.2626249999999994400, 5.501410922847962800E-016 ) ) ;
#1194 = CARTESIAN_POINT ( 'NONE',  ( 0.0000000000000000000, 0.0000000000000000000, 0.0000000000000000000 ) ) ;
#1195 = FACE_OUTER_BOUND ( 'NONE', #3583, .T. ) ;
#1196 = CARTESIAN_POINT ( 'NONE',  ( 0.05345000000000004600, 0.2548749999999994100, -5.169725025212638800E-016 ) ) ;
#1197 = DIRECTION ( 'NONE',  ( 1.000000000000000000, 2.449212707644754500E-016, 0.0000000000000000000 ) ) ;
#1198 = DIRECTION ( 'NONE',  ( 2.449212707644754500E-016, -1.000000000000000000, 0.0000000000000000000 ) ) ;
#1199 = CARTESIAN_POINT ( 'NONE',  ( 0.0000000000000000000, 0.0000000000000000000, 0.0000000000000000000 ) ) ;
#1200 = CARTESIAN_POINT ( 'NONE',  ( -0.05344999999999993500, 0.2751249999999993400, 5.364161585895415000E-016 ) ) ;
#1201 = CARTESIAN_POINT ( 'NONE',  ( 0.05345000000000008100, 0.2054332274842310700, 0.01432188433544319600 ) ) ;
#1202 = CARTESIAN_POINT ( 'NONE',  ( 0.05345000000000005300, 0.2048749999999996100, 8.806832454455156300E-017 ) ) ;
#1203 = CARTESIAN_POINT ( 'NONE',  ( 0.05345000000000005300, 0.2048749999999996100, 8.806832454455156300E-017 ) ) ;
#1204 = VECTOR ( 'NONE', #1239, 39.37007874015748100 ) ;
#1205 = CARTESIAN_POINT ( 'NONE',  ( 0.05345000000000004600, 1.309104192236122500E-017, 0.0000000000000000000 ) ) ;
#1206 = CARTESIAN_POINT ( 'NONE',  ( 0.05344999999999999100, 0.2319332274842310100, 0.01432188433544312600 ) ) ;
#1207 = CARTESIAN_POINT ( 'NONE',  ( 0.05344999999999996300, 0.2313749999999995500, -1.566929930208255100E-016 ) ) ;
#1208 = CARTESIAN_POINT ( 'NONE',  ( 0.05344999999999996300, 0.2063749999999995600, -1.303868701049204800E-016 ) ) ;
#1209 = CYLINDRICAL_SURFACE ( 'NONE', #1210, 0.05345000000000004600 ) ;
#1210 = AXIS2_PLACEMENT_3D ( 'NONE', #1199, #1198, #1197 ) ;
#1211 = FACE_OUTER_BOUND ( 'NONE', #3567, .T. ) ;
#1212 = CARTESIAN_POINT ( 'NONE',  ( 0.03085937188818586200, 0.2084583333333328800, 0.05344999999999978200 ) ) ;
#1213 = CARTESIAN_POINT ( 'NONE',  ( -0.05344999999999996300, 0.2126249999999995900, -5.261224583181003300E-017 ) ) ;
#1214 =( BOUNDED_CURVE ( )  B_SPLINE_CURVE ( 2, ( #1208, #1256, #1185, #1212, #1235, #1234, #1233, #1232, #1180 ),
 .UNSPECIFIED., .F., .T. ) 
 B_SPLINE_CURVE_WITH_KNOTS ( ( 3, 2, 2, 2, 3 ),
 ( 0.5431034482758621000, 0.5459770114942528200, 0.5517241379310344800, 0.5574712643678161300, 0.5603448275862069600 ),
 .UNSPECIFIED. ) 
 CURVE ( )  GEOMETRIC_REPRESENTATION_ITEM ( )  RATIONAL_B_SPLINE_CURVE ( ( 0.9330127018922194100, 0.9330127018922206300, 1.000000000000000000, 0.8660254037844387100, 1.000000000000000000, 0.8660254037844387100, 1.000000000000000000, 0.9330127018922180800, 0.9330127018922194100 ) ) 
 REPRESENTATION_ITEM ( '' )  );
#1215 =( BOUNDED_CURVE ( )  B_SPLINE_CURVE ( 2, ( #1227, #1226, #1225, #1224, #1223, #1222, #1221, #1220, #1219 ),
 .UNSPECIFIED., .F., .T. ) 
 B_SPLINE_CURVE_WITH_KNOTS ( ( 3, 2, 2, 2, 3 ),
 ( 0.5431034482758621000, 0.5459770114942528200, 0.5517241379310344800, 0.5574712643678161300, 0.5603448275862069600 ),
 .UNSPECIFIED. ) 
 CURVE ( )  GEOMETRIC_REPRESENTATION_ITEM ( )  RATIONAL_B_SPLINE_CURVE ( ( 0.9330127018922194100, 0.9330127018922206300, 1.000000000000000000, 0.8660254037844387100, 1.000000000000000000, 0.8660254037844387100, 1.000000000000000000, 0.9330127018922180800, 0.9330127018922194100 ) ) 
 REPRESENTATION_ITEM ( '' )  );
#1216 = CARTESIAN_POINT ( 'NONE',  ( 0.05344999999999996300, 0.2173749999999996000, -1.303868701049205000E-016 ) ) ;
#1217 = CARTESIAN_POINT ( 'NONE',  ( 0.05345000000000004600, 0.2188749999999994900, -4.918101240799634300E-016 ) ) ;
#1218 = CARTESIAN_POINT ( 'NONE',  ( 0.05344999999999996300, 0.2563749999999995200, 3.751481876702976400E-016 ) ) ;
#1219 = CARTESIAN_POINT ( 'NONE',  ( -0.05344999999999996300, 0.2236249999999995700, -5.261224583181002700E-017 ) ) ;
#1220 = CARTESIAN_POINT ( 'NONE',  ( -0.05344999999999996300, 0.2230667725157680900, 0.01432188433544382400 ) ) ;
#1221 = CARTESIAN_POINT ( 'NONE',  ( -0.04628905783227791500, 0.2225833333333328600, 0.02672500000000056400 ) ) ;
#1222 = CARTESIAN_POINT ( 'NONE',  ( -0.03085937188818467900, 0.2215416666666661900, 0.05345000000000045500 ) ) ;
#1223 = CARTESIAN_POINT ( 'NONE',  ( 2.094566707577793800E-016, 0.2204999999999995300, 0.05344999999999999800 ) ) ;
#1224 = CARTESIAN_POINT ( 'NONE',  ( 0.03085937188818586200, 0.2194583333333328700, 0.05344999999999978200 ) ) ;
#1225 = CARTESIAN_POINT ( 'NONE',  ( 0.04628905783227850500, 0.2184166666666662000, 0.02672499999999954400 ) ) ;
#1226 = CARTESIAN_POINT ( 'NONE',  ( 0.05344999999999997700, 0.2179332274842310800, 0.01432188433544315200 ) ) ;
#1227 = CARTESIAN_POINT ( 'NONE',  ( 0.05344999999999996300, 0.2173749999999996000, -1.303868701049204800E-016 ) ) ;
#1228 =( BOUNDED_CURVE ( )  B_SPLINE_CURVE ( 2, ( #1207, #1206, #1179, #1178, #1177, #1176, #1255, #1254, #1253 ),
 .UNSPECIFIED., .F., .F. ) 
 B_SPLINE_CURVE_WITH_KNOTS ( ( 3, 2, 2, 2, 3 ),
 ( 0.6120689655172414400, 0.6149425287356321500, 0.6206896551724138100, 0.6264367816091953600, 0.6293103448275861900 ),
 .UNSPECIFIED. ) 
 CURVE ( )  GEOMETRIC_REPRESENTATION_ITEM ( )  RATIONAL_B_SPLINE_CURVE ( ( 0.9330127018922194100, 0.9330127018922206300, 1.000000000000000000, 0.8660254037844387100, 1.000000000000000000, 0.8660254037844387100, 1.000000000000000000, 0.9330127018922194100, 0.9330127018922194100 ) ) 
 REPRESENTATION_ITEM ( '' )  );
#1229 = CARTESIAN_POINT ( 'NONE',  ( 0.05344999999999996300, 0.2063749999999995900, -1.303868701049205000E-016 ) ) ;
#1230 = DIRECTION ( 'NONE',  ( 1.000000000000000000, 2.449212707644754500E-016, 0.0000000000000000000 ) ) ;
#1231 = DIRECTION ( 'NONE',  ( 2.449212707644754500E-016, -1.000000000000000000, 0.0000000000000000000 ) ) ;
#1232 = CARTESIAN_POINT ( 'NONE',  ( -0.05344999999999996300, 0.2120667725157680500, 0.01432188433544382400 ) ) ;
#1233 = CARTESIAN_POINT ( 'NONE',  ( -0.04628905783227791500, 0.2115833333333328500, 0.02672500000000056400 ) ) ;
#1234 = CARTESIAN_POINT ( 'NONE',  ( -0.03085937188818467900, 0.2105416666666661800, 0.05345000000000045500 ) ) ;
#1235 = CARTESIAN_POINT ( 'NONE',  ( 2.094566707577793800E-016, 0.2094999999999995500, 0.05344999999999999800 ) ) ;
#1236 = LINE ( 'NONE', #1205, #1204 ) ;
#1237 = CARTESIAN_POINT ( 'NONE',  ( 0.0000000000000000000, 0.0000000000000000000, 0.0000000000000000000 ) ) ;
#1238 = FACE_OUTER_BOUND ( 'NONE', #3599, .T. ) ;
#1239 = DIRECTION ( 'NONE',  ( 2.449212707644754500E-016, -1.000000000000000000, 0.0000000000000000000 ) ) ;
#1240 = DIRECTION ( 'NONE',  ( 2.449212707644754500E-016, -1.000000000000000000, 0.0000000000000000000 ) ) ;
#1241 = VECTOR ( 'NONE', #1240, 39.37007874015748100 ) ;
#1242 = CARTESIAN_POINT ( 'NONE',  ( -0.05345000000000004600, -1.309104192236122500E-017, 6.545520961180612600E-018 ) ) ;
#1243 = LINE ( 'NONE', #1242, #1241 ) ;
#1244 = CARTESIAN_POINT ( 'NONE',  ( -0.05344999999999993500, 0.2861249999999994100, 5.364161585895415000E-016 ) ) ;
#1245 = CARTESIAN_POINT ( 'NONE',  ( -0.05344999999999969900, 0.2855667725157679000, 0.01432188433544412000 ) ) ;
#1246 = CARTESIAN_POINT ( 'NONE',  ( -0.04628905783227769300, 0.2850833333333327400, 0.02672500000000095300 ) ) ;
#1247 = CARTESIAN_POINT ( 'NONE',  ( -0.03085937188818499400, 0.2840416666666660800, 0.05345000000000026800 ) ) ;
#1248 = CARTESIAN_POINT ( 'NONE',  ( 1.414267157160906100E-015, 0.2829999999999994200, 0.05344999999999999800 ) ) ;
#1249 = CARTESIAN_POINT ( 'NONE',  ( 0.03085937188818630600, 0.2819583333333327600, 0.05344999999999951900 ) ) ;
#1250 = CARTESIAN_POINT ( 'NONE',  ( 0.04628905783227834500, 0.2809166666666660400, 0.02672499999999981800 ) ) ;
#1251 = CARTESIAN_POINT ( 'NONE',  ( 0.05344999999999989300, 0.2804332274842308300, 0.01432188433544306400 ) ) ;
#1252 = CARTESIAN_POINT ( 'NONE',  ( 0.05344999999999996300, 0.2798749999999994900, -2.218864280732857500E-016 ) ) ;
#1253 = CARTESIAN_POINT ( 'NONE',  ( -0.05344999999999993500, 0.2376249999999994500, 5.238349693688912300E-016 ) ) ;
#1254 = CARTESIAN_POINT ( 'NONE',  ( -0.05344999999999981000, 0.2370667725157680200, 0.01432188433544410300 ) ) ;
#1255 = CARTESIAN_POINT ( 'NONE',  ( -0.04628905783227790100, 0.2365833333333328400, 0.02672500000000058900 ) ) ;
#1256 = CARTESIAN_POINT ( 'NONE',  ( 0.05344999999999997700, 0.2069332274842310400, 0.01432188433544315200 ) ) ;
#1257 = AXIS2_PLACEMENT_3D ( 'NONE', #1237, #1231, #1230 ) ;
#1258 = CYLINDRICAL_SURFACE ( 'NONE', #1257, 0.05345000000000004600 ) ;
#1259 = CARTESIAN_POINT ( 'NONE',  ( 0.04628905783227871300, 0.2559166666666661300, 0.02672499999999918300 ) ) ;
#1260 = CARTESIAN_POINT ( 'NONE',  ( 0.05345000000000024700, 0.2554332274842309700, 0.01432188433544288700 ) ) ;
#1261 = CARTESIAN_POINT ( 'NONE',  ( 0.05345000000000004600, 0.2548749999999994100, -5.169725025212638800E-016 ) ) ;
#1262 = LINE ( 'NONE', #1130, #1320 ) ;
#1263 = CARTESIAN_POINT ( 'NONE',  ( -0.05344999999999993500, 0.2486249999999994600, 5.238349693688912300E-016 ) ) ;
#1264 =( BOUNDED_CURVE ( )  B_SPLINE_CURVE ( 2, ( #1261, #1260, #1259, #1022, #1021, #1020, #1019, #1018, #1129 ),
 .UNSPECIFIED., .F., .T. ) 
 B_SPLINE_CURVE_WITH_KNOTS ( ( 3, 2, 2, 2, 3 ),
 ( 0.6465517241379310500, 0.6494252873563218800, 0.6551724137931034300, 0.6609195402298850800, 0.6637931034482759100 ),
 .UNSPECIFIED. ) 
 CURVE ( )  GEOMETRIC_REPRESENTATION_ITEM ( )  RATIONAL_B_SPLINE_CURVE ( ( 0.9330127018922194100, 0.9330127018922194100, 1.000000000000000000, 0.8660254037844387100, 1.000000000000000000, 0.8660254037844387100, 1.000000000000000000, 0.9330127018922180800, 0.9330127018922194100 ) ) 
 REPRESENTATION_ITEM ( '' )  );
#1265 =( BOUNDED_CURVE ( )  B_SPLINE_CURVE ( 2, ( #1202, #1201, #1175, #1174, #1173, #1172, #1171, #1170, #1169 ),
 .UNSPECIFIED., .F., .T. ) 
 B_SPLINE_CURVE_WITH_KNOTS ( ( 3, 2, 2, 2, 3 ),
 ( 0.5086206896551724900, 0.5114942528735632000, 0.5172413793103448600, 0.5229885057471264100, 0.5258620689655173500 ),
 .UNSPECIFIED. ) 
 CURVE ( )  GEOMETRIC_REPRESENTATION_ITEM ( )  RATIONAL_B_SPLINE_CURVE ( ( 0.9330127018922194100, 0.9330127018922206300, 1.000000000000000000, 0.8660254037844387100, 1.000000000000000000, 0.8660254037844387100, 1.000000000000000000, 0.9330127018922167400, 0.9330127018922194100 ) ) 
 REPRESENTATION_ITEM ( '' )  );
#1266 = CARTESIAN_POINT ( 'NONE',  ( 0.03085937188818591400, 0.2584583333333327300, 0.05344999999999976200 ) ) ;
#1267 = CARTESIAN_POINT ( 'NONE',  ( 0.04628905783227853200, 0.2574166666666660700, 0.02672499999999949900 ) ) ;
#1268 = DIRECTION ( 'NONE',  ( 2.449212707644754500E-016, -1.000000000000000000, 0.0000000000000000000 ) ) ;
#1269 = VECTOR ( 'NONE', #1268, 39.37007874015748100 ) ;
#1270 = CARTESIAN_POINT ( 'NONE',  ( 0.05345000000000004600, 1.309104192236122500E-017, 0.0000000000000000000 ) ) ;
#1271 = LINE ( 'NONE', #1270, #1269 ) ;
#1272 =( BOUNDED_CURVE ( )  B_SPLINE_CURVE ( 2, ( #1364, #1363, #1350, #1349, #1348, #1347, #1346, #1345, #1263 ),
 .UNSPECIFIED., .F., .T. ) 
 B_SPLINE_CURVE_WITH_KNOTS ( ( 3, 2, 2, 2, 3 ),
 ( 0.6120689655172414400, 0.6149425287356321500, 0.6206896551724138100, 0.6264367816091953600, 0.6293103448275861900 ),
 .UNSPECIFIED. ) 
 CURVE ( )  GEOMETRIC_REPRESENTATION_ITEM ( )  RATIONAL_B_SPLINE_CURVE ( ( 0.9330127018922194100, 0.9330127018922206300, 1.000000000000000000, 0.8660254037844387100, 1.000000000000000000, 0.8660254037844387100, 1.000000000000000000, 0.9330127018922194100, 0.9330127018922194100 ) ) 
 REPRESENTATION_ITEM ( '' )  );
#1273 = DIRECTION ( 'NONE',  ( 1.000000000000000000, 2.449212707644754500E-016, 0.0000000000000000000 ) ) ;
#1274 = DIRECTION ( 'NONE',  ( 2.449212707644754500E-016, -1.000000000000000000, 0.0000000000000000000 ) ) ;
#1275 = CARTESIAN_POINT ( 'NONE',  ( 0.0000000000000000000, 0.0000000000000000000, 0.0000000000000000000 ) ) ;
#1276 = AXIS2_PLACEMENT_3D ( 'NONE', #1275, #1274, #1273 ) ;
#1277 =( BOUNDED_CURVE ( )  B_SPLINE_CURVE ( 2, ( #1290, #1282, #1267, #1266, #1289, #1288, #1281, #1280, #1279 ),
 .UNSPECIFIED., .F., .T. ) 
 B_SPLINE_CURVE_WITH_KNOTS ( ( 3, 2, 2, 2, 3 ),
 ( 0.6810344827586207700, 0.6839080459770114900, 0.6896551724137931500, 0.6954022988505747000, 0.6982758620689655200 ),
 .UNSPECIFIED. ) 
 CURVE ( )  GEOMETRIC_REPRESENTATION_ITEM ( )  RATIONAL_B_SPLINE_CURVE ( ( 0.9330127018922194100, 0.9330127018922219600, 1.000000000000000000, 0.8660254037844387100, 1.000000000000000000, 0.8660254037844387100, 1.000000000000000000, 0.9330127018922194100, 0.9330127018922194100 ) ) 
 REPRESENTATION_ITEM ( '' )  );
#1278 = LINE ( 'NONE', #1292, #1305 ) ;
#1279 = CARTESIAN_POINT ( 'NONE',  ( -0.05344999999999995600, 0.2626249999999994400, 5.501410922847962800E-016 ) ) ;
#1280 = CARTESIAN_POINT ( 'NONE',  ( -0.05344999999999979600, 0.2620667725157678800, 0.01432188433544412900 ) ) ;
#1281 = CARTESIAN_POINT ( 'NONE',  ( -0.04628905783227789400, 0.2615833333333327800, 0.02672500000000060900 ) ) ;
#1282 = CARTESIAN_POINT ( 'NONE',  ( 0.05344999999999985900, 0.2569332274842309700, 0.01432188433544336200 ) ) ;
#1283 = CARTESIAN_POINT ( 'NONE',  ( -0.05345000000000004600, -1.309104192236122500E-017, 6.545520961180612600E-018 ) ) ;
#1284 = LINE ( 'NONE', #1283, #1297 ) ;
#1285 = CARTESIAN_POINT ( 'NONE',  ( -0.05345000000000005300, 0.2251249999999995500, 1.635554598684529000E-016 ) ) ;
#1286 = CARTESIAN_POINT ( 'NONE',  ( -0.05345000000000006700, 0.2245667725157680400, 0.01432188433544386200 ) ) ;
#1287 = CARTESIAN_POINT ( 'NONE',  ( -0.04628905783227809500, 0.2240833333333328600, 0.02672500000000024500 ) ) ;
#1288 = CARTESIAN_POINT ( 'NONE',  ( -0.03085937188818462300, 0.2605416666666661200, 0.05345000000000049000 ) ) ;
#1289 = CARTESIAN_POINT ( 'NONE',  ( 1.021391022974771200E-015, 0.2594999999999994500, 0.05344999999999999800 ) ) ;
#1290 = CARTESIAN_POINT ( 'NONE',  ( 0.05344999999999996300, 0.2563749999999995200, 3.751481876702976400E-016 ) ) ;
#1291 = DIRECTION ( 'NONE',  ( 2.449212707644754500E-016, -1.000000000000000000, 0.0000000000000000000 ) ) ;
#1292 = CARTESIAN_POINT ( 'NONE',  ( -0.05345000000000004600, -1.309104192236122500E-017, 6.545520961180612600E-018 ) ) ;
#1293 = CARTESIAN_POINT ( 'NONE',  ( 0.05344999999999990700, 0.1819332274842311000, 0.01432188433544331400 ) ) ;
#1294 = CARTESIAN_POINT ( 'NONE',  ( 0.05344999999999996300, 0.1813749999999996500, 1.772803935637077300E-016 ) ) ;
#1295 =( BOUNDED_CURVE ( )  B_SPLINE_CURVE ( 2, ( #1294, #1293, #1319, #1318, #1317, #1316, #1315, #1314, #1313 ),
 .UNSPECIFIED., .F., .F. ) 
 B_SPLINE_CURVE_WITH_KNOTS ( ( 3, 2, 2, 2, 3 ),
 ( 0.4741379310344828200, 0.4770114942528735400, 0.4827586206896551400, 0.4885057471264368000, 0.4913793103448276200 ),
 .UNSPECIFIED. ) 
 CURVE ( )  GEOMETRIC_REPRESENTATION_ITEM ( )  RATIONAL_B_SPLINE_CURVE ( ( 0.9330127018922194100, 0.9330127018922213000, 1.000000000000000000, 0.8660254037844387100, 1.000000000000000000, 0.8660254037844387100, 1.000000000000000000, 0.9330127018922187400, 0.9330127018922194100 ) ) 
 REPRESENTATION_ITEM ( '' )  );
#1296 = DIRECTION ( 'NONE',  ( 2.449212707644754500E-016, -1.000000000000000000, 0.0000000000000000000 ) ) ;
#1297 = VECTOR ( 'NONE', #1296, 39.37007874015748100 ) ;
#1298 = CYLINDRICAL_SURFACE ( 'NONE', #1276, 0.05345000000000004600 ) ;
#1299 = FACE_OUTER_BOUND ( 'NONE', #3559, .T. ) ;
#1300 = DIRECTION ( 'NONE',  ( 2.449212707644754500E-016, -1.000000000000000000, 0.0000000000000000000 ) ) ;
#1301 = VECTOR ( 'NONE', #1300, 39.37007874015748100 ) ;
#1302 = CARTESIAN_POINT ( 'NONE',  ( -0.05345000000000004600, -1.309104192236122500E-017, 6.545520961180612600E-018 ) ) ;
#1303 = LINE ( 'NONE', #1302, #1301 ) ;
#1304 = CARTESIAN_POINT ( 'NONE',  ( -0.05344999999999996300, 0.2236249999999995700, -5.261224583181003300E-017 ) ) ;
#1305 = VECTOR ( 'NONE', #1291, 39.37007874015748100 ) ;
#1306 = CARTESIAN_POINT ( 'NONE',  ( 0.05345000000000005300, 0.1938749999999996000, 8.806832454455156300E-017 ) ) ;
#1307 = DIRECTION ( 'NONE',  ( 1.000000000000000000, 2.449212707644754500E-016, 0.0000000000000000000 ) ) ;
#1308 = DIRECTION ( 'NONE',  ( 2.449212707644754500E-016, -1.000000000000000000, 0.0000000000000000000 ) ) ;
#1309 = CARTESIAN_POINT ( 'NONE',  ( 0.0000000000000000000, 0.0000000000000000000, 0.0000000000000000000 ) ) ;
#1310 = AXIS2_PLACEMENT_3D ( 'NONE', #1309, #1308, #1307 ) ;
#1311 = CYLINDRICAL_SURFACE ( 'NONE', #1310, 0.05345000000000004600 ) ;
#1312 = LINE ( 'NONE', #1333, #1332 ) ;
#1313 = CARTESIAN_POINT ( 'NONE',  ( -0.05344999999999996300, 0.1876249999999996300, 1.944365606827762300E-016 ) ) ;
#1314 = CARTESIAN_POINT ( 'NONE',  ( -0.05344999999999988600, 0.1870667725157680600, 0.01432188433544391900 ) ) ;
#1315 = CARTESIAN_POINT ( 'NONE',  ( -0.04628905783227792900, 0.1865833333333329100, 0.02672500000000054300 ) ) ;
#1316 = CARTESIAN_POINT ( 'NONE',  ( -0.03085937188818471000, 0.1855416666666662400, 0.05345000000000044900 ) ) ;
#1317 = CARTESIAN_POINT ( 'NONE',  ( 1.832745869130569500E-016, 0.1844999999999996100, 0.05344999999999999800 ) ) ;
#1318 = CARTESIAN_POINT ( 'NONE',  ( 0.03085937188818583000, 0.1834583333333329500, 0.05344999999999978900 ) ) ;
#1319 = CARTESIAN_POINT ( 'NONE',  ( 0.04628905783227849100, 0.1824166666666662800, 0.02672499999999956900 ) ) ;
#1320 = VECTOR ( 'NONE', #1340, 39.37007874015748100 ) ;
#1321 =( BOUNDED_CURVE ( )  B_SPLINE_CURVE ( 2, ( #1339, #1338, #1337, #1336, #1335, #1334, #1287, #1286, #1285 ),
 .UNSPECIFIED., .F., .T. ) 
 B_SPLINE_CURVE_WITH_KNOTS ( ( 3, 2, 2, 2, 3 ),
 ( 0.5775862068965517100, 0.5804597701149425400, 0.5862068965517240900, 0.5919540229885057500, 0.5948275862068965700 ),
 .UNSPECIFIED. ) 
 CURVE ( )  GEOMETRIC_REPRESENTATION_ITEM ( )  RATIONAL_B_SPLINE_CURVE ( ( 0.9330127018922194100, 0.9330127018922194100, 1.000000000000000000, 0.8660254037844387100, 1.000000000000000000, 0.8660254037844387100, 1.000000000000000000, 0.9330127018922180800, 0.9330127018922194100 ) ) 
 REPRESENTATION_ITEM ( '' )  );
#1322 = FACE_OUTER_BOUND ( 'NONE', #3503, .T. ) ;
#1323 = CARTESIAN_POINT ( 'NONE',  ( -0.05344999999999996300, 0.1986249999999995500, 1.944365606827762300E-016 ) ) ;
#1324 = DIRECTION ( 'NONE',  ( 2.449212707644754500E-016, -1.000000000000000000, 0.0000000000000000000 ) ) ;
#1325 = VECTOR ( 'NONE', #1324, 39.37007874015748100 ) ;
#1326 = CARTESIAN_POINT ( 'NONE',  ( -0.05345000000000004600, -1.309104192236122500E-017, 6.545520961180612600E-018 ) ) ;
#1327 = LINE ( 'NONE', #1326, #1325 ) ;
#1328 = CARTESIAN_POINT ( 'NONE',  ( 0.05344999999999996300, 0.1923749999999996600, 1.772803935637077300E-016 ) ) ;
#1329 = CARTESIAN_POINT ( 'NONE',  ( -0.05344999999999996300, 0.2611249999999994400, 3.659982318734610800E-016 ) ) ;
#1330 = CARTESIAN_POINT ( 'NONE',  ( -0.05344999999999995600, 0.2736249999999994500, 5.501410922847962800E-016 ) ) ;
#1331 = DIRECTION ( 'NONE',  ( 2.449212707644754500E-016, -1.000000000000000000, 0.0000000000000000000 ) ) ;
#1332 = VECTOR ( 'NONE', #1331, 39.37007874015748100 ) ;
#1333 = CARTESIAN_POINT ( 'NONE',  ( -0.05345000000000004600, -1.309104192236122500E-017, 6.545520961180612600E-018 ) ) ;
#1334 = CARTESIAN_POINT ( 'NONE',  ( -0.03085937188818505000, 0.2230416666666661400, 0.05345000000000024000 ) ) ;
#1335 = CARTESIAN_POINT ( 'NONE',  ( 6.023328049439142100E-016, 0.2219999999999995000, 0.05344999999999999800 ) ) ;
#1336 = CARTESIAN_POINT ( 'NONE',  ( 0.03085937188818625400, 0.2209583333333328400, 0.05344999999999956000 ) ) ;
#1337 = CARTESIAN_POINT ( 'NONE',  ( 0.04628905783227869900, 0.2199166666666661800, 0.02672499999999920400 ) ) ;
#1338 = CARTESIAN_POINT ( 'NONE',  ( 0.05345000000000024700, 0.2194332274842310200, 0.01432188433544291300 ) ) ;
#1339 = CARTESIAN_POINT ( 'NONE',  ( 0.05345000000000004600, 0.2188749999999994900, -4.918101240799634300E-016 ) ) ;
#1340 = DIRECTION ( 'NONE',  ( 2.449212707644754500E-016, -1.000000000000000000, 0.0000000000000000000 ) ) ;
#1341 = CARTESIAN_POINT ( 'NONE',  ( 0.05344999999999996300, 0.2673749999999994700, 3.751481876702976400E-016 ) ) ;
#1342 = CARTESIAN_POINT ( 'NONE',  ( 0.0000000000000000000, 0.0000000000000000000, 0.0000000000000000000 ) ) ;
#1343 = CYLINDRICAL_SURFACE ( 'NONE', #1366, 0.05345000000000004600 ) ;
#1344 = FACE_OUTER_BOUND ( 'NONE', #3608, .T. ) ;
#1345 = CARTESIAN_POINT ( 'NONE',  ( -0.05344999999999981000, 0.2480667725157680000, 0.01432188433544410300 ) ) ;
#1346 = CARTESIAN_POINT ( 'NONE',  ( -0.04628905783227790100, 0.2475833333333328200, 0.02672500000000058900 ) ) ;
#1347 = CARTESIAN_POINT ( 'NONE',  ( -0.03085937188818466100, 0.2465416666666661300, 0.05345000000000047600 ) ) ;
#1348 = CARTESIAN_POINT ( 'NONE',  ( 9.952089391300489700E-016, 0.2454999999999994700, 0.05344999999999999800 ) ) ;
#1349 = CARTESIAN_POINT ( 'NONE',  ( 0.03085937188818588600, 0.2444583333333327800, 0.05344999999999976900 ) ) ;
#1350 = CARTESIAN_POINT ( 'NONE',  ( 0.04628905783227851200, 0.2434166666666661400, 0.02672499999999952000 ) ) ;
#1351 = CARTESIAN_POINT ( 'NONE',  ( -0.05344999999999995600, 0.2736249999999994500, 5.501410922847962800E-016 ) ) ;
#1352 = DIRECTION ( 'NONE',  ( 2.449212707644754500E-016, -1.000000000000000000, 0.0000000000000000000 ) ) ;
#1353 = CARTESIAN_POINT ( 'NONE',  ( -0.05345000000000006700, 0.2001249999999996600, -4.231854556036894700E-016 ) ) ;
#1354 = CARTESIAN_POINT ( 'NONE',  ( 0.04628905783227853200, 0.2684166666666660800, 0.02672499999999949900 ) ) ;
#1355 = CARTESIAN_POINT ( 'NONE',  ( 0.05344999999999985900, 0.2679332274842309300, 0.01432188433544336200 ) ) ;
#1356 = CARTESIAN_POINT ( 'NONE',  ( -0.05344999999999979600, 0.2730667725157678900, 0.01432188433544412900 ) ) ;
#1357 = CARTESIAN_POINT ( 'NONE',  ( -0.04628905783227789400, 0.2725833333333327900, 0.02672500000000060900 ) ) ;
#1358 =( BOUNDED_CURVE ( )  B_SPLINE_CURVE ( 2, ( #1341, #1355, #1354, #1362, #1361, #1360, #1357, #1356, #1351 ),
 .UNSPECIFIED., .F., .T. ) 
 B_SPLINE_CURVE_WITH_KNOTS ( ( 3, 2, 2, 2, 3 ),
 ( 0.6810344827586207700, 0.6839080459770114900, 0.6896551724137931500, 0.6954022988505747000, 0.6982758620689655200 ),
 .UNSPECIFIED. ) 
 CURVE ( )  GEOMETRIC_REPRESENTATION_ITEM ( )  RATIONAL_B_SPLINE_CURVE ( ( 0.9330127018922194100, 0.9330127018922219600, 1.000000000000000000, 0.8660254037844387100, 1.000000000000000000, 0.8660254037844387100, 1.000000000000000000, 0.9330127018922194100, 0.9330127018922194100 ) ) 
 REPRESENTATION_ITEM ( '' )  );
#1359 = CARTESIAN_POINT ( 'NONE',  ( -0.05344999999999996300, 0.1876249999999996300, 1.944365606827762300E-016 ) ) ;
#1360 = CARTESIAN_POINT ( 'NONE',  ( -0.03085937188818462300, 0.2715416666666661300, 0.05345000000000049000 ) ) ;
#1361 = CARTESIAN_POINT ( 'NONE',  ( 1.021391022974771200E-015, 0.2704999999999994600, 0.05344999999999999800 ) ) ;
#1362 = CARTESIAN_POINT ( 'NONE',  ( 0.03085937188818591400, 0.2694583333333327400, 0.05344999999999976200 ) ) ;
#1363 = CARTESIAN_POINT ( 'NONE',  ( 0.05344999999999999100, 0.2429332274842309900, 0.01432188433544312600 ) ) ;
#1364 = CARTESIAN_POINT ( 'NONE',  ( 0.05344999999999996300, 0.2423749999999995600, -1.566929930208255100E-016 ) ) ;
#1365 = DIRECTION ( 'NONE',  ( 1.000000000000000000, 2.449212707644754500E-016, 0.0000000000000000000 ) ) ;
#1366 = AXIS2_PLACEMENT_3D ( 'NONE', #1342, #1352, #1365 ) ;
#1367 = DIRECTION ( 'NONE',  ( 2.449212707644754500E-016, -1.000000000000000000, 0.0000000000000000000 ) ) ;
#1368 = VECTOR ( 'NONE', #1367, 39.37007874015748100 ) ;
#1369 = CARTESIAN_POINT ( 'NONE',  ( 0.05345000000000004600, 1.309104192236122500E-017, 0.0000000000000000000 ) ) ;
#1370 = LINE ( 'NONE', #1369, #1368 ) ;
#1371 = CARTESIAN_POINT ( 'NONE',  ( -0.05345000000000004600, 0.1861249999999996500, -1.704179267160803400E-016 ) ) ;
#1372 = DIRECTION ( 'NONE',  ( 2.449212707644754500E-016, -1.000000000000000000, 0.0000000000000000000 ) ) ;
#1373 = VECTOR ( 'NONE', #1372, 39.37007874015748100 ) ;
#1374 = CARTESIAN_POINT ( 'NONE',  ( 0.05345000000000004600, 1.309104192236122500E-017, 0.0000000000000000000 ) ) ;
#1375 = LINE ( 'NONE', #1374, #1373 ) ;
#1376 = CARTESIAN_POINT ( 'NONE',  ( 0.05344999999999996300, 0.1673749999999996600, 2.012990275304036300E-016 ) ) ;
#1377 = DIRECTION ( 'NONE',  ( 1.000000000000000000, 2.449212707644754500E-016, 0.0000000000000000000 ) ) ;
#1378 =( BOUNDED_CURVE ( )  B_SPLINE_CURVE ( 2, ( #1655, #1660, #1659, #1658, #1657, #1656, #1381, #1383, #1382 ),
 .UNSPECIFIED., .F., .F. ) 
 B_SPLINE_CURVE_WITH_KNOTS ( ( 3, 2, 2, 2, 3 ),
 ( 0.3017241379310345300, 0.3045977011494253000, 0.3103448275862069100, 0.3160919540229885100, 0.3189655172413793400 ),
 .UNSPECIFIED. ) 
 CURVE ( )  GEOMETRIC_REPRESENTATION_ITEM ( )  RATIONAL_B_SPLINE_CURVE ( ( 0.9330127018922194100, 0.9330127018922206300, 1.000000000000000000, 0.8660254037844387100, 1.000000000000000000, 0.8660254037844387100, 1.000000000000000000, 0.9330127018922187400, 0.9330127018922194100 ) ) 
 REPRESENTATION_ITEM ( '' )  );
#1379 = CARTESIAN_POINT ( 'NONE',  ( -0.05344999999999996300, 0.1736249999999996700, 1.669866932922666500E-016 ) ) ;
#1380 =( BOUNDED_CURVE ( )  B_SPLINE_CURVE ( 2, ( #1502, #1514, #1513, #1527, #1526, #1519, #1518, #1517, #1516 ),
 .UNSPECIFIED., .F., .T. ) 
 B_SPLINE_CURVE_WITH_KNOTS ( ( 3, 2, 2, 2, 3 ),
 ( 0.4396551724137931500, 0.4425287356321839200, 0.4482758620689655200, 0.4540229885057471300, 0.4568965517241380100 ),
 .UNSPECIFIED. ) 
 CURVE ( )  GEOMETRIC_REPRESENTATION_ITEM ( )  RATIONAL_B_SPLINE_CURVE ( ( 0.9330127018922194100, 0.9330127018922200800, 1.000000000000000000, 0.8660254037844387100, 1.000000000000000000, 0.8660254037844387100, 1.000000000000000000, 0.9330127018922174100, 0.9330127018922194100 ) ) 
 REPRESENTATION_ITEM ( '' )  );
#1381 = CARTESIAN_POINT ( 'NONE',  ( -0.04628905783227814400, 0.1350833333333330800, 0.02672500000000016200 ) ) ;
#1382 = CARTESIAN_POINT ( 'NONE',  ( -0.05345000000000000400, 0.1361249999999997500, 4.231854556036894600E-017 ) ) ;
#1383 = CARTESIAN_POINT ( 'NONE',  ( -0.05345000000000001100, 0.1355667725157682400, 0.01432188433544368200 ) ) ;
#1384 =( BOUNDED_CURVE ( )  B_SPLINE_CURVE ( 2, ( #1450, #1449, #1448, #1447, #1446, #1445, #1444, #1443, #1442 ),
 .UNSPECIFIED., .F., .T. ) 
 B_SPLINE_CURVE_WITH_KNOTS ( ( 3, 2, 2, 2, 3 ),
 ( 0.5603448275862069600, 0.5632183908045976800, 0.5689655172413793400, 0.5747126436781608800, 0.5775862068965517100 ),
 .UNSPECIFIED. ) 
 CURVE ( )  GEOMETRIC_REPRESENTATION_ITEM ( )  RATIONAL_B_SPLINE_CURVE ( ( 0.9330127018922194100, 0.9330127018922206300, 1.000000000000000000, 0.8660254037844387100, 1.000000000000000000, 0.8660254037844387100, 1.000000000000000000, 0.9330127018922194100, 0.9330127018922194100 ) ) 
 REPRESENTATION_ITEM ( '' )  );
#1385 = DIRECTION ( 'NONE',  ( 1.000000000000000000, 2.449212707644754500E-016, 0.0000000000000000000 ) ) ;
#1386 = DIRECTION ( 'NONE',  ( 2.449212707644754500E-016, -1.000000000000000000, 0.0000000000000000000 ) ) ;
#1387 = CARTESIAN_POINT ( 'NONE',  ( 0.0000000000000000000, 0.0000000000000000000, 0.0000000000000000000 ) ) ;
#1388 = AXIS2_PLACEMENT_3D ( 'NONE', #1387, #1386, #1385 ) ;
#1389 =( BOUNDED_CURVE ( )  B_SPLINE_CURVE ( 2, ( #1455, #1454, #1453, #1452, #1451, #1483, #1482, #1481, #1480 ),
 .UNSPECIFIED., .F., .T. ) 
 B_SPLINE_CURVE_WITH_KNOTS ( ( 3, 2, 2, 2, 3 ),
 ( 0.5948275862068965700, 0.5977011494252872900, 0.6034482758620689500, 0.6091954022988506100, 0.6120689655172414400 ),
 .UNSPECIFIED. ) 
 CURVE ( )  GEOMETRIC_REPRESENTATION_ITEM ( )  RATIONAL_B_SPLINE_CURVE ( ( 0.9330127018922194100, 0.9330127018922206300, 1.000000000000000000, 0.8660254037844387100, 1.000000000000000000, 0.8660254037844387100, 1.000000000000000000, 0.9330127018922180800, 0.9330127018922194100 ) ) 
 REPRESENTATION_ITEM ( '' )  );
#1390 = CARTESIAN_POINT ( 'NONE',  ( 0.05344999999999996300, 0.2563749999999995200, 3.751481876702976400E-016 ) ) ;
#1391 = CARTESIAN_POINT ( 'NONE',  ( 0.05345000000000006700, 0.2558167725157679500, -0.01432188433544380300 ) ) ;
#1392 = CARTESIAN_POINT ( 'NONE',  ( 0.04628905783227779700, 0.2553333333333327500, -0.02672500000000076900 ) ) ;
#1393 = CARTESIAN_POINT ( 'NONE',  ( 0.03085937188818444300, 0.2542916666666660800, -0.05345000000000060100 ) ) ;
#1394 = CARTESIAN_POINT ( 'NONE',  ( -4.451678636179303700E-016, 0.2532499999999994200, -0.05344999999999999800 ) ) ;
#1395 = CARTESIAN_POINT ( 'NONE',  ( -0.03085937188818610100, 0.2522083333333327600, -0.05344999999999964400 ) ) ;
#1396 = CARTESIAN_POINT ( 'NONE',  ( -0.04628905783227862300, 0.2511666666666660900, -0.02672499999999934000 ) ) ;
#1397 = CARTESIAN_POINT ( 'NONE',  ( -0.05345000000000005300, 0.2506832274842309400, -0.01432188433544291800 ) ) ;
#1398 = CARTESIAN_POINT ( 'NONE',  ( -0.05344999999999996300, 0.2501249999999995400, 3.659982318734610800E-016 ) ) ;
#1399 = CARTESIAN_POINT ( 'NONE',  ( 0.05344999999999996300, 0.2313749999999995500, -1.566929930208255100E-016 ) ) ;
#1400 = CARTESIAN_POINT ( 'NONE',  ( 0.05344999999999992100, 0.2308167725157679900, -0.01432188433544403000 ) ) ;
#1401 = CARTESIAN_POINT ( 'NONE',  ( 0.04628905783227781800, 0.2303333333333328300, -0.02672500000000074500 ) ) ;
#1402 = CARTESIAN_POINT ( 'NONE',  ( 0.03085937188818447000, 0.2292916666666661700, -0.05345000000000057300 ) ) ;
#1403 = CARTESIAN_POINT ( 'NONE',  ( -4.189857797732079600E-016, 0.2282499999999995100, -0.05344999999999999800 ) ) ;
#1404 = CARTESIAN_POINT ( 'NONE',  ( -0.03085937188818607000, 0.2272083333333328500, -0.05344999999999965800 ) ) ;
#1405 = CARTESIAN_POINT ( 'NONE',  ( -0.04628905783227860900, 0.2261666666666661800, -0.02672499999999936000 ) ) ;
#1406 = CARTESIAN_POINT ( 'NONE',  ( -0.05345000000000003900, 0.2256832274842310600, -0.01432188433544294400 ) ) ;
#1407 = CARTESIAN_POINT ( 'NONE',  ( -0.05345000000000005300, 0.2251249999999995500, 1.635554598684529000E-016 ) ) ;
#1408 = CYLINDRICAL_SURFACE ( 'NONE', #1388, 0.05345000000000004600 ) ;
#1409 = FACE_OUTER_BOUND ( 'NONE', #3963, .T. ) ;
#1410 =( BOUNDED_CURVE ( )  B_SPLINE_CURVE ( 2, ( #1407, #1406, #1405, #1404, #1403, #1402, #1401, #1400, #1399 ),
 .UNSPECIFIED., .F., .T. ) 
 B_SPLINE_CURVE_WITH_KNOTS ( ( 3, 2, 2, 2, 3 ),
 ( 0.5948275862068965700, 0.5977011494252872900, 0.6034482758620689500, 0.6091954022988506100, 0.6120689655172414400 ),
 .UNSPECIFIED. ) 
 CURVE ( )  GEOMETRIC_REPRESENTATION_ITEM ( )  RATIONAL_B_SPLINE_CURVE ( ( 0.9330127018922194100, 0.9330127018922206300, 1.000000000000000000, 0.8660254037844387100, 1.000000000000000000, 0.8660254037844387100, 1.000000000000000000, 0.9330127018922180800, 0.9330127018922194100 ) ) 
 REPRESENTATION_ITEM ( '' )  );
#1411 = CARTESIAN_POINT ( 'NONE',  ( 0.05345000000000005300, 0.1938749999999996000, 8.806832454455156300E-017 ) ) ;
#1412 = CARTESIAN_POINT ( 'NONE',  ( 0.05345000000000001800, 0.1933167725157680900, -0.01432188433544361200 ) ) ;
#1413 = CARTESIAN_POINT ( 'NONE',  ( 0.04628905783227801900, 0.1928333333333329100, -0.02672500000000038400 ) ) ;
#1414 = CARTESIAN_POINT ( 'NONE',  ( 0.03085937188818489000, 0.1917916666666662500, -0.05345000000000033800 ) ) ;
#1415 = CARTESIAN_POINT ( 'NONE',  ( -7.594977462698978600E-016, 0.1907499999999995900, -0.05344999999999999800 ) ) ;
#1416 = CARTESIAN_POINT ( 'NONE',  ( -0.03085937188818564300, 0.1897083333333329200, -0.05344999999999990000 ) ) ;
#1417 = CARTESIAN_POINT ( 'NONE',  ( -0.04628905783227840000, 0.1886666666666662300, -0.02672499999999972500 ) ) ;
#1418 = CARTESIAN_POINT ( 'NONE',  ( -0.05344999999999999800, 0.1881832274842311100, -0.01432188433544323700 ) ) ;
#1419 = CARTESIAN_POINT ( 'NONE',  ( -0.05344999999999996300, 0.1876249999999996300, 1.944365606827762300E-016 ) ) ;
#1420 =( BOUNDED_CURVE ( )  B_SPLINE_CURVE ( 2, ( #1419, #1418, #1417, #1416, #1415, #1414, #1413, #1412, #1411 ),
 .UNSPECIFIED., .F., .T. ) 
 B_SPLINE_CURVE_WITH_KNOTS ( ( 3, 2, 2, 2, 3 ),
 ( 0.4913793103448276200, 0.4942528735632184000, 0.5000000000000000000, 0.5057471264367816600, 0.5086206896551724900 ),
 .UNSPECIFIED. ) 
 CURVE ( )  GEOMETRIC_REPRESENTATION_ITEM ( )  RATIONAL_B_SPLINE_CURVE ( ( 0.9330127018922194100, 0.9330127018922200800, 1.000000000000000000, 0.8660254037844387100, 1.000000000000000000, 0.8660254037844387100, 1.000000000000000000, 0.9330127018922180800, 0.9330127018922194100 ) ) 
 REPRESENTATION_ITEM ( '' )  );
#1421 = CARTESIAN_POINT ( 'NONE',  ( 0.05345000000000004600, 0.2438749999999994000, -5.169725025212638800E-016 ) ) ;
#1422 = CARTESIAN_POINT ( 'NONE',  ( 0.05344999999999985900, 0.2433167725157679700, -0.01432188433544392300 ) ) ;
#1423 = CARTESIAN_POINT ( 'NONE',  ( 0.04628905783227799100, 0.2428333333333327900, -0.02672500000000042900 ) ) ;
#1424 = CARTESIAN_POINT ( 'NONE',  ( 0.03085937188818484200, 0.2417916666666661300, -0.05345000000000037200 ) ) ;
#1425 = CARTESIAN_POINT ( 'NONE',  ( -8.118619139593426700E-016, 0.2407499999999994600, -0.05344999999999999800 ) ) ;
#1426 = CARTESIAN_POINT ( 'NONE',  ( -0.03085937188818645800, 0.2397083333333328000, -0.05344999999999943500 ) ) ;
#1427 = CARTESIAN_POINT ( 'NONE',  ( -0.04628905783227842800, 0.2386666666666661400, -0.02672499999999968300 ) ) ;
#1428 = CARTESIAN_POINT ( 'NONE',  ( -0.05345000000000008800, 0.2381832274842310100, -0.01432188433544305500 ) ) ;
#1429 = CARTESIAN_POINT ( 'NONE',  ( -0.05344999999999993500, 0.2376249999999994500, 5.238349693688912300E-016 ) ) ;
#1430 =( BOUNDED_CURVE ( )  B_SPLINE_CURVE ( 2, ( #1429, #1428, #1427, #1426, #1425, #1424, #1423, #1422, #1421 ),
 .UNSPECIFIED., .F., .T. ) 
 B_SPLINE_CURVE_WITH_KNOTS ( ( 3, 2, 2, 2, 3 ),
 ( 0.6293103448275861900, 0.6321839080459770200, 0.6379310344827585600, 0.6436781609195402200, 0.6465517241379310500 ),
 .UNSPECIFIED. ) 
 CURVE ( )  GEOMETRIC_REPRESENTATION_ITEM ( )  RATIONAL_B_SPLINE_CURVE ( ( 0.9330127018922194100, 0.9330127018922194100, 1.000000000000000000, 0.8660254037844387100, 1.000000000000000000, 0.8660254037844387100, 1.000000000000000000, 0.9330127018922194100, 0.9330127018922194100 ) ) 
 REPRESENTATION_ITEM ( '' )  );
#1431 = CARTESIAN_POINT ( 'NONE',  ( 0.05345000000000016400, 0.3423749999999993200, -2.607737402098409600E-016 ) ) ;
#1432 = CARTESIAN_POINT ( 'NONE',  ( 0.05345000000000010200, 0.3418167725157677500, -0.01432188433544378400 ) ) ;
#1433 = CARTESIAN_POINT ( 'NONE',  ( 0.04628905783227813700, 0.3413333333333326000, -0.02672500000000018300 ) ) ;
#1434 = CARTESIAN_POINT ( 'NONE',  ( 0.03085937188818436600, 0.3402916666666659400, -0.05345000000000064300 ) ) ;
#1435 = CARTESIAN_POINT ( 'NONE',  ( -5.237141151520976400E-016, 0.3392499999999992700, -0.05344999999999999800 ) ) ;
#1436 = CARTESIAN_POINT ( 'NONE',  ( -0.03085937188818693700, 0.3382083333333326700, -0.05344999999999915800 ) ) ;
#1437 = CARTESIAN_POINT ( 'NONE',  ( -0.04628905783227865700, 0.3371666666666659500, -0.02672499999999927400 ) ) ;
#1438 = CARTESIAN_POINT ( 'NONE',  ( -0.05344999999999992100, 0.3366832274842308500, -0.01432188433544350800 ) ) ;
#1439 = CARTESIAN_POINT ( 'NONE',  ( -0.05344999999999996300, 0.3361249999999993400, -5.215474804196821100E-016 ) ) ;
#1440 =( BOUNDED_CURVE ( )  B_SPLINE_CURVE ( 2, ( #1439, #1438, #1437, #1436, #1435, #1434, #1433, #1432, #1431 ),
 .UNSPECIFIED., .F., .T. ) 
 B_SPLINE_CURVE_WITH_KNOTS ( ( 3, 2, 2, 2, 3 ),
 ( 0.8706896551724139200, 0.8735632183908046400, 0.8793103448275861900, 0.8850574712643678500, 0.8879310344827586700 ),
 .UNSPECIFIED. ) 
 CURVE ( )  GEOMETRIC_REPRESENTATION_ITEM ( )  RATIONAL_B_SPLINE_CURVE ( ( 0.9330127018922194100, 0.9330127018922219600, 1.000000000000000000, 0.8660254037844387100, 1.000000000000000000, 0.8660254037844387100, 1.000000000000000000, 0.9330127018922180800, 0.9330127018922194100 ) ) 
 REPRESENTATION_ITEM ( '' )  );
#1441 =( BOUNDED_CURVE ( )  B_SPLINE_CURVE ( 2, ( #1398, #1397, #1396, #1395, #1394, #1393, #1392, #1391, #1390 ),
 .UNSPECIFIED., .F., .T. ) 
 B_SPLINE_CURVE_WITH_KNOTS ( ( 3, 2, 2, 2, 3 ),
 ( 0.6637931034482759100, 0.6666666666666666300, 0.6724137931034482900, 0.6781609195402298300, 0.6810344827586207700 ),
 .UNSPECIFIED. ) 
 CURVE ( )  GEOMETRIC_REPRESENTATION_ITEM ( )  RATIONAL_B_SPLINE_CURVE ( ( 0.9330127018922194100, 0.9330127018922206300, 1.000000000000000000, 0.8660254037844387100, 1.000000000000000000, 0.8660254037844387100, 1.000000000000000000, 0.9330127018922167400, 0.9330127018922194100 ) ) 
 REPRESENTATION_ITEM ( '' )  );
#1442 = CARTESIAN_POINT ( 'NONE',  ( 0.05345000000000004600, 0.2188749999999994900, -4.918101240799634300E-016 ) ) ;
#1443 = CARTESIAN_POINT ( 'NONE',  ( 0.05344999999999988000, 0.2183167725157680300, -0.01432188433544389500 ) ) ;
#1444 = CARTESIAN_POINT ( 'NONE',  ( 0.04628905783227801200, 0.2178333333333328500, -0.02672500000000040800 ) ) ;
#1445 = CARTESIAN_POINT ( 'NONE',  ( 0.03085937188818485900, 0.2167916666666661900, -0.05345000000000035100 ) ) ;
#1446 = CARTESIAN_POINT ( 'NONE',  ( -7.856798301146203200E-016, 0.2157499999999995300, -0.05344999999999999800 ) ) ;
#1447 = CARTESIAN_POINT ( 'NONE',  ( -0.03085937188818643800, 0.2147083333333328600, -0.05344999999999944900 ) ) ;
#1448 = CARTESIAN_POINT ( 'NONE',  ( -0.04628905783227841400, 0.2136666666666662000, -0.02672499999999970400 ) ) ;
#1449 = CARTESIAN_POINT ( 'NONE',  ( -0.05344999999999993500, 0.2131832274842310500, -0.01432188433544333600 ) ) ;
#1450 = CARTESIAN_POINT ( 'NONE',  ( -0.05344999999999996300, 0.2126249999999995900, -5.261224583181002700E-017 ) ) ;
#1451 = CARTESIAN_POINT ( 'NONE',  ( -4.189857797732079600E-016, 0.2392499999999994900, -0.05344999999999999800 ) ) ;
#1452 = CARTESIAN_POINT ( 'NONE',  ( -0.03085937188818607000, 0.2382083333333328800, -0.05344999999999965800 ) ) ;
#1453 = CARTESIAN_POINT ( 'NONE',  ( -0.04628905783227860900, 0.2371666666666661900, -0.02672499999999936000 ) ) ;
#1454 = CARTESIAN_POINT ( 'NONE',  ( -0.05345000000000003900, 0.2366832274842310100, -0.01432188433544294400 ) ) ;
#1455 = CARTESIAN_POINT ( 'NONE',  ( -0.05345000000000005300, 0.2361249999999995900, 1.635554598684529000E-016 ) ) ;
#1456 = CARTESIAN_POINT ( 'NONE',  ( -3.142574443943182400E-016, 0.1392499999999997100, -0.05344999999999999800 ) ) ;
#1457 = CARTESIAN_POINT ( 'NONE',  ( -0.03085937188818596900, 0.1382083333333330400, -0.05344999999999972000 ) ) ;
#1458 = CARTESIAN_POINT ( 'NONE',  ( -0.04628905783227836600, 0.1371666666666663800, -0.02672499999999978000 ) ) ;
#1459 = CARTESIAN_POINT ( 'NONE',  ( -0.05344999999999997700, 0.1366832274842312000, -0.01432188433544330200 ) ) ;
#1460 = CARTESIAN_POINT ( 'NONE',  ( -0.05345000000000000400, 0.1361249999999997500, 4.231854556036894600E-017 ) ) ;
#1461 = CARTESIAN_POINT ( 'NONE',  ( 0.0000000000000000000, 0.0000000000000000000, 0.0000000000000000000 ) ) ;
#1462 = AXIS2_PLACEMENT_3D ( 'NONE', #1461, #1505, #1503 ) ;
#1463 = CYLINDRICAL_SURFACE ( 'NONE', #1462, 0.05345000000000004600 ) ;
#1464 = CARTESIAN_POINT ( 'NONE',  ( -0.04628905783227836600, 0.1386666666666663500, -0.02672499999999977300 ) ) ;
#1465 = DIRECTION ( 'NONE',  ( 1.000000000000000000, 2.449212707644754500E-016, 0.0000000000000000000 ) ) ;
#1466 = DIRECTION ( 'NONE',  ( 2.449212707644754500E-016, -1.000000000000000000, 0.0000000000000000000 ) ) ;
#1467 = CARTESIAN_POINT ( 'NONE',  ( 0.0000000000000000000, 0.0000000000000000000, 0.0000000000000000000 ) ) ;
#1468 = AXIS2_PLACEMENT_3D ( 'NONE', #1467, #1466, #1465 ) ;
#1469 = CYLINDRICAL_SURFACE ( 'NONE', #1468, 0.05345000000000004600 ) ;
#1470 = CARTESIAN_POINT ( 'NONE',  ( 0.04628905783227782500, 0.2053333333333329000, -0.02672500000000072400 ) ) ;
#1471 = CARTESIAN_POINT ( 'NONE',  ( 0.03085937188818525500, 0.2042916666666662600, -0.05345000000000012900 ) ) ;
#1472 = CARTESIAN_POINT ( 'NONE',  ( -3.928036959284855600E-016, 0.2032499999999995700, -0.05344999999999999800 ) ) ;
#1473 = CARTESIAN_POINT ( 'NONE',  ( -0.03085937188818604600, 0.2022083333333328800, -0.05344999999999967100 ) ) ;
#1474 = CARTESIAN_POINT ( 'NONE',  ( -0.04628905783227860200, 0.2011666666666662400, -0.02672499999999938800 ) ) ;
#1475 = CARTESIAN_POINT ( 'NONE',  ( -0.05344999999999990000, 0.2006832274842311200, -0.01432188433544323000 ) ) ;
#1476 = CARTESIAN_POINT ( 'NONE',  ( -0.05345000000000006700, 0.2001249999999996600, -4.231854556036894700E-016 ) ) ;
#1477 = CYLINDRICAL_SURFACE ( 'NONE', #1487, 0.05345000000000004600 ) ;
#1478 =( BOUNDED_CURVE ( )  B_SPLINE_CURVE ( 2, ( #1476, #1475, #1474, #1473, #1472, #1471, #1470, #1490, #1489 ),
 .UNSPECIFIED., .F., .T. ) 
 B_SPLINE_CURVE_WITH_KNOTS ( ( 3, 2, 2, 2, 3 ),
 ( 0.5258620689655173500, 0.5287356321839080700, 0.5344827586206896100, 0.5402298850574712700, 0.5431034482758621000 ),
 .UNSPECIFIED. ) 
 CURVE ( )  GEOMETRIC_REPRESENTATION_ITEM ( )  RATIONAL_B_SPLINE_CURVE ( ( 0.9330127018922194100, 0.9330127018922219600, 1.000000000000000000, 0.8660254037844387100, 1.000000000000000000, 0.8660254037844387100, 1.000000000000000000, 0.9330127018922180800, 0.9330127018922194100 ) ) 
 REPRESENTATION_ITEM ( '' )  );
#1479 = FACE_OUTER_BOUND ( 'NONE', #3987, .T. ) ;
#1480 = CARTESIAN_POINT ( 'NONE',  ( 0.05344999999999996300, 0.2423749999999995600, -1.566929930208255100E-016 ) ) ;
#1481 = CARTESIAN_POINT ( 'NONE',  ( 0.05344999999999992100, 0.2418167725157680200, -0.01432188433544403000 ) ) ;
#1482 = CARTESIAN_POINT ( 'NONE',  ( 0.04628905783227781800, 0.2413333333333328200, -0.02672500000000074500 ) ) ;
#1483 = CARTESIAN_POINT ( 'NONE',  ( 0.03085937188818447000, 0.2402916666666661500, -0.05345000000000057300 ) ) ;
#1484 = DIRECTION ( 'NONE',  ( 1.000000000000000000, 2.449212707644754500E-016, 0.0000000000000000000 ) ) ;
#1485 = DIRECTION ( 'NONE',  ( 2.449212707644754500E-016, -1.000000000000000000, 0.0000000000000000000 ) ) ;
#1486 = CARTESIAN_POINT ( 'NONE',  ( 0.0000000000000000000, 0.0000000000000000000, 0.0000000000000000000 ) ) ;
#1487 = AXIS2_PLACEMENT_3D ( 'NONE', #1486, #1485, #1484 ) ;
#1488 = FACE_OUTER_BOUND ( 'NONE', #3941, .T. ) ;
#1489 = CARTESIAN_POINT ( 'NONE',  ( 0.05344999999999996300, 0.2063749999999995600, -1.303868701049204800E-016 ) ) ;
#1490 = CARTESIAN_POINT ( 'NONE',  ( 0.05344999999999992100, 0.2058167725157680800, -0.01432188433544400800 ) ) ;
#1491 =( BOUNDED_CURVE ( )  B_SPLINE_CURVE ( 2, ( #1510, #1522, #1496, #1495, #1494, #1521, #1520, #1500, #1511 ),
 .UNSPECIFIED., .F., .T. ) 
 B_SPLINE_CURVE_WITH_KNOTS ( ( 3, 2, 2, 2, 3 ),
 ( 0.6293103448275861900, 0.6321839080459770200, 0.6379310344827585600, 0.6436781609195402200, 0.6465517241379310500 ),
 .UNSPECIFIED. ) 
 CURVE ( )  GEOMETRIC_REPRESENTATION_ITEM ( )  RATIONAL_B_SPLINE_CURVE ( ( 0.9330127018922194100, 0.9330127018922194100, 1.000000000000000000, 0.8660254037844387100, 1.000000000000000000, 0.8660254037844387100, 1.000000000000000000, 0.9330127018922194100, 0.9330127018922194100 ) ) 
 REPRESENTATION_ITEM ( '' )  );
#1492 = VECTOR ( 'NONE', #1497, 39.37007874015748100 ) ;
#1493 = CARTESIAN_POINT ( 'NONE',  ( -0.05345000000000004600, 0.1751249999999996400, -1.704179267160803400E-016 ) ) ;
#1494 = CARTESIAN_POINT ( 'NONE',  ( -8.118619139593426700E-016, 0.2517499999999994700, -0.05344999999999999800 ) ) ;
#1495 = CARTESIAN_POINT ( 'NONE',  ( -0.03085937188818645800, 0.2507083333333328100, -0.05344999999999943500 ) ) ;
#1496 = CARTESIAN_POINT ( 'NONE',  ( -0.04628905783227842800, 0.2496666666666661500, -0.02672499999999968300 ) ) ;
#1497 = DIRECTION ( 'NONE',  ( 2.449212707644754500E-016, -1.000000000000000000, 0.0000000000000000000 ) ) ;
#1498 =( BOUNDED_CURVE ( )  B_SPLINE_CURVE ( 2, ( #1525, #1524, #1523, #1509, #1507, #1506, #1534, #1533, #1532 ),
 .UNSPECIFIED., .F., .T. ) 
 B_SPLINE_CURVE_WITH_KNOTS ( ( 3, 2, 2, 2, 3 ),
 ( 0.4224137931034482900, 0.4252873563218390600, 0.4310344827586206600, 0.4367816091954023200, 0.4396551724137931500 ),
 .UNSPECIFIED. ) 
 CURVE ( )  GEOMETRIC_REPRESENTATION_ITEM ( )  RATIONAL_B_SPLINE_CURVE ( ( 0.9330127018922194100, 0.9330127018922200800, 1.000000000000000000, 0.8660254037844387100, 1.000000000000000000, 0.8660254037844387100, 1.000000000000000000, 0.9330127018922187400, 0.9330127018922194100 ) ) 
 REPRESENTATION_ITEM ( '' )  );
#1499 = FACE_OUTER_BOUND ( 'NONE', #3995, .T. ) ;
#1500 = CARTESIAN_POINT ( 'NONE',  ( 0.05344999999999985900, 0.2543167725157679500, -0.01432188433544392300 ) ) ;
#1501 = CARTESIAN_POINT ( 'NONE',  ( 0.03085937188818496000, 0.1402916666666664000, -0.05345000000000030300 ) ) ;
#1502 = CARTESIAN_POINT ( 'NONE',  ( 0.05344999999999996300, 0.1798749999999996700, 1.486867816985935700E-017 ) ) ;
#1503 = DIRECTION ( 'NONE',  ( 1.000000000000000000, 2.449212707644754500E-016, 0.0000000000000000000 ) ) ;
#1504 =( BOUNDED_CURVE ( )  B_SPLINE_CURVE ( 2, ( #1460, #1459, #1458, #1457, #1456, #1501, #1574, #1573, #1572 ),
 .UNSPECIFIED., .F., .T. ) 
 B_SPLINE_CURVE_WITH_KNOTS ( ( 3, 2, 2, 2, 3 ),
 ( 0.3189655172413793400, 0.3218390804597701100, 0.3275862068965517100, 0.3333333333333333100, 0.3362068965517241400 ),
 .UNSPECIFIED. ) 
 CURVE ( )  GEOMETRIC_REPRESENTATION_ITEM ( )  RATIONAL_B_SPLINE_CURVE ( ( 0.9330127018922194100, 0.9330127018922200800, 1.000000000000000000, 0.8660254037844387100, 1.000000000000000000, 0.8660254037844387100, 1.000000000000000000, 0.9330127018922187400, 0.9330127018922194100 ) ) 
 REPRESENTATION_ITEM ( '' )  );
#1505 = DIRECTION ( 'NONE',  ( 2.449212707644754500E-016, -1.000000000000000000, 0.0000000000000000000 ) ) ;
#1506 = CARTESIAN_POINT ( 'NONE',  ( 0.03085937188818491800, 0.1667916666666663400, -0.05345000000000033100 ) ) ;
#1508 = CARTESIAN_POINT ( 'NONE',  ( -0.05345000000000004600, -1.309104192236122500E-017, 6.545520961180612600E-018 ) ) ;
#1507 = CARTESIAN_POINT ( 'NONE',  ( -7.333156624251754000E-016, 0.1657499999999996200, -0.05344999999999999800 ) ) ;
#1509 = CARTESIAN_POINT ( 'NONE',  ( -0.03085937188818562200, 0.1647083333333329800, -0.05344999999999992100 ) ) ;
#1510 = CARTESIAN_POINT ( 'NONE',  ( -0.05344999999999993500, 0.2486249999999994600, 5.238349693688912300E-016 ) ) ;
#1511 = CARTESIAN_POINT ( 'NONE',  ( 0.05345000000000004600, 0.2548749999999994100, -5.169725025212638800E-016 ) ) ;
#1512 = CARTESIAN_POINT ( 'NONE',  ( -0.05344999999999996300, 0.1736249999999996700, 1.669866932922666500E-016 ) ) ;
#1513 = CARTESIAN_POINT ( 'NONE',  ( 0.04628905783227828900, 0.1809166666666663100, 0.02672499999999990500 ) ) ;
#1514 = CARTESIAN_POINT ( 'NONE',  ( 0.05344999999999993500, 0.1804332274842311000, 0.01432188433544344400 ) ) ;
#1515 = LINE ( 'NONE', #1508, #1492 ) ;
#1516 = CARTESIAN_POINT ( 'NONE',  ( -0.05345000000000004600, 0.1861249999999996500, -1.704179267160803400E-016 ) ) ;
#1517 = CARTESIAN_POINT ( 'NONE',  ( -0.05345000000000015000, 0.1855667725157680900, 0.01432188433544367600 ) ) ;
#1518 = CARTESIAN_POINT ( 'NONE',  ( -0.04628905783227812300, 0.1850833333333329600, 0.02672500000000020000 ) ) ;
#1519 = CARTESIAN_POINT ( 'NONE',  ( -0.03085937188818510200, 0.1840416666666663000, 0.05345000000000022600 ) ) ;
#1520 = CARTESIAN_POINT ( 'NONE',  ( 0.04628905783227799100, 0.2538333333333328000, -0.02672500000000042900 ) ) ;
#1521 = CARTESIAN_POINT ( 'NONE',  ( 0.03085937188818484200, 0.2527916666666661400, -0.05345000000000037200 ) ) ;
#1522 = CARTESIAN_POINT ( 'NONE',  ( -0.05345000000000008800, 0.2491832274842310000, -0.01432188433544305500 ) ) ;
#1523 = CARTESIAN_POINT ( 'NONE',  ( -0.04628905783227838700, 0.1636666666666662900, -0.02672499999999974900 ) ) ;
#1524 = CARTESIAN_POINT ( 'NONE',  ( -0.05344999999999999800, 0.1631832274842311400, -0.01432188433544326500 ) ) ;
#1525 = CARTESIAN_POINT ( 'NONE',  ( -0.05344999999999996300, 0.1626249999999996300, 1.669866932922666500E-016 ) ) ;
#1526 = CARTESIAN_POINT ( 'NONE',  ( 5.499686372544693000E-016, 0.1829999999999996400, 0.05344999999999999800 ) ) ;
#1527 = CARTESIAN_POINT ( 'NONE',  ( 0.03085937188818619800, 0.1819583333333329400, 0.05344999999999958800 ) ) ;
#1528 = DIRECTION ( 'NONE',  ( 1.000000000000000000, 2.449212707644754500E-016, 0.0000000000000000000 ) ) ;
#1529 = DIRECTION ( 'NONE',  ( 2.449212707644754500E-016, -1.000000000000000000, 0.0000000000000000000 ) ) ;
#1530 = CARTESIAN_POINT ( 'NONE',  ( 0.0000000000000000000, 0.0000000000000000000, 0.0000000000000000000 ) ) ;
#1531 = AXIS2_PLACEMENT_3D ( 'NONE', #1530, #1529, #1528 ) ;
#1532 = CARTESIAN_POINT ( 'NONE',  ( 0.05344999999999996300, 0.1688749999999996400, 1.486867816985935700E-017 ) ) ;
#1533 = CARTESIAN_POINT ( 'NONE',  ( 0.05344999999999995600, 0.1683167725157681300, -0.01432188433544371100 ) ) ;
#1534 = CARTESIAN_POINT ( 'NONE',  ( 0.04628905783227803300, 0.1678333333333329700, -0.02672500000000036000 ) ) ;
#1535 = CYLINDRICAL_SURFACE ( 'NONE', #1531, 0.05345000000000004600 ) ;
#1536 = CARTESIAN_POINT ( 'NONE',  ( 0.05345000000000000400, 0.1063749999999998000, -8.006211322231961800E-018 ) ) ;
#1537 = CARTESIAN_POINT ( 'NONE',  ( 0.05344999999999996300, 0.1058167725157682800, -0.01432188433544364700 ) ) ;
#1538 = CARTESIAN_POINT ( 'NONE',  ( 0.04628905783227806000, 0.1053333333333331300, -0.02672500000000030400 ) ) ;
#1539 = CARTESIAN_POINT ( 'NONE',  ( 0.03085937188818536200, 0.1042916666666664400, -0.05345000000000005300 ) ) ;
#1540 = CARTESIAN_POINT ( 'NONE',  ( -2.880753605495958800E-016, 0.1032499999999997900, -0.05344999999999999800 ) ) ;
#1541 = CARTESIAN_POINT ( 'NONE',  ( -0.03085937188818593800, 0.1022083333333331200, -0.05344999999999973400 ) ) ;
#1542 = CARTESIAN_POINT ( 'NONE',  ( -0.04628905783227835200, 0.1011666666666664600, -0.02672499999999980400 ) ) ;
#1543 = CARTESIAN_POINT ( 'NONE',  ( -0.05344999999999994200, 0.1006832274842313100, -0.01432188433544339200 ) ) ;
#1544 = CARTESIAN_POINT ( 'NONE',  ( -0.05345000000000000400, 0.1001249999999997800, -1.200931698334794200E-016 ) ) ;
#1545 =( BOUNDED_CURVE ( )  B_SPLINE_CURVE ( 2, ( #1544, #1543, #1542, #1541, #1540, #1539, #1538, #1537, #1536 ),
 .UNSPECIFIED., .F., .T. ) 
 B_SPLINE_CURVE_WITH_KNOTS ( ( 3, 2, 2, 2, 3 ),
 ( 0.2500000000000000600, 0.2528735632183908300, 0.2586206896551724300, 0.2643678160919540300, 0.2672413793103448600 ),
 .UNSPECIFIED. ) 
 CURVE ( )  GEOMETRIC_REPRESENTATION_ITEM ( )  RATIONAL_B_SPLINE_CURVE ( ( 0.9330127018922194100, 0.9330127018922203000, 1.000000000000000000, 0.8660254037844387100, 1.000000000000000000, 0.8660254037844387100, 1.000000000000000000, 0.9330127018922187400, 0.9330127018922194100 ) ) 
 REPRESENTATION_ITEM ( '' )  );
#1546 = DIRECTION ( 'NONE',  ( 1.000000000000000000, 2.449212707644754500E-016, 0.0000000000000000000 ) ) ;
#1547 = DIRECTION ( 'NONE',  ( 2.449212707644754500E-016, -1.000000000000000000, 0.0000000000000000000 ) ) ;
#1548 = AXIS2_PLACEMENT_3D ( 'NONE', #1554, #1547, #1546 ) ;
#1549 = CYLINDRICAL_SURFACE ( 'NONE', #1548, 0.05345000000000004600 ) ;
#1550 = FACE_OUTER_BOUND ( 'NONE', #4025, .T. ) ;
#1551 = DIRECTION ( 'NONE',  ( 1.000000000000000000, 2.449212707644754500E-016, 0.0000000000000000000 ) ) ;
#1552 = DIRECTION ( 'NONE',  ( 2.449212707644754500E-016, -1.000000000000000000, 0.0000000000000000000 ) ) ;
#1553 = CARTESIAN_POINT ( 'NONE',  ( 0.0000000000000000000, 0.0000000000000000000, 0.0000000000000000000 ) ) ;
#1554 = CARTESIAN_POINT ( 'NONE',  ( 0.0000000000000000000, 0.0000000000000000000, 0.0000000000000000000 ) ) ;
#1555 = AXIS2_PLACEMENT_3D ( 'NONE', #1553, #1552, #1551 ) ;
#1556 = CARTESIAN_POINT ( 'NONE',  ( 0.05345000000000000400, 0.1298749999999997700, 2.573425067860273800E-016 ) ) ;
#1557 = CARTESIAN_POINT ( 'NONE',  ( 0.05345000000000004600, 0.1293167725157682600, -0.01432188433544353600 ) ) ;
#1558 = CARTESIAN_POINT ( 'NONE',  ( 0.04628905783227806000, 0.1288333333333330800, -0.02672500000000031800 ) ) ;
#1559 = CARTESIAN_POINT ( 'NONE',  ( -0.05344999999999996300, 0.2236249999999995700, -5.261224583181002700E-017 ) ) ;
#1560 = CARTESIAN_POINT ( 'NONE',  ( 0.0000000000000000000, 0.0000000000000000000, 0.0000000000000000000 ) ) ;
#1561 =( BOUNDED_CURVE ( )  B_SPLINE_CURVE ( 2, ( #1559, #1569, #1568, #1567, #1566, #1565, #1564, #1563, #1562 ),
 .UNSPECIFIED., .F., .T. ) 
 B_SPLINE_CURVE_WITH_KNOTS ( ( 3, 2, 2, 2, 3 ),
 ( 0.5603448275862069600, 0.5632183908045976800, 0.5689655172413793400, 0.5747126436781608800, 0.5775862068965517100 ),
 .UNSPECIFIED. ) 
 CURVE ( )  GEOMETRIC_REPRESENTATION_ITEM ( )  RATIONAL_B_SPLINE_CURVE ( ( 0.9330127018922194100, 0.9330127018922206300, 1.000000000000000000, 0.8660254037844387100, 1.000000000000000000, 0.8660254037844387100, 1.000000000000000000, 0.9330127018922194100, 0.9330127018922194100 ) ) 
 REPRESENTATION_ITEM ( '' )  );
#1562 = CARTESIAN_POINT ( 'NONE',  ( 0.05345000000000004600, 0.2298749999999994400, -4.918101240799634300E-016 ) ) ;
#1563 = CARTESIAN_POINT ( 'NONE',  ( 0.05344999999999988000, 0.2293167725157680100, -0.01432188433544389500 ) ) ;
#1564 = CARTESIAN_POINT ( 'NONE',  ( 0.04628905783227801200, 0.2288333333333328600, -0.02672500000000040800 ) ) ;
#1565 = CARTESIAN_POINT ( 'NONE',  ( 0.03085937188818485900, 0.2277916666666662000, -0.05345000000000035100 ) ) ;
#1566 = CARTESIAN_POINT ( 'NONE',  ( -7.856798301146203200E-016, 0.2267499999999995400, -0.05344999999999999800 ) ) ;
#1567 = CARTESIAN_POINT ( 'NONE',  ( -0.03085937188818643800, 0.2257083333333329000, -0.05344999999999944900 ) ) ;
#1568 = CARTESIAN_POINT ( 'NONE',  ( -0.04628905783227841400, 0.2246666666666662100, -0.02672499999999970400 ) ) ;
#1569 = CARTESIAN_POINT ( 'NONE',  ( -0.05344999999999993500, 0.2241832274842310000, -0.01432188433544333600 ) ) ;
#1570 = FACE_OUTER_BOUND ( 'NONE', #4038, .T. ) ;
#1571 = CARTESIAN_POINT ( 'NONE',  ( -0.03085937188818560100, 0.1397083333333330200, -0.05344999999999992800 ) ) ;
#1572 = CARTESIAN_POINT ( 'NONE',  ( 0.05345000000000000400, 0.1423749999999997200, -3.202484528892784700E-017 ) ) ;
#1573 = CARTESIAN_POINT ( 'NONE',  ( 0.05344999999999996300, 0.1418167725157682100, -0.01432188433544366900 ) ) ;
#1574 = CARTESIAN_POINT ( 'NONE',  ( 0.04628905783227805400, 0.1413333333333330600, -0.02672500000000032100 ) ) ;
#1575 =( BOUNDED_CURVE ( )  B_SPLINE_CURVE ( 2, ( #1597, #1596, #1654, #1653, #1652, #1651, #1638, #1637, #1636 ),
 .UNSPECIFIED., .F., .F. ) 
 B_SPLINE_CURVE_WITH_KNOTS ( ( 3, 2, 2, 2, 3 ),
 ( 0.5258620689655173500, 0.5287356321839080700, 0.5344827586206896100, 0.5402298850574712700, 0.5431034482758621000 ),
 .UNSPECIFIED. ) 
 CURVE ( )  GEOMETRIC_REPRESENTATION_ITEM ( )  RATIONAL_B_SPLINE_CURVE ( ( 0.9330127018922194100, 0.9330127018922219600, 1.000000000000000000, 0.8660254037844387100, 1.000000000000000000, 0.8660254037844387100, 1.000000000000000000, 0.9330127018922180800, 0.9330127018922194100 ) ) 
 REPRESENTATION_ITEM ( '' )  );
#1576 = CARTESIAN_POINT ( 'NONE',  ( 0.05344999999999996300, 0.1798749999999996700, 1.486867816985935700E-017 ) ) ;
#1577 = CARTESIAN_POINT ( 'NONE',  ( 0.05344999999999995600, 0.1793167725157681400, -0.01432188433544371100 ) ) ;
#1578 = CARTESIAN_POINT ( 'NONE',  ( 0.04628905783227803300, 0.1788333333333329800, -0.02672500000000036000 ) ) ;
#1579 = CARTESIAN_POINT ( 'NONE',  ( 0.03085937188818491800, 0.1777916666666663200, -0.05345000000000033100 ) ) ;
#1580 = CARTESIAN_POINT ( 'NONE',  ( -7.333156624251754000E-016, 0.1767499999999996300, -0.05344999999999999800 ) ) ;
#1581 = CARTESIAN_POINT ( 'NONE',  ( -0.03085937188818562200, 0.1757083333333329700, -0.05344999999999992100 ) ) ;
#1582 = CARTESIAN_POINT ( 'NONE',  ( -0.04628905783227838700, 0.1746666666666663000, -0.02672499999999974900 ) ) ;
#1583 = CARTESIAN_POINT ( 'NONE',  ( -0.05344999999999999800, 0.1741832274842311200, -0.01432188433544326500 ) ) ;
#1584 = CARTESIAN_POINT ( 'NONE',  ( -0.05344999999999996300, 0.1736249999999996700, 1.669866932922666500E-016 ) ) ;
#1585 =( BOUNDED_CURVE ( )  B_SPLINE_CURVE ( 2, ( #1584, #1583, #1582, #1581, #1580, #1579, #1578, #1577, #1576 ),
 .UNSPECIFIED., .F., .T. ) 
 B_SPLINE_CURVE_WITH_KNOTS ( ( 3, 2, 2, 2, 3 ),
 ( 0.4224137931034482900, 0.4252873563218390600, 0.4310344827586206600, 0.4367816091954023200, 0.4396551724137931500 ),
 .UNSPECIFIED. ) 
 CURVE ( )  GEOMETRIC_REPRESENTATION_ITEM ( )  RATIONAL_B_SPLINE_CURVE ( ( 0.9330127018922194100, 0.9330127018922200800, 1.000000000000000000, 0.8660254037844387100, 1.000000000000000000, 0.8660254037844387100, 1.000000000000000000, 0.9330127018922187400, 0.9330127018922194100 ) ) 
 REPRESENTATION_ITEM ( '' )  );
#1586 = DIRECTION ( 'NONE',  ( 1.000000000000000000, 2.449212707644754500E-016, 0.0000000000000000000 ) ) ;
#1587 = DIRECTION ( 'NONE',  ( 2.449212707644754500E-016, -1.000000000000000000, 0.0000000000000000000 ) ) ;
#1588 = CARTESIAN_POINT ( 'NONE',  ( 0.0000000000000000000, 0.0000000000000000000, 0.0000000000000000000 ) ) ;
#1589 = AXIS2_PLACEMENT_3D ( 'NONE', #1588, #1587, #1586 ) ;
#1590 = CYLINDRICAL_SURFACE ( 'NONE', #1589, 0.05345000000000004600 ) ;
#1591 = DIRECTION ( 'NONE',  ( 1.000000000000000000, 2.449212707644754500E-016, 0.0000000000000000000 ) ) ;
#1592 = DIRECTION ( 'NONE',  ( 2.449212707644754500E-016, -1.000000000000000000, 0.0000000000000000000 ) ) ;
#1593 = AXIS2_PLACEMENT_3D ( 'NONE', #1560, #1592, #1591 ) ;
#1594 = FACE_OUTER_BOUND ( 'NONE', #4002, .T. ) ;
#1595 = CYLINDRICAL_SURFACE ( 'NONE', #1593, 0.05345000000000004600 ) ;
#1596 = CARTESIAN_POINT ( 'NONE',  ( -0.05344999999999990000, 0.2116832274842310700, -0.01432188433544323000 ) ) ;
#1597 = CARTESIAN_POINT ( 'NONE',  ( -0.05345000000000006700, 0.2111249999999996200, -4.231854556036894700E-016 ) ) ;
#1598 = CARTESIAN_POINT ( 'NONE',  ( 0.03085937188818534800, 0.1277916666666664100, -0.05345000000000008100 ) ) ;
#1599 = CARTESIAN_POINT ( 'NONE',  ( -3.011664024719571100E-016, 0.1267499999999997500, -0.05344999999999999800 ) ) ;
#1600 = CARTESIAN_POINT ( 'NONE',  ( -0.03085937188818595200, 0.1257083333333330900, -0.05344999999999973400 ) ) ;
#1601 = CARTESIAN_POINT ( 'NONE',  ( -0.04628905783227835900, 0.1246666666666664300, -0.02672499999999979400 ) ) ;
#1602 = CARTESIAN_POINT ( 'NONE',  ( -0.05344999999999997700, 0.1241832274842312500, -0.01432188433544331400 ) ) ;
#1603 = CARTESIAN_POINT ( 'NONE',  ( -0.05345000000000000400, 0.1236249999999997600, 2.859361186511415200E-017 ) ) ;
#1604 = CYLINDRICAL_SURFACE ( 'NONE', #1555, 0.05345000000000004600 ) ;
#1605 = FACE_OUTER_BOUND ( 'NONE', #3192, .T. ) ;
#1606 =( BOUNDED_CURVE ( )  B_SPLINE_CURVE ( 2, ( #1603, #1602, #1601, #1600, #1599, #1598, #1558, #1557, #1556 ),
 .UNSPECIFIED., .F., .T. ) 
 B_SPLINE_CURVE_WITH_KNOTS ( ( 3, 2, 2, 2, 3 ),
 ( 0.2844827586206896700, 0.2873563218390804400, 0.2931034482758620400, 0.2988505747126436500, 0.3017241379310345300 ),
 .UNSPECIFIED. ) 
 CURVE ( )  GEOMETRIC_REPRESENTATION_ITEM ( )  RATIONAL_B_SPLINE_CURVE ( ( 0.9330127018922194100, 0.9330127018922200800, 1.000000000000000000, 0.8660254037844387100, 1.000000000000000000, 0.8660254037844387100, 1.000000000000000000, 0.9330127018922180800, 0.9330127018922194100 ) ) 
 REPRESENTATION_ITEM ( '' )  );
#1607 = CARTESIAN_POINT ( 'NONE',  ( 0.05344999999999996300, 0.1548749999999997100, 4.231854556036894600E-017 ) ) ;
#1608 = CARTESIAN_POINT ( 'NONE',  ( 0.05344999999999996300, 0.1543167725157681400, -0.01432188433544368200 ) ) ;
#1609 = CARTESIAN_POINT ( 'NONE',  ( 0.04628905783227804700, 0.1538333333333330200, -0.02672500000000033500 ) ) ;
#1610 = CARTESIAN_POINT ( 'NONE',  ( 0.03085937188818494200, 0.1527916666666663500, -0.05345000000000030300 ) ) ;
#1611 = CARTESIAN_POINT ( 'NONE',  ( -7.071335785804530500E-016, 0.1517499999999996900, -0.05344999999999999800 ) ) ;
#1612 = CARTESIAN_POINT ( 'NONE',  ( -0.03085937188818560100, 0.1507083333333330300, -0.05344999999999992800 ) ) ;
#1613 = CARTESIAN_POINT ( 'NONE',  ( -0.04628905783227836600, 0.1496666666666663600, -0.02672499999999977300 ) ) ;
#1614 = CARTESIAN_POINT ( 'NONE',  ( -0.05344999999999997700, 0.1491832274842312100, -0.01432188433544328900 ) ) ;
#1615 = CARTESIAN_POINT ( 'NONE',  ( -0.05345000000000000400, 0.1486249999999997000, 5.375599030641460800E-017 ) ) ;
#1616 = CARTESIAN_POINT ( 'NONE',  ( 0.05345000000000000400, 0.1808167725157681100, -0.01432188433544384500 ) ) ;
#1617 = CARTESIAN_POINT ( 'NONE',  ( 0.04628905783227783800, 0.1803333333333329600, -0.02672500000000070000 ) ) ;
#1618 = CARTESIAN_POINT ( 'NONE',  ( 0.03085937188818528600, 0.1792916666666662900, -0.05345000000000011500 ) ) ;
#1619 = CARTESIAN_POINT ( 'NONE',  ( -3.666216120837631000E-016, 0.1782499999999996300, -0.05344999999999999800 ) ) ;
#1620 = CARTESIAN_POINT ( 'NONE',  ( -0.03085937188818601400, 0.1772083333333329400, -0.05344999999999969900 ) ) ;
#1621 = CARTESIAN_POINT ( 'NONE',  ( -0.04628905783227858100, 0.1761666666666662800, -0.02672499999999940900 ) ) ;
#1622 = CARTESIAN_POINT ( 'NONE',  ( -0.05344999999999995600, 0.1756832274842311200, -0.01432188433544313000 ) ) ;
#1623 = CARTESIAN_POINT ( 'NONE',  ( -0.05345000000000004600, 0.1751249999999996400, -1.704179267160803400E-016 ) ) ;
#1624 =( BOUNDED_CURVE ( )  B_SPLINE_CURVE ( 2, ( #1623, #1622, #1621, #1620, #1619, #1618, #1617, #1616, #1650 ),
 .UNSPECIFIED., .F., .T. ) 
 B_SPLINE_CURVE_WITH_KNOTS ( ( 3, 2, 2, 2, 3 ),
 ( 0.4568965517241380100, 0.4597701149425287300, 0.4655172413793103300, 0.4712643678160919300, 0.4741379310344828200 ),
 .UNSPECIFIED. ) 
 CURVE ( )  GEOMETRIC_REPRESENTATION_ITEM ( )  RATIONAL_B_SPLINE_CURVE ( ( 0.9330127018922194100, 0.9330127018922213000, 1.000000000000000000, 0.8660254037844387100, 1.000000000000000000, 0.8660254037844387100, 1.000000000000000000, 0.9330127018922174100, 0.9330127018922194100 ) ) 
 REPRESENTATION_ITEM ( '' )  );
#1625 = CARTESIAN_POINT ( 'NONE',  ( 0.05344999999999996300, 0.1923749999999996600, 1.772803935637077300E-016 ) ) ;
#1626 = CARTESIAN_POINT ( 'NONE',  ( 0.05345000000000000400, 0.1918167725157681500, -0.01432188433544384500 ) ) ;
#1627 = CARTESIAN_POINT ( 'NONE',  ( 0.04628905783227783800, 0.1913333333333329400, -0.02672500000000070000 ) ) ;
#1628 = CARTESIAN_POINT ( 'NONE',  ( 0.03085937188818528600, 0.1902916666666662800, -0.05345000000000011500 ) ) ;
#1629 = CARTESIAN_POINT ( 'NONE',  ( -3.666216120837631000E-016, 0.1892499999999996400, -0.05344999999999999800 ) ) ;
#1630 = CARTESIAN_POINT ( 'NONE',  ( -0.03085937188818601400, 0.1882083333333329200, -0.05344999999999969900 ) ) ;
#1631 = CARTESIAN_POINT ( 'NONE',  ( -0.04628905783227858100, 0.1871666666666662600, -0.02672499999999940900 ) ) ;
#1632 = CARTESIAN_POINT ( 'NONE',  ( -0.05344999999999995600, 0.1866832274842311300, -0.01432188433544313000 ) ) ;
#1633 = CARTESIAN_POINT ( 'NONE',  ( -0.05345000000000004600, 0.1861249999999996500, -1.704179267160803400E-016 ) ) ;
#1634 =( BOUNDED_CURVE ( )  B_SPLINE_CURVE ( 2, ( #1633, #1632, #1631, #1630, #1629, #1628, #1627, #1626, #1625 ),
 .UNSPECIFIED., .F., .T. ) 
 B_SPLINE_CURVE_WITH_KNOTS ( ( 3, 2, 2, 2, 3 ),
 ( 0.4568965517241380100, 0.4597701149425287300, 0.4655172413793103300, 0.4712643678160919300, 0.4741379310344828200 ),
 .UNSPECIFIED. ) 
 CURVE ( )  GEOMETRIC_REPRESENTATION_ITEM ( )  RATIONAL_B_SPLINE_CURVE ( ( 0.9330127018922194100, 0.9330127018922213000, 1.000000000000000000, 0.8660254037844387100, 1.000000000000000000, 0.8660254037844387100, 1.000000000000000000, 0.9330127018922174100, 0.9330127018922194100 ) ) 
 REPRESENTATION_ITEM ( '' )  );
#1635 = FACE_OUTER_BOUND ( 'NONE', #4014, .T. ) ;
#1636 = CARTESIAN_POINT ( 'NONE',  ( 0.05344999999999996300, 0.2173749999999996000, -1.303868701049204800E-016 ) ) ;
#1637 = CARTESIAN_POINT ( 'NONE',  ( 0.05344999999999992100, 0.2168167725157680600, -0.01432188433544400800 ) ) ;
#1638 = CARTESIAN_POINT ( 'NONE',  ( 0.04628905783227782500, 0.2163333333333328800, -0.02672500000000072400 ) ) ;
#1639 =( BOUNDED_CURVE ( )  B_SPLINE_CURVE ( 2, ( #1615, #1614, #1613, #1612, #1611, #1610, #1609, #1608, #1607 ),
 .UNSPECIFIED., .F., .T. ) 
 B_SPLINE_CURVE_WITH_KNOTS ( ( 3, 2, 2, 2, 3 ),
 ( 0.3534482758620690100, 0.3563218390804597800, 0.3620689655172413800, 0.3678160919540229800, 0.3706896551724138100 ),
 .UNSPECIFIED. ) 
 CURVE ( )  GEOMETRIC_REPRESENTATION_ITEM ( )  RATIONAL_B_SPLINE_CURVE ( ( 0.9330127018922194100, 0.9330127018922200800, 1.000000000000000000, 0.8660254037844387100, 1.000000000000000000, 0.8660254037844387100, 1.000000000000000000, 0.9330127018922187400, 0.9330127018922194100 ) ) 
 REPRESENTATION_ITEM ( '' )  );
#1640 = CARTESIAN_POINT ( 'NONE',  ( 0.05345000000000000400, 0.1313749999999997100, -3.202484528892784700E-017 ) ) ;
#1641 = CARTESIAN_POINT ( 'NONE',  ( 0.05344999999999996300, 0.1308167725157682000, -0.01432188433544366900 ) ) ;
#1642 = CARTESIAN_POINT ( 'NONE',  ( 0.04628905783227805400, 0.1303333333333330500, -0.02672500000000032100 ) ) ;
#1643 = CARTESIAN_POINT ( 'NONE',  ( 0.03085937188818496000, 0.1292916666666663900, -0.05345000000000030300 ) ) ;
#1644 = CARTESIAN_POINT ( 'NONE',  ( -3.142574443943182400E-016, 0.1282499999999997300, -0.05344999999999999800 ) ) ;
#1645 = CARTESIAN_POINT ( 'NONE',  ( -0.03085937188818596900, 0.1272083333333330600, -0.05344999999999972000 ) ) ;
#1646 = CARTESIAN_POINT ( 'NONE',  ( -0.04628905783227836600, 0.1261666666666664000, -0.02672499999999978000 ) ) ;
#1647 = CARTESIAN_POINT ( 'NONE',  ( -0.05344999999999997700, 0.1256832274842312200, -0.01432188433544330200 ) ) ;
#1648 = CARTESIAN_POINT ( 'NONE',  ( -0.05345000000000000400, 0.1251249999999997400, 4.231854556036894600E-017 ) ) ;
#1649 =( BOUNDED_CURVE ( )  B_SPLINE_CURVE ( 2, ( #1648, #1647, #1646, #1645, #1644, #1643, #1642, #1641, #1640 ),
 .UNSPECIFIED., .F., .T. ) 
 B_SPLINE_CURVE_WITH_KNOTS ( ( 3, 2, 2, 2, 3 ),
 ( 0.3189655172413793400, 0.3218390804597701100, 0.3275862068965517100, 0.3333333333333333100, 0.3362068965517241400 ),
 .UNSPECIFIED. ) 
 CURVE ( )  GEOMETRIC_REPRESENTATION_ITEM ( )  RATIONAL_B_SPLINE_CURVE ( ( 0.9330127018922194100, 0.9330127018922200800, 1.000000000000000000, 0.8660254037844387100, 1.000000000000000000, 0.8660254037844387100, 1.000000000000000000, 0.9330127018922187400, 0.9330127018922194100 ) ) 
 REPRESENTATION_ITEM ( '' )  );
#1650 = CARTESIAN_POINT ( 'NONE',  ( 0.05344999999999996300, 0.1813749999999996500, 1.772803935637077300E-016 ) ) ;
#1651 = CARTESIAN_POINT ( 'NONE',  ( 0.03085937188818525500, 0.2152916666666662100, -0.05345000000000012900 ) ) ;
#1652 = CARTESIAN_POINT ( 'NONE',  ( -3.928036959284855600E-016, 0.2142499999999995500, -0.05344999999999999800 ) ) ;
#1653 = CARTESIAN_POINT ( 'NONE',  ( -0.03085937188818604600, 0.2132083333333329200, -0.05344999999999967100 ) ) ;
#1654 = CARTESIAN_POINT ( 'NONE',  ( -0.04628905783227860200, 0.2121666666666662500, -0.02672499999999938800 ) ) ;
#1655 = CARTESIAN_POINT ( 'NONE',  ( 0.05345000000000000400, 0.1298749999999997700, 2.573425067860273800E-016 ) ) ;
#1656 = CARTESIAN_POINT ( 'NONE',  ( -0.03085937188818515700, 0.1340416666666664200, 0.05345000000000018500 ) ) ;
#1657 = CARTESIAN_POINT ( 'NONE',  ( 4.976044695650244900E-016, 0.1329999999999997300, 0.05344999999999999800 ) ) ;
#1658 = CARTESIAN_POINT ( 'NONE',  ( 0.03085937188818577100, 0.1319583333333330700, 0.05344999999999983100 ) ) ;
#1659 = CARTESIAN_POINT ( 'NONE',  ( 0.04628905783227845600, 0.1309166666666664000, 0.02672499999999962400 ) ) ;
#1660 = CARTESIAN_POINT ( 'NONE',  ( 0.05344999999999997700, 0.1304332274842312500, 0.01432188433544345100 ) ) ;
#1661 = CARTESIAN_POINT ( 'NONE',  ( -0.05345000000000000400, 0.1236249999999997600, 2.859361186511415200E-017 ) ) ;
#1662 = DIRECTION ( 'NONE',  ( 2.449212707644754500E-016, -1.000000000000000000, 0.0000000000000000000 ) ) ;
#1663 = VECTOR ( 'NONE', #1662, 39.37007874015748100 ) ;
#1664 = CARTESIAN_POINT ( 'NONE',  ( 0.05345000000000004600, 1.309104192236122500E-017, 0.0000000000000000000 ) ) ;
#1665 = LINE ( 'NONE', #1664, #1663 ) ;
#1666 = CARTESIAN_POINT ( 'NONE',  ( -0.05344999999999996300, 0.1626249999999996300, 1.669866932922666500E-016 ) ) ;
#1667 = CARTESIAN_POINT ( 'NONE',  ( -0.05344999999999990700, 0.1620667725157681500, 0.01432188433544389500 ) ) ;
#1668 = CARTESIAN_POINT ( 'NONE',  ( 0.05344999999999996300, 0.1798749999999996500, 1.486867816985935700E-017 ) ) ;
#1669 =( BOUNDED_CURVE ( )  B_SPLINE_CURVE ( 2, ( #1726, #1725, #1724, #1731, #1730, #1729, #1728, #1727, #1722 ),
 .UNSPECIFIED., .F., .T. ) 
 B_SPLINE_CURVE_WITH_KNOTS ( ( 3, 2, 2, 2, 3 ),
 ( 0.4396551724137931500, 0.4425287356321839200, 0.4482758620689655200, 0.4540229885057471300, 0.4568965517241380100 ),
 .UNSPECIFIED. ) 
 CURVE ( )  GEOMETRIC_REPRESENTATION_ITEM ( )  RATIONAL_B_SPLINE_CURVE ( ( 0.9330127018922194100, 0.9330127018922200800, 1.000000000000000000, 0.8660254037844387100, 1.000000000000000000, 0.8660254037844387100, 1.000000000000000000, 0.9330127018922174100, 0.9330127018922194100 ) ) 
 REPRESENTATION_ITEM ( '' )  );
#1670 = DIRECTION ( 'NONE',  ( 2.449212707644754500E-016, -1.000000000000000000, 0.0000000000000000000 ) ) ;
#1671 = VECTOR ( 'NONE', #1670, 39.37007874015748100 ) ;
#1672 = CARTESIAN_POINT ( 'NONE',  ( -0.05345000000000004600, -1.309104192236122500E-017, 6.545520961180612600E-018 ) ) ;
#1673 = LINE ( 'NONE', #1672, #1671 ) ;
#1674 = CARTESIAN_POINT ( 'NONE',  ( -0.05344999999999996300, 0.1626249999999996300, 1.669866932922666500E-016 ) ) ;
#1675 = DIRECTION ( 'NONE',  ( 2.449212707644754500E-016, -1.000000000000000000, 0.0000000000000000000 ) ) ;
#1676 = VECTOR ( 'NONE', #1675, 39.37007874015748100 ) ;
#1677 = CARTESIAN_POINT ( 'NONE',  ( -0.05345000000000004600, -1.309104192236122500E-017, 6.545520961180612600E-018 ) ) ;
#1678 = CARTESIAN_POINT ( 'NONE',  ( -0.03085937188818515700, 0.1230416666666664100, 0.05345000000000018500 ) ) ;
#1679 = CARTESIAN_POINT ( 'NONE',  ( 4.976044695650244900E-016, 0.1219999999999997300, 0.05344999999999999800 ) ) ;
#1680 = CARTESIAN_POINT ( 'NONE',  ( 0.03085937188818577100, 0.1209583333333330700, 0.05344999999999983100 ) ) ;
#1681 = CARTESIAN_POINT ( 'NONE',  ( 0.04628905783227845600, 0.1199166666666664100, 0.02672499999999962400 ) ) ;
#1682 = CARTESIAN_POINT ( 'NONE',  ( 0.05344999999999997700, 0.1194332274842312400, 0.01432188433544345100 ) ) ;
#1683 = CARTESIAN_POINT ( 'NONE',  ( 0.05345000000000000400, 0.1188749999999997900, 2.573425067860273800E-016 ) ) ;
#1684 = CARTESIAN_POINT ( 'NONE',  ( -0.05345000000000001100, 0.1236249999999997600, 2.859361186511415200E-017 ) ) ;
#1685 =( BOUNDED_CURVE ( )  B_SPLINE_CURVE ( 2, ( #1683, #1682, #1681, #1680, #1679, #1678, #1710, #1709, #1708 ),
 .UNSPECIFIED., .F., .T. ) 
 B_SPLINE_CURVE_WITH_KNOTS ( ( 3, 2, 2, 2, 3 ),
 ( 0.3017241379310345300, 0.3045977011494253000, 0.3103448275862069100, 0.3160919540229885100, 0.3189655172413793400 ),
 .UNSPECIFIED. ) 
 CURVE ( )  GEOMETRIC_REPRESENTATION_ITEM ( )  RATIONAL_B_SPLINE_CURVE ( ( 0.9330127018922194100, 0.9330127018922206300, 1.000000000000000000, 0.8660254037844387100, 1.000000000000000000, 0.8660254037844387100, 1.000000000000000000, 0.9330127018922187400, 0.9330127018922194100 ) ) 
 REPRESENTATION_ITEM ( '' )  );
#1686 = CARTESIAN_POINT ( 'NONE',  ( 0.05345000000000001100, 0.1188749999999997900, 2.573425067860273800E-016 ) ) ;
#1687 = CARTESIAN_POINT ( 'NONE',  ( -0.05345000000000001100, 0.1230667725157682500, 0.01432188433544366800 ) ) ;
#1688 = CARTESIAN_POINT ( 'NONE',  ( -0.04628905783227815800, 0.1225833333333331000, 0.02672500000000014800 ) ) ;
#1689 = CARTESIAN_POINT ( 'NONE',  ( -0.03085937188818516400, 0.1215416666666664100, 0.05345000000000018500 ) ) ;
#1690 = CARTESIAN_POINT ( 'NONE',  ( 1.047283353788896900E-016, 0.1204999999999997600, 0.05344999999999999800 ) ) ;
#1691 = CARTESIAN_POINT ( 'NONE',  ( 0.03085937188818575400, 0.1194583333333331000, 0.05344999999999984500 ) ) ;
#1692 = CARTESIAN_POINT ( 'NONE',  ( 0.04628905783227845600, 0.1184166666666664300, 0.02672499999999963400 ) ) ;
#1693 = CARTESIAN_POINT ( 'NONE',  ( 0.05345000000000003900, 0.1179332274842312800, 0.01432188433544333500 ) ) ;
#1694 = CARTESIAN_POINT ( 'NONE',  ( 0.05345000000000000400, 0.1173749999999997900, -8.006211322231961800E-018 ) ) ;
#1695 = CARTESIAN_POINT ( 'NONE',  ( 0.05345000000000000400, 0.1173749999999997900, -8.006211322231961800E-018 ) ) ;
#1696 =( BOUNDED_CURVE ( )  B_SPLINE_CURVE ( 2, ( #1694, #1693, #1692, #1691, #1690, #1689, #1688, #1687, #1661 ),
 .UNSPECIFIED., .F., .T. ) 
 B_SPLINE_CURVE_WITH_KNOTS ( ( 3, 2, 2, 2, 3 ),
 ( 0.2672413793103448600, 0.2701149425287356400, 0.2758620689655172400, 0.2816091954022988400, 0.2844827586206896700 ),
 .UNSPECIFIED. ) 
 CURVE ( )  GEOMETRIC_REPRESENTATION_ITEM ( )  RATIONAL_B_SPLINE_CURVE ( ( 0.9330127018922194100, 0.9330127018922200800, 1.000000000000000000, 0.8660254037844387100, 1.000000000000000000, 0.8660254037844387100, 1.000000000000000000, 0.9330127018922187400, 0.9330127018922194100 ) ) 
 REPRESENTATION_ITEM ( '' )  );
#1697 = DIRECTION ( 'NONE',  ( 2.449212707644754500E-016, -1.000000000000000000, 0.0000000000000000000 ) ) ;
#1698 = VECTOR ( 'NONE', #1697, 39.37007874015748100 ) ;
#1699 = CARTESIAN_POINT ( 'NONE',  ( 0.05345000000000004600, 1.309104192236122500E-017, 0.0000000000000000000 ) ) ;
#1700 = LINE ( 'NONE', #1699, #1698 ) ;
#1701 = CARTESIAN_POINT ( 'NONE',  ( -0.05345000000000000400, 0.1486249999999997000, 5.375599030641460800E-017 ) ) ;
#1702 = DIRECTION ( 'NONE',  ( 1.000000000000000000, 2.449212707644754500E-016, 0.0000000000000000000 ) ) ;
#1703 = DIRECTION ( 'NONE',  ( 2.449212707644754500E-016, -1.000000000000000000, 0.0000000000000000000 ) ) ;
#1704 = AXIS2_PLACEMENT_3D ( 'NONE', #1706, #1703, #1702 ) ;
#1705 = CYLINDRICAL_SURFACE ( 'NONE', #1704, 0.05345000000000004600 ) ;
#1706 = CARTESIAN_POINT ( 'NONE',  ( 0.0000000000000000000, 0.0000000000000000000, 0.0000000000000000000 ) ) ;
#1707 = FACE_OUTER_BOUND ( 'NONE', #3659, .T. ) ;
#1708 = CARTESIAN_POINT ( 'NONE',  ( -0.05345000000000000400, 0.1251249999999997400, 4.231854556036894600E-017 ) ) ;
#1709 = CARTESIAN_POINT ( 'NONE',  ( -0.05345000000000001100, 0.1245667725157682300, 0.01432188433544368200 ) ) ;
#1710 = CARTESIAN_POINT ( 'NONE',  ( -0.04628905783227814400, 0.1240833333333330700, 0.02672500000000016200 ) ) ;
#1711 = CARTESIAN_POINT ( 'NONE',  ( 0.05344999999999996300, 0.1563749999999996800, 2.012990275304036300E-016 ) ) ;
#1712 =( BOUNDED_CURVE ( )  B_SPLINE_CURVE ( 2, ( #1719, #1718, #1717, #1716, #1715, #1714, #1713, #1667, #1666 ),
 .UNSPECIFIED., .F., .T. ) 
 B_SPLINE_CURVE_WITH_KNOTS ( ( 3, 2, 2, 2, 3 ),
 ( 0.4051724137931035400, 0.4080459770114942500, 0.4137931034482758600, 0.4195402298850574600, 0.4224137931034482900 ),
 .UNSPECIFIED. ) 
 CURVE ( )  GEOMETRIC_REPRESENTATION_ITEM ( )  RATIONAL_B_SPLINE_CURVE ( ( 0.9330127018922194100, 0.9330127018922213000, 1.000000000000000000, 0.8660254037844387100, 1.000000000000000000, 0.8660254037844387100, 1.000000000000000000, 0.9330127018922187400, 0.9330127018922194100 ) ) 
 REPRESENTATION_ITEM ( '' )  );
#1713 = CARTESIAN_POINT ( 'NONE',  ( -0.04628905783227794300, 0.1615833333333329700, 0.02672500000000051900 ) ) ;
#1714 = CARTESIAN_POINT ( 'NONE',  ( -0.03085937188818473100, 0.1605416666666663300, 0.05345000000000043500 ) ) ;
#1715 = CARTESIAN_POINT ( 'NONE',  ( 1.570925030683345400E-016, 0.1594999999999996700, 0.05344999999999999800 ) ) ;
#1716 = CARTESIAN_POINT ( 'NONE',  ( 0.03085937188818580300, 0.1584583333333330100, 0.05344999999999979600 ) ) ;
#1717 = CARTESIAN_POINT ( 'NONE',  ( 0.04628905783227847700, 0.1574166666666663400, 0.02672499999999958900 ) ) ;
#1718 = CARTESIAN_POINT ( 'NONE',  ( 0.05344999999999990000, 0.1569332274842311600, 0.01432188433544333600 ) ) ;
#1719 = CARTESIAN_POINT ( 'NONE',  ( 0.05344999999999996300, 0.1563749999999996800, 2.012990275304036500E-016 ) ) ;
#1720 = CARTESIAN_POINT ( 'NONE',  ( 0.05344999999999996300, 0.1813749999999996500, 1.772803935637077300E-016 ) ) ;
#1721 = CARTESIAN_POINT ( 'NONE',  ( 0.05344999999999996300, 0.1688749999999996400, 1.486867816985935700E-017 ) ) ;
#1722 = CARTESIAN_POINT ( 'NONE',  ( -0.05345000000000004600, 0.1751249999999996400, -1.704179267160803400E-016 ) ) ;
#1723 = LINE ( 'NONE', #1677, #1676 ) ;
#1724 = CARTESIAN_POINT ( 'NONE',  ( 0.04628905783227828900, 0.1699166666666663000, 0.02672499999999990500 ) ) ;
#1725 = CARTESIAN_POINT ( 'NONE',  ( 0.05344999999999993500, 0.1694332274842311200, 0.01432188433544344400 ) ) ;
#1726 = CARTESIAN_POINT ( 'NONE',  ( 0.05344999999999996300, 0.1688749999999996400, 1.486867816985935700E-017 ) ) ;
#1727 = CARTESIAN_POINT ( 'NONE',  ( -0.05345000000000015000, 0.1745667725157681600, 0.01432188433544367600 ) ) ;
#1728 = CARTESIAN_POINT ( 'NONE',  ( -0.04628905783227812300, 0.1740833333333329500, 0.02672500000000020000 ) ) ;
#1729 = CARTESIAN_POINT ( 'NONE',  ( -0.03085937188818510200, 0.1730416666666662900, 0.05345000000000022600 ) ) ;
#1730 = CARTESIAN_POINT ( 'NONE',  ( 5.499686372544693000E-016, 0.1719999999999996300, 0.05344999999999999800 ) ) ;
#1731 = CARTESIAN_POINT ( 'NONE',  ( 0.03085937188818619800, 0.1709583333333329600, 0.05344999999999958800 ) ) ;
#1732 =( BOUNDED_CURVE ( )  B_SPLINE_CURVE ( 2, ( #1734, #1733, #1744, #1743, #1742, #1741, #1747, #1746, #1745 ),
 .UNSPECIFIED., .F., .F. ) 
 B_SPLINE_CURVE_WITH_KNOTS ( ( 3, 2, 2, 2, 3 ),
 ( 0.3362068965517241400, 0.3390804597701149200, 0.3448275862068965700, 0.3505747126436781800, 0.3534482758620690100 ),
 .UNSPECIFIED. ) 
 CURVE ( )  GEOMETRIC_REPRESENTATION_ITEM ( )  RATIONAL_B_SPLINE_CURVE ( ( 0.9330127018922194100, 0.9330127018922200800, 1.000000000000000000, 0.8660254037844387100, 1.000000000000000000, 0.8660254037844387100, 1.000000000000000000, 0.9330127018922187400, 0.9330127018922194100 ) ) 
 REPRESENTATION_ITEM ( '' )  );
#1733 = CARTESIAN_POINT ( 'NONE',  ( 0.05345000000000003900, 0.1429332274842312100, 0.01432188433544330900 ) ) ;
#1734 = CARTESIAN_POINT ( 'NONE',  ( 0.05345000000000000400, 0.1423749999999997200, -3.202484528892784700E-017 ) ) ;
#1735 = CARTESIAN_POINT ( 'NONE',  ( 0.05345000000000001100, 0.1298749999999997700, 2.573425067860273800E-016 ) ) ;
#1736 = CARTESIAN_POINT ( 'NONE',  ( -0.05345000000000000400, 0.1251249999999997400, 4.231854556036894600E-017 ) ) ;
#1737 = DIRECTION ( 'NONE',  ( 2.449212707644754500E-016, -1.000000000000000000, 0.0000000000000000000 ) ) ;
#1738 = VECTOR ( 'NONE', #1737, 39.37007874015748100 ) ;
#1739 = CARTESIAN_POINT ( 'NONE',  ( -0.05345000000000004600, -1.309104192236122500E-017, 6.545520961180612600E-018 ) ) ;
#1740 = LINE ( 'NONE', #1739, #1738 ) ;
#1741 = CARTESIAN_POINT ( 'NONE',  ( -0.03085937188818514000, 0.1465416666666663800, 0.05345000000000019900 ) ) ;
#1742 = CARTESIAN_POINT ( 'NONE',  ( 5.106955114873856200E-016, 0.1454999999999997100, 0.05344999999999999800 ) ) ;
#1743 = CARTESIAN_POINT ( 'NONE',  ( 0.03085937188818578500, 0.1444583333333330200, 0.05344999999999982400 ) ) ;
#1744 = CARTESIAN_POINT ( 'NONE',  ( 0.04628905783227846300, 0.1434166666666663900, 0.02672499999999961400 ) ) ;
#1745 = CARTESIAN_POINT ( 'NONE',  ( -0.05345000000000000400, 0.1486249999999997000, 5.375599030641460800E-017 ) ) ;
#1746 = CARTESIAN_POINT ( 'NONE',  ( -0.05345000000000001100, 0.1480667725157681900, 0.01432188433544369200 ) ) ;
#1747 = CARTESIAN_POINT ( 'NONE',  ( -0.04628905783227814400, 0.1475833333333330400, 0.02672500000000016900 ) ) ;
#1748 = DIRECTION ( 'NONE',  ( 1.000000000000000000, 2.449212707644754500E-016, 0.0000000000000000000 ) ) ;
#1749 = CYLINDRICAL_SURFACE ( 'NONE', #1756, 0.05345000000000004600 ) ;
#1750 = CARTESIAN_POINT ( 'NONE',  ( 0.05345000000000004600, 1.309104192236122500E-017, 0.0000000000000000000 ) ) ;
#1751 = LINE ( 'NONE', #1750, #1753 ) ;
#1752 = DIRECTION ( 'NONE',  ( 2.449212707644754500E-016, -1.000000000000000000, 0.0000000000000000000 ) ) ;
#1753 = VECTOR ( 'NONE', #1752, 39.37007874015748100 ) ;
#1754 = DIRECTION ( 'NONE',  ( 2.449212707644754500E-016, -1.000000000000000000, 0.0000000000000000000 ) ) ;
#1755 = CARTESIAN_POINT ( 'NONE',  ( 0.0000000000000000000, 0.0000000000000000000, 0.0000000000000000000 ) ) ;
#1756 = AXIS2_PLACEMENT_3D ( 'NONE', #1755, #1754, #1748 ) ;
#1757 = CARTESIAN_POINT ( 'NONE',  ( -0.05344999999999990700, 0.1730667725157681600, 0.01432188433544389500 ) ) ;
#1758 = CARTESIAN_POINT ( 'NONE',  ( -0.04628905783227794300, 0.1725833333333329800, 0.02672500000000051900 ) ) ;
#1759 = CARTESIAN_POINT ( 'NONE',  ( -0.03085937188818473100, 0.1715416666666663100, 0.05345000000000043500 ) ) ;
#1760 = CARTESIAN_POINT ( 'NONE',  ( 1.570925030683345400E-016, 0.1704999999999996500, 0.05344999999999999800 ) ) ;
#1761 = CARTESIAN_POINT ( 'NONE',  ( 0.03085937188818580300, 0.1694583333333329900, 0.05344999999999979600 ) ) ;
#1762 = CARTESIAN_POINT ( 'NONE',  ( 0.04628905783227847700, 0.1684166666666663300, 0.02672499999999958900 ) ) ;
#1763 = CARTESIAN_POINT ( 'NONE',  ( 0.05344999999999990000, 0.1679332274842311700, 0.01432188433544333600 ) ) ;
#1764 = CARTESIAN_POINT ( 'NONE',  ( 0.05344999999999996300, 0.1673749999999996600, 2.012990275304036500E-016 ) ) ;
#1765 =( BOUNDED_CURVE ( )  B_SPLINE_CURVE ( 2, ( #1764, #1763, #1762, #1761, #1760, #1759, #1758, #1757, #1379 ),
 .UNSPECIFIED., .F., .F. ) 
 B_SPLINE_CURVE_WITH_KNOTS ( ( 3, 2, 2, 2, 3 ),
 ( 0.4051724137931035400, 0.4080459770114942500, 0.4137931034482758600, 0.4195402298850574600, 0.4224137931034482900 ),
 .UNSPECIFIED. ) 
 CURVE ( )  GEOMETRIC_REPRESENTATION_ITEM ( )  RATIONAL_B_SPLINE_CURVE ( ( 0.9330127018922194100, 0.9330127018922213000, 1.000000000000000000, 0.8660254037844387100, 1.000000000000000000, 0.8660254037844387100, 1.000000000000000000, 0.9330127018922187400, 0.9330127018922194100 ) ) 
 REPRESENTATION_ITEM ( '' )  );
#1766 = FACE_OUTER_BOUND ( 'NONE', #3681, .T. ) ;
#1767 = CARTESIAN_POINT ( 'NONE',  ( 0.05345000000000001100, 0.1423749999999997200, -3.202484528892784700E-017 ) ) ;
#1768 = CARTESIAN_POINT ( 'NONE',  ( -7.071335785804530500E-016, 0.1407499999999997100, -0.05344999999999999800 ) ) ;
#1769 = CYLINDRICAL_SURFACE ( 'NONE', #1831, 0.05345000000000004600 ) ;
#1770 = FACE_OUTER_BOUND ( 'NONE', #3690, .T. ) ;
#1771 = DIRECTION ( 'NONE',  ( 2.449212707644754500E-016, -1.000000000000000000, 0.0000000000000000000 ) ) ;
#1772 = AXIS2_PLACEMENT_3D ( 'NONE', #1776, #1775, #1774 ) ;
#1773 = LINE ( 'NONE', #1808, #1796 ) ;
#1774 = DIRECTION ( 'NONE',  ( 1.000000000000000000, 2.449212707644754500E-016, 0.0000000000000000000 ) ) ;
#1775 = DIRECTION ( 'NONE',  ( 2.449212707644754500E-016, -1.000000000000000000, 0.0000000000000000000 ) ) ;
#1776 = CARTESIAN_POINT ( 'NONE',  ( 0.0000000000000000000, 0.0000000000000000000, 0.0000000000000000000 ) ) ;
#1777 = CARTESIAN_POINT ( 'NONE',  ( 0.05345000000000000400, 0.1173749999999997900, -8.006211322231961800E-018 ) ) ;
#1778 = CARTESIAN_POINT ( 'NONE',  ( 0.05344999999999996300, 0.1168167725157682500, -0.01432188433544364700 ) ) ;
#1779 = CARTESIAN_POINT ( 'NONE',  ( 0.04628905783227806000, 0.1163333333333331200, -0.02672500000000030400 ) ) ;
#1780 = CARTESIAN_POINT ( 'NONE',  ( 0.03085937188818536200, 0.1152916666666664500, -0.05345000000000005300 ) ) ;
#1781 = CARTESIAN_POINT ( 'NONE',  ( -2.880753605495958800E-016, 0.1142499999999997800, -0.05344999999999999800 ) ) ;
#1782 = CARTESIAN_POINT ( 'NONE',  ( -0.03085937188818593800, 0.1132083333333331100, -0.05344999999999973400 ) ) ;
#1783 =( BOUNDED_CURVE ( )  B_SPLINE_CURVE ( 2, ( #1792, #1791, #1790, #1789, #1788, #1825, #1824, #1823, #1822 ),
 .UNSPECIFIED., .F., .T. ) 
 B_SPLINE_CURVE_WITH_KNOTS ( ( 3, 2, 2, 2, 3 ),
 ( 0.2155172413793103600, 0.2183908045977011600, 0.2241379310344827600, 0.2298850574712643600, 0.2327586206896551900 ),
 .UNSPECIFIED. ) 
 CURVE ( )  GEOMETRIC_REPRESENTATION_ITEM ( )  RATIONAL_B_SPLINE_CURVE ( ( 0.9330127018922193000, 0.9330127018922196300, 1.000000000000000000, 0.8660254037844387100, 1.000000000000000000, 0.8660254037844387100, 1.000000000000000000, 0.9330127018922187400, 0.9330127018922194100 ) ) 
 REPRESENTATION_ITEM ( '' )  );
#1784 = CYLINDRICAL_SURFACE ( 'NONE', #1817, 0.05345000000000004600 ) ;
#1785 =( BOUNDED_CURVE ( )  B_SPLINE_CURVE ( 2, ( #1834, #1833, #1832, #1782, #1781, #1780, #1779, #1778, #1777 ),
 .UNSPECIFIED., .F., .T. ) 
 B_SPLINE_CURVE_WITH_KNOTS ( ( 3, 2, 2, 2, 3 ),
 ( 0.2500000000000000600, 0.2528735632183908300, 0.2586206896551724300, 0.2643678160919540300, 0.2672413793103448600 ),
 .UNSPECIFIED. ) 
 CURVE ( )  GEOMETRIC_REPRESENTATION_ITEM ( )  RATIONAL_B_SPLINE_CURVE ( ( 0.9330127018922194100, 0.9330127018922203000, 1.000000000000000000, 0.8660254037844387100, 1.000000000000000000, 0.8660254037844387100, 1.000000000000000000, 0.9330127018922187400, 0.9330127018922194100 ) ) 
 REPRESENTATION_ITEM ( '' )  );
#1786 = FACE_OUTER_BOUND ( 'NONE', #4048, .T. ) ;
#1787 = CARTESIAN_POINT ( 'NONE',  ( 0.05344999999999996300, 0.1673749999999996600, 2.012990275304036500E-016 ) ) ;
#1788 = CARTESIAN_POINT ( 'NONE',  ( -2.749843186272346500E-016, 0.1017499999999998100, -0.05344999999999999800 ) ) ;
#1789 = CARTESIAN_POINT ( 'NONE',  ( -0.03085937188818554600, 0.1007083333333331500, -0.05344999999999997000 ) ) ;
#1790 = CARTESIAN_POINT ( 'NONE',  ( -0.04628905783227834500, 0.09966666666666648700, -0.02672499999999981800 ) ) ;
#1791 = CARTESIAN_POINT ( 'NONE',  ( -0.05345000000000001100, 0.09918322748423133400, -0.01432188433544328100 ) ) ;
#1792 = CARTESIAN_POINT ( 'NONE',  ( -0.05345000000000001100, 0.09862499999999981000, 1.383930814271524500E-016 ) ) ;
#1793 = CARTESIAN_POINT ( 'NONE',  ( 0.05344999999999999800, 0.09387499999999980600, 4.574977898418264000E-018 ) ) ;
#1794 = CARTESIAN_POINT ( 'NONE',  ( 0.05344999999999997000, 0.09331677251576829500, -0.01432188433544363600 ) ) ;
#1795 = CARTESIAN_POINT ( 'NONE',  ( 0.04628905783227806700, 0.09283333333333312900, -0.02672500000000029700 ) ) ;
#1796 = VECTOR ( 'NONE', #1771, 39.37007874015748100 ) ;
#1797 = CARTESIAN_POINT ( 'NONE',  ( 0.03085937188818537600, 0.09179166666666649400, -0.05345000000000005300 ) ) ;
#1798 = CARTESIAN_POINT ( 'NONE',  ( -2.749843186272346500E-016, 0.09074999999999981700, -0.05344999999999999800 ) ) ;
#1799 = CARTESIAN_POINT ( 'NONE',  ( -0.03085937188818554600, 0.08970833333333315400, -0.05344999999999997000 ) ) ;
#1800 = CARTESIAN_POINT ( 'NONE',  ( -0.04628905783227834500, 0.08866666666666649100, -0.02672499999999981800 ) ) ;
#1801 = CARTESIAN_POINT ( 'NONE',  ( -0.05345000000000001100, 0.08818322748423133800, -0.01432188433544328100 ) ) ;
#1802 = CARTESIAN_POINT ( 'NONE',  ( -0.05345000000000001100, 0.08762499999999984200, 1.383930814271524500E-016 ) ) ;
#1803 = FACE_OUTER_BOUND ( 'NONE', #4052, .T. ) ;
#1804 = CARTESIAN_POINT ( 'NONE',  ( -0.05345000000000004600, 0.1611249999999996600, -4.803726793339177400E-017 ) ) ;
#1805 = CYLINDRICAL_SURFACE ( 'NONE', #1772, 0.05345000000000004600 ) ;
#1806 = CARTESIAN_POINT ( 'NONE',  ( 0.05345000000000000400, 0.1668167725157681800, -0.01432188433544382200 ) ) ;
#1807 = CARTESIAN_POINT ( 'NONE',  ( 0.04628905783227784500, 0.1663333333333330000, -0.02672500000000068200 ) ) ;
#1808 = CARTESIAN_POINT ( 'NONE',  ( -0.05345000000000004600, -1.309104192236122500E-017, 6.545520961180612600E-018 ) ) ;
#1809 = CARTESIAN_POINT ( 'NONE',  ( 0.03085937188818531000, 0.1652916666666663400, -0.05345000000000010900 ) ) ;
#1810 = CARTESIAN_POINT ( 'NONE',  ( -3.404395282390406900E-016, 0.1642499999999997000, -0.05344999999999999800 ) ) ;
#1811 = CARTESIAN_POINT ( 'NONE',  ( -0.03085937188818599400, 0.1632083333333330400, -0.05344999999999969900 ) ) ;
#1812 = CARTESIAN_POINT ( 'NONE',  ( -0.04628905783227856700, 0.1621666666666663200, -0.02672499999999943000 ) ) ;
#1813 = CARTESIAN_POINT ( 'NONE',  ( -0.05345000000000008800, 0.1616832274842311700, -0.01432188433544330300 ) ) ;
#1814 = DIRECTION ( 'NONE',  ( 1.000000000000000000, 2.449212707644754500E-016, 0.0000000000000000000 ) ) ;
#1815 = DIRECTION ( 'NONE',  ( 2.449212707644754500E-016, -1.000000000000000000, 0.0000000000000000000 ) ) ;
#1816 = CARTESIAN_POINT ( 'NONE',  ( 0.0000000000000000000, 0.0000000000000000000, 0.0000000000000000000 ) ) ;
#1817 = AXIS2_PLACEMENT_3D ( 'NONE', #1816, #1815, #1814 ) ;
#1818 = CARTESIAN_POINT ( 'NONE',  ( 0.05344999999999996300, 0.1548749999999997100, 4.231854556036894600E-017 ) ) ;
#1819 = CARTESIAN_POINT ( 'NONE',  ( -0.05344999999999997700, 0.1381832274842312000, -0.01432188433544328900 ) ) ;
#1820 = CARTESIAN_POINT ( 'NONE',  ( -0.05345000000000000400, 0.1376249999999997200, 5.375599030641460800E-017 ) ) ;
#1821 =( BOUNDED_CURVE ( )  B_SPLINE_CURVE ( 2, ( #1820, #1819, #1464, #1571, #1768, #1887, #1838, #1882, #1884 ),
 .UNSPECIFIED., .F., .T. ) 
 B_SPLINE_CURVE_WITH_KNOTS ( ( 3, 2, 2, 2, 3 ),
 ( 0.3534482758620690100, 0.3563218390804597800, 0.3620689655172413800, 0.3678160919540229800, 0.3706896551724138100 ),
 .UNSPECIFIED. ) 
 CURVE ( )  GEOMETRIC_REPRESENTATION_ITEM ( )  RATIONAL_B_SPLINE_CURVE ( ( 0.9330127018922194100, 0.9330127018922200800, 1.000000000000000000, 0.8660254037844387100, 1.000000000000000000, 0.8660254037844387100, 1.000000000000000000, 0.9330127018922187400, 0.9330127018922194100 ) ) 
 REPRESENTATION_ITEM ( '' )  );
#1822 = CARTESIAN_POINT ( 'NONE',  ( 0.05344999999999999800, 0.1048749999999998300, 4.574977898418264000E-018 ) ) ;
#1823 = CARTESIAN_POINT ( 'NONE',  ( 0.05344999999999997000, 0.1043167725157682800, -0.01432188433544363600 ) ) ;
#1824 = CARTESIAN_POINT ( 'NONE',  ( 0.04628905783227806700, 0.1038333333333331400, -0.02672500000000029700 ) ) ;
#1825 = CARTESIAN_POINT ( 'NONE',  ( 0.03085937188818537600, 0.1027916666666664800, -0.05345000000000005300 ) ) ;
#1826 =( BOUNDED_CURVE ( )  B_SPLINE_CURVE ( 2, ( #1804, #1813, #1812, #1811, #1810, #1809, #1807, #1806, #1787 ),
 .UNSPECIFIED., .F., .T. ) 
 B_SPLINE_CURVE_WITH_KNOTS ( ( 3, 2, 2, 2, 3 ),
 ( 0.3879310344827586200, 0.3908045977011493900, 0.3965517241379310500, 0.4022988505747126500, 0.4051724137931035400 ),
 .UNSPECIFIED. ) 
 CURVE ( )  GEOMETRIC_REPRESENTATION_ITEM ( )  RATIONAL_B_SPLINE_CURVE ( ( 0.9330127018922194100, 0.9330127018922200800, 1.000000000000000000, 0.8660254037844387100, 1.000000000000000000, 0.8660254037844387100, 1.000000000000000000, 0.9330127018922174100, 0.9330127018922194100 ) ) 
 REPRESENTATION_ITEM ( '' )  );
#1827 =( BOUNDED_CURVE ( )  B_SPLINE_CURVE ( 2, ( #1802, #1801, #1800, #1799, #1798, #1797, #1795, #1794, #1793 ),
 .UNSPECIFIED., .F., .T. ) 
 B_SPLINE_CURVE_WITH_KNOTS ( ( 3, 2, 2, 2, 3 ),
 ( 0.2155172413793103600, 0.2183908045977011600, 0.2241379310344827600, 0.2298850574712643600, 0.2327586206896551900 ),
 .UNSPECIFIED. ) 
 CURVE ( )  GEOMETRIC_REPRESENTATION_ITEM ( )  RATIONAL_B_SPLINE_CURVE ( ( 0.9330127018922193000, 0.9330127018922196300, 1.000000000000000000, 0.8660254037844387100, 1.000000000000000000, 0.8660254037844387100, 1.000000000000000000, 0.9330127018922187400, 0.9330127018922194100 ) ) 
 REPRESENTATION_ITEM ( '' )  );
#1828 = DIRECTION ( 'NONE',  ( 1.000000000000000000, 2.449212707644754500E-016, 0.0000000000000000000 ) ) ;
#1829 = DIRECTION ( 'NONE',  ( 2.449212707644754500E-016, -1.000000000000000000, 0.0000000000000000000 ) ) ;
#1830 = CARTESIAN_POINT ( 'NONE',  ( 0.0000000000000000000, 0.0000000000000000000, 0.0000000000000000000 ) ) ;
#1831 = AXIS2_PLACEMENT_3D ( 'NONE', #1830, #1829, #1828 ) ;
#1832 = CARTESIAN_POINT ( 'NONE',  ( -0.04628905783227835200, 0.1121666666666664600, -0.02672499999999980400 ) ) ;
#1833 = CARTESIAN_POINT ( 'NONE',  ( -0.05344999999999994200, 0.1116832274842313200, -0.01432188433544339200 ) ) ;
#1834 = CARTESIAN_POINT ( 'NONE',  ( -0.05345000000000000400, 0.1111249999999998400, -1.200931698334794200E-016 ) ) ;
#1835 = DIRECTION ( 'NONE',  ( 2.449212707644754500E-016, -1.000000000000000000, 0.0000000000000000000 ) ) ;
#1836 = AXIS2_PLACEMENT_3D ( 'NONE', #1861, #1835, #1377 ) ;
#1837 = CYLINDRICAL_SURFACE ( 'NONE', #1836, 0.05345000000000004600 ) ;
#1838 = CARTESIAN_POINT ( 'NONE',  ( 0.04628905783227804700, 0.1428333333333330300, -0.02672500000000033500 ) ) ;
#1839 =( NAMED_UNIT ( * ) PLANE_ANGLE_UNIT ( ) SI_UNIT ( $, .RADIAN. ) );
#1840 =( CONVERSION_BASED_UNIT ( 'INCH', #1841 ) LENGTH_UNIT ( ) NAMED_UNIT ( #1842 ) );
#1841 = LENGTH_MEASURE_WITH_UNIT ( LENGTH_MEASURE( 0.02539999999999999900 ), #1843 );
#1842 = DIMENSIONAL_EXPONENTS ( 1.000000000000000000, 0.0000000000000000000, 0.0000000000000000000, 0.0000000000000000000, 0.0000000000000000000, 0.0000000000000000000, 0.0000000000000000000 ) ;
#1843 =( LENGTH_UNIT ( ) NAMED_UNIT ( * ) SI_UNIT ( $, .METRE. ) );
#1844 = CARTESIAN_POINT ( 'NONE',  ( 0.05344999999999996300, 0.1563749999999996800, 2.012990275304036500E-016 ) ) ;
#1845 = CARTESIAN_POINT ( 'NONE',  ( 0.05345000000000000400, 0.1558167725157681400, -0.01432188433544382200 ) ) ;
#1846 = CARTESIAN_POINT ( 'NONE',  ( 0.04628905783227784500, 0.1553333333333329900, -0.02672500000000068200 ) ) ;
#1847 = CARTESIAN_POINT ( 'NONE',  ( 0.03085937188818531000, 0.1542916666666663300, -0.05345000000000010900 ) ) ;
#1848 = CARTESIAN_POINT ( 'NONE',  ( -3.404395282390406900E-016, 0.1532499999999996600, -0.05344999999999999800 ) ) ;
#1849 = CARTESIAN_POINT ( 'NONE',  ( -0.03085937188818599400, 0.1522083333333330000, -0.05344999999999969900 ) ) ;
#1850 = CARTESIAN_POINT ( 'NONE',  ( -0.04628905783227856700, 0.1511666666666663400, -0.02672499999999943000 ) ) ;
#1851 = CARTESIAN_POINT ( 'NONE',  ( -0.05345000000000008800, 0.1506832274842311600, -0.01432188433544330300 ) ) ;
#1852 = CARTESIAN_POINT ( 'NONE',  ( -0.05345000000000004600, 0.1501249999999997000, -4.803726793339177400E-017 ) ) ;
#1853 = LINE ( 'NONE', #1868, #1885 ) ;
#1854 = FACE_OUTER_BOUND ( 'NONE', #3631, .T. ) ;
#1855 = PRODUCT_CONTEXT ( 'NONE', #1857, 'mechanical' ) ;
#1856 = APPLICATION_PROTOCOL_DEFINITION ( 'draft international standard', 'automotive_design', 1998, #1857 ) ;
#1857 = APPLICATION_CONTEXT ( 'automotive_design' ) ;
#1858 = DIRECTION ( 'NONE',  ( 0.0000000000000000000, 0.0000000000000000000, 1.000000000000000000 ) ) ;
#1859 =( BOUNDED_CURVE ( )  B_SPLINE_CURVE ( 2, ( #1852, #1851, #1850, #1849, #1848, #1847, #1846, #1845, #1844 ),
 .UNSPECIFIED., .F., .T. ) 
 B_SPLINE_CURVE_WITH_KNOTS ( ( 3, 2, 2, 2, 3 ),
 ( 0.3879310344827586200, 0.3908045977011493900, 0.3965517241379310500, 0.4022988505747126500, 0.4051724137931035400 ),
 .UNSPECIFIED. ) 
 CURVE ( )  GEOMETRIC_REPRESENTATION_ITEM ( )  RATIONAL_B_SPLINE_CURVE ( ( 0.9330127018922194100, 0.9330127018922200800, 1.000000000000000000, 0.8660254037844387100, 1.000000000000000000, 0.8660254037844387100, 1.000000000000000000, 0.9330127018922174100, 0.9330127018922194100 ) ) 
 REPRESENTATION_ITEM ( '' )  );
#1860 = DIRECTION ( 'NONE',  ( 1.000000000000000000, 2.449212707644754500E-016, 0.0000000000000000000 ) ) ;
#1861 = CARTESIAN_POINT ( 'NONE',  ( 0.0000000000000000000, 0.0000000000000000000, 0.0000000000000000000 ) ) ;
#1862 = DIRECTION ( 'NONE',  ( 2.449212707644754500E-016, -1.000000000000000000, 0.0000000000000000000 ) ) ;
#1863 = CARTESIAN_POINT ( 'NONE',  ( 0.0000000000000000000, 0.0000000000000000000, 0.0000000000000000000 ) ) ;
#1864 = AXIS2_PLACEMENT_3D ( 'NONE', #1863, #1862, #1860 ) ;
#1865 = DIRECTION ( 'NONE',  ( 1.000000000000000000, 0.0000000000000000000, 0.0000000000000000000 ) ) ;
#1866 = CARTESIAN_POINT ( 'NONE',  ( 0.0000000000000000000, 0.0000000000000000000, 0.0000000000000000000 ) ) ;
#1867 = AXIS2_PLACEMENT_3D ( 'NONE', #1866, #1858, #1865 ) ;
#1868 = CARTESIAN_POINT ( 'NONE',  ( 0.05345000000000004600, 1.309104192236122500E-017, 0.0000000000000000000 ) ) ;
#1869 = SHAPE_DEFINITION_REPRESENTATION ( #1874, #1870 ) ;
#1870 = ADVANCED_BREP_SHAPE_REPRESENTATION ( '9901', ( #2486, #1867 ), #1871 ) ;
#1871 =( GEOMETRIC_REPRESENTATION_CONTEXT ( 3 ) GLOBAL_UNCERTAINTY_ASSIGNED_CONTEXT ( ( #1872 ) ) GLOBAL_UNIT_ASSIGNED_CONTEXT ( ( #1840, #1839, #1873 ) ) REPRESENTATION_CONTEXT ( 'NONE', 'WORKASPACE' ) );
#1872 = UNCERTAINTY_MEASURE_WITH_UNIT (LENGTH_MEASURE( 1.000000000000000100E-005 ), #1840, 'distance_accuracy_value', 'NONE');
#1873 =( NAMED_UNIT ( * ) SI_UNIT ( $, .STERADIAN. ) SOLID_ANGLE_UNIT ( ) );
#1874 = PRODUCT_DEFINITION_SHAPE ( 'NONE', 'NONE',  #1877 ) ;
#1875 = PRODUCT_RELATED_PRODUCT_CATEGORY ( 'part', '', ( #1881 ) ) ;
#1876 = PRODUCT_DEFINITION_FORMATION_WITH_SPECIFIED_SOURCE ( 'ANY', '', #1881, .NOT_KNOWN. ) ;
#1877 = PRODUCT_DEFINITION ( 'UNKNOWN', '', #1876, #1878 ) ;
#1878 = PRODUCT_DEFINITION_CONTEXT ( 'detailed design', #1880, 'design' ) ;
#1879 = APPLICATION_PROTOCOL_DEFINITION ( 'draft international standard', 'automotive_design', 1998, #1880 ) ;
#1880 = APPLICATION_CONTEXT ( 'automotive_design' ) ;
#1881 = PRODUCT ( '9901', '9901', '', ( #1855 ) ) ;
#1882 = CARTESIAN_POINT ( 'NONE',  ( 0.05344999999999996300, 0.1433167725157681600, -0.01432188433544368200 ) ) ;
#1883 = DIRECTION ( 'NONE',  ( 2.449212707644754500E-016, -1.000000000000000000, 0.0000000000000000000 ) ) ;
#1884 = CARTESIAN_POINT ( 'NONE',  ( 0.05344999999999996300, 0.1438749999999997000, 4.231854556036894600E-017 ) ) ;
#1885 = VECTOR ( 'NONE', #1883, 39.37007874015748100 ) ;
#1886 = CARTESIAN_POINT ( 'NONE',  ( -0.05345000000000000400, 0.1361249999999997500, 4.231854556036894600E-017 ) ) ;
#1887 = CARTESIAN_POINT ( 'NONE',  ( 0.03085937188818494200, 0.1417916666666663700, -0.05345000000000030300 ) ) ;
#1888 = CYLINDRICAL_SURFACE ( 'NONE', #1864, 0.05345000000000004600 ) ;
#1889 = FACE_OUTER_BOUND ( 'NONE', #4026, .T. ) ;
#1890 = CARTESIAN_POINT ( 'NONE',  ( -0.04628905783227813700, 0.1600833333333330200, 0.02672500000000018300 ) ) ;
#1891 = CARTESIAN_POINT ( 'NONE',  ( -0.03085937188818512600, 0.1590416666666663600, 0.05345000000000021300 ) ) ;
#1892 = CARTESIAN_POINT ( 'NONE',  ( 5.237865534097468400E-016, 0.1579999999999997000, 0.05344999999999999800 ) ) ;
#1893 = CARTESIAN_POINT ( 'NONE',  ( 0.05344999999999993500, 0.1554332274842311600, 0.01432188433544347200 ) ) ;
#1894 = CARTESIAN_POINT ( 'NONE',  ( 0.05344999999999996300, 0.1548749999999997100, 4.231854556036894600E-017 ) ) ;
#1895 = CARTESIAN_POINT ( 'NONE',  ( -0.05345000000000004600, 0.1611249999999996600, -4.803726793339177400E-017 ) ) ;
#1896 = CARTESIAN_POINT ( 'NONE',  ( -0.05345000000000000400, 0.1605667725157681700, 0.01432188433544350300 ) ) ;
#1897 = DIRECTION ( 'NONE',  ( 1.000000000000000000, 2.449212707644754500E-016, 0.0000000000000000000 ) ) ;
#1898 = DIRECTION ( 'NONE',  ( 2.449212707644754500E-016, -1.000000000000000000, 0.0000000000000000000 ) ) ;
#1899 = AXIS2_PLACEMENT_3D ( 'NONE', #1901, #1898, #1897 ) ;
#1900 = CYLINDRICAL_SURFACE ( 'NONE', #1899, 0.05345000000000004600 ) ;
#1901 = CARTESIAN_POINT ( 'NONE',  ( 0.0000000000000000000, 0.0000000000000000000, 0.0000000000000000000 ) ) ;
#1902 = FACE_OUTER_BOUND ( 'NONE', #3683, .T. ) ;
#1903 = CARTESIAN_POINT ( 'NONE',  ( -0.05345000000000000400, 0.1376249999999997200, 5.375599030641460800E-017 ) ) ;
#1904 = CARTESIAN_POINT ( 'NONE',  ( 0.05345000000000001100, 0.1313749999999997100, -3.202484528892784700E-017 ) ) ;
#1905 =( BOUNDED_CURVE ( )  B_SPLINE_CURVE ( 2, ( #1894, #1893, #1907, #1906, #1892, #1891, #1890, #1896, #1895 ),
 .UNSPECIFIED., .F., .T. ) 
 B_SPLINE_CURVE_WITH_KNOTS ( ( 3, 2, 2, 2, 3 ),
 ( 0.3706896551724138100, 0.3735632183908045900, 0.3793103448275861900, 0.3850574712643677900, 0.3879310344827586200 ),
 .UNSPECIFIED. ) 
 CURVE ( )  GEOMETRIC_REPRESENTATION_ITEM ( )  RATIONAL_B_SPLINE_CURVE ( ( 0.9330127018922194100, 0.9330127018922200800, 1.000000000000000000, 0.8660254037844387100, 1.000000000000000000, 0.8660254037844387100, 1.000000000000000000, 0.9330127018922187400, 0.9330127018922194100 ) ) 
 REPRESENTATION_ITEM ( '' )  );
#1906 = CARTESIAN_POINT ( 'NONE',  ( 0.03085937188818617700, 0.1569583333333330300, 0.05344999999999959500 ) ) ;
#1907 = CARTESIAN_POINT ( 'NONE',  ( 0.04628905783227828300, 0.1559166666666663400, 0.02672499999999992900 ) ) ;
#1908 = CARTESIAN_POINT ( 'NONE',  ( -0.03233161507461903400, 0.2035416666666662300, 0.05600000000000000100 ) ) ;
#1909 = CARTESIAN_POINT ( 'NONE',  ( 0.0000000000000000000, 0.2024999999999995700, 0.05600000000000000800 ) ) ;
#1910 = CARTESIAN_POINT ( 'NONE',  ( 0.03233161507461907600, 0.2014583333333329300, 0.05599999999999998700 ) ) ;
#1911 = CARTESIAN_POINT ( 'NONE',  ( 0.04849742261192858900, 0.2004166666666662700, 0.02799999999999996600 ) ) ;
#1912 = CARTESIAN_POINT ( 'NONE',  ( -0.03233161507461906900, 0.2202083333333329500, -0.05599999999999998700 ) ) ;
#1913 = CARTESIAN_POINT ( 'NONE',  ( -0.04849742261192856900, 0.2191666666666662300, -0.02799999999999999000 ) ) ;
#1914 = CARTESIAN_POINT ( 'NONE',  ( -0.06466323014923809600, 0.2181249999999996000, 3.959350124971783400E-018 ) ) ;
#1915 = CARTESIAN_POINT ( 'NONE',  ( -0.04849742261192856200, 0.2170833333333328800, 0.02800000000000000800 ) ) ;
#1916 = CARTESIAN_POINT ( 'NONE',  ( -0.03233161507461903400, 0.2160416666666662200, 0.05600000000000000100 ) ) ;
#1917 = CARTESIAN_POINT ( 'NONE',  ( 0.0000000000000000000, 0.2149999999999995500, 0.05600000000000000800 ) ) ;
#1918 = CARTESIAN_POINT ( 'NONE',  ( 0.03233161507461907600, 0.2139583333333328900, 0.05599999999999998700 ) ) ;
#1919 = CARTESIAN_POINT ( 'NONE',  ( 0.06466323014923809600, 0.1993749999999996100, -1.187805037491535100E-017 ) ) ;
#1920 = CARTESIAN_POINT ( 'NONE',  ( 0.04849742261192855500, 0.1983333333333329500, -0.02800000000000002800 ) ) ;
#1921 = CARTESIAN_POINT ( 'NONE',  ( 0.04849742261192858900, 0.1879166666666662900, 0.02799999999999996600 ) ) ;
#1922 = CARTESIAN_POINT ( 'NONE',  ( 0.06466323014923809600, 0.1868749999999996200, -1.187805037491535100E-017 ) ) ;
#1923 = CARTESIAN_POINT ( 'NONE',  ( 0.04849742261192855500, 0.1858333333333329600, -0.02800000000000002800 ) ) ;
#1924 = CARTESIAN_POINT ( 'NONE',  ( 0.03233161507461902700, 0.1847916666666663300, -0.05600000000000000100 ) ) ;
#1925 = CARTESIAN_POINT ( 'NONE',  ( 0.04849742261192858900, 0.2129166666666662300, 0.02799999999999996600 ) ) ;
#1926 = CARTESIAN_POINT ( 'NONE',  ( 0.06466323014923809600, 0.2118749999999995600, -1.187805037491535100E-017 ) ) ;
#1927 = CARTESIAN_POINT ( 'NONE',  ( 0.04849742261192855500, 0.2108333333333329000, -0.02800000000000002800 ) ) ;
#1928 = CARTESIAN_POINT ( 'NONE',  ( 0.03233161507461902700, 0.2097916666666662400, -0.05600000000000000100 ) ) ;
#1929 = CARTESIAN_POINT ( 'NONE',  ( -6.857795581405312900E-018, 0.2087499999999995700, -0.05600000000000000800 ) ) ;
#1930 = CARTESIAN_POINT ( 'NONE',  ( -0.03233161507461906900, 0.2077083333333329100, -0.05599999999999998700 ) ) ;
#1931 = CARTESIAN_POINT ( 'NONE',  ( -0.04849742261192856900, 0.1941666666666662700, -0.02799999999999999000 ) ) ;
#1932 = CARTESIAN_POINT ( 'NONE',  ( -0.06466323014923809600, 0.1931249999999995700, 3.959350124971783400E-018 ) ) ;
#1933 = CARTESIAN_POINT ( 'NONE',  ( -0.04849742261192856200, 0.1920833333333329400, 0.02800000000000000800 ) ) ;
#1934 = CARTESIAN_POINT ( 'NONE',  ( 0.03233161507461902700, 0.1972916666666662800, -0.05600000000000000100 ) ) ;
#1935 = CARTESIAN_POINT ( 'NONE',  ( -6.857795581405312900E-018, 0.1962499999999996200, -0.05600000000000000800 ) ) ;
#1936 = CARTESIAN_POINT ( 'NONE',  ( -0.03233161507461906900, 0.1952083333333329600, -0.05599999999999998700 ) ) ;
#1937 = CARTESIAN_POINT ( 'NONE',  ( -0.04849742261192856900, 0.2066666666666662500, -0.02799999999999999000 ) ) ;
#1938 = CARTESIAN_POINT ( 'NONE',  ( -0.06466323014923809600, 0.2056249999999995600, 3.959350124971783400E-018 ) ) ;
#1939 = CARTESIAN_POINT ( 'NONE',  ( -0.04849742261192856200, 0.2045833333333329000, 0.02800000000000000800 ) ) ;
#1940 =( BOUNDED_CURVE ( )  B_SPLINE_CURVE ( 2, ( #1954, #1956, #1955, #1952, #1953, #1958, #1957, #1960, #1959 ),
 .UNSPECIFIED., .F., .T. ) 
 B_SPLINE_CURVE_WITH_KNOTS ( ( 3, 2, 2, 2, 3 ),
 ( 0.1982758620689655200, 0.2011494252873563300, 0.2068965517241379300, 0.2126436781609195300, 0.2155172413793103600 ),
 .UNSPECIFIED. ) 
 CURVE ( )  GEOMETRIC_REPRESENTATION_ITEM ( )  RATIONAL_B_SPLINE_CURVE ( ( 0.9330127018922193000, 0.9330127018922196300, 1.000000000000000000, 0.8660254037844387100, 1.000000000000000000, 0.8660254037844387100, 1.000000000000000000, 0.9330127018922189700, 0.9330127018922193000 ) ) 
 REPRESENTATION_ITEM ( '' )  );
#1941 = CARTESIAN_POINT ( 'NONE',  ( -0.03233161507461903400, 0.1910416666666662500, 0.05600000000000000100 ) ) ;
#1942 = CARTESIAN_POINT ( 'NONE',  ( 0.0000000000000000000, 0.1899999999999996100, 0.05600000000000000800 ) ) ;
#1943 = CARTESIAN_POINT ( 'NONE',  ( 0.03233161507461907600, 0.1889583333333329500, 0.05599999999999998700 ) ) ;
#1944 =( BOUNDED_CURVE ( )  B_SPLINE_CURVE ( 2, ( #2022, #2021, #2020, #2024, #2023, #2019, #2025, #1951, #1950 ),
 .UNSPECIFIED., .F., .T. ) 
 B_SPLINE_CURVE_WITH_KNOTS ( ( 3, 2, 2, 2, 3 ),
 ( 0.6982758620689655200, 0.7011494252873563500, 0.7068965517241379000, 0.7126436781609195600, 0.7155172413793103900 ),
 .UNSPECIFIED. ) 
 CURVE ( )  GEOMETRIC_REPRESENTATION_ITEM ( )  RATIONAL_B_SPLINE_CURVE ( ( 0.9330127018922194100, 0.9330127018922194100, 1.000000000000000000, 0.8660254037844387100, 1.000000000000000000, 0.8660254037844387100, 1.000000000000000000, 0.9330127018922180800, 0.9330127018922194100 ) ) 
 REPRESENTATION_ITEM ( '' )  );
#1945 = VECTOR ( 'NONE', #1949, 39.37007874015748100 ) ;
#1946 = LINE ( 'NONE', #1948, #1945 ) ;
#1947 = CARTESIAN_POINT ( 'NONE',  ( -0.05344999999999999800, 0.08612499999999985400, -1.143744474604566000E-017 ) ) ;
#1948 = CARTESIAN_POINT ( 'NONE',  ( -0.05345000000000004600, -1.309104192236122500E-017, 6.545520961180612600E-018 ) ) ;
#1949 = DIRECTION ( 'NONE',  ( 2.449212707644754500E-016, -1.000000000000000000, 0.0000000000000000000 ) ) ;
#1950 = CARTESIAN_POINT ( 'NONE',  ( 0.05344999999999996300, 0.2798749999999994900, -2.218864280732857500E-016 ) ) ;
#1951 = CARTESIAN_POINT ( 'NONE',  ( 0.05345000000000001100, 0.2793167725157679200, -0.01432188433544409600 ) ) ;
#1952 = CARTESIAN_POINT ( 'NONE',  ( 0.03085937188818573000, 0.09445833333333314400, 0.05344999999999986600 ) ) ;
#1953 = CARTESIAN_POINT ( 'NONE',  ( 7.854625153416727100E-017, 0.09549999999999982100, 0.05344999999999999800 ) ) ;
#1954 = CARTESIAN_POINT ( 'NONE',  ( 0.05345000000000000400, 0.09237499999999981800, -1.200931698334794400E-016 ) ) ;
#1955 = CARTESIAN_POINT ( 'NONE',  ( 0.04628905783227843500, 0.09341666666666648100, 0.02672499999999965500 ) ) ;
#1956 = CARTESIAN_POINT ( 'NONE',  ( 0.05345000000000006700, 0.09293322748423135700, 0.01432188433544330200 ) ) ;
#1957 = CARTESIAN_POINT ( 'NONE',  ( -0.04628905783227817200, 0.09758333333333314700, 0.02672500000000012000 ) ) ;
#1958 = CARTESIAN_POINT ( 'NONE',  ( -0.03085937188818519200, 0.09654166666666648400, 0.05345000000000015700 ) ) ;
#1959 = CARTESIAN_POINT ( 'NONE',  ( -0.05345000000000001100, 0.09862499999999981000, 1.383930814271524500E-016 ) ) ;
#1960 = CARTESIAN_POINT ( 'NONE',  ( -0.05345000000000000400, 0.09806677251576831300, 0.01432188433544370200 ) ) ;
#1961 = CARTESIAN_POINT ( 'NONE',  ( 0.05345000000000000400, 0.09237499999999981800, -1.200931698334794200E-016 ) ) ;
#1962 = CARTESIAN_POINT ( 'NONE',  ( -0.05344999999999999800, 0.07512499999999984500, -1.143744474604566000E-017 ) ) ;
#1963 = DIRECTION ( 'NONE',  ( 2.449212707644754500E-016, -1.000000000000000000, 0.0000000000000000000 ) ) ;
#1964 = VECTOR ( 'NONE', #1963, 39.37007874015748100 ) ;
#1965 = CARTESIAN_POINT ( 'NONE',  ( -0.05345000000000004600, -1.309104192236122500E-017, 6.545520961180612600E-018 ) ) ;
#1966 = LINE ( 'NONE', #1965, #1964 ) ;
#1967 = CARTESIAN_POINT ( 'NONE',  ( 0.05345000000000000400, 0.06887499999999986700, 1.200931698334794400E-016 ) ) ;
#1968 = CARTESIAN_POINT ( 'NONE',  ( -0.05344999999999999800, 0.07512499999999984500, -1.143744474604566000E-017 ) ) ;
#1969 = CARTESIAN_POINT ( 'NONE',  ( 0.05345000000000001100, 0.05543322748423142700, 0.01432188433544342800 ) ) ;
#1970 = CARTESIAN_POINT ( 'NONE',  ( 0.05344999999999999800, 0.05487499999999992400, 6.862466847627394900E-018 ) ) ;
#1971 =( BOUNDED_CURVE ( )  B_SPLINE_CURVE ( 2, ( #1970, #1969, #1988, #1987, #1986, #1985, #1984, #1983, #1982 ),
 .UNSPECIFIED., .F., .T. ) 
 B_SPLINE_CURVE_WITH_KNOTS ( ( 3, 2, 2, 2, 3 ),
 ( 0.09482758620689656100, 0.09770114942528734800, 0.1034482758620689600, 0.1091954022988505800, 0.1120689655172414000 ),
 .UNSPECIFIED. ) 
 CURVE ( )  GEOMETRIC_REPRESENTATION_ITEM ( )  RATIONAL_B_SPLINE_CURVE ( ( 0.9330127018922193000, 0.9330127018922196300, 1.000000000000000000, 0.8660254037844387100, 1.000000000000000000, 0.8660254037844387100, 1.000000000000000000, 0.9330127018922189700, 0.9330127018922193000 ) ) 
 REPRESENTATION_ITEM ( '' )  );
#1972 =( BOUNDED_CURVE ( )  B_SPLINE_CURVE ( 2, ( #1998, #2002, #2001, #2000, #2010, #2009, #2008, #2007, #2006 ),
 .UNSPECIFIED., .F., .T. ) 
 B_SPLINE_CURVE_WITH_KNOTS ( ( 3, 2, 2, 2, 3 ),
 ( 0.2327586206896551900, 0.2356321839080459700, 0.2413793103448275700, 0.2471264367816092000, 0.2500000000000000600 ),
 .UNSPECIFIED. ) 
 CURVE ( )  GEOMETRIC_REPRESENTATION_ITEM ( )  RATIONAL_B_SPLINE_CURVE ( ( 0.9330127018922194100, 0.9330127018922200800, 1.000000000000000000, 0.8660254037844387100, 1.000000000000000000, 0.8660254037844387100, 1.000000000000000000, 0.9330127018922184100, 0.9330127018922194100 ) ) 
 REPRESENTATION_ITEM ( '' )  );
#1973 = CARTESIAN_POINT ( 'NONE',  ( 0.05345000000000000400, 0.07987499999999987700, 1.200931698334794400E-016 ) ) ;
#1974 = CARTESIAN_POINT ( 'NONE',  ( 0.05345000000000000400, 0.06887499999999986700, 1.200931698334794400E-016 ) ) ;
#1975 = CARTESIAN_POINT ( 'NONE',  ( -0.05345000000000003200, 0.07456677251576834800, 0.01432188433544362600 ) ) ;
#1976 = CARTESIAN_POINT ( 'NONE',  ( 2.553477557436928100E-016, 0.08299999999999985200, 0.05344999999999999800 ) ) ;
#1977 = CARTESIAN_POINT ( 'NONE',  ( 0.03085937188818571900, 0.08195833333333317500, 0.05344999999999988000 ) ) ;
#1978 = CARTESIAN_POINT ( 'NONE',  ( 0.04628905783227833800, 0.08091666666666651200, 0.02672499999999983600 ) ) ;
#1979 = DIRECTION ( 'NONE',  ( 2.449212707644754500E-016, -1.000000000000000000, 0.0000000000000000000 ) ) ;
#1980 = VECTOR ( 'NONE', #1979, 39.37007874015748100 ) ;
#1981 = CARTESIAN_POINT ( 'NONE',  ( 0.05344999999999999800, 0.05487499999999992400, 6.862466847627395600E-018 ) ) ;
#1982 = CARTESIAN_POINT ( 'NONE',  ( -0.05344999999999999800, 0.06112499999999990900, 0.0000000000000000000 ) ) ;
#1983 = CARTESIAN_POINT ( 'NONE',  ( -0.05345000000000000400, 0.06056677251576840500, 0.01432188433544356400 ) ) ;
#1984 = CARTESIAN_POINT ( 'NONE',  ( -0.04628905783227819200, 0.06008333333333323900, 0.02672500000000008900 ) ) ;
#1985 = CARTESIAN_POINT ( 'NONE',  ( -0.03085937188818542500, 0.05904166666666656900, 0.05345000000000003200 ) ) ;
#1986 = CARTESIAN_POINT ( 'NONE',  ( 3.927312576708363500E-017, 0.05799999999999990600, 0.05344999999999999800 ) ) ;
#1987 = CARTESIAN_POINT ( 'NONE',  ( 0.03085937188818568800, 0.05695833333333323600, 0.05344999999999988000 ) ) ;
#1988 = CARTESIAN_POINT ( 'NONE',  ( 0.04628905783227832400, 0.05591666666666658000, 0.02672499999999985700 ) ) ;
#1989 = CARTESIAN_POINT ( 'NONE',  ( -0.05344999999999999800, 0.08612499999999985400, -1.143744474604566000E-017 ) ) ;
#1990 =( BOUNDED_CURVE ( )  B_SPLINE_CURVE ( 2, ( #1974, #2012, #2005, #1993, #1992, #2011, #2003, #1975, #1968 ),
 .UNSPECIFIED., .F., .T. ) 
 B_SPLINE_CURVE_WITH_KNOTS ( ( 3, 2, 2, 2, 3 ),
 ( 0.1637931034482758800, 0.1666666666666666600, 0.1724137931034482900, 0.1781609195402298900, 0.1810344827586207200 ),
 .UNSPECIFIED. ) 
 CURVE ( )  GEOMETRIC_REPRESENTATION_ITEM ( )  RATIONAL_B_SPLINE_CURVE ( ( 0.9330127018922194100, 0.9330127018922200800, 1.000000000000000000, 0.8660254037844387100, 1.000000000000000000, 0.8660254037844387100, 1.000000000000000000, 0.9330127018922187400, 0.9330127018922194100 ) ) 
 REPRESENTATION_ITEM ( '' )  );
#1991 = CARTESIAN_POINT ( 'NONE',  ( 0.05344999999999999800, 0.1048749999999998300, 4.574977898418264000E-018 ) ) ;
#1992 = CARTESIAN_POINT ( 'NONE',  ( 2.553477557436928100E-016, 0.07199999999999985600, 0.05344999999999999800 ) ) ;
#1993 = CARTESIAN_POINT ( 'NONE',  ( 0.03085937188818571900, 0.07095833333333319300, 0.05344999999999988000 ) ) ;
#1994 = CARTESIAN_POINT ( 'NONE',  ( -0.05345000000000000400, 0.06262499999999987500, -1.258118922065022800E-016 ) ) ;
#1995 = CARTESIAN_POINT ( 'NONE',  ( -0.05345000000000003200, 0.08556677251576834400, 0.01432188433544362600 ) ) ;
#1996 = CARTESIAN_POINT ( 'NONE',  ( -0.04628905783227817200, 0.08508333333333317800, 0.02672500000000011000 ) ) ;
#1997 = CARTESIAN_POINT ( 'NONE',  ( -0.03085937188818538600, 0.08404166666666651500, 0.05345000000000005300 ) ) ;
#1998 = CARTESIAN_POINT ( 'NONE',  ( 0.05344999999999999800, 0.1048749999999998300, 4.574977898418264000E-018 ) ) ;
#1999 = CARTESIAN_POINT ( 'NONE',  ( -0.05345000000000001100, 0.1126249999999997800, 2.859361186511415200E-017 ) ) ;
#2000 = CARTESIAN_POINT ( 'NONE',  ( 0.03085937188818574700, 0.1069583333333331300, 0.05344999999999985200 ) ) ;
#2001 = CARTESIAN_POINT ( 'NONE',  ( 0.04628905783227844900, 0.1059166666666664600, 0.02672499999999964800 ) ) ;
#2002 = CARTESIAN_POINT ( 'NONE',  ( 0.05345000000000001800, 0.1054332274842313100, 0.01432188433544334800 ) ) ;
#2003 = CARTESIAN_POINT ( 'NONE',  ( -0.04628905783227817200, 0.07408333333333318200, 0.02672500000000011000 ) ) ;
#2004 =( BOUNDED_CURVE ( )  B_SPLINE_CURVE ( 2, ( #2014, #2013, #1978, #1977, #1976, #1997, #1996, #1995, #1989 ),
 .UNSPECIFIED., .F., .F. ) 
 B_SPLINE_CURVE_WITH_KNOTS ( ( 3, 2, 2, 2, 3 ),
 ( 0.1637931034482758800, 0.1666666666666666600, 0.1724137931034482900, 0.1781609195402298900, 0.1810344827586207200 ),
 .UNSPECIFIED. ) 
 CURVE ( )  GEOMETRIC_REPRESENTATION_ITEM ( )  RATIONAL_B_SPLINE_CURVE ( ( 0.9330127018922194100, 0.9330127018922200800, 1.000000000000000000, 0.8660254037844387100, 1.000000000000000000, 0.8660254037844387100, 1.000000000000000000, 0.9330127018922187400, 0.9330127018922194100 ) ) 
 REPRESENTATION_ITEM ( '' )  );
#2005 = CARTESIAN_POINT ( 'NONE',  ( 0.04628905783227833800, 0.06991666666666653000, 0.02672499999999983600 ) ) ;
#2006 = CARTESIAN_POINT ( 'NONE',  ( -0.05345000000000000400, 0.1111249999999998400, -1.200931698334794200E-016 ) ) ;
#2007 = CARTESIAN_POINT ( 'NONE',  ( -0.05345000000000005300, 0.1105667725157682800, 0.01432188433544359300 ) ) ;
#2008 = CARTESIAN_POINT ( 'NONE',  ( -0.04628905783227816500, 0.1100833333333331200, 0.02672500000000013400 ) ) ;
#2009 = CARTESIAN_POINT ( 'NONE',  ( -0.03085937188818517800, 0.1090416666666664500, 0.05345000000000017800 ) ) ;
#2010 = CARTESIAN_POINT ( 'NONE',  ( 9.163729345652847400E-017, 0.1079999999999997900, 0.05344999999999999800 ) ) ;
#2011 = CARTESIAN_POINT ( 'NONE',  ( -0.03085937188818538600, 0.07304166666666650500, 0.05345000000000005300 ) ) ;
#2012 = CARTESIAN_POINT ( 'NONE',  ( 0.05344999999999996300, 0.06943322748423136300, 0.01432188433544346300 ) ) ;
#2013 = CARTESIAN_POINT ( 'NONE',  ( 0.05344999999999996300, 0.08043322748423134500, 0.01432188433544346300 ) ) ;
#2014 = CARTESIAN_POINT ( 'NONE',  ( 0.05345000000000000400, 0.07987499999999987700, 1.200931698334794400E-016 ) ) ;
#2015 = CARTESIAN_POINT ( 'NONE',  ( -0.05345000000000000400, 0.07362499999999988500, -1.258118922065022800E-016 ) ) ;
#2016 = CARTESIAN_POINT ( 'NONE',  ( -0.05345000000000004600, -1.309104192236122500E-017, 6.545520961180612600E-018 ) ) ;
#2017 = LINE ( 'NONE', #2016, #1980 ) ;
#2018 = CARTESIAN_POINT ( 'NONE',  ( -0.05344999999999999800, 0.06112499999999990900, 0.0000000000000000000 ) ) ;
#2019 = CARTESIAN_POINT ( 'NONE',  ( 0.03085937188818405400, 0.2777916666666660500, -0.05345000000000083000 ) ) ;
#2020 = CARTESIAN_POINT ( 'NONE',  ( -0.04628905783227843500, 0.2746666666666661100, -0.02672499999999965500 ) ) ;
#2021 = CARTESIAN_POINT ( 'NONE',  ( -0.05345000000000008800, 0.2741832274842309100, -0.01432188433544302900 ) ) ;
#2022 = CARTESIAN_POINT ( 'NONE',  ( -0.05344999999999995600, 0.2736249999999994500, 5.501410922847962800E-016 ) ) ;
#2023 = CARTESIAN_POINT ( 'NONE',  ( -8.380439978040651300E-016, 0.2767499999999993900, -0.05344999999999999800 ) ) ;
#2024 = CARTESIAN_POINT ( 'NONE',  ( -0.03085937188818573000, 0.2757083333333327200, -0.05344999999999986600 ) ) ;
#2025 = CARTESIAN_POINT ( 'NONE',  ( 0.04628905783227797700, 0.2788333333333327100, -0.02672500000000045000 ) ) ;
#2026 = DIRECTION ( 'NONE',  ( 2.449212707644754500E-016, -1.000000000000000000, 0.0000000000000000000 ) ) ;
#2027 = VECTOR ( 'NONE', #2026, 39.37007874015748100 ) ;
#2028 = CARTESIAN_POINT ( 'NONE',  ( 0.05345000000000004600, 1.309104192236122500E-017, 0.0000000000000000000 ) ) ;
#2029 = LINE ( 'NONE', #2028, #2027 ) ;
#2030 = CARTESIAN_POINT ( 'NONE',  ( -0.05344999999999999800, 0.04862499999999994600, 3.316858976353241000E-017 ) ) ;
#2031 = DIRECTION ( 'NONE',  ( 2.449212707644754500E-016, -1.000000000000000000, 0.0000000000000000000 ) ) ;
#2032 = VECTOR ( 'NONE', #2031, 39.37007874015748100 ) ;
#2033 = CARTESIAN_POINT ( 'NONE',  ( -0.05345000000000004600, -1.309104192236122500E-017, 6.545520961180612600E-018 ) ) ;
#2034 = LINE ( 'NONE', #2033, #2032 ) ;
#2035 = CARTESIAN_POINT ( 'NONE',  ( -0.05345000000000000400, 0.1126249999999997800, 2.859361186511415200E-017 ) ) ;
#2036 = CARTESIAN_POINT ( 'NONE',  ( 0.05344999999999999800, 0.03137499999999995200, 2.516237844130044700E-017 ) ) ;
#2037 = CARTESIAN_POINT ( 'NONE',  ( 0.05344999999999999800, 0.03081677251576844500, -0.01432188433544352700 ) ) ;
#2038 = CARTESIAN_POINT ( 'NONE',  ( 0.04628905783227819900, 0.03033333333333327800, -0.02672500000000007200 ) ) ;
#2039 = CARTESIAN_POINT ( 'NONE',  ( 0.03085937188818543800, 0.02929166666666661900, -0.05345000000000001100 ) ) ;
#2040 = CARTESIAN_POINT ( 'NONE',  ( -1.963656288354181800E-017, 0.02824999999999995200, -0.05344999999999999800 ) ) ;
#2041 = CARTESIAN_POINT ( 'NONE',  ( -0.03085937188818557400, 0.02720833333333328600, -0.05344999999999994200 ) ) ;
#2042 = CARTESIAN_POINT ( 'NONE',  ( -0.04628905783227826900, 0.02616666666666662600, -0.02672499999999995400 ) ) ;
#2043 = CARTESIAN_POINT ( 'NONE',  ( -0.05345000000000000400, 0.02568322748423147400, -0.01432188433544346500 ) ) ;
#2044 = CARTESIAN_POINT ( 'NONE',  ( -0.05344999999999999800, 0.02512499999999996300, 1.944365606827762200E-017 ) ) ;
#2045 =( BOUNDED_CURVE ( )  B_SPLINE_CURVE ( 2, ( #2044, #2043, #2042, #2041, #2040, #2039, #2038, #2037, #2036 ),
 .UNSPECIFIED., .F., .T. ) 
 B_SPLINE_CURVE_WITH_KNOTS ( ( 3, 2, 2, 2, 3 ),
 ( 0.04310344827586207200, 0.04597701149425287300, 0.05172413793103448200, 0.05747126436781609100, 0.06034482758620690600 ),
 .UNSPECIFIED. ) 
 CURVE ( )  GEOMETRIC_REPRESENTATION_ITEM ( )  RATIONAL_B_SPLINE_CURVE ( ( 0.9330127018922194100, 0.9330127018922194100, 1.000000000000000000, 0.8660254037844387100, 1.000000000000000000, 0.8660254037844387100, 1.000000000000000000, 0.9330127018922191900, 0.9330127018922194100 ) ) 
 REPRESENTATION_ITEM ( '' )  );
#2046 = CARTESIAN_POINT ( 'NONE',  ( -0.05345000000000026800, 0.3506832274842307000, -0.01432188433544246400 ) ) ;
#2047 = CARTESIAN_POINT ( 'NONE',  ( -0.05345000000000016400, 0.3501249999999993000, 4.689352345878720000E-016 ) ) ;
#2048 =( BOUNDED_CURVE ( )  B_SPLINE_CURVE ( 2, ( #2047, #2046, #2117, #2116, #2115, #2114, #2113, #2112, #2111 ),
 .UNSPECIFIED., .F., .T. ) 
 B_SPLINE_CURVE_WITH_KNOTS ( ( 3, 2, 2, 2, 3 ),
 ( 0.9396551724137931500, 0.9425287356321838700, 0.9482758620689655200, 0.9540229885057470700, 0.9568965517241380100 ),
 .UNSPECIFIED. ) 
 CURVE ( )  GEOMETRIC_REPRESENTATION_ITEM ( )  RATIONAL_B_SPLINE_CURVE ( ( 0.9330127018922194100, 0.9330127018922206300, 1.000000000000000000, 0.8660254037844387100, 1.000000000000000000, 0.8660254037844387100, 1.000000000000000000, 0.9330127018922167400, 0.9330127018922194100 ) ) 
 REPRESENTATION_ITEM ( '' )  );
#2049 = CARTESIAN_POINT ( 'NONE',  ( -0.05344999999999999800, 0.02512499999999996300, 1.944365606827762200E-017 ) ) ;
#2050 = DIRECTION ( 'NONE',  ( 1.000000000000000000, 2.449212707644754500E-016, 0.0000000000000000000 ) ) ;
#2051 = DIRECTION ( 'NONE',  ( 2.449212707644754500E-016, -1.000000000000000000, 0.0000000000000000000 ) ) ;
#2052 = AXIS2_PLACEMENT_3D ( 'NONE', #2058, #2051, #2050 ) ;
#2053 = CYLINDRICAL_SURFACE ( 'NONE', #2052, 0.05345000000000004600 ) ;
#2054 = FACE_OUTER_BOUND ( 'NONE', #3852, .T. ) ;
#2055 = DIRECTION ( 'NONE',  ( 1.000000000000000000, 2.449212707644754500E-016, 0.0000000000000000000 ) ) ;
#2056 = DIRECTION ( 'NONE',  ( 2.449212707644754500E-016, -1.000000000000000000, 0.0000000000000000000 ) ) ;
#2057 = AXIS2_PLACEMENT_3D ( 'NONE', #2066, #2056, #2055 ) ;
#2058 = CARTESIAN_POINT ( 'NONE',  ( 0.0000000000000000000, 0.0000000000000000000, 0.0000000000000000000 ) ) ;
#2059 = CYLINDRICAL_SURFACE ( 'NONE', #2057, 0.05345000000000004600 ) ;
#2060 = FACE_OUTER_BOUND ( 'NONE', #3856, .T. ) ;
#2061 = DIRECTION ( 'NONE',  ( 1.000000000000000000, 2.449212707644754500E-016, 0.0000000000000000000 ) ) ;
#2062 = DIRECTION ( 'NONE',  ( 2.449212707644754500E-016, -1.000000000000000000, 0.0000000000000000000 ) ) ;
#2063 = CARTESIAN_POINT ( 'NONE',  ( 0.0000000000000000000, 0.0000000000000000000, 0.0000000000000000000 ) ) ;
#2064 = AXIS2_PLACEMENT_3D ( 'NONE', #2063, #2062, #2061 ) ;
#2065 = CYLINDRICAL_SURFACE ( 'NONE', #2064, 0.05345000000000004600 ) ;
#2066 = CARTESIAN_POINT ( 'NONE',  ( 0.0000000000000000000, 0.0000000000000000000, 0.0000000000000000000 ) ) ;
#2067 = FACE_OUTER_BOUND ( 'NONE', #3821, .T. ) ;
#2068 = DIRECTION ( 'NONE',  ( 2.449212707644754500E-016, -1.000000000000000000, 0.0000000000000000000 ) ) ;
#2069 = VECTOR ( 'NONE', #2068, 39.37007874015748100 ) ;
#2070 = CARTESIAN_POINT ( 'NONE',  ( -0.05345000000000004600, -1.309104192236122500E-017, 6.545520961180612600E-018 ) ) ;
#2071 = LINE ( 'NONE', #2070, #2069 ) ;
#2072 = DIRECTION ( 'NONE',  ( 1.000000000000000000, 2.449212707644754500E-016, 0.0000000000000000000 ) ) ;
#2073 = DIRECTION ( 'NONE',  ( 2.449212707644754500E-016, -1.000000000000000000, 0.0000000000000000000 ) ) ;
#2074 = AXIS2_PLACEMENT_3D ( 'NONE', #2080, #2073, #2072 ) ;
#2075 = CYLINDRICAL_SURFACE ( 'NONE', #2074, 0.05345000000000004600 ) ;
#2076 = FACE_OUTER_BOUND ( 'NONE', #3881, .T. ) ;
#2077 = DIRECTION ( 'NONE',  ( 1.000000000000000000, 2.449212707644754500E-016, 0.0000000000000000000 ) ) ;
#2078 = DIRECTION ( 'NONE',  ( 2.449212707644754500E-016, -1.000000000000000000, 0.0000000000000000000 ) ) ;
#2079 = CARTESIAN_POINT ( 'NONE',  ( 0.0000000000000000000, 0.0000000000000000000, 0.0000000000000000000 ) ) ;
#2080 = CARTESIAN_POINT ( 'NONE',  ( 0.0000000000000000000, 0.0000000000000000000, 0.0000000000000000000 ) ) ;
#2081 = AXIS2_PLACEMENT_3D ( 'NONE', #2079, #2078, #2077 ) ;
#2082 = CARTESIAN_POINT ( 'NONE',  ( 0.05344999999999996300, 0.3188749999999994100, 2.836486297019323400E-016 ) ) ;
#2083 = CARTESIAN_POINT ( 'NONE',  ( 0.05345000000000014300, 0.3183167725157678400, -0.01432188433544389500 ) ) ;
#2084 = CARTESIAN_POINT ( 'NONE',  ( 0.04628905783227794900, 0.3178333333333326300, -0.02672500000000049800 ) ) ;
#2085 = CARTESIAN_POINT ( 'NONE',  ( 0.03085937188818399500, 0.3167916666666660300, -0.05345000000000085100 ) ) ;
#2086 = CARTESIAN_POINT ( 'NONE',  ( -8.904081654935099400E-016, 0.3157499999999993100, -0.05344999999999999800 ) ) ;
#2087 = CARTESIAN_POINT ( 'NONE',  ( -0.03085937188818578500, 0.3147083333333326500, -0.05344999999999982400 ) ) ;
#2088 = CARTESIAN_POINT ( 'NONE',  ( -0.04628905783227884500, 0.3136666666666659800, -0.02672499999999895100 ) ) ;
#2089 = CARTESIAN_POINT ( 'NONE',  ( -0.05345000000000016400, 0.3131832274842307800, -0.01432188433544288000 ) ) ;
#2090 = CARTESIAN_POINT ( 'NONE',  ( -0.05344999999999996300, 0.3126249999999993200, 4.048855440100163200E-016 ) ) ;
#2091 = CYLINDRICAL_SURFACE ( 'NONE', #2081, 0.05345000000000004600 ) ;
#2092 = FACE_OUTER_BOUND ( 'NONE', #3861, .T. ) ;
#2093 =( BOUNDED_CURVE ( )  B_SPLINE_CURVE ( 2, ( #2090, #2089, #2088, #2087, #2086, #2085, #2084, #2083, #2082 ),
 .UNSPECIFIED., .F., .T. ) 
 B_SPLINE_CURVE_WITH_KNOTS ( ( 3, 2, 2, 2, 3 ),
 ( 0.8362068965517242000, 0.8390804597701149200, 0.8448275862068965700, 0.8505747126436781200, 0.8534482758620690600 ),
 .UNSPECIFIED. ) 
 CURVE ( )  GEOMETRIC_REPRESENTATION_ITEM ( )  RATIONAL_B_SPLINE_CURVE ( ( 0.9330127018922194100, 0.9330127018922206300, 1.000000000000000000, 0.8660254037844387100, 1.000000000000000000, 0.8660254037844387100, 1.000000000000000000, 0.9330127018922167400, 0.9330127018922194100 ) ) 
 REPRESENTATION_ITEM ( '' )  );
#2094 =( BOUNDED_CURVE ( )  B_SPLINE_CURVE ( 2, ( #2133, #2132, #2192, #2191, #2190, #2189, #2188, #2187, #2035 ),
 .UNSPECIFIED., .F., .T. ) 
 B_SPLINE_CURVE_WITH_KNOTS ( ( 3, 2, 2, 2, 3 ),
 ( 0.2672413793103448600, 0.2701149425287356400, 0.2758620689655172400, 0.2816091954022988400, 0.2844827586206896700 ),
 .UNSPECIFIED. ) 
 CURVE ( )  GEOMETRIC_REPRESENTATION_ITEM ( )  RATIONAL_B_SPLINE_CURVE ( ( 0.9330127018922194100, 0.9330127018922200800, 1.000000000000000000, 0.8660254037844387100, 1.000000000000000000, 0.8660254037844387100, 1.000000000000000000, 0.9330127018922187400, 0.9330127018922194100 ) ) 
 REPRESENTATION_ITEM ( '' )  );
#2095 = DIRECTION ( 'NONE',  ( 1.000000000000000000, 2.449212707644754500E-016, 0.0000000000000000000 ) ) ;
#2096 = DIRECTION ( 'NONE',  ( 2.449212707644754500E-016, -1.000000000000000000, 0.0000000000000000000 ) ) ;
#2097 = CARTESIAN_POINT ( 'NONE',  ( 0.0000000000000000000, 0.0000000000000000000, 0.0000000000000000000 ) ) ;
#2098 = AXIS2_PLACEMENT_3D ( 'NONE', #2097, #2096, #2095 ) ;
#2099 = CARTESIAN_POINT ( 'NONE',  ( 0.05344999999999996300, 0.3548749999999991600, 3.110984970924419600E-016 ) ) ;
#2100 = CARTESIAN_POINT ( 'NONE',  ( 0.05344999999999993500, 0.3543167725157677600, -0.01432188433544386700 ) ) ;
#2101 = CARTESIAN_POINT ( 'NONE',  ( 0.04628905783227756100, 0.3538333333333325000, -0.02672500000000118200 ) ) ;
#2102 = CARTESIAN_POINT ( 'NONE',  ( 0.03085937188818473100, 0.3527916666666658400, -0.05345000000000043500 ) ) ;
#2103 = CARTESIAN_POINT ( 'NONE',  ( -1.676160433865779500E-015, 0.3517499999999991700, -0.05344999999999999800 ) ) ;
#2104 = CARTESIAN_POINT ( 'NONE',  ( -0.03085937188818656600, 0.3507083333333325100, -0.05344999999999937300 ) ) ;
#2105 = CARTESIAN_POINT ( 'NONE',  ( -0.04628905783227847700, 0.3496666666666658500, -0.02672499999999958900 ) ) ;
#2106 = CARTESIAN_POINT ( 'NONE',  ( -0.05344999999999982400, 0.3491832274842307500, -0.01432188433544306000 ) ) ;
#2107 = CARTESIAN_POINT ( 'NONE',  ( -0.05344999999999996300, 0.3486249999999993000, -7.319964637469222400E-017 ) ) ;
#2108 = CYLINDRICAL_SURFACE ( 'NONE', #2098, 0.05345000000000004600 ) ;
#2109 = FACE_OUTER_BOUND ( 'NONE', #3873, .T. ) ;
#2110 =( BOUNDED_CURVE ( )  B_SPLINE_CURVE ( 2, ( #2107, #2106, #2105, #2104, #2103, #2102, #2101, #2100, #2099 ),
 .UNSPECIFIED., .F., .T. ) 
 B_SPLINE_CURVE_WITH_KNOTS ( ( 3, 2, 2, 2, 3 ),
 ( 0.9051724137931035400, 0.9080459770114942500, 0.9137931034482758000, 0.9195402298850574600, 0.9224137931034484000 ),
 .UNSPECIFIED. ) 
 CURVE ( )  GEOMETRIC_REPRESENTATION_ITEM ( )  RATIONAL_B_SPLINE_CURVE ( ( 0.9330127018922194100, 0.9330127018922219600, 1.000000000000000000, 0.8660254037844387100, 1.000000000000000000, 0.8660254037844387100, 1.000000000000000000, 0.9330127018922167400, 0.9330127018922194100 ) ) 
 REPRESENTATION_ITEM ( '' )  );
#2111 = CARTESIAN_POINT ( 'NONE',  ( 0.05344999999999996300, 0.3563749999999992800, -1.349618480033387800E-016 ) ) ;
#2112 = CARTESIAN_POINT ( 'NONE',  ( 0.05345000000000003200, 0.3558167725157677700, -0.01432188433544431300 ) ) ;
#2113 = CARTESIAN_POINT ( 'NONE',  ( 0.04628905783227774800, 0.3553333333333325600, -0.02672500000000085900 ) ) ;
#2114 = CARTESIAN_POINT ( 'NONE',  ( 0.03085937188818510200, 0.3542916666666658900, -0.05345000000000022600 ) ) ;
#2115 = CARTESIAN_POINT ( 'NONE',  ( -1.309466383524367300E-015, 0.3532499999999992300, -0.05344999999999999800 ) ) ;
#2116 = CARTESIAN_POINT ( 'NONE',  ( -0.03085937188818619800, 0.3522083333333325700, -0.05344999999999958800 ) ) ;
#2117 = CARTESIAN_POINT ( 'NONE',  ( -0.04628905783227905300, 0.3511666666666659100, -0.02672499999999859400 ) ) ;
#2118 = DIRECTION ( 'NONE',  ( 1.000000000000000000, 2.449212707644754500E-016, 0.0000000000000000000 ) ) ;
#2119 = DIRECTION ( 'NONE',  ( 2.449212707644754500E-016, -1.000000000000000000, 0.0000000000000000000 ) ) ;
#2120 = CARTESIAN_POINT ( 'NONE',  ( 0.0000000000000000000, 0.0000000000000000000, 0.0000000000000000000 ) ) ;
#2121 = AXIS2_PLACEMENT_3D ( 'NONE', #2120, #2119, #2118 ) ;
#2122 = CYLINDRICAL_SURFACE ( 'NONE', #2121, 0.05345000000000004600 ) ;
#2123 = CARTESIAN_POINT ( 'NONE',  ( -0.05344999999999999800, 0.05012499999999992000, 0.0000000000000000000 ) ) ;
#2124 = FACE_OUTER_BOUND ( 'NONE', #3778, .T. ) ;
#2125 = DIRECTION ( 'NONE',  ( 2.449212707644754500E-016, -1.000000000000000000, 0.0000000000000000000 ) ) ;
#2126 = VECTOR ( 'NONE', #2125, 39.37007874015748100 ) ;
#2127 = CARTESIAN_POINT ( 'NONE',  ( 0.05345000000000004600, 1.309104192236122500E-017, 0.0000000000000000000 ) ) ;
#2128 = LINE ( 'NONE', #2127, #2126 ) ;
#2129 = DIRECTION ( 'NONE',  ( 2.449212707644754500E-016, -1.000000000000000000, 0.0000000000000000000 ) ) ;
#2130 = VECTOR ( 'NONE', #2129, 39.37007874015748100 ) ;
#2131 = CARTESIAN_POINT ( 'NONE',  ( -0.05345000000000004600, -1.309104192236122500E-017, 6.545520961180612600E-018 ) ) ;
#2132 = CARTESIAN_POINT ( 'NONE',  ( 0.05345000000000003900, 0.1069332274842312600, 0.01432188433544333500 ) ) ;
#2133 = CARTESIAN_POINT ( 'NONE',  ( 0.05345000000000000400, 0.1063749999999998000, -8.006211322231961800E-018 ) ) ;
#2134 = CARTESIAN_POINT ( 'NONE',  ( -0.05344999999999997700, 0.2991832274842309300, -0.01432188433544285200 ) ) ;
#2135 = CARTESIAN_POINT ( 'NONE',  ( -0.05344999999999996300, 0.2986249999999994700, 4.323354114005258800E-016 ) ) ;
#2136 = CYLINDRICAL_SURFACE ( 'NONE', #2169, 0.05345000000000004600 ) ;
#2137 = FACE_OUTER_BOUND ( 'NONE', #3901, .T. ) ;
#2138 =( BOUNDED_CURVE ( )  B_SPLINE_CURVE ( 2, ( #2135, #2134, #2176, #2175, #2174, #2173, #2172, #2171, #2170 ),
 .UNSPECIFIED., .F., .T. ) 
 B_SPLINE_CURVE_WITH_KNOTS ( ( 3, 2, 2, 2, 3 ),
 ( 0.7672413793103448600, 0.7701149425287355800, 0.7758620689655172400, 0.7816091954022987800, 0.7844827586206897200 ),
 .UNSPECIFIED. ) 
 CURVE ( )  GEOMETRIC_REPRESENTATION_ITEM ( )  RATIONAL_B_SPLINE_CURVE ( ( 0.9330127018922194100, 0.9330127018922206300, 1.000000000000000000, 0.8660254037844387100, 1.000000000000000000, 0.8660254037844387100, 1.000000000000000000, 0.9330127018922167400, 0.9330127018922194100 ) ) 
 REPRESENTATION_ITEM ( '' )  );
#2139 = CARTESIAN_POINT ( 'NONE',  ( 0.05345000000000015700, 0.2813749999999994900, 3.488420647543926800E-016 ) ) ;
#2140 = CARTESIAN_POINT ( 'NONE',  ( 0.05345000000000026100, 0.2808167725157679200, -0.01432188433544347500 ) ) ;
#2141 = CARTESIAN_POINT ( 'NONE',  ( 0.04628905783227816500, 0.2803333333333327100, -0.02672500000000013400 ) ) ;
#2142 = CARTESIAN_POINT ( 'NONE',  ( 0.03085937188818441800, 0.2792916666666660500, -0.05345000000000060800 ) ) ;
#2143 = CARTESIAN_POINT ( 'NONE',  ( -4.713499474626528300E-016, 0.2782499999999993900, -0.05344999999999999800 ) ) ;
#2144 = CARTESIAN_POINT ( 'NONE',  ( -0.03085937188818688500, 0.2772083333333327200, -0.05344999999999919300 ) ) ;
#2145 = CARTESIAN_POINT ( 'NONE',  ( -0.04628905783227863600, 0.2761666666666660600, -0.02672499999999931900 ) ) ;
#2146 = CARTESIAN_POINT ( 'NONE',  ( -0.05345000000000019900, 0.2756832274842309100, -0.01432188433544304500 ) ) ;
#2147 = CARTESIAN_POINT ( 'NONE',  ( -0.05344999999999993500, 0.2751249999999993400, 5.364161585895415000E-016 ) ) ;
#2148 =( BOUNDED_CURVE ( )  B_SPLINE_CURVE ( 2, ( #2147, #2146, #2145, #2144, #2143, #2142, #2141, #2140, #2139 ),
 .UNSPECIFIED., .F., .T. ) 
 B_SPLINE_CURVE_WITH_KNOTS ( ( 3, 2, 2, 2, 3 ),
 ( 0.7327586206896551400, 0.7356321839080459700, 0.7413793103448276200, 0.7471264367816091700, 0.7500000000000001100 ),
 .UNSPECIFIED. ) 
 CURVE ( )  GEOMETRIC_REPRESENTATION_ITEM ( )  RATIONAL_B_SPLINE_CURVE ( ( 0.9330127018922194100, 0.9330127018922194100, 1.000000000000000000, 0.8660254037844387100, 1.000000000000000000, 0.8660254037844387100, 1.000000000000000000, 0.9330127018922167400, 0.9330127018922194100 ) ) 
 REPRESENTATION_ITEM ( '' )  );
#2149 = DIRECTION ( 'NONE',  ( 2.449212707644754500E-016, -1.000000000000000000, 0.0000000000000000000 ) ) ;
#2150 = VECTOR ( 'NONE', #2149, 39.37007874015748100 ) ;
#2151 = CARTESIAN_POINT ( 'NONE',  ( 0.05345000000000004600, 1.309104192236122500E-017, 0.0000000000000000000 ) ) ;
#2152 = LINE ( 'NONE', #2151, #2150 ) ;
#2153 = CARTESIAN_POINT ( 'NONE',  ( -0.03085937188818542500, 0.04804166666666658000, 0.05345000000000003200 ) ) ;
#2154 = CARTESIAN_POINT ( 'NONE',  ( 3.927312576708363500E-017, 0.04699999999999991000, 0.05344999999999999800 ) ) ;
#2155 = CARTESIAN_POINT ( 'NONE',  ( 0.03085937188818568800, 0.04595833333333324000, 0.05344999999999988000 ) ) ;
#2156 = CARTESIAN_POINT ( 'NONE',  ( 0.04628905783227832400, 0.04491666666666657700, 0.02672499999999985700 ) ) ;
#2157 = CARTESIAN_POINT ( 'NONE',  ( 0.05345000000000001100, 0.04443322748423143100, 0.01432188433544342800 ) ) ;
#2158 = CARTESIAN_POINT ( 'NONE',  ( 0.05344999999999999800, 0.04387499999999992800, 6.862466847627394900E-018 ) ) ;
#2159 =( BOUNDED_CURVE ( )  B_SPLINE_CURVE ( 2, ( #2158, #2157, #2156, #2155, #2154, #2153, #2186, #2185, #2184 ),
 .UNSPECIFIED., .F., .T. ) 
 B_SPLINE_CURVE_WITH_KNOTS ( ( 3, 2, 2, 2, 3 ),
 ( 0.09482758620689656100, 0.09770114942528734800, 0.1034482758620689600, 0.1091954022988505800, 0.1120689655172414000 ),
 .UNSPECIFIED. ) 
 CURVE ( )  GEOMETRIC_REPRESENTATION_ITEM ( )  RATIONAL_B_SPLINE_CURVE ( ( 0.9330127018922193000, 0.9330127018922196300, 1.000000000000000000, 0.8660254037844387100, 1.000000000000000000, 0.8660254037844387100, 1.000000000000000000, 0.9330127018922189700, 0.9330127018922193000 ) ) 
 REPRESENTATION_ITEM ( '' )  );
#2160 = DIRECTION ( 'NONE',  ( 1.000000000000000000, 2.449212707644754500E-016, 0.0000000000000000000 ) ) ;
#2161 = DIRECTION ( 'NONE',  ( 2.449212707644754500E-016, -1.000000000000000000, 0.0000000000000000000 ) ) ;
#2162 = AXIS2_PLACEMENT_3D ( 'NONE', #2168, #2161, #2160 ) ;
#2163 = CYLINDRICAL_SURFACE ( 'NONE', #2162, 0.05345000000000004600 ) ;
#2164 = FACE_OUTER_BOUND ( 'NONE', #3831, .T. ) ;
#2165 = DIRECTION ( 'NONE',  ( 1.000000000000000000, 2.449212707644754500E-016, 0.0000000000000000000 ) ) ;
#2166 = DIRECTION ( 'NONE',  ( 2.449212707644754500E-016, -1.000000000000000000, 0.0000000000000000000 ) ) ;
#2167 = CARTESIAN_POINT ( 'NONE',  ( 0.0000000000000000000, 0.0000000000000000000, 0.0000000000000000000 ) ) ;
#2168 = CARTESIAN_POINT ( 'NONE',  ( 0.0000000000000000000, 0.0000000000000000000, 0.0000000000000000000 ) ) ;
#2169 = AXIS2_PLACEMENT_3D ( 'NONE', #2167, #2166, #2165 ) ;
#2170 = CARTESIAN_POINT ( 'NONE',  ( 0.05344999999999996300, 0.3048749999999994000, 3.637107429242520200E-016 ) ) ;
#2171 = CARTESIAN_POINT ( 'NONE',  ( 0.05344999999999994200, 0.3043167725157679400, -0.01432188433544381300 ) ) ;
#2172 = CARTESIAN_POINT ( 'NONE',  ( 0.04628905783227758200, 0.3038333333333326800, -0.02672500000000113300 ) ) ;
#2173 = CARTESIAN_POINT ( 'NONE',  ( 0.03085937188818479000, 0.3027916666666660200, -0.05345000000000040000 ) ) ;
#2174 = CARTESIAN_POINT ( 'NONE',  ( -1.046558971212405100E-016, 0.3017499999999993500, -0.05344999999999999800 ) ) ;
#2175 = CARTESIAN_POINT ( 'NONE',  ( -0.03085937188818651400, 0.3007083333333327400, -0.05344999999999940100 ) ) ;
#2176 = CARTESIAN_POINT ( 'NONE',  ( -0.04628905783227845600, 0.2996666666666660300, -0.02672499999999963400 ) ) ;
#2177 = CARTESIAN_POINT ( 'NONE',  ( -0.05345000000000000400, 0.01262499999999998700, 6.862466847627394900E-018 ) ) ;
#2178 = CARTESIAN_POINT ( 'NONE',  ( -0.05344999999999999800, 0.01206677251576848700, 0.01432188433544351200 ) ) ;
#2179 = CARTESIAN_POINT ( 'NONE',  ( -0.04628905783227824100, 0.01158333333333332400, 0.02672500000000000200 ) ) ;
#2180 = CARTESIAN_POINT ( 'NONE',  ( -0.03085937188818549000, 0.01054166666666665800, 0.05345000000000000400 ) ) ;
#2181 = CARTESIAN_POINT ( 'NONE',  ( 0.0000000000000000000, 0.009499999999999994600, 0.05344999999999999800 ) ) ;
#2182 = LINE ( 'NONE', #2131, #2130 ) ;
#2183 =( BOUNDED_CURVE ( )  B_SPLINE_CURVE ( 2, ( #2181, #2180, #2179, #2178, #2177 ),
 .UNSPECIFIED., .F., .T. ) 
 B_SPLINE_CURVE_WITH_KNOTS ( ( 3, 2, 3 ),
 ( 0.0000000000000000000, 0.005747126436781609100, 0.008620689655172413700 ),
 .UNSPECIFIED. ) 
 CURVE ( )  GEOMETRIC_REPRESENTATION_ITEM ( )  RATIONAL_B_SPLINE_CURVE ( ( 1.000000000000000000, 0.8660254037844387100, 1.000000000000000000, 0.9330127018922194100, 0.9330127018922194100 ) ) 
 REPRESENTATION_ITEM ( '' )  );
#2184 = CARTESIAN_POINT ( 'NONE',  ( -0.05344999999999999800, 0.05012499999999992000, 0.0000000000000000000 ) ) ;
#2185 = CARTESIAN_POINT ( 'NONE',  ( -0.05345000000000000400, 0.04956677251576840900, 0.01432188433544356400 ) ) ;
#2186 = CARTESIAN_POINT ( 'NONE',  ( -0.04628905783227819200, 0.04908333333333324300, 0.02672500000000008900 ) ) ;
#2187 = CARTESIAN_POINT ( 'NONE',  ( -0.05345000000000001100, 0.1120667725157682600, 0.01432188433544366800 ) ) ;
#2188 = CARTESIAN_POINT ( 'NONE',  ( -0.04628905783227815800, 0.1115833333333331000, 0.02672500000000014800 ) ) ;
#2189 = CARTESIAN_POINT ( 'NONE',  ( -0.03085937188818516400, 0.1105416666666664300, 0.05345000000000018500 ) ) ;
#2190 = CARTESIAN_POINT ( 'NONE',  ( 1.047283353788896900E-016, 0.1094999999999997600, 0.05344999999999999800 ) ) ;
#2191 = CARTESIAN_POINT ( 'NONE',  ( 0.03085937188818575400, 0.1084583333333331200, 0.05344999999999984500 ) ) ;
#2192 = CARTESIAN_POINT ( 'NONE',  ( 0.04628905783227845600, 0.1074166666666664400, 0.02672499999999963400 ) ) ;
#2193 = DIRECTION ( 'NONE',  ( 1.000000000000000000, 2.449212707644754500E-016, 0.0000000000000000000 ) ) ;
#2194 = DIRECTION ( 'NONE',  ( 2.449212707644754500E-016, -1.000000000000000000, 0.0000000000000000000 ) ) ;
#2195 = CARTESIAN_POINT ( 'NONE',  ( 0.0000000000000000000, 0.0000000000000000000, 0.0000000000000000000 ) ) ;
#2196 = AXIS2_PLACEMENT_3D ( 'NONE', #2195, #2194, #2193 ) ;
#2197 = CYLINDRICAL_SURFACE ( 'NONE', #2196, 0.05345000000000004600 ) ;
#2198 = CARTESIAN_POINT ( 'NONE',  ( 0.05344999999999999800, 0.04387499999999992800, 6.862466847627395600E-018 ) ) ;
#2199 = FACE_OUTER_BOUND ( 'NONE', #3798, .T. ) ;
#2200 = CARTESIAN_POINT ( 'NONE',  ( 0.05344999999999996300, 0.06793322748423139000, 0.01432188433544347300 ) ) ;
#2201 = CARTESIAN_POINT ( 'NONE',  ( 0.05345000000000000400, 0.06737499999999990700, 1.326743590541296700E-016 ) ) ;
#2202 = CARTESIAN_POINT ( 'NONE',  ( -0.05345000000000001100, 0.09862499999999981000, 1.383930814271524500E-016 ) ) ;
#2203 =( BOUNDED_CURVE ( )  B_SPLINE_CURVE ( 2, ( #2201, #2200, #2286, #2285, #2284, #2283, #2282, #2281, #2280 ),
 .UNSPECIFIED., .F., .T. ) 
 B_SPLINE_CURVE_WITH_KNOTS ( ( 3, 2, 2, 2, 3 ),
 ( 0.1293103448275862400, 0.1321839080459770200, 0.1379310344827586200, 0.1436781609195402200, 0.1465517241379310500 ),
 .UNSPECIFIED. ) 
 CURVE ( )  GEOMETRIC_REPRESENTATION_ITEM ( )  RATIONAL_B_SPLINE_CURVE ( ( 0.9330127018922194100, 0.9330127018922200800, 1.000000000000000000, 0.8660254037844387100, 1.000000000000000000, 0.8660254037844387100, 1.000000000000000000, 0.9330127018922187400, 0.9330127018922194100 ) ) 
 REPRESENTATION_ITEM ( '' )  );
#2204 = CARTESIAN_POINT ( 'NONE',  ( -0.05344999999999999800, 0.04862499999999994600, 3.316858976353241000E-017 ) ) ;
#2205 = CARTESIAN_POINT ( 'NONE',  ( -0.05344999999999999800, 0.04806677251576843600, 0.01432188433544358300 ) ) ;
#2206 = CARTESIAN_POINT ( 'NONE',  ( -0.04628905783227819900, 0.04758333333333326900, 0.02672500000000007500 ) ) ;
#2207 = CARTESIAN_POINT ( 'NONE',  ( -0.03085937188818543500, 0.04654166666666659900, 0.05345000000000003200 ) ) ;
#2208 = CARTESIAN_POINT ( 'NONE',  ( 2.618208384472242200E-017, 0.04549999999999992900, 0.05344999999999999800 ) ) ;
#2209 = CARTESIAN_POINT ( 'NONE',  ( 0.03085937188818558100, 0.04445833333333327300, 0.05344999999999994200 ) ) ;
#2210 = CARTESIAN_POINT ( 'NONE',  ( 0.04628905783227826900, 0.04341666666666661000, 0.02672499999999995000 ) ) ;
#2211 = CARTESIAN_POINT ( 'NONE',  ( 0.05344999999999999100, 0.04293322748423145100, 0.01432188433544350100 ) ) ;
#2212 = VECTOR ( 'NONE', #2249, 39.37007874015748100 ) ;
#2213 = CARTESIAN_POINT ( 'NONE',  ( -0.05345000000000004600, -1.309104192236122500E-017, 6.545520961180612600E-018 ) ) ;
#2214 = LINE ( 'NONE', #2213, #2212 ) ;
#2215 = DIRECTION ( 'NONE',  ( 2.449212707644754500E-016, -1.000000000000000000, 0.0000000000000000000 ) ) ;
#2216 = VECTOR ( 'NONE', #2215, 39.37007874015748100 ) ;
#2217 = CARTESIAN_POINT ( 'NONE',  ( -0.05345000000000004600, -1.309104192236122500E-017, 6.545520961180612600E-018 ) ) ;
#2218 = LINE ( 'NONE', #2217, #2216 ) ;
#2219 = DIRECTION ( 'NONE',  ( 1.000000000000000000, 2.449212707644754500E-016, 0.0000000000000000000 ) ) ;
#2220 = DIRECTION ( 'NONE',  ( 2.449212707644754500E-016, -1.000000000000000000, 0.0000000000000000000 ) ) ;
#2221 = CARTESIAN_POINT ( 'NONE',  ( 0.0000000000000000000, 0.0000000000000000000, 0.0000000000000000000 ) ) ;
#2222 = AXIS2_PLACEMENT_3D ( 'NONE', #2221, #2220, #2219 ) ;
#2223 = CARTESIAN_POINT ( 'NONE',  ( -0.05344999999999999800, 0.03612499999999996300, 1.944365606827762200E-017 ) ) ;
#2224 = CYLINDRICAL_SURFACE ( 'NONE', #2222, 0.05345000000000004600 ) ;
#2225 = CARTESIAN_POINT ( 'NONE',  ( 0.05345000000000000400, 0.1313749999999997100, -3.202484528892784700E-017 ) ) ;
#2226 = DIRECTION ( 'NONE',  ( 2.449212707644754500E-016, -1.000000000000000000, 0.0000000000000000000 ) ) ;
#2227 = VECTOR ( 'NONE', #2226, 39.37007874015748100 ) ;
#2228 = CARTESIAN_POINT ( 'NONE',  ( 0.05345000000000004600, 1.309104192236122500E-017, 0.0000000000000000000 ) ) ;
#2229 = LINE ( 'NONE', #2228, #2227 ) ;
#2230 = DIRECTION ( 'NONE',  ( 1.000000000000000000, 2.449212707644754500E-016, 0.0000000000000000000 ) ) ;
#2231 = DIRECTION ( 'NONE',  ( 2.449212707644754500E-016, -1.000000000000000000, 0.0000000000000000000 ) ) ;
#2232 = AXIS2_PLACEMENT_3D ( 'NONE', #2272, #2231, #2230 ) ;
#2233 = CYLINDRICAL_SURFACE ( 'NONE', #2232, 0.05345000000000004600 ) ;
#2234 = FACE_OUTER_BOUND ( 'NONE', #3767, .T. ) ;
#2235 = CARTESIAN_POINT ( 'NONE',  ( -0.05344999999999999800, 0.03612499999999996300, 1.944365606827762200E-017 ) ) ;
#2236 = CARTESIAN_POINT ( 'NONE',  ( -0.05344999999999999100, 0.03556677251576845200, 0.01432188433544354100 ) ) ;
#2237 = CARTESIAN_POINT ( 'NONE',  ( -0.04628905783227822700, 0.03508333333333329300, 0.02672500000000002700 ) ) ;
#2238 = CARTESIAN_POINT ( 'NONE',  ( -0.03085937188818544500, 0.03404166666666663000, 0.05345000000000001100 ) ) ;
#2239 = CARTESIAN_POINT ( 'NONE',  ( 1.309104192236121100E-017, 0.03299999999999996000, 0.05344999999999999800 ) ) ;
#2240 = CARTESIAN_POINT ( 'NONE',  ( 0.03085937188818552500, 0.03195833333333330400, 0.05344999999999997700 ) ) ;
#2241 = CARTESIAN_POINT ( 'NONE',  ( 0.04628905783227826900, 0.03091666666666663400, 0.02672499999999996400 ) ) ;
#2242 = DIRECTION ( 'NONE',  ( 1.000000000000000000, 2.449212707644754500E-016, 0.0000000000000000000 ) ) ;
#2243 = DIRECTION ( 'NONE',  ( 2.449212707644754500E-016, -1.000000000000000000, 0.0000000000000000000 ) ) ;
#2244 = CARTESIAN_POINT ( 'NONE',  ( 0.0000000000000000000, 0.0000000000000000000, 0.0000000000000000000 ) ) ;
#2245 = AXIS2_PLACEMENT_3D ( 'NONE', #2244, #2243, #2242 ) ;
#2246 = FACE_OUTER_BOUND ( 'NONE', #3727, .T. ) ;
#2247 = CYLINDRICAL_SURFACE ( 'NONE', #2245, 0.05345000000000004600 ) ;
#2248 = FACE_OUTER_BOUND ( 'NONE', #3715, .T. ) ;
#2249 = DIRECTION ( 'NONE',  ( 2.449212707644754500E-016, -1.000000000000000000, 0.0000000000000000000 ) ) ;
#2250 = CARTESIAN_POINT ( 'NONE',  ( -0.05345000000000004600, 0.1611249999999996600, -4.803726793339177400E-017 ) ) ;
#2251 =( BOUNDED_CURVE ( )  B_SPLINE_CURVE ( 2, ( #2225, #2287, #2317, #2316, #2315, #2314, #2313, #2312, #2252 ),
 .UNSPECIFIED., .F., .T. ) 
 B_SPLINE_CURVE_WITH_KNOTS ( ( 3, 2, 2, 2, 3 ),
 ( 0.3362068965517241400, 0.3390804597701149200, 0.3448275862068965700, 0.3505747126436781800, 0.3534482758620690100 ),
 .UNSPECIFIED. ) 
 CURVE ( )  GEOMETRIC_REPRESENTATION_ITEM ( )  RATIONAL_B_SPLINE_CURVE ( ( 0.9330127018922194100, 0.9330127018922200800, 1.000000000000000000, 0.8660254037844387100, 1.000000000000000000, 0.8660254037844387100, 1.000000000000000000, 0.9330127018922187400, 0.9330127018922194100 ) ) 
 REPRESENTATION_ITEM ( '' )  );
#2252 = CARTESIAN_POINT ( 'NONE',  ( -0.05345000000000000400, 0.1376249999999997200, 5.375599030641460800E-017 ) ) ;
#2253 = DIRECTION ( 'NONE',  ( 2.449212707644754500E-016, -1.000000000000000000, 0.0000000000000000000 ) ) ;
#2254 = VECTOR ( 'NONE', #2253, 39.37007874015748100 ) ;
#2255 = CARTESIAN_POINT ( 'NONE',  ( 0.05345000000000004600, 1.309104192236122500E-017, 0.0000000000000000000 ) ) ;
#2256 = LINE ( 'NONE', #2255, #2254 ) ;
#2257 = CARTESIAN_POINT ( 'NONE',  ( -0.05345000000000000400, 0.1111249999999998400, -1.200931698334794200E-016 ) ) ;
#2258 = CARTESIAN_POINT ( 'NONE',  ( -0.05345000000000004600, 0.1501249999999997000, -4.803726793339177400E-017 ) ) ;
#2259 = CARTESIAN_POINT ( 'NONE',  ( 0.05344999999999999800, 0.03137499999999995200, 2.516237844130044700E-017 ) ) ;
#2260 = CARTESIAN_POINT ( 'NONE',  ( -0.05345000000000000400, 0.06262499999999987500, -1.258118922065022800E-016 ) ) ;
#2261 = CARTESIAN_POINT ( 'NONE',  ( -0.05345000000000003900, 0.06206677251576836500, 0.01432188433544351200 ) ) ;
#2262 = CARTESIAN_POINT ( 'NONE',  ( -0.04628905783227817800, 0.06158333333333321200, 0.02672500000000009900 ) ) ;
#2263 = CARTESIAN_POINT ( 'NONE',  ( -0.03085937188818540400, 0.06054166666666654200, 0.05345000000000004600 ) ) ;
#2264 = CARTESIAN_POINT ( 'NONE',  ( 5.236416768944484500E-017, 0.05949999999999987900, 0.05344999999999999800 ) ) ;
#2265 = CARTESIAN_POINT ( 'NONE',  ( 0.03085937188818569900, 0.05845833333333320900, 0.05344999999999988000 ) ) ;
#2266 = CARTESIAN_POINT ( 'NONE',  ( 0.04628905783227832400, 0.05741666666666655300, 0.02672499999999984300 ) ) ;
#2267 = CARTESIAN_POINT ( 'NONE',  ( 0.05344999999999996300, 0.05693322748423139400, 0.01432188433544347300 ) ) ;
#2268 = CARTESIAN_POINT ( 'NONE',  ( 0.05345000000000000400, 0.05637499999999990400, 1.326743590541296700E-016 ) ) ;
#2269 =( BOUNDED_CURVE ( )  B_SPLINE_CURVE ( 2, ( #2268, #2267, #2266, #2265, #2264, #2263, #2262, #2261, #2260 ),
 .UNSPECIFIED., .F., .T. ) 
 B_SPLINE_CURVE_WITH_KNOTS ( ( 3, 2, 2, 2, 3 ),
 ( 0.1293103448275862400, 0.1321839080459770200, 0.1379310344827586200, 0.1436781609195402200, 0.1465517241379310500 ),
 .UNSPECIFIED. ) 
 CURVE ( )  GEOMETRIC_REPRESENTATION_ITEM ( )  RATIONAL_B_SPLINE_CURVE ( ( 0.9330127018922194100, 0.9330127018922200800, 1.000000000000000000, 0.8660254037844387100, 1.000000000000000000, 0.8660254037844387100, 1.000000000000000000, 0.9330127018922187400, 0.9330127018922194100 ) ) 
 REPRESENTATION_ITEM ( '' )  );
#2270 = CARTESIAN_POINT ( 'NONE',  ( 0.05345000000000000400, 0.03043322748423147800, 0.01432188433544349900 ) ) ;
#2271 = CARTESIAN_POINT ( 'NONE',  ( 0.05344999999999999800, 0.02987499999999996400, 1.372493369525479100E-017 ) ) ;
#2272 = CARTESIAN_POINT ( 'NONE',  ( 0.0000000000000000000, 0.0000000000000000000, 0.0000000000000000000 ) ) ;
#2273 = CARTESIAN_POINT ( 'NONE',  ( 0.05344999999999999800, 0.02987499999999997100, 1.372493369525479100E-017 ) ) ;
#2274 =( BOUNDED_CURVE ( )  B_SPLINE_CURVE ( 2, ( #2271, #2270, #2241, #2240, #2239, #2238, #2237, #2236, #2235 ),
 .UNSPECIFIED., .F., .T. ) 
 B_SPLINE_CURVE_WITH_KNOTS ( ( 3, 2, 2, 2, 3 ),
 ( 0.02586206896551724400, 0.02873563218390804600, 0.03448275862068965500, 0.04022988505747126400, 0.04310344827586207200 ),
 .UNSPECIFIED. ) 
 CURVE ( )  GEOMETRIC_REPRESENTATION_ITEM ( )  RATIONAL_B_SPLINE_CURVE ( ( 0.9330127018922194100, 0.9330127018922194100, 1.000000000000000000, 0.8660254037844387100, 1.000000000000000000, 0.8660254037844387100, 1.000000000000000000, 0.9330127018922193000, 0.9330127018922194100 ) ) 
 REPRESENTATION_ITEM ( '' )  );
#2275 = CARTESIAN_POINT ( 'NONE',  ( 0.05345000000000001100, 0.06737499999999990700, 1.326743590541296700E-016 ) ) ;
#2276 = DIRECTION ( 'NONE',  ( 2.449212707644754500E-016, -1.000000000000000000, 0.0000000000000000000 ) ) ;
#2277 = VECTOR ( 'NONE', #2276, 39.37007874015748100 ) ;
#2278 = CARTESIAN_POINT ( 'NONE',  ( -0.05345000000000004600, -1.309104192236122500E-017, 6.545520961180612600E-018 ) ) ;
#2279 = LINE ( 'NONE', #2278, #2277 ) ;
#2280 = CARTESIAN_POINT ( 'NONE',  ( -0.05345000000000000400, 0.07362499999999988500, -1.258118922065022800E-016 ) ) ;
#2281 = CARTESIAN_POINT ( 'NONE',  ( -0.05345000000000003900, 0.07306677251576836100, 0.01432188433544351200 ) ) ;
#2282 = CARTESIAN_POINT ( 'NONE',  ( -0.04628905783227817800, 0.07258333333333320800, 0.02672500000000009900 ) ) ;
#2283 = CARTESIAN_POINT ( 'NONE',  ( -0.03085937188818540400, 0.07154166666666654500, 0.05345000000000004600 ) ) ;
#2284 = CARTESIAN_POINT ( 'NONE',  ( 5.236416768944484500E-017, 0.07049999999999988200, 0.05344999999999999800 ) ) ;
#2285 = CARTESIAN_POINT ( 'NONE',  ( 0.03085937188818569900, 0.06945833333333321900, 0.05344999999999988000 ) ) ;
#2286 = CARTESIAN_POINT ( 'NONE',  ( 0.04628905783227832400, 0.06841666666666655600, 0.02672499999999984300 ) ) ;
#2287 = CARTESIAN_POINT ( 'NONE',  ( 0.05345000000000003900, 0.1319332274842312200, 0.01432188433544330900 ) ) ;
#2288 = CARTESIAN_POINT ( 'NONE',  ( 0.05345000000000001100, 0.05637499999999990400, 1.326743590541296700E-016 ) ) ;
#2289 = DIRECTION ( 'NONE',  ( 1.000000000000000000, 2.449212707644754500E-016, 0.0000000000000000000 ) ) ;
#2290 = DIRECTION ( 'NONE',  ( 2.449212707644754500E-016, -1.000000000000000000, 0.0000000000000000000 ) ) ;
#2291 = AXIS2_PLACEMENT_3D ( 'NONE', #2293, #2290, #2289 ) ;
#2292 = CYLINDRICAL_SURFACE ( 'NONE', #2291, 0.05345000000000004600 ) ;
#2293 = CARTESIAN_POINT ( 'NONE',  ( 0.0000000000000000000, 0.0000000000000000000, 0.0000000000000000000 ) ) ;
#2294 = FACE_OUTER_BOUND ( 'NONE', #3731, .T. ) ;
#2295 = CARTESIAN_POINT ( 'NONE',  ( 0.05345000000000000400, 0.1063749999999998200, -8.006211322231961800E-018 ) ) ;
#2296 = CARTESIAN_POINT ( 'NONE',  ( -0.05345000000000004600, 0.1501249999999997000, -4.803726793339177400E-017 ) ) ;
#2297 = CARTESIAN_POINT ( 'NONE',  ( -0.05345000000000000400, 0.1495667725157681600, 0.01432188433544350300 ) ) ;
#2298 = CARTESIAN_POINT ( 'NONE',  ( -0.04628905783227813700, 0.1490833333333330100, 0.02672500000000018300 ) ) ;
#2299 = CARTESIAN_POINT ( 'NONE',  ( -0.03085937188818512600, 0.1480416666666663800, 0.05345000000000021300 ) ) ;
#2300 = CARTESIAN_POINT ( 'NONE',  ( 5.237865534097468400E-016, 0.1469999999999996900, 0.05344999999999999800 ) ) ;
#2301 = CARTESIAN_POINT ( 'NONE',  ( 0.03085937188818617700, 0.1459583333333330200, 0.05344999999999959500 ) ) ;
#2302 = CARTESIAN_POINT ( 'NONE',  ( 0.04628905783227828300, 0.1449166666666663600, 0.02672499999999992900 ) ) ;
#2303 = CARTESIAN_POINT ( 'NONE',  ( 0.05344999999999993500, 0.1444332274842311800, 0.01432188433544347200 ) ) ;
#2304 = CARTESIAN_POINT ( 'NONE',  ( 0.05344999999999996300, 0.1438749999999997000, 4.231854556036894600E-017 ) ) ;
#2305 =( BOUNDED_CURVE ( )  B_SPLINE_CURVE ( 2, ( #2304, #2303, #2302, #2301, #2300, #2299, #2298, #2297, #2296 ),
 .UNSPECIFIED., .F., .T. ) 
 B_SPLINE_CURVE_WITH_KNOTS ( ( 3, 2, 2, 2, 3 ),
 ( 0.3706896551724138100, 0.3735632183908045900, 0.3793103448275861900, 0.3850574712643677900, 0.3879310344827586200 ),
 .UNSPECIFIED. ) 
 CURVE ( )  GEOMETRIC_REPRESENTATION_ITEM ( )  RATIONAL_B_SPLINE_CURVE ( ( 0.9330127018922194100, 0.9330127018922200800, 1.000000000000000000, 0.8660254037844387100, 1.000000000000000000, 0.8660254037844387100, 1.000000000000000000, 0.9330127018922187400, 0.9330127018922194100 ) ) 
 REPRESENTATION_ITEM ( '' )  );
#2306 = CARTESIAN_POINT ( 'NONE',  ( 0.05344999999999996300, 0.1438749999999997000, 4.231854556036894600E-017 ) ) ;
#2307 = CARTESIAN_POINT ( 'NONE',  ( -0.05344999999999999800, 0.03762499999999993600, 3.316858976353241000E-017 ) ) ;
#2308 = DIRECTION ( 'NONE',  ( 2.449212707644754500E-016, -1.000000000000000000, 0.0000000000000000000 ) ) ;
#2309 = VECTOR ( 'NONE', #2308, 39.37007874015748100 ) ;
#2310 = CARTESIAN_POINT ( 'NONE',  ( -0.05345000000000004600, -1.309104192236122500E-017, 6.545520961180612600E-018 ) ) ;
#2311 = LINE ( 'NONE', #2310, #2309 ) ;
#2312 = CARTESIAN_POINT ( 'NONE',  ( -0.05345000000000001100, 0.1370667725157682100, 0.01432188433544369200 ) ) ;
#2313 = CARTESIAN_POINT ( 'NONE',  ( -0.04628905783227814400, 0.1365833333333330300, 0.02672500000000016900 ) ) ;
#2314 = CARTESIAN_POINT ( 'NONE',  ( -0.03085937188818514000, 0.1355416666666663900, 0.05345000000000019900 ) ) ;
#2315 = CARTESIAN_POINT ( 'NONE',  ( 5.106955114873856200E-016, 0.1344999999999997300, 0.05344999999999999800 ) ) ;
#2316 = CARTESIAN_POINT ( 'NONE',  ( 0.03085937188818578500, 0.1334583333333330400, 0.05344999999999982400 ) ) ;
#2317 = CARTESIAN_POINT ( 'NONE',  ( 0.04628905783227846300, 0.1324166666666663800, 0.02672499999999961400 ) ) ;
#2318 = CARTESIAN_POINT ( 'NONE',  ( -0.05344999999999999800, 0.03762499999999993600, 3.316858976353241000E-017 ) ) ;
#2319 = CARTESIAN_POINT ( 'NONE',  ( -0.05344999999999999800, 0.03706677251576842600, 0.01432188433544358300 ) ) ;
#2320 = CARTESIAN_POINT ( 'NONE',  ( -0.04628905783227819900, 0.03658333333333326600, 0.02672500000000007500 ) ) ;
#2321 = CARTESIAN_POINT ( 'NONE',  ( -0.03085937188818543500, 0.03554166666666660300, 0.05345000000000003200 ) ) ;
#2322 = CARTESIAN_POINT ( 'NONE',  ( 2.618208384472242200E-017, 0.03449999999999993300, 0.05344999999999999800 ) ) ;
#2323 = CARTESIAN_POINT ( 'NONE',  ( 0.03085937188818558100, 0.03345833333333327700, 0.05344999999999994200 ) ) ;
#2324 = CARTESIAN_POINT ( 'NONE',  ( 0.04628905783227826900, 0.03241666666666660800, 0.02672499999999995000 ) ) ;
#2325 = CARTESIAN_POINT ( 'NONE',  ( 0.05344999999999999100, 0.03193322748423144800, 0.01432188433544350100 ) ) ;
#2326 = CARTESIAN_POINT ( 'NONE',  ( 0.05344999999999999800, 0.03137499999999995200, 2.516237844130044700E-017 ) ) ;
#2327 = CARTESIAN_POINT ( 'NONE',  ( 0.05344999999999999800, 0.09387499999999980600, 4.574977898418264000E-018 ) ) ;
#2328 =( BOUNDED_CURVE ( )  B_SPLINE_CURVE ( 2, ( #2326, #2325, #2324, #2323, #2322, #2321, #2320, #2319, #2318 ),
 .UNSPECIFIED., .F., .T. ) 
 B_SPLINE_CURVE_WITH_KNOTS ( ( 3, 2, 2, 2, 3 ),
 ( 0.06034482758620690600, 0.06321839080459770700, 0.06896551724137930900, 0.07471264367816091200, 0.07758620689655172700 ),
 .UNSPECIFIED. ) 
 CURVE ( )  GEOMETRIC_REPRESENTATION_ITEM ( )  RATIONAL_B_SPLINE_CURVE ( ( 0.9330127018922194100, 0.9330127018922195200, 1.000000000000000000, 0.8660254037844387100, 1.000000000000000000, 0.8660254037844387100, 1.000000000000000000, 0.9330127018922191900, 0.9330127018922194100 ) ) 
 REPRESENTATION_ITEM ( '' )  );
#2329 = CARTESIAN_POINT ( 'NONE',  ( 0.05344999999999999800, 0.04237499999999994700, 2.516237844130044700E-017 ) ) ;
#2330 =( BOUNDED_CURVE ( )  B_SPLINE_CURVE ( 2, ( #2329, #2211, #2210, #2209, #2208, #2207, #2206, #2205, #2204 ),
 .UNSPECIFIED., .F., .T. ) 
 B_SPLINE_CURVE_WITH_KNOTS ( ( 3, 2, 2, 2, 3 ),
 ( 0.06034482758620690600, 0.06321839080459770700, 0.06896551724137930900, 0.07471264367816091200, 0.07758620689655172700 ),
 .UNSPECIFIED. ) 
 CURVE ( )  GEOMETRIC_REPRESENTATION_ITEM ( )  RATIONAL_B_SPLINE_CURVE ( ( 0.9330127018922194100, 0.9330127018922195200, 1.000000000000000000, 0.8660254037844387100, 1.000000000000000000, 0.8660254037844387100, 1.000000000000000000, 0.9330127018922191900, 0.9330127018922194100 ) ) 
 REPRESENTATION_ITEM ( '' )  );
#2331 = CARTESIAN_POINT ( 'NONE',  ( -0.05345000000000000400, 0.1001249999999997800, -1.200931698334794200E-016 ) ) ;
#2332 = CARTESIAN_POINT ( 'NONE',  ( -0.05345000000000005300, 0.09956677251576825900, 0.01432188433544359300 ) ) ;
#2333 = CARTESIAN_POINT ( 'NONE',  ( -0.04628905783227816500, 0.09908333333333312100, 0.02672500000000013400 ) ) ;
#2334 = CARTESIAN_POINT ( 'NONE',  ( -0.03085937188818517800, 0.09804166666666645800, 0.05345000000000017800 ) ) ;
#2335 = CARTESIAN_POINT ( 'NONE',  ( 9.163729345652847400E-017, 0.09699999999999979500, 0.05344999999999999800 ) ) ;
#2336 = CARTESIAN_POINT ( 'NONE',  ( 0.03085937188818574700, 0.09595833333333313200, 0.05344999999999985200 ) ) ;
#2337 = CARTESIAN_POINT ( 'NONE',  ( 0.04628905783227844900, 0.09491666666666646900, 0.02672499999999964800 ) ) ;
#2338 = CARTESIAN_POINT ( 'NONE',  ( 0.05345000000000001800, 0.09443322748423130200, 0.01432188433544334800 ) ) ;
#2339 = CARTESIAN_POINT ( 'NONE',  ( 0.05344999999999999800, 0.09387499999999980600, 4.574977898418264000E-018 ) ) ;
#2340 =( BOUNDED_CURVE ( )  B_SPLINE_CURVE ( 2, ( #2339, #2338, #2337, #2336, #2335, #2334, #2333, #2332, #2331 ),
 .UNSPECIFIED., .F., .T. ) 
 B_SPLINE_CURVE_WITH_KNOTS ( ( 3, 2, 2, 2, 3 ),
 ( 0.2327586206896551900, 0.2356321839080459700, 0.2413793103448275700, 0.2471264367816092000, 0.2500000000000000600 ),
 .UNSPECIFIED. ) 
 CURVE ( )  GEOMETRIC_REPRESENTATION_ITEM ( )  RATIONAL_B_SPLINE_CURVE ( ( 0.9330127018922194100, 0.9330127018922200800, 1.000000000000000000, 0.8660254037844387100, 1.000000000000000000, 0.8660254037844387100, 1.000000000000000000, 0.9330127018922184100, 0.9330127018922194100 ) ) 
 REPRESENTATION_ITEM ( '' )  );
#2341 = DIRECTION ( 'NONE',  ( 2.449212707644754500E-016, -1.000000000000000000, 0.0000000000000000000 ) ) ;
#2342 = VECTOR ( 'NONE', #2341, 39.37007874015748100 ) ;
#2343 = CARTESIAN_POINT ( 'NONE',  ( 0.05345000000000004600, 1.309104192236122500E-017, 0.0000000000000000000 ) ) ;
#2344 = LINE ( 'NONE', #2343, #2342 ) ;
#2345 = CARTESIAN_POINT ( 'NONE',  ( -0.05345000000000001100, 0.08762499999999984200, 1.383930814271524500E-016 ) ) ;
#2346 = CARTESIAN_POINT ( 'NONE',  ( -0.05345000000000000400, 0.08706677251576831800, 0.01432188433544370200 ) ) ;
#2347 = CARTESIAN_POINT ( 'NONE',  ( -0.04628905783227817200, 0.08658333333333315100, 0.02672500000000012000 ) ) ;
#2348 = CARTESIAN_POINT ( 'NONE',  ( -0.03085937188818519200, 0.08554166666666648800, 0.05345000000000015700 ) ) ;
#2349 = CARTESIAN_POINT ( 'NONE',  ( 7.854625153416727100E-017, 0.08449999999999982500, 0.05344999999999999800 ) ) ;
#2350 = CARTESIAN_POINT ( 'NONE',  ( 0.03085937188818573000, 0.08345833333333316200, 0.05344999999999986600 ) ) ;
#2351 = CARTESIAN_POINT ( 'NONE',  ( 0.04628905783227843500, 0.08241666666666648500, 0.02672499999999965500 ) ) ;
#2352 = CARTESIAN_POINT ( 'NONE',  ( 0.05345000000000006700, 0.08193322748423136100, 0.01432188433544330200 ) ) ;
#2353 = CARTESIAN_POINT ( 'NONE',  ( 0.05345000000000000400, 0.08137499999999985000, -1.200931698334794400E-016 ) ) ;
#2354 = CARTESIAN_POINT ( 'NONE',  ( -0.05345000000000001100, 0.08762499999999984200, 1.383930814271524500E-016 ) ) ;
#2355 = CARTESIAN_POINT ( 'NONE',  ( 0.05345000000000000400, 0.08137499999999983600, -1.200931698334794200E-016 ) ) ;
#2356 =( BOUNDED_CURVE ( )  B_SPLINE_CURVE ( 2, ( #2353, #2352, #2351, #2350, #2349, #2348, #2347, #2346, #2345 ),
 .UNSPECIFIED., .F., .T. ) 
 B_SPLINE_CURVE_WITH_KNOTS ( ( 3, 2, 2, 2, 3 ),
 ( 0.1982758620689655200, 0.2011494252873563300, 0.2068965517241379300, 0.2126436781609195300, 0.2155172413793103600 ),
 .UNSPECIFIED. ) 
 CURVE ( )  GEOMETRIC_REPRESENTATION_ITEM ( )  RATIONAL_B_SPLINE_CURVE ( ( 0.9330127018922193000, 0.9330127018922196300, 1.000000000000000000, 0.8660254037844387100, 1.000000000000000000, 0.8660254037844387100, 1.000000000000000000, 0.9330127018922189700, 0.9330127018922193000 ) ) 
 REPRESENTATION_ITEM ( '' )  );
#2357 = DIRECTION ( 'NONE',  ( 1.000000000000000000, 2.449212707644754500E-016, 0.0000000000000000000 ) ) ;
#2358 = DIRECTION ( 'NONE',  ( 2.449212707644754500E-016, -1.000000000000000000, 0.0000000000000000000 ) ) ;
#2359 = CARTESIAN_POINT ( 'NONE',  ( 0.0000000000000000000, 0.0000000000000000000, 0.0000000000000000000 ) ) ;
#2360 = AXIS2_PLACEMENT_3D ( 'NONE', #2359, #2358, #2357 ) ;
#2361 = CYLINDRICAL_SURFACE ( 'NONE', #2360, 0.05345000000000004600 ) ;
#2362 = FACE_OUTER_BOUND ( 'NONE', #3748, .T. ) ;
#2363 = DIRECTION ( 'NONE',  ( 2.449212707644754500E-016, -1.000000000000000000, 0.0000000000000000000 ) ) ;
#2364 = VECTOR ( 'NONE', #2363, 39.37007874015748100 ) ;
#2365 = CARTESIAN_POINT ( 'NONE',  ( 0.05345000000000004600, 1.309104192236122500E-017, 0.0000000000000000000 ) ) ;
#2366 = LINE ( 'NONE', #2365, #2364 ) ;
#2367 = CARTESIAN_POINT ( 'NONE',  ( 0.05344999999999999800, 0.04237499999999994700, 2.516237844130044700E-017 ) ) ;
#2368 = CARTESIAN_POINT ( 'NONE',  ( -0.05345000000000000400, 0.1001249999999997800, -1.200931698334794200E-016 ) ) ;
#2369 = CARTESIAN_POINT ( 'NONE',  ( 0.05345000000000015700, 0.2923749999999994400, 3.488420647543926800E-016 ) ) ;
#2370 = CARTESIAN_POINT ( 'NONE',  ( 0.05345000000000026100, 0.2918167725157678700, -0.01432188433544347500 ) ) ;
#2371 = CARTESIAN_POINT ( 'NONE',  ( 0.04628905783227816500, 0.2913333333333327200, -0.02672500000000013400 ) ) ;
#2372 = CARTESIAN_POINT ( 'NONE',  ( 0.03085937188818441800, 0.2902916666666660600, -0.05345000000000060800 ) ) ;
#2373 = CARTESIAN_POINT ( 'NONE',  ( -4.713499474626528300E-016, 0.2892499999999994000, -0.05344999999999999800 ) ) ;
#2374 = CARTESIAN_POINT ( 'NONE',  ( -0.03085937188818688500, 0.2882083333333327300, -0.05344999999999919300 ) ) ;
#2375 = CARTESIAN_POINT ( 'NONE',  ( -0.04628905783227863600, 0.2871666666666660700, -0.02672499999999931900 ) ) ;
#2376 = CARTESIAN_POINT ( 'NONE',  ( -0.05345000000000019900, 0.2866832274842309200, -0.01432188433544304500 ) ) ;
#2377 = CARTESIAN_POINT ( 'NONE',  ( -0.05344999999999993500, 0.2861249999999994100, 5.364161585895415000E-016 ) ) ;
#2378 =( BOUNDED_CURVE ( )  B_SPLINE_CURVE ( 2, ( #2377, #2376, #2375, #2374, #2373, #2372, #2371, #2370, #2369 ),
 .UNSPECIFIED., .F., .T. ) 
 B_SPLINE_CURVE_WITH_KNOTS ( ( 3, 2, 2, 2, 3 ),
 ( 0.7327586206896551400, 0.7356321839080459700, 0.7413793103448276200, 0.7471264367816091700, 0.7500000000000001100 ),
 .UNSPECIFIED. ) 
 CURVE ( )  GEOMETRIC_REPRESENTATION_ITEM ( )  RATIONAL_B_SPLINE_CURVE ( ( 0.9330127018922194100, 0.9330127018922194100, 1.000000000000000000, 0.8660254037844387100, 1.000000000000000000, 0.8660254037844387100, 1.000000000000000000, 0.9330127018922167400, 0.9330127018922194100 ) ) 
 REPRESENTATION_ITEM ( '' )  );
#2379 = DIRECTION ( 'NONE',  ( 2.449212707644754500E-016, -1.000000000000000000, 0.0000000000000000000 ) ) ;
#2380 = VECTOR ( 'NONE', #2379, 39.37007874015748100 ) ;
#2381 = CARTESIAN_POINT ( 'NONE',  ( 0.05345000000000004600, 1.309104192236122500E-017, 0.0000000000000000000 ) ) ;
#2382 = CARTESIAN_POINT ( 'NONE',  ( -0.05344999999999995600, 0.2626249999999994400, 5.501410922847962800E-016 ) ) ;
#2383 =( BOUNDED_CURVE ( )  B_SPLINE_CURVE ( 2, ( #2393, #2392, #2391, #2447, #2446, #2445, #2444, #2443, #2442 ),
 .UNSPECIFIED., .F., .T. ) 
 B_SPLINE_CURVE_WITH_KNOTS ( ( 3, 2, 2, 2, 3 ),
 ( 0.8017241379310345900, 0.8045977011494253000, 0.8103448275862068500, 0.8160919540229885100, 0.8189655172413794500 ),
 .UNSPECIFIED. ) 
 CURVE ( )  GEOMETRIC_REPRESENTATION_ITEM ( )  RATIONAL_B_SPLINE_CURVE ( ( 0.9330127018922194100, 0.9330127018922219600, 1.000000000000000000, 0.8660254037844387100, 1.000000000000000000, 0.8660254037844387100, 1.000000000000000000, 0.9330127018922154100, 0.9330127018922193000 ) ) 
 REPRESENTATION_ITEM ( '' )  );
#2384 = CARTESIAN_POINT ( 'NONE',  ( -0.03085937188818551500, 0.02570833333333331200, -0.05344999999999997700 ) ) ;
#2385 = CARTESIAN_POINT ( 'NONE',  ( -0.04628905783227824800, 0.02466666666666664900, -0.02672499999999998500 ) ) ;
#2386 = CARTESIAN_POINT ( 'NONE',  ( -0.05344999999999992100, 0.3256832274842309000, -0.01432188433544350800 ) ) ;
#2387 = CARTESIAN_POINT ( 'NONE',  ( -0.05344999999999996300, 0.3251249999999993900, -5.215474804196821100E-016 ) ) ;
#2388 =( BOUNDED_CURVE ( )  B_SPLINE_CURVE ( 2, ( #2387, #2386, #2441, #2440, #2439, #2438, #2437, #2436, #2435 ),
 .UNSPECIFIED., .F., .T. ) 
 B_SPLINE_CURVE_WITH_KNOTS ( ( 3, 2, 2, 2, 3 ),
 ( 0.8706896551724139200, 0.8735632183908046400, 0.8793103448275861900, 0.8850574712643678500, 0.8879310344827586700 ),
 .UNSPECIFIED. ) 
 CURVE ( )  GEOMETRIC_REPRESENTATION_ITEM ( )  RATIONAL_B_SPLINE_CURVE ( ( 0.9330127018922194100, 0.9330127018922219600, 1.000000000000000000, 0.8660254037844387100, 1.000000000000000000, 0.8660254037844387100, 1.000000000000000000, 0.9330127018922180800, 0.9330127018922194100 ) ) 
 REPRESENTATION_ITEM ( '' )  );
#2389 = CARTESIAN_POINT ( 'NONE',  ( -0.05345000000000000400, 0.02418322748423149000, -0.01432188433544349800 ) ) ;
#2390 = CARTESIAN_POINT ( 'NONE',  ( -0.05345000000000000400, 0.02362499999999997900, 6.862466847627394900E-018 ) ) ;
#2391 = CARTESIAN_POINT ( 'NONE',  ( -0.04628905783227902500, 0.3121666666666659800, -0.02672499999999863500 ) ) ;
#2392 = CARTESIAN_POINT ( 'NONE',  ( -0.05345000000000011500, 0.3116832274842308800, -0.01432188433544277400 ) ) ;
#2393 = CARTESIAN_POINT ( 'NONE',  ( -0.05345000000000015700, 0.3111249999999994300, -1.406805703763616400E-016 ) ) ;
#2394 = CARTESIAN_POINT ( 'NONE',  ( 0.05344999999999996300, 0.2688749999999994200, -2.218864280732857500E-016 ) ) ;
#2395 = CARTESIAN_POINT ( 'NONE',  ( 0.05345000000000001100, 0.2683167725157678500, -0.01432188433544409600 ) ) ;
#2396 = CARTESIAN_POINT ( 'NONE',  ( 0.04628905783227797700, 0.2678333333333327600, -0.02672500000000045000 ) ) ;
#2397 = CARTESIAN_POINT ( 'NONE',  ( 0.03085937188818405400, 0.2667916666666660900, -0.05345000000000083000 ) ) ;
#2398 = CARTESIAN_POINT ( 'NONE',  ( -8.380439978040651300E-016, 0.2657499999999994300, -0.05344999999999999800 ) ) ;
#2399 = CARTESIAN_POINT ( 'NONE',  ( -0.03085937188818573000, 0.2647083333333327700, -0.05344999999999986600 ) ) ;
#2400 = CARTESIAN_POINT ( 'NONE',  ( -0.04628905783227843500, 0.2636666666666661100, -0.02672499999999965500 ) ) ;
#2401 = CARTESIAN_POINT ( 'NONE',  ( -0.05345000000000008800, 0.2631832274842309000, -0.01432188433544302900 ) ) ;
#2402 = CARTESIAN_POINT ( 'NONE',  ( 0.03085937188818547700, 0.02779166666666664500, -0.05345000000000000400 ) ) ;
#2403 = CARTESIAN_POINT ( 'NONE',  ( -6.545520961180605600E-018, 0.02674999999999997900, -0.05344999999999999800 ) ) ;
#2404 = CARTESIAN_POINT ( 'NONE',  ( 0.05344999999999999800, 0.02987499999999996400, 1.372493369525479100E-017 ) ) ;
#2405 = CARTESIAN_POINT ( 'NONE',  ( 0.05344999999999999800, 0.02931677251576846400, -0.01432188433544351000 ) ) ;
#2406 = CARTESIAN_POINT ( 'NONE',  ( 0.04628905783227823400, 0.02883333333333330800, -0.02672500000000002300 ) ) ;
#2407 =( BOUNDED_CURVE ( )  B_SPLINE_CURVE ( 2, ( #2382, #2401, #2400, #2399, #2398, #2397, #2396, #2395, #2394 ),
 .UNSPECIFIED., .F., .T. ) 
 B_SPLINE_CURVE_WITH_KNOTS ( ( 3, 2, 2, 2, 3 ),
 ( 0.6982758620689655200, 0.7011494252873563500, 0.7068965517241379000, 0.7126436781609195600, 0.7155172413793103900 ),
 .UNSPECIFIED. ) 
 CURVE ( )  GEOMETRIC_REPRESENTATION_ITEM ( )  RATIONAL_B_SPLINE_CURVE ( ( 0.9330127018922194100, 0.9330127018922194100, 1.000000000000000000, 0.8660254037844387100, 1.000000000000000000, 0.8660254037844387100, 1.000000000000000000, 0.9330127018922180800, 0.9330127018922194100 ) ) 
 REPRESENTATION_ITEM ( '' )  );
#2408 = LINE ( 'NONE', #2381, #2380 ) ;
#2409 =( BOUNDED_CURVE ( )  B_SPLINE_CURVE ( 2, ( #2390, #2389, #2385, #2384, #2403, #2402, #2406, #2405, #2404 ),
 .UNSPECIFIED., .F., .T. ) 
 B_SPLINE_CURVE_WITH_KNOTS ( ( 3, 2, 2, 2, 3 ),
 ( 0.008620689655172413700, 0.01149425287356321800, 0.01724137931034482700, 0.02298850574712643600, 0.02586206896551724400 ),
 .UNSPECIFIED. ) 
 CURVE ( )  GEOMETRIC_REPRESENTATION_ITEM ( )  RATIONAL_B_SPLINE_CURVE ( ( 0.9330127018922194100, 0.9330127018922194100, 1.000000000000000000, 0.8660254037844387100, 1.000000000000000000, 0.8660254037844387100, 1.000000000000000000, 0.9330127018922193000, 0.9330127018922194100 ) ) 
 REPRESENTATION_ITEM ( '' )  );
#2410 = CARTESIAN_POINT ( 'NONE',  ( 0.05344999999999996300, 0.2938749999999993900, 3.637107429242520200E-016 ) ) ;
#2411 = CARTESIAN_POINT ( 'NONE',  ( 0.05344999999999994200, 0.2933167725157678800, -0.01432188433544381300 ) ) ;
#2412 = CARTESIAN_POINT ( 'NONE',  ( 0.04628905783227758200, 0.2928333333333326700, -0.02672500000000113300 ) ) ;
#2413 = CARTESIAN_POINT ( 'NONE',  ( 0.03085937188818479000, 0.2917916666666660100, -0.05345000000000040000 ) ) ;
#2414 = CARTESIAN_POINT ( 'NONE',  ( -1.046558971212405100E-016, 0.2907499999999993400, -0.05344999999999999800 ) ) ;
#2415 = CARTESIAN_POINT ( 'NONE',  ( -0.03085937188818651400, 0.2897083333333326800, -0.05344999999999940100 ) ) ;
#2416 = CARTESIAN_POINT ( 'NONE',  ( -0.04628905783227845600, 0.2886666666666660200, -0.02672499999999963400 ) ) ;
#2417 = CARTESIAN_POINT ( 'NONE',  ( -0.05344999999999997700, 0.2881832274842308600, -0.01432188433544285200 ) ) ;
#2418 = CARTESIAN_POINT ( 'NONE',  ( -0.05344999999999996300, 0.2876249999999994100, 4.323354114005258800E-016 ) ) ;
#2419 = CARTESIAN_POINT ( 'NONE',  ( -0.05345000000000000400, 0.01262499999999998700, 6.862466847627394900E-018 ) ) ;
#2420 =( BOUNDED_CURVE ( )  B_SPLINE_CURVE ( 2, ( #2418, #2417, #2416, #2415, #2414, #2413, #2412, #2411, #2410 ),
 .UNSPECIFIED., .F., .T. ) 
 B_SPLINE_CURVE_WITH_KNOTS ( ( 3, 2, 2, 2, 3 ),
 ( 0.7672413793103448600, 0.7701149425287355800, 0.7758620689655172400, 0.7816091954022987800, 0.7844827586206897200 ),
 .UNSPECIFIED. ) 
 CURVE ( )  GEOMETRIC_REPRESENTATION_ITEM ( )  RATIONAL_B_SPLINE_CURVE ( ( 0.9330127018922194100, 0.9330127018922206300, 1.000000000000000000, 0.8660254037844387100, 1.000000000000000000, 0.8660254037844387100, 1.000000000000000000, 0.9330127018922167400, 0.9330127018922194100 ) ) 
 REPRESENTATION_ITEM ( '' )  );
#2421 = DIRECTION ( 'NONE',  ( 0.0000000000000000000, 1.000000000000000000, 0.0000000000000000000 ) ) ;
#2422 = VECTOR ( 'NONE', #2421, 39.37007874015748100 ) ;
#2423 = CARTESIAN_POINT ( 'NONE',  ( 0.0000000000000000000, 0.009499999999999994600, 0.05344999999999999800 ) ) ;
#2424 = LINE ( 'NONE', #2423, #2422 ) ;
#2425 = CARTESIAN_POINT ( 'NONE',  ( 0.05344999999999996300, 0.3298749999999993100, 2.836486297019323400E-016 ) ) ;
#2426 = CARTESIAN_POINT ( 'NONE',  ( 0.05345000000000014300, 0.3293167725157678000, -0.01432188433544389500 ) ) ;
#2427 = CARTESIAN_POINT ( 'NONE',  ( 0.04628905783227794900, 0.3288333333333326400, -0.02672500000000049800 ) ) ;
#2428 = CARTESIAN_POINT ( 'NONE',  ( 0.03085937188818399500, 0.3277916666666659800, -0.05345000000000085100 ) ) ;
#2429 = CARTESIAN_POINT ( 'NONE',  ( -8.904081654935099400E-016, 0.3267499999999993200, -0.05344999999999999800 ) ) ;
#2430 = CARTESIAN_POINT ( 'NONE',  ( -0.03085937188818578500, 0.3257083333333326600, -0.05344999999999982400 ) ) ;
#2431 = CARTESIAN_POINT ( 'NONE',  ( -0.04628905783227884500, 0.3246666666666659900, -0.02672499999999895100 ) ) ;
#2432 = CARTESIAN_POINT ( 'NONE',  ( -0.05345000000000016400, 0.3241832274842308400, -0.01432188433544288000 ) ) ;
#2433 = CARTESIAN_POINT ( 'NONE',  ( -0.05344999999999996300, 0.3236249999999993900, 4.048855440100163200E-016 ) ) ;
#2434 =( BOUNDED_CURVE ( )  B_SPLINE_CURVE ( 2, ( #2433, #2432, #2431, #2430, #2429, #2428, #2427, #2426, #2425 ),
 .UNSPECIFIED., .F., .T. ) 
 B_SPLINE_CURVE_WITH_KNOTS ( ( 3, 2, 2, 2, 3 ),
 ( 0.8362068965517242000, 0.8390804597701149200, 0.8448275862068965700, 0.8505747126436781200, 0.8534482758620690600 ),
 .UNSPECIFIED. ) 
 CURVE ( )  GEOMETRIC_REPRESENTATION_ITEM ( )  RATIONAL_B_SPLINE_CURVE ( ( 0.9330127018922194100, 0.9330127018922206300, 1.000000000000000000, 0.8660254037844387100, 1.000000000000000000, 0.8660254037844387100, 1.000000000000000000, 0.9330127018922167400, 0.9330127018922194100 ) ) 
 REPRESENTATION_ITEM ( '' )  );
#2435 = CARTESIAN_POINT ( 'NONE',  ( 0.05345000000000016400, 0.3313749999999993600, -2.607737402098409600E-016 ) ) ;
#2436 = CARTESIAN_POINT ( 'NONE',  ( 0.05345000000000010200, 0.3308167725157678000, -0.01432188433544378400 ) ) ;
#2437 = CARTESIAN_POINT ( 'NONE',  ( 0.04628905783227813700, 0.3303333333333325900, -0.02672500000000018300 ) ) ;
#2438 = CARTESIAN_POINT ( 'NONE',  ( 0.03085937188818436600, 0.3292916666666659300, -0.05345000000000064300 ) ) ;
#2439 = CARTESIAN_POINT ( 'NONE',  ( -5.237141151520976400E-016, 0.3282499999999992600, -0.05344999999999999800 ) ) ;
#2440 = CARTESIAN_POINT ( 'NONE',  ( -0.03085937188818693700, 0.3272083333333326600, -0.05344999999999915800 ) ) ;
#2441 = CARTESIAN_POINT ( 'NONE',  ( -0.04628905783227865700, 0.3261666666666659900, -0.02672499999999927400 ) ) ;
#2442 = CARTESIAN_POINT ( 'NONE',  ( 0.05344999999999996300, 0.3173749999999994600, 4.655040011640582800E-016 ) ) ;
#2443 = CARTESIAN_POINT ( 'NONE',  ( 0.05345000000000018500, 0.3168167725157679000, -0.01432188433544400200 ) ) ;
#2444 = CARTESIAN_POINT ( 'NONE',  ( 0.04628905783227776900, 0.3163333333333326900, -0.02672500000000081800 ) ) ;
#2445 = CARTESIAN_POINT ( 'NONE',  ( 0.03085937188818515700, 0.3152916666666659700, -0.05345000000000018500 ) ) ;
#2446 = CARTESIAN_POINT ( 'NONE',  ( -1.257102215834922300E-015, 0.3142499999999993100, -0.05344999999999999800 ) ) ;
#2447 = CARTESIAN_POINT ( 'NONE',  ( -0.03085937188818614600, 0.3132083333333326400, -0.05344999999999962300 ) ) ;
#2448 = EDGE_CURVE ( 'NONE', #2487, #2451, #2932, .T. ) ;
#2449 = EDGE_CURVE ( 'NONE', #2456, #2475, #3020, .T. ) ;
#2450 = ORIENTED_EDGE ( 'NONE', *, *, #2462, .T. ) ;
#2451 = VERTEX_POINT ( 'NONE', #3021 ) ;
#2452 = EDGE_CURVE ( 'NONE', #2453, #2479, #3019, .T. ) ;
#2453 = VERTEX_POINT ( 'NONE', #3018 ) ;
#2454 = ORIENTED_EDGE ( 'NONE', *, *, #2452, .T. ) ;
#2455 = VERTEX_POINT ( 'NONE', #3022 ) ;
#2456 = VERTEX_POINT ( 'NONE', #3029 ) ;
#2457 = EDGE_CURVE ( 'NONE', #2459, #2451, #3033, .T. ) ;
#2458 = ORIENTED_EDGE ( 'NONE', *, *, #2461, .F. ) ;
#2459 = VERTEX_POINT ( 'NONE', #3032 ) ;
#2460 = VERTEX_POINT ( 'NONE', #3031 ) ;
#2461 = EDGE_CURVE ( 'NONE', #2491, #2456, #3038, .T. ) ;
#2462 = EDGE_CURVE ( 'NONE', #2455, #2475, #3054, .T. ) ;
#2463 = EDGE_CURVE ( 'NONE', #2474, #2455, #3057, .T. ) ;
#2464 = EDGE_LOOP ( 'NONE', ( #2557, #2539, #2591, #2546 ) ) ;
#2465 = ORIENTED_EDGE ( 'NONE', *, *, #2449, .F. ) ;
#2466 = ORIENTED_EDGE ( 'NONE', *, *, #2469, .F. ) ;
#2467 = ORIENTED_EDGE ( 'NONE', *, *, #3580, .F. ) ;
#2468 = ORIENTED_EDGE ( 'NONE', *, *, #2457, .F. ) ;
#2469 = EDGE_CURVE ( 'NONE', #2453, #2460, #3068, .T. ) ;
#2470 = EDGE_LOOP ( 'NONE', ( #2501, #2476, #2650, #2642 ) ) ;
#2471 = EDGE_CURVE ( 'NONE', #2472, #2473, #3066, .T. ) ;
#2472 = VERTEX_POINT ( 'NONE', #3067 ) ;
#2473 = VERTEX_POINT ( 'NONE', #3073 ) ;
#2474 = VERTEX_POINT ( 'NONE', #3072 ) ;
#2475 = VERTEX_POINT ( 'NONE', #3060 ) ;
#2476 = ORIENTED_EDGE ( 'NONE', *, *, #2471, .T. ) ;
#2477 = VERTEX_POINT ( 'NONE', #3059 ) ;
#2478 = ORIENTED_EDGE ( 'NONE', *, *, #2480, .T. ) ;
#2479 = VERTEX_POINT ( 'NONE', #3058 ) ;
#2480 = EDGE_CURVE ( 'NONE', #2477, #2460, #3064, .T. ) ;
#2481 = EDGE_CURVE ( 'NONE', #2477, #2479, #3110, .T. ) ;
#2482 = ADVANCED_FACE ( 'NONE', ( #3113 ), #3104, .F. ) ;
#2483 = EDGE_CURVE ( 'NONE', #3616, #3610, #3099, .T. ) ;
#2484 = EDGE_LOOP ( 'NONE', ( #2485, #2478, #2466, #2454 ) ) ;
#2485 = ORIENTED_EDGE ( 'NONE', *, *, #2481, .F. ) ;
#2486 = MANIFOLD_SOLID_BREP ( 'NONE', #2941 ) ;
#2487 = VERTEX_POINT ( 'NONE', #3134 ) ;
#2488 = ORIENTED_EDGE ( 'NONE', *, *, #2448, .T. ) ;
#2489 = EDGE_CURVE ( 'NONE', #2491, #2487, #3173, .T. ) ;
#2490 = ORIENTED_EDGE ( 'NONE', *, *, #2489, .T. ) ;
#2491 = VERTEX_POINT ( 'NONE', #3130 ) ;
#2492 = EDGE_LOOP ( 'NONE', ( #2490, #2488, #2468, #2497, #2499, #2450, #2465, #2458 ) ) ;
#2493 = ORIENTED_EDGE ( 'NONE', *, *, #2531, .F. ) ;
#2494 = VERTEX_POINT ( 'NONE', #3129 ) ;
#2495 = ORIENTED_EDGE ( 'NONE', *, *, #2901, .F. ) ;
#2496 = ADVANCED_FACE ( 'NONE', ( #3169 ), #3163, .F. ) ;
#2497 = ORIENTED_EDGE ( 'NONE', *, *, #2498, .F. ) ;
#2498 = EDGE_CURVE ( 'NONE', #2474, #2459, #3141, .T. ) ;
#2499 = ORIENTED_EDGE ( 'NONE', *, *, #2463, .T. ) ;
#2500 = ADVANCED_FACE ( 'NONE', ( #3180 ), #3178, .T. ) ;
#2501 = ORIENTED_EDGE ( 'NONE', *, *, #2505, .T. ) ;
#2502 = EDGE_CURVE ( 'NONE', #2479, #2516, #3172, .T. ) ;
#2503 = ORIENTED_EDGE ( 'NONE', *, *, #2480, .F. ) ;
#2504 = ORIENTED_EDGE ( 'NONE', *, *, #2848, .F. ) ;
#2505 = EDGE_CURVE ( 'NONE', #2506, #2472, #3122, .T. ) ;
#2506 = VERTEX_POINT ( 'NONE', #3123 ) ;
#2507 = EDGE_CURVE ( 'NONE', #2724, #2980, #3165, .T. ) ;
#2508 = ORIENTED_EDGE ( 'NONE', *, *, #2746, .F. ) ;
#2509 = ORIENTED_EDGE ( 'NONE', *, *, #2797, .F. ) ;
#2510 = EDGE_CURVE ( 'NONE', #2980, #2986, #3158, .T. ) ;
#2511 = ORIENTED_EDGE ( 'NONE', *, *, #2823, .F. ) ;
#2512 = EDGE_LOOP ( 'NONE', ( #2503, #2518, #2520, #2504 ) ) ;
#2513 = EDGE_LOOP ( 'NONE', ( #2535, #2538, #2493, #2917 ) ) ;
#2514 = ORIENTED_EDGE ( 'NONE', *, *, #2452, .F. ) ;
#2515 = ORIENTED_EDGE ( 'NONE', *, *, #2850, .F. ) ;
#2516 = VERTEX_POINT ( 'NONE', #832 ) ;
#2517 = ADVANCED_FACE ( 'NONE', ( #844 ), #841, .F. ) ;
#2518 = ORIENTED_EDGE ( 'NONE', *, *, #2519, .F. ) ;
#2519 = EDGE_CURVE ( 'NONE', #2529, #2477, #827, .T. ) ;
#2520 = ORIENTED_EDGE ( 'NONE', *, *, #2526, .F. ) ;
#2521 = ORIENTED_EDGE ( 'NONE', *, *, #2528, .F. ) ;
#2522 = ADVANCED_FACE ( 'NONE', ( #834 ), #829, .F. ) ;
#2523 = ADVANCED_FACE ( 'NONE', ( #5155 ), #5154, .F. ) ;
#2524 = ORIENTED_EDGE ( 'NONE', *, *, #2526, .T. ) ;
#2525 = EDGE_LOOP ( 'NONE', ( #2524, #2521, #2527, #2511 ) ) ;
#2526 = EDGE_CURVE ( 'NONE', #2849, #2529, #3, .T. ) ;
#2527 = ORIENTED_EDGE ( 'NONE', *, *, #2985, .F. ) ;
#2528 = EDGE_CURVE ( 'NONE', #2986, #2529, #27, .T. ) ;
#2529 = VERTEX_POINT ( 'NONE', #19 ) ;
#2530 = EDGE_LOOP ( 'NONE', ( #2532, #2533, #2514, #2515 ) ) ;
#2531 = EDGE_CURVE ( 'NONE', #2843, #2516, #17, .T. ) ;
#2532 = ORIENTED_EDGE ( 'NONE', *, *, #2531, .T. ) ;
#2533 = ORIENTED_EDGE ( 'NONE', *, *, #2502, .F. ) ;
#2534 = ORIENTED_EDGE ( 'NONE', *, *, #2510, .F. ) ;
#2535 = ORIENTED_EDGE ( 'NONE', *, *, #2536, .T. ) ;
#2536 = EDGE_CURVE ( 'NONE', #2761, #2494, #31, .T. ) ;
#2537 = EDGE_CURVE ( 'NONE', #2516, #2494, #32, .T. ) ;
#2538 = ORIENTED_EDGE ( 'NONE', *, *, #2537, .F. ) ;
#2539 = ORIENTED_EDGE ( 'NONE', *, *, #2540, .T. ) ;
#2540 = EDGE_CURVE ( 'NONE', #2542, #2559, #42, .T. ) ;
#2541 = ADVANCED_FACE ( 'NONE', ( #13 ), #12, .T. ) ;
#2542 = VERTEX_POINT ( 'NONE', #38 ) ;
#2543 = VERTEX_POINT ( 'NONE', #33 ) ;
#2544 = VERTEX_POINT ( 'NONE', #26 ) ;
#2545 = VERTEX_POINT ( 'NONE', #25 ) ;
#2546 = ORIENTED_EDGE ( 'NONE', *, *, #2547, .F. ) ;
#2547 = EDGE_CURVE ( 'NONE', #2543, #2545, #23, .T. ) ;
#2548 = ADVANCED_FACE ( 'NONE', ( #55 ), #66, .T. ) ;
#2549 = EDGE_CURVE ( 'NONE', #2544, #2592, #79, .T. ) ;
#2550 = VERTEX_POINT ( 'NONE', #72 ) ;
#2551 = ORIENTED_EDGE ( 'NONE', *, *, #2552, .F. ) ;
#2552 = EDGE_CURVE ( 'NONE', #2553, #2550, #50, .T. ) ;
#2553 = VERTEX_POINT ( 'NONE', #51 ) ;
#2554 = ORIENTED_EDGE ( 'NONE', *, *, #2555, .F. ) ;
#2555 = EDGE_CURVE ( 'NONE', #2592, #2553, #80, .T. ) ;
#2556 = ADVANCED_FACE ( 'NONE', ( #64 ), #63, .T. ) ;
#2557 = ORIENTED_EDGE ( 'NONE', *, *, #2558, .F. ) ;
#2558 = EDGE_CURVE ( 'NONE', #2542, #2543, #71, .T. ) ;
#2559 = VERTEX_POINT ( 'NONE', #84 ) ;
#2560 = VERTEX_POINT ( 'NONE', #92 ) ;
#2561 = ORIENTED_EDGE ( 'NONE', *, *, #2549, .F. ) ;
#2562 = ORIENTED_EDGE ( 'NONE', *, *, #2563, .T. ) ;
#2563 = EDGE_CURVE ( 'NONE', #2560, #2593, #87, .T. ) ;
#2564 = ADVANCED_FACE ( 'NONE', ( #101 ), #111, .T. ) ;
#2565 = EDGE_LOOP ( 'NONE', ( #2566, #2562, #2571, #2561 ) ) ;
#2566 = ORIENTED_EDGE ( 'NONE', *, *, #2567, .T. ) ;
#2567 = EDGE_CURVE ( 'NONE', #2544, #2560, #113, .T. ) ;
#2568 = EDGE_LOOP ( 'NONE', ( #2569, #2612, #2551, #2554 ) ) ;
#2569 = ORIENTED_EDGE ( 'NONE', *, *, #2570, .T. ) ;
#2570 = EDGE_CURVE ( 'NONE', #2592, #2593, #94, .T. ) ;
#2571 = ORIENTED_EDGE ( 'NONE', *, *, #2570, .F. ) ;
#2572 = DIRECTION ( 'NONE',  ( 2.449212707644754500E-016, -1.000000000000000000, 0.0000000000000000000 ) ) ;
#2573 = DIRECTION ( 'NONE',  ( 1.000000000000000000, 2.449212707644754500E-016, 0.0000000000000000000 ) ) ;
#2574 = CARTESIAN_POINT ( 'NONE',  ( 0.03911879522145972300, 0.4457352309997583100, -0.01730108538710694100 ) ) ;
#2575 = CARTESIAN_POINT ( 'NONE',  ( 0.02848129229754721400, 0.4474759076985447800, -0.01760801365379352500 ) ) ;
#2576 = CARTESIAN_POINT ( 'NONE',  ( 0.01777070675434739800, 0.4483985861218930900, -0.01777070675434740100 ) ) ;
#2577 = CARTESIAN_POINT ( 'NONE',  ( 0.01730215907186058100, 0.4457413201685816500, -0.03909365067751701500 ) ) ;
#2578 = DIRECTION ( 'NONE',  ( 2.449212707644754500E-016, -1.000000000000000000, 0.0000000000000000000 ) ) ;
#2579 = CARTESIAN_POINT ( 'NONE',  ( 2.786369621145532900E-033, -1.137659302700989100E-017, 0.0000000000000000000 ) ) ;
#2580 = AXIS2_PLACEMENT_3D ( 'NONE', #2579, #2578, #2573 ) ;
#2581 = CARTESIAN_POINT ( 'NONE',  ( -0.01685491526669591000, 0.4432048745074146400, -0.04956762031745531900 ) ) ;
#2582 = CARTESIAN_POINT ( 'NONE',  ( -0.01730108538710694400, 0.4457352309997583700, -0.03911879522145973000 ) ) ;
#2583 = DIRECTION ( 'NONE',  ( 1.000000000000000000, 2.449212707644754500E-016, 0.0000000000000000000 ) ) ;
#2584 = CARTESIAN_POINT ( 'NONE',  ( -0.01760801365379352800, 0.4474759076985447800, -0.02848129229754720700 ) ) ;
#2585 = CARTESIAN_POINT ( 'NONE',  ( -0.01777070675434739400, 0.4483985861218930900, -0.01777070675434739100 ) ) ;
#2586 = CARTESIAN_POINT ( 'NONE',  ( 0.01777070675434739800, 0.4483985861218930900, -0.01777070675434740100 ) ) ;
#2587 = CARTESIAN_POINT ( 'NONE',  ( 0.04956762031745534000, 0.4432048745074145300, -0.01685491526669590000 ) ) ;
#2588 = CARTESIAN_POINT ( 'NONE',  ( 0.01685491526667403200, 0.4432048745072905100, -0.04956762031743966500 ) ) ;
#2589 = CARTESIAN_POINT ( 'NONE',  ( 0.01760780519067059500, 0.4474747254454255500, -0.02849501606397075700 ) ) ;
#2590 = B_SPLINE_CURVE_WITH_KNOTS ( 'NONE', 3,
 ( #2576, #2575, #2574, #2587 ),
 .UNSPECIFIED., .F., .F.,
 ( 4, 4 ),
 ( 0.0001725068873764861500, 0.0009916394087687594000 ),
 .UNSPECIFIED. ) ;
#2591 = ORIENTED_EDGE ( 'NONE', *, *, #2625, .T. ) ;
#2592 = VERTEX_POINT ( 'NONE', #96 ) ;
#2593 = VERTEX_POINT ( 'NONE', #95 ) ;
#2594 = CARTESIAN_POINT ( 'NONE',  ( -0.04956762031745416700, 0.4432048745074052600, -0.01685491526669426200 ) ) ;
#2595 = EDGE_LOOP ( 'NONE', ( #2611, #3915, #3921, #2610 ) ) ;
#2596 = EDGE_CURVE ( 'NONE', #2660, #2648, #99, .T. ) ;
#2597 = ORIENTED_EDGE ( 'NONE', *, *, #2654, .F. ) ;
#2598 = EDGE_CURVE ( 'NONE', #2608, #2599, #121, .T. ) ;
#2599 = VERTEX_POINT ( 'NONE', #141 ) ;
#2600 = ADVANCED_FACE ( 'NONE', ( #126 ), #140, .T. ) ;
#2601 = EDGE_LOOP ( 'NONE', ( #2602, #2603, #2467, #3543 ) ) ;
#2602 = ORIENTED_EDGE ( 'NONE', *, *, #2598, .T. ) ;
#2603 = ORIENTED_EDGE ( 'NONE', *, *, #2604, .T. ) ;
#2604 = EDGE_CURVE ( 'NONE', #2599, #2613, #142, .T. ) ;
#2605 = EDGE_CURVE ( 'NONE', #2593, #2550, #136, .T. ) ;
#2606 = CARTESIAN_POINT ( 'NONE',  ( -0.01777070675434739400, 0.4483985861218930900, -0.01777070675434739100 ) ) ;
#2607 = CARTESIAN_POINT ( 'NONE',  ( -0.02849501606396967800, 0.4474747254454256600, -0.01760780519067061200 ) ) ;
#2608 = VERTEX_POINT ( 'NONE', #123 ) ;
#2609 = CARTESIAN_POINT ( 'NONE',  ( -0.03909365067751486400, 0.4457413201685820300, -0.01730215907186064700 ) ) ;
#2610 = ORIENTED_EDGE ( 'NONE', *, *, #2614, .F. ) ;
#2611 = ORIENTED_EDGE ( 'NONE', *, *, #3925, .T. ) ;
#2612 = ORIENTED_EDGE ( 'NONE', *, *, #2605, .T. ) ;
#2613 = VERTEX_POINT ( 'NONE', #122 ) ;
#2614 = EDGE_CURVE ( 'NONE', #2644, #3919, #131, .T. ) ;
#2615 = B_SPLINE_CURVE_WITH_KNOTS ( 'NONE', 3,
 ( #2588, #2577, #2589, #2586 ),
 .UNSPECIFIED., .F., .F.,
 ( 4, 4 ),
 ( 3.846639411333898300E-005, 0.0008570759831709921000 ),
 .UNSPECIFIED. ) ;
#2616 = B_SPLINE_CURVE_WITH_KNOTS ( 'NONE', 3,
 ( #2594, #2609, #2607, #2606 ),
 .UNSPECIFIED., .F., .F.,
 ( 4, 4 ),
 ( 3.846639411342229800E-005, 0.0008570759831709921000 ),
 .UNSPECIFIED. ) ;
#2617 = CARTESIAN_POINT ( 'NONE',  ( -0.01777070675434739400, 0.4483985861218930900, -0.01777070675434739100 ) ) ;
#2618 = DIRECTION ( 'NONE',  ( 0.0000000000000000000, 0.0000000000000000000, -1.000000000000000000 ) ) ;
#2619 = DIRECTION ( 'NONE',  ( 0.0000000000000000000, -1.000000000000000000, 0.0000000000000000000 ) ) ;
#2620 = CARTESIAN_POINT ( 'NONE',  ( -5.829187369293374200E-017, 0.4432048745074052600, 0.0000000000000000000 ) ) ;
#2621 = CIRCLE ( 'NONE', #2627, 0.05235491526669427300 ) ;
#2622 = CARTESIAN_POINT ( 'NONE',  ( -0.04956762031745416700, 0.4432048745074052600, -0.01685491526669426200 ) ) ;
#2623 = CARTESIAN_POINT ( 'NONE',  ( -0.01685491526669591000, 0.4432048745074146400, -0.04956762031745531900 ) ) ;
#2624 = VERTEX_POINT ( 'NONE', #137 ) ;
#2625 = EDGE_CURVE ( 'NONE', #2559, #2545, #8, .T. ) ;
#2626 = CARTESIAN_POINT ( 'NONE',  ( 0.04956762031745534000, 0.4432048745074145300, -0.01685491526669590000 ) ) ;
#2627 = AXIS2_PLACEMENT_3D ( 'NONE', #2620, #2619, #2618 ) ;
#2628 = B_SPLINE_CURVE_WITH_KNOTS ( 'NONE', 3,
 ( #2585, #2584, #2582, #2581 ),
 .UNSPECIFIED., .F., .F.,
 ( 4, 4 ),
 ( 0.0001725068873764861000, 0.0009916394087687591800 ),
 .UNSPECIFIED. ) ;
#2629 = DIRECTION ( 'NONE',  ( 0.0000000000000000000, 0.0000000000000000000, -1.000000000000000000 ) ) ;
#2630 = DIRECTION ( 'NONE',  ( 0.0000000000000000000, -1.000000000000000000, 0.0000000000000000000 ) ) ;
#2631 = AXIS2_PLACEMENT_3D ( 'NONE', #2634, #2630, #2629 ) ;
#2632 = CIRCLE ( 'NONE', #2631, 0.05235491526669430700 ) ;
#2633 = CARTESIAN_POINT ( 'NONE',  ( 0.01777070675434739800, 0.4483985861218930900, -0.01777070675434740100 ) ) ;
#2634 = CARTESIAN_POINT ( 'NONE',  ( -5.829187369293374200E-017, 0.4432048745074052600, 0.0000000000000000000 ) ) ;
#2635 = EDGE_CURVE ( 'NONE', #3927, #3916, #155, .T. ) ;
#2636 = EDGE_CURVE ( 'NONE', #2506, #3934, #150, .T. ) ;
#2637 = EDGE_LOOP ( 'NONE', ( #3931, #3929, #3935, #2651 ) ) ;
#2638 = ORIENTED_EDGE ( 'NONE', *, *, #3911, .F. ) ;
#2639 = EDGE_LOOP ( 'NONE', ( #2647, #3933, #3913, #3922 ) ) ;
#2640 = VERTEX_POINT ( 'NONE', #166 ) ;
#2641 = VERTEX_POINT ( 'NONE', #187 ) ;
#2642 = ORIENTED_EDGE ( 'NONE', *, *, #2636, .F. ) ;
#2643 = ADVANCED_FACE ( 'NONE', ( #153 ), #151, .T. ) ;
#2644 = VERTEX_POINT ( 'NONE', #159 ) ;
#2645 = EDGE_CURVE ( 'NONE', #3934, #2473, #197, .T. ) ;
#2646 = ADVANCED_FACE ( 'NONE', ( #196 ), #194, .T. ) ;
#2647 = ORIENTED_EDGE ( 'NONE', *, *, #2658, .T. ) ;
#2648 = VERTEX_POINT ( 'NONE', #195 ) ;
#2649 = VERTEX_POINT ( 'NONE', #189 ) ;
#2650 = ORIENTED_EDGE ( 'NONE', *, *, #2645, .F. ) ;
#2651 = ORIENTED_EDGE ( 'NONE', *, *, #2635, .F. ) ;
#2652 = EDGE_CURVE ( 'NONE', #2653, #2624, #185, .T. ) ;
#2653 = VERTEX_POINT ( 'NONE', #186 ) ;
#2654 = EDGE_CURVE ( 'NONE', #2641, #2648, #211, .T. ) ;
#2655 = VERTEX_POINT ( 'NONE', #210 ) ;
#2656 = ORIENTED_EDGE ( 'NONE', *, *, #2657, .T. ) ;
#2657 = EDGE_CURVE ( 'NONE', #2659, #2660, #198, .T. ) ;
#2658 = EDGE_CURVE ( 'NONE', #2640, #2655, #238, .T. ) ;
#2659 = VERTEX_POINT ( 'NONE', #224 ) ;
#2660 = VERTEX_POINT ( 'NONE', #241 ) ;
#2661 = ORIENTED_EDGE ( 'NONE', *, *, #2596, .T. ) ;
#2662 = CIRCLE ( 'NONE', #2580, 0.04645000000000002600 ) ;
#2663 = DIRECTION ( 'NONE',  ( 0.0000000000000000000, -0.9072338509570872000, -0.4206266036255597000 ) ) ;
#2664 = VECTOR ( 'NONE', #2663, 39.37007874015748100 ) ;
#2665 = CARTESIAN_POINT ( 'NONE',  ( 0.0000000000000000000, 0.009499999999999994600, 0.05344999999999999800 ) ) ;
#2666 = LINE ( 'NONE', #2665, #2664 ) ;
#2667 = FACE_OUTER_BOUND ( 'NONE', #2809, .T. ) ;
#2668 = PLANE ( 'NONE',  #2669 ) ;
#2669 = AXIS2_PLACEMENT_3D ( 'NONE', #2670, #2572, #2583 ) ;
#2670 = CARTESIAN_POINT ( 'NONE',  ( 1.393184810572766500E-033, -5.688296513504945300E-018, 0.0000000000000000000 ) ) ;
#2671 = ORIENTED_EDGE ( 'NONE', *, *, #2449, .T. ) ;
#2672 = ORIENTED_EDGE ( 'NONE', *, *, #3842, .F. ) ;
#2673 = ADVANCED_FACE ( 'NONE', ( #236 ), #223, .F. ) ;
#2674 = ORIENTED_EDGE ( 'NONE', *, *, #3925, .F. ) ;
#2675 = ORIENTED_EDGE ( 'NONE', *, *, #3892, .F. ) ;
#2676 = ORIENTED_EDGE ( 'NONE', *, *, #4017, .F. ) ;
#2677 = ORIENTED_EDGE ( 'NONE', *, *, #3657, .F. ) ;
#2678 = ORIENTED_EDGE ( 'NONE', *, *, #3957, .F. ) ;
#2679 = ORIENTED_EDGE ( 'NONE', *, *, #3973, .F. ) ;
#2680 = ORIENTED_EDGE ( 'NONE', *, *, #3839, .F. ) ;
#2681 = ORIENTED_EDGE ( 'NONE', *, *, #2870, .F. ) ;
#2682 = ORIENTED_EDGE ( 'NONE', *, *, #3740, .F. ) ;
#2683 = ORIENTED_EDGE ( 'NONE', *, *, #3872, .F. ) ;
#2684 = ORIENTED_EDGE ( 'NONE', *, *, #4057, .F. ) ;
#2685 = ORIENTED_EDGE ( 'NONE', *, *, #3725, .F. ) ;
#2686 = ORIENTED_EDGE ( 'NONE', *, *, #4050, .F. ) ;
#2687 = ORIENTED_EDGE ( 'NONE', *, *, #3709, .F. ) ;
#2688 = ORIENTED_EDGE ( 'NONE', *, *, #3444, .F. ) ;
#2689 = ORIENTED_EDGE ( 'NONE', *, *, #3824, .F. ) ;
#2690 = ORIENTED_EDGE ( 'NONE', *, *, #3007, .T. ) ;
#2691 = ORIENTED_EDGE ( 'NONE', *, *, #2692, .F. ) ;
#2692 = EDGE_CURVE ( 'NONE', #2807, #2702, #5035, .T. ) ;
#2693 = ORIENTED_EDGE ( 'NONE', *, *, #2806, .F. ) ;
#2694 = EDGE_LOOP ( 'NONE', ( #2695, #2747, #2725, #2733 ) ) ;
#2695 = ORIENTED_EDGE ( 'NONE', *, *, #2696, .T. ) ;
#2696 = EDGE_CURVE ( 'NONE', #2792, #2734, #5025, .T. ) ;
#2697 = ORIENTED_EDGE ( 'NONE', *, *, #2962, .T. ) ;
#2698 = ORIENTED_EDGE ( 'NONE', *, *, #2988, .T. ) ;
#2699 = ADVANCED_FACE ( 'NONE', ( #5032 ), #5030, .F. ) ;
#2700 = ORIENTED_EDGE ( 'NONE', *, *, #2701, .F. ) ;
#2701 = EDGE_CURVE ( 'NONE', #2702, #2750, #5044, .T. ) ;
#2702 = VERTEX_POINT ( 'NONE', #5040 ) ;
#2703 = ORIENTED_EDGE ( 'NONE', *, *, #2854, .F. ) ;
#2704 = ORIENTED_EDGE ( 'NONE', *, *, #3797, .F. ) ;
#2705 = ORIENTED_EDGE ( 'NONE', *, *, #3755, .F. ) ;
#2706 = ORIENTED_EDGE ( 'NONE', *, *, #4049, .F. ) ;
#2707 = ORIENTED_EDGE ( 'NONE', *, *, #3749, .F. ) ;
#2708 = ORIENTED_EDGE ( 'NONE', *, *, #3570, .F. ) ;
#2709 = ORIENTED_EDGE ( 'NONE', *, *, #3975, .F. ) ;
#2710 = ORIENTED_EDGE ( 'NONE', *, *, #3550, .F. ) ;
#2711 = ORIENTED_EDGE ( 'NONE', *, *, #3886, .F. ) ;
#2712 = ORIENTED_EDGE ( 'NONE', *, *, #2598, .F. ) ;
#2713 = ORIENTED_EDGE ( 'NONE', *, *, #3594, .F. ) ;
#2714 = ORIENTED_EDGE ( 'NONE', *, *, #3201, .F. ) ;
#2715 = ORIENTED_EDGE ( 'NONE', *, *, #3812, .F. ) ;
#2716 = ORIENTED_EDGE ( 'NONE', *, *, #4034, .F. ) ;
#2717 = ORIENTED_EDGE ( 'NONE', *, *, #3879, .F. ) ;
#2718 = ORIENTED_EDGE ( 'NONE', *, *, #2952, .F. ) ;
#2719 = ORIENTED_EDGE ( 'NONE', *, *, #3902, .F. ) ;
#2720 = ADVANCED_FACE ( 'NONE', ( #5042 ), #5048, .F. ) ;
#2721 = ORIENTED_EDGE ( 'NONE', *, *, #2876, .F. ) ;
#2722 = ORIENTED_EDGE ( 'NONE', *, *, #3967, .F. ) ;
#2723 = ORIENTED_EDGE ( 'NONE', *, *, #2746, .T. ) ;
#2724 = VERTEX_POINT ( 'NONE', #5063 ) ;
#2725 = ORIENTED_EDGE ( 'NONE', *, *, #2749, .F. ) ;
#2726 = ORIENTED_EDGE ( 'NONE', *, *, #3443, .F. ) ;
#2727 = ORIENTED_EDGE ( 'NONE', *, *, #4010, .F. ) ;
#2728 = ORIENTED_EDGE ( 'NONE', *, *, #3643, .F. ) ;
#2729 = ORIENTED_EDGE ( 'NONE', *, *, #3733, .F. ) ;
#2730 = ORIENTED_EDGE ( 'NONE', *, *, #3604, .F. ) ;
#2731 = ORIENTED_EDGE ( 'NONE', *, *, #3993, .F. ) ;
#2732 = EDGE_LOOP ( 'NONE', ( #2723, #2842, #2839, #2840 ) ) ;
#2733 = ORIENTED_EDGE ( 'NONE', *, *, #2798, .F. ) ;
#2734 = VERTEX_POINT ( 'NONE', #5078 ) ;
#2735 = EDGE_CURVE ( 'NONE', #2750, #2734, #5064, .T. ) ;
#2736 = ORIENTED_EDGE ( 'NONE', *, *, #3598, .F. ) ;
#2737 = EDGE_LOOP ( 'NONE', ( #2738, #2700, #2691, #2693 ) ) ;
#2738 = ORIENTED_EDGE ( 'NONE', *, *, #2749, .T. ) ;
#2739 = ORIENTED_EDGE ( 'NONE', *, *, #2861, .F. ) ;
#2740 = ORIENTED_EDGE ( 'NONE', *, *, #3961, .F. ) ;
#2741 = ORIENTED_EDGE ( 'NONE', *, *, #3652, .F. ) ;
#2742 = ORIENTED_EDGE ( 'NONE', *, *, #3457, .F. ) ;
#2743 = ADVANCED_FACE ( 'NONE', ( #5068 ), #5056, .T. ) ;
#2744 = EDGE_LOOP ( 'NONE', ( #2777, #2778, #2782, #2772 ) ) ;
#2745 = EDGE_CURVE ( 'NONE', #2879, #2560, #5080, .T. ) ;
#2746 = EDGE_CURVE ( 'NONE', #2789, #2724, #5059, .T. ) ;
#2747 = ORIENTED_EDGE ( 'NONE', *, *, #2735, .F. ) ;
#2748 = ADVANCED_FACE ( 'NONE', ( #5058 ), #5075, .F. ) ;
#2749 = EDGE_CURVE ( 'NONE', #2793, #2750, #5041, .T. ) ;
#2750 = VERTEX_POINT ( 'NONE', #5091 ) ;
#2751 = ORIENTED_EDGE ( 'NONE', *, *, #3984, .F. ) ;
#2752 = EDGE_LOOP ( 'NONE', ( #2756, #2757, #2758, #2759 ) ) ;
#2753 = ORIENTED_EDGE ( 'NONE', *, *, #2754, .F. ) ;
#2754 = EDGE_CURVE ( 'NONE', #2451, #2456, #5104, .T. ) ;
#2755 = ADVANCED_FACE ( 'NONE', ( #5094 ), #5095, .T. ) ;
#2756 = ORIENTED_EDGE ( 'NONE', *, *, #2563, .F. ) ;
#2757 = ORIENTED_EDGE ( 'NONE', *, *, #2779, .T. ) ;
#2758 = ORIENTED_EDGE ( 'NONE', *, *, #2549, .T. ) ;
#2759 = ORIENTED_EDGE ( 'NONE', *, *, #2760, .F. ) ;
#2760 = EDGE_CURVE ( 'NONE', #2593, #2592, #5085, .T. ) ;
#2761 = VERTEX_POINT ( 'NONE', #5090 ) ;
#2762 = ORIENTED_EDGE ( 'NONE', *, *, #2567, .F. ) ;
#2763 = ORIENTED_EDGE ( 'NONE', *, *, #2764, .T. ) ;
#2764 = EDGE_CURVE ( 'NONE', #2487, #2491, #5050, .T. ) ;
#2765 = ORIENTED_EDGE ( 'NONE', *, *, #2461, .T. ) ;
#2766 = ORIENTED_EDGE ( 'NONE', *, *, #2767, .F. ) ;
#2767 = EDGE_CURVE ( 'NONE', #2768, #2544, #5124, .T. ) ;
#2768 = VERTEX_POINT ( 'NONE', #5120 ) ;
#2769 = ORIENTED_EDGE ( 'NONE', *, *, #2829, .T. ) ;
#2770 = EDGE_LOOP ( 'NONE', ( #2775, #2771 ) ) ;
#2771 = ORIENTED_EDGE ( 'NONE', *, *, #2773, .T. ) ;
#2772 = ORIENTED_EDGE ( 'NONE', *, *, #2773, .F. ) ;
#2773 = EDGE_CURVE ( 'NONE', #2550, #2553, #5118, .T. ) ;
#2774 = ADVANCED_FACE ( 'NONE', ( #5119, #5125 ), #5093, .T. ) ;
#2775 = ORIENTED_EDGE ( 'NONE', *, *, #2552, .T. ) ;
#2776 = ORIENTED_EDGE ( 'NONE', *, *, #2448, .F. ) ;
#2777 = ORIENTED_EDGE ( 'NONE', *, *, #2605, .F. ) ;
#2778 = ORIENTED_EDGE ( 'NONE', *, *, #2760, .T. ) ;
#2779 = EDGE_CURVE ( 'NONE', #2560, #2544, #5147, .T. ) ;
#2780 = ADVANCED_FACE ( 'NONE', ( #5148 ), #5149, .T. ) ;
#2781 = EDGE_LOOP ( 'NONE', ( #2776, #2763, #2765, #2753 ) ) ;
#2782 = ORIENTED_EDGE ( 'NONE', *, *, #2555, .T. ) ;
#2783 = ORIENTED_EDGE ( 'NONE', *, *, #2779, .F. ) ;
#2784 = EDGE_CURVE ( 'NONE', #2795, #2785, #2590, .T. ) ;
#2785 = VERTEX_POINT ( 'NONE', #2626 ) ;
#2786 = ORIENTED_EDGE ( 'NONE', *, *, #2787, .T. ) ;
#2787 = EDGE_CURVE ( 'NONE', #2785, #2768, #2621, .T. ) ;
#2788 = ORIENTED_EDGE ( 'NONE', *, *, #2767, .T. ) ;
#2789 = VERTEX_POINT ( 'NONE', #2622 ) ;
#2790 = ORIENTED_EDGE ( 'NONE', *, *, #2791, .T. ) ;
#2791 = EDGE_CURVE ( 'NONE', #2789, #2792, #2616, .T. ) ;
#2792 = VERTEX_POINT ( 'NONE', #2617 ) ;
#2793 = VERTEX_POINT ( 'NONE', #2623 ) ;
#2794 = EDGE_CURVE ( 'NONE', #2807, #2795, #2615, .T. ) ;
#2795 = VERTEX_POINT ( 'NONE', #2633 ) ;
#2796 = ORIENTED_EDGE ( 'NONE', *, *, #2784, .T. ) ;
#2797 = EDGE_CURVE ( 'NONE', #2879, #2789, #2632, .T. ) ;
#2798 = EDGE_CURVE ( 'NONE', #2792, #2793, #2628, .T. ) ;
#2799 = ORIENTED_EDGE ( 'NONE', *, *, #2806, .T. ) ;
#2800 = EDGE_LOOP ( 'NONE', ( #2814, #2880, #2987 ) ) ;
#2801 = EDGE_CURVE ( 'NONE', #2883, #3896, #2666, .T. ) ;
#2802 = EDGE_CURVE ( 'NONE', #2543, #2542, #2662, .T. ) ;
#2803 = ORIENTED_EDGE ( 'NONE', *, *, #2547, .T. ) ;
#2804 = ORIENTED_EDGE ( 'NONE', *, *, #2869, .T. ) ;
#2805 = ADVANCED_FACE ( 'NONE', ( #2667 ), #2668, .T. ) ;
#2806 = EDGE_CURVE ( 'NONE', #2793, #2807, #888, .T. ) ;
#2807 = VERTEX_POINT ( 'NONE', #878 ) ;
#2808 = EDGE_CURVE ( 'NONE', #2811, #2878, #885, .T. ) ;
#2809 = EDGE_LOOP ( 'NONE', ( #2810, #2820 ) ) ;
#2810 = ORIENTED_EDGE ( 'NONE', *, *, #2802, .T. ) ;
#2811 = VERTEX_POINT ( 'NONE', #907 ) ;
#2812 = ORIENTED_EDGE ( 'NONE', *, *, #2808, .T. ) ;
#2813 = ADVANCED_FACE ( 'NONE', ( #901 ), #910, .T. ) ;
#2814 = ORIENTED_EDGE ( 'NONE', *, *, #2801, .T. ) ;
#2815 = EDGE_LOOP ( 'NONE', ( #2824, #2825 ) ) ;
#2816 = EDGE_LOOP ( 'NONE', ( #2828, #2844, #2803, #2804 ) ) ;
#2817 = ORIENTED_EDGE ( 'NONE', *, *, #2798, .T. ) ;
#2818 = ADVANCED_FACE ( 'NONE', ( #908 ), #906, .T. ) ;
#2819 = ORIENTED_EDGE ( 'NONE', *, *, #2797, .T. ) ;
#2820 = ORIENTED_EDGE ( 'NONE', *, *, #2558, .T. ) ;
#2821 = ADVANCED_FACE ( 'NONE', ( #897 ), #911, .T. ) ;
#2822 = ORIENTED_EDGE ( 'NONE', *, *, #2794, .T. ) ;
#2823 = EDGE_CURVE ( 'NONE', #2849, #2811, #900, .T. ) ;
#2824 = ORIENTED_EDGE ( 'NONE', *, *, #2489, .F. ) ;
#2825 = ORIENTED_EDGE ( 'NONE', *, *, #2764, .F. ) ;
#2826 = EDGE_LOOP ( 'NONE', ( #2827, #2819, #2790, #2817, #2799, #2822, #2796, #2786, #2788, #2783 ) ) ;
#2827 = ORIENTED_EDGE ( 'NONE', *, *, #2745, .F. ) ;
#2828 = ORIENTED_EDGE ( 'NONE', *, *, #2540, .F. ) ;
#2829 = EDGE_CURVE ( 'NONE', #2768, #2761, #3368, .T. ) ;
#2830 = ORIENTED_EDGE ( 'NONE', *, *, #3942, .T. ) ;
#2831 = ORIENTED_EDGE ( 'NONE', *, *, #3875, .T. ) ;
#2832 = ORIENTED_EDGE ( 'NONE', *, *, #3619, .T. ) ;
#2833 = ORIENTED_EDGE ( 'NONE', *, *, #3884, .T. ) ;
#2834 = ORIENTED_EDGE ( 'NONE', *, *, #3580, .T. ) ;
#2835 = ORIENTED_EDGE ( 'NONE', *, *, #2850, .T. ) ;
#2836 = EDGE_LOOP ( 'NONE', ( #2946, #2926, #2953, #2948 ) ) ;
#2837 = ORIENTED_EDGE ( 'NONE', *, *, #2838, .F. ) ;
#2838 = EDGE_CURVE ( 'NONE', #3808, #3765, #3071, .T. ) ;
#2839 = ORIENTED_EDGE ( 'NONE', *, *, #2696, .F. ) ;
#2840 = ORIENTED_EDGE ( 'NONE', *, *, #2791, .F. ) ;
#2841 = EDGE_CURVE ( 'NONE', #2734, #2724, #3078, .T. ) ;
#2842 = ORIENTED_EDGE ( 'NONE', *, *, #2841, .F. ) ;
#2843 = VERTEX_POINT ( 'NONE', #3083 ) ;
#2844 = ORIENTED_EDGE ( 'NONE', *, *, #2802, .F. ) ;
#2845 = ORIENTED_EDGE ( 'NONE', *, *, #2823, .T. ) ;
#2846 = ORIENTED_EDGE ( 'NONE', *, *, #2847, .T. ) ;
#2847 = EDGE_CURVE ( 'NONE', #2761, #2843, #3127, .T. ) ;
#2848 = EDGE_CURVE ( 'NONE', #2460, #2849, #3225, .T. ) ;
#2849 = VERTEX_POINT ( 'NONE', #3242 ) ;
#2850 = EDGE_CURVE ( 'NONE', #2843, #2453, #3241, .T. ) ;
#2851 = ORIENTED_EDGE ( 'NONE', *, *, #2469, .T. ) ;
#2852 = ORIENTED_EDGE ( 'NONE', *, *, #2848, .T. ) ;
#2853 = ORIENTED_EDGE ( 'NONE', *, *, #2954, .F. ) ;
#2854 = EDGE_CURVE ( 'NONE', #3785, #3750, #3138, .T. ) ;
#2855 = EDGE_CURVE ( 'NONE', #3773, #3776, #3243, .T. ) ;
#2856 = ORIENTED_EDGE ( 'NONE', *, *, #3786, .F. ) ;
#2857 = ORIENTED_EDGE ( 'NONE', *, *, #2854, .T. ) ;
#2858 = EDGE_LOOP ( 'NONE', ( #2856, #2857, #2950, #3010 ) ) ;
#2859 = EDGE_LOOP ( 'NONE', ( #2947, #2949, #2762, #2766, #2769, #2846, #2835, #2851, #2852, #2845, #2812 ) ) ;
#2860 = ORIENTED_EDGE ( 'NONE', *, *, #2870, .T. ) ;
#2861 = EDGE_CURVE ( 'NONE', #3793, #3784, #3245, .T. ) ;
#2862 = ORIENTED_EDGE ( 'NONE', *, *, #3753, .T. ) ;
#2863 = ORIENTED_EDGE ( 'NONE', *, *, #3807, .F. ) ;
#2864 = ORIENTED_EDGE ( 'NONE', *, *, #2861, .T. ) ;
#2865 = ADVANCED_FACE ( 'NONE', ( #3268 ), #3272, .T. ) ;
#2866 = ADVANCED_FACE ( 'NONE', ( #3274 ), #3273, .T. ) ;
#2867 = ORIENTED_EDGE ( 'NONE', *, *, #3880, .T. ) ;
#2868 = ORIENTED_EDGE ( 'NONE', *, *, #2869, .F. ) ;
#2869 = EDGE_CURVE ( 'NONE', #2545, #2559, #3285, .T. ) ;
#2870 = EDGE_CURVE ( 'NONE', #3723, #3819, #3208, .T. ) ;
#2871 = ORIENTED_EDGE ( 'NONE', *, *, #3746, .T. ) ;
#2872 = EDGE_LOOP ( 'NONE', ( #2863, #2864, #2862, #2837 ) ) ;
#2873 = ORIENTED_EDGE ( 'NONE', *, *, #2855, .F. ) ;
#2874 = ORIENTED_EDGE ( 'NONE', *, *, #3843, .F. ) ;
#2875 = ORIENTED_EDGE ( 'NONE', *, *, #2876, .T. ) ;
#2876 = EDGE_CURVE ( 'NONE', #3890, #3906, #3324, .T. ) ;
#2877 = EDGE_LOOP ( 'NONE', ( #2874, #2875, #2867, #2868 ) ) ;
#2878 = VERTEX_POINT ( 'NONE', #3334 ) ;
#2879 = VERTEX_POINT ( 'NONE', #3339 ) ;
#2880 = ORIENTED_EDGE ( 'NONE', *, *, #3895, .T. ) ;
#2881 = ORIENTED_EDGE ( 'NONE', *, *, #2962, .F. ) ;
#2882 = ORIENTED_EDGE ( 'NONE', *, *, #2988, .F. ) ;
#2883 = VERTEX_POINT ( 'NONE', #3330 ) ;
#2884 = ORIENTED_EDGE ( 'NONE', *, *, #2908, .T. ) ;
#2885 = ORIENTED_EDGE ( 'NONE', *, *, #3800, .T. ) ;
#2886 = ORIENTED_EDGE ( 'NONE', *, *, #2855, .T. ) ;
#2887 = ORIENTED_EDGE ( 'NONE', *, *, #3775, .T. ) ;
#2888 = ORIENTED_EDGE ( 'NONE', *, *, #4041, .T. ) ;
#2889 = ORIENTED_EDGE ( 'NONE', *, *, #3810, .T. ) ;
#2890 = ADVANCED_FACE ( 'NONE', ( #3329 ), #3309, .F. ) ;
#2891 = EDGE_LOOP ( 'NONE', ( #2892, #3004, #2971, #3002 ) ) ;
#2892 = ORIENTED_EDGE ( 'NONE', *, *, #2692, .T. ) ;
#2893 = ORIENTED_EDGE ( 'NONE', *, *, #2894, .F. ) ;
#2894 = EDGE_CURVE ( 'NONE', #2915, #2895, #3316, .T. ) ;
#2895 = VERTEX_POINT ( 'NONE', #3325 ) ;
#2896 = EDGE_CURVE ( 'NONE', #2795, #2895, #3338, .T. ) ;
#2897 = EDGE_LOOP ( 'NONE', ( #2899, #2893, #2898, #2900 ) ) ;
#2898 = ORIENTED_EDGE ( 'NONE', *, *, #2937, .F. ) ;
#2899 = ORIENTED_EDGE ( 'NONE', *, *, #2896, .T. ) ;
#2900 = ORIENTED_EDGE ( 'NONE', *, *, #2784, .F. ) ;
#2901 = EDGE_CURVE ( 'NONE', #2878, #2879, #3321, .T. ) ;
#2902 = ORIENTED_EDGE ( 'NONE', *, *, #4043, .T. ) ;
#2903 = ORIENTED_EDGE ( 'NONE', *, *, #3682, .T. ) ;
#2904 = ORIENTED_EDGE ( 'NONE', *, *, #4004, .T. ) ;
#2905 = ORIENTED_EDGE ( 'NONE', *, *, #3641, .T. ) ;
#2906 = ORIENTED_EDGE ( 'NONE', *, *, #2960, .F. ) ;
#2907 = ORIENTED_EDGE ( 'NONE', *, *, #3943, .T. ) ;
#2908 = EDGE_CURVE ( 'NONE', #3789, #3796, #3297, .T. ) ;
#2909 = EDGE_LOOP ( 'NONE', ( #2913, #2938, #2910, #2911, #2912 ) ) ;
#2910 = ORIENTED_EDGE ( 'NONE', *, *, #2536, .F. ) ;
#2911 = ORIENTED_EDGE ( 'NONE', *, *, #2829, .F. ) ;
#2912 = ORIENTED_EDGE ( 'NONE', *, *, #2787, .F. ) ;
#2913 = ORIENTED_EDGE ( 'NONE', *, *, #2937, .T. ) ;
#2914 = EDGE_CURVE ( 'NONE', #2494, #2915, #3296, .T. ) ;
#2915 = VERTEX_POINT ( 'NONE', #3290 ) ;
#2916 = ADVANCED_FACE ( 'NONE', ( #3289 ), #3244, .F. ) ;
#2917 = ORIENTED_EDGE ( 'NONE', *, *, #2847, .F. ) ;
#2918 = ORIENTED_EDGE ( 'NONE', *, *, #3626, .T. ) ;
#2919 = ORIENTED_EDGE ( 'NONE', *, *, #3991, .T. ) ;
#2920 = ORIENTED_EDGE ( 'NONE', *, *, #3589, .T. ) ;
#2921 = ORIENTED_EDGE ( 'NONE', *, *, #4008, .T. ) ;
#2922 = ORIENTED_EDGE ( 'NONE', *, *, #3757, .T. ) ;
#2923 = ORIENTED_EDGE ( 'NONE', *, *, #2963, .T. ) ;
#2924 = ORIENTED_EDGE ( 'NONE', *, *, #3450, .T. ) ;
#2925 = ORIENTED_EDGE ( 'NONE', *, *, #3976, .T. ) ;
#2926 = ORIENTED_EDGE ( 'NONE', *, *, #2952, .T. ) ;
#2927 = ADVANCED_FACE ( 'NONE', ( #3305 ), #3228, .T. ) ;
#2928 = DIRECTION ( 'NONE',  ( 2.449212707644754500E-016, -1.000000000000000000, 0.0000000000000000000 ) ) ;
#2929 = DIRECTION ( 'NONE',  ( 2.449212707644754500E-016, -1.000000000000000000, 0.0000000000000000000 ) ) ;
#2930 = VECTOR ( 'NONE', #2929, 39.37007874015748100 ) ;
#2931 = CARTESIAN_POINT ( 'NONE',  ( -0.05345000000000004600, -1.309104192236122500E-017, 6.545520961180612600E-018 ) ) ;
#2932 = LINE ( 'NONE', #2931, #2930 ) ;
#2933 = VECTOR ( 'NONE', #2928, 39.37007874015748100 ) ;
#2934 = ORIENTED_EDGE ( 'NONE', *, *, #2981, .F. ) ;
#2935 = ORIENTED_EDGE ( 'NONE', *, *, #2808, .F. ) ;
#2936 = ORIENTED_EDGE ( 'NONE', *, *, #2981, .T. ) ;
#2937 = EDGE_CURVE ( 'NONE', #2785, #2915, #3311, .T. ) ;
#2938 = ORIENTED_EDGE ( 'NONE', *, *, #2914, .F. ) ;
#2939 = ORIENTED_EDGE ( 'NONE', *, *, #2502, .T. ) ;
#2940 = ORIENTED_EDGE ( 'NONE', *, *, #2894, .T. ) ;
#2941 = CLOSED_SHELL ( 'NONE', ( #2482, #2556, #2548, #2564, #2541, #2500, #2643, #2646, #3924, #3912, #2600, #3611, #3618, #3504, #3575, #3584, #3566, #3455, #3622, #3686, #3694, #3718, #3708, #3663, #3680, #3719, #3845, #3817, #3730, #3837, #3747, #3770, #3868, #3851, #3850, #3944, #3897, #3862, #3833, #3849, #3869, #3988, #3994, #3970, #3949, #3986, #3939, #4001, #4000, #4031, #4051, #4037, #4029, #4047, #4042, #3017, #2865, #3014, #2955, #2927, #2866, #2813, #2780, #2755, #2743, #2774, #2818, #2805, #2821, #2990, #3015, #2673, #2720, #2699, #2748, #2977, #2982, #2523, #2522, #2517, #2496, #2916, #3005, #2890, #3000 ) ) ;
#2942 = ORIENTED_EDGE ( 'NONE', *, *, #2914, .T. ) ;
#2943 = ORIENTED_EDGE ( 'NONE', *, *, #2537, .T. ) ;
#2944 = ORIENTED_EDGE ( 'NONE', *, *, #2967, .T. ) ;
#2945 = ORIENTED_EDGE ( 'NONE', *, *, #2519, .T. ) ;
#2946 = ORIENTED_EDGE ( 'NONE', *, *, #3813, .F. ) ;
#2947 = ORIENTED_EDGE ( 'NONE', *, *, #2901, .T. ) ;
#2948 = ORIENTED_EDGE ( 'NONE', *, *, #2963, .F. ) ;
#2949 = ORIENTED_EDGE ( 'NONE', *, *, #2745, .T. ) ;
#2950 = ORIENTED_EDGE ( 'NONE', *, *, #3816, .T. ) ;
#2951 = ORIENTED_EDGE ( 'NONE', *, *, #3844, .T. ) ;
#2952 = EDGE_CURVE ( 'NONE', #3846, #3734, #3343, .T. ) ;
#2953 = ORIENTED_EDGE ( 'NONE', *, *, #3820, .T. ) ;
#2954 = EDGE_CURVE ( 'NONE', #3720, #3744, #3363, .T. ) ;
#2955 = ADVANCED_FACE ( 'NONE', ( #3369 ), #3379, .T. ) ;
#2956 = EDGE_LOOP ( 'NONE', ( #2957, #2860, #2871, #2853 ) ) ;
#2957 = ORIENTED_EDGE ( 'NONE', *, *, #3717, .F. ) ;
#2958 = ORIENTED_EDGE ( 'NONE', *, *, #4046, .T. ) ;
#2959 = ORIENTED_EDGE ( 'NONE', *, *, #3667, .T. ) ;
#2960 = EDGE_CURVE ( 'NONE', #3947, #2883, #3375, .T. ) ;
#2961 = ORIENTED_EDGE ( 'NONE', *, *, #2954, .T. ) ;
#2962 = EDGE_CURVE ( 'NONE', #3008, #2455, #3382, .T. ) ;
#2963 = EDGE_CURVE ( 'NONE', #3814, #3803, #4069, .T. ) ;
#2964 = ORIENTED_EDGE ( 'NONE', *, *, #2481, .T. ) ;
#2965 = ORIENTED_EDGE ( 'NONE', *, *, #2510, .T. ) ;
#2966 = ORIENTED_EDGE ( 'NONE', *, *, #2528, .T. ) ;
#2967 = EDGE_CURVE ( 'NONE', #2895, #2702, #4064, .T. ) ;
#2968 = ORIENTED_EDGE ( 'NONE', *, *, #2735, .T. ) ;
#2969 = ORIENTED_EDGE ( 'NONE', *, *, #2507, .T. ) ;
#2970 = ORIENTED_EDGE ( 'NONE', *, *, #2841, .T. ) ;
#2971 = ORIENTED_EDGE ( 'NONE', *, *, #2896, .F. ) ;
#2972 = ORIENTED_EDGE ( 'NONE', *, *, #3811, .T. ) ;
#2973 = ORIENTED_EDGE ( 'NONE', *, *, #2838, .T. ) ;
#2974 = ORIENTED_EDGE ( 'NONE', *, *, #4028, .T. ) ;
#2975 = ORIENTED_EDGE ( 'NONE', *, *, #3670, .T. ) ;
#2976 = ORIENTED_EDGE ( 'NONE', *, *, #4036, .T. ) ;
#2977 = ADVANCED_FACE ( 'NONE', ( #4072 ), #4070, .F. ) ;
#2978 = EDGE_LOOP ( 'NONE', ( #2936, #2979, #2508, #2509, #2495 ) ) ;
#2979 = ORIENTED_EDGE ( 'NONE', *, *, #2507, .F. ) ;
#2980 = VERTEX_POINT ( 'NONE', #4068 ) ;
#2981 = EDGE_CURVE ( 'NONE', #2878, #2980, #4082, .T. ) ;
#2982 = ADVANCED_FACE ( 'NONE', ( #4104 ), #4100, .F. ) ;
#2983 = ORIENTED_EDGE ( 'NONE', *, *, #2985, .T. ) ;
#2984 = EDGE_LOOP ( 'NONE', ( #2983, #2534, #2934, #2935 ) ) ;
#2985 = EDGE_CURVE ( 'NONE', #2811, #2986, #4096, .T. ) ;
#2986 = VERTEX_POINT ( 'NONE', #4118 ) ;
#2987 = ORIENTED_EDGE ( 'NONE', *, *, #2960, .T. ) ;
#2988 = EDGE_CURVE ( 'NONE', #2475, #3008, #4117, .T. ) ;
#2989 = ORIENTED_EDGE ( 'NONE', *, *, #2462, .F. ) ;
#2990 = ADVANCED_FACE ( 'NONE', ( #4119 ), #4114, .F. ) ;
#2991 = ORIENTED_EDGE ( 'NONE', *, *, #3760, .T. ) ;
#2992 = ORIENTED_EDGE ( 'NONE', *, *, #3996, .T. ) ;
#2993 = ORIENTED_EDGE ( 'NONE', *, *, #3586, .T. ) ;
#2994 = ORIENTED_EDGE ( 'NONE', *, *, #3999, .T. ) ;
#2995 = ORIENTED_EDGE ( 'NONE', *, *, #3877, .T. ) ;
#2996 = EDGE_LOOP ( 'NONE', ( #3016, #2906, #2907, #2995, #3006, #2961, #2922, #2923, #2972, #2973, #2991, #2884, #2885, #2886, #2887, #2888, #2889, #2958, #2959, #2974, #2975, #2976, #3011, #3012, #3013, #2902, #2903, #2904, #2905, #2921, #2997, #2998, #2999, #2992, #2993, #2994, #2924, #2925, #2918, #2919, #2920, #2830, #2832, #2831, #2834, #2833, #3183, #3184, #3204, #3205, #3199, #3189, #3198, #3188, #3209, #3195, #3203, #3210, #2671, #2698 ) ) ;
#2997 = ORIENTED_EDGE ( 'NONE', *, *, #2483, .T. ) ;
#2998 = ORIENTED_EDGE ( 'NONE', *, *, #3938, .T. ) ;
#2999 = ORIENTED_EDGE ( 'NONE', *, *, #3579, .T. ) ;
#3000 = ADVANCED_FACE ( 'NONE', ( #4115 ), #4109, .T. ) ;
#3001 = ORIENTED_EDGE ( 'NONE', *, *, #2701, .T. ) ;
#3002 = ORIENTED_EDGE ( 'NONE', *, *, #2794, .F. ) ;
#3003 = EDGE_LOOP ( 'NONE', ( #3001, #2968, #2970, #2969, #2965, #2966, #2945, #2964, #2939, #2943, #2942, #2940, #2944 ) ) ;
#3004 = ORIENTED_EDGE ( 'NONE', *, *, #2967, .F. ) ;
#3005 = ADVANCED_FACE ( 'NONE', ( #4166 ), #4156, .F. ) ;
#3006 = ORIENTED_EDGE ( 'NONE', *, *, #3768, .T. ) ;
#3007 = EDGE_CURVE ( 'NONE', #2883, #3008, #4390, .T. ) ;
#3008 = VERTEX_POINT ( 'NONE', #4308 ) ;
#3009 = EDGE_LOOP ( 'NONE', ( #2881, #2882, #2989 ) ) ;
#3010 = ORIENTED_EDGE ( 'NONE', *, *, #2908, .F. ) ;
#3011 = ORIENTED_EDGE ( 'NONE', *, *, #3672, .T. ) ;
#3012 = ORIENTED_EDGE ( 'NONE', *, *, #4027, .T. ) ;
#3013 = ORIENTED_EDGE ( 'NONE', *, *, #3700, .T. ) ;
#3014 = ADVANCED_FACE ( 'NONE', ( #4307 ), #4263, .T. ) ;
#3015 = ADVANCED_FACE ( 'NONE', ( #4262 ), #4252, .F. ) ;
#3016 = ORIENTED_EDGE ( 'NONE', *, *, #3007, .F. ) ;
#3017 = ADVANCED_FACE ( 'NONE', ( #1017 ), #1029, .T. ) ;
#3018 = CARTESIAN_POINT ( 'NONE',  ( 0.01685491526669591000, 0.4432048745074146400, 0.04956762031745533300 ) ) ;
#3019 = B_SPLINE_CURVE_WITH_KNOTS ( 'NONE', 3,
 ( #3028, #3027, #3026, #3025 ),
 .UNSPECIFIED., .F., .F.,
 ( 4, 4 ),
 ( 0.0003064892814216682600, 0.001170122457373340600 ),
 .UNSPECIFIED. ) ;
#3020 =( BOUNDED_CURVE ( )  B_SPLINE_CURVE ( 2, ( #3024, #3023, #3035, #3034, #3036 ),
 .UNSPECIFIED., .F., .T. ) 
 B_SPLINE_CURVE_WITH_KNOTS ( ( 3, 2, 3 ),
 ( 0.9568965517241380100, 0.9597701149425290600, 0.9655172413793113900 ),
 .UNSPECIFIED. ) 
 CURVE ( )  GEOMETRIC_REPRESENTATION_ITEM ( )  RATIONAL_B_SPLINE_CURVE ( ( 0.9330127018922194100, 0.9330127018922219600, 1.000000000000000000, 0.8660254037844128400, 1.000000000000026000 ) ) 
 REPRESENTATION_ITEM ( '' )  );
#3021 = CARTESIAN_POINT ( 'NONE',  ( -0.05345000000000016400, 0.3611249999999993600, 4.689352345878720000E-016 ) ) ;
#3022 = CARTESIAN_POINT ( 'NONE',  ( 0.0000000000000000000, 0.3594999999999992100, 0.05344999999999999800 ) ) ;
#3023 = CARTESIAN_POINT ( 'NONE',  ( 0.05344999999999988600, 0.3679332274842307400, 0.01432188433544285100 ) ) ;
#3024 = CARTESIAN_POINT ( 'NONE',  ( 0.05344999999999996300, 0.3673749999999992900, -1.349618480033387800E-016 ) ) ;
#3025 = CARTESIAN_POINT ( 'NONE',  ( 0.01100000000000000300, 0.4099999999999999800, 0.04518019477602991400 ) ) ;
#3026 = CARTESIAN_POINT ( 'NONE',  ( 0.01295002430072974600, 0.4210591373645413100, 0.04671241177994673400 ) ) ;
#3027 = CARTESIAN_POINT ( 'NONE',  ( 0.01490186898519285000, 0.4321285986382543700, 0.04816886156024013200 ) ) ;
#3028 = CARTESIAN_POINT ( 'NONE',  ( 0.01685491526669591000, 0.4432048745074146400, 0.04956762031745533300 ) ) ;
#3029 = CARTESIAN_POINT ( 'NONE',  ( 0.05344999999999996300, 0.3673749999999993400, -1.349618480033387800E-016 ) ) ;
#3030 = CARTESIAN_POINT ( 'NONE',  ( 0.05344999999999996300, 0.3548749999999991600, 3.110984970924419600E-016 ) ) ;
#3031 = CARTESIAN_POINT ( 'NONE',  ( 1.694065894508600700E-017, 0.4432048745074052600, 0.05235491526669426600 ) ) ;
#3032 = CARTESIAN_POINT ( 'NONE',  ( 0.05344999999999996300, 0.3548749999999991600, 3.110984970924419600E-016 ) ) ;
#3033 =( BOUNDED_CURVE ( )  B_SPLINE_CURVE ( 2, ( #3030, #3046, #3045, #3044, #3043, #3042, #3041, #3040, #3039 ),
 .UNSPECIFIED., .F., .F. ) 
 B_SPLINE_CURVE_WITH_KNOTS ( ( 3, 2, 2, 2, 3 ),
 ( 0.9224137931034484000, 0.9252873563218391200, 0.9310344827586206600, 0.9367816091954023200, 0.9396551724137931500 ),
 .UNSPECIFIED. ) 
 CURVE ( )  GEOMETRIC_REPRESENTATION_ITEM ( )  RATIONAL_B_SPLINE_CURVE ( ( 0.9330127018922194100, 0.9330127018922219600, 1.000000000000000000, 0.8660254037844387100, 1.000000000000000000, 0.8660254037844387100, 1.000000000000000000, 0.9330127018922180800, 0.9330127018922194100 ) ) 
 REPRESENTATION_ITEM ( '' )  );
#3034 = CARTESIAN_POINT ( 'NONE',  ( 0.03085937188818332600, 0.3694583333333327800, 0.05345000000000520200 ) ) ;
#3035 = CARTESIAN_POINT ( 'NONE',  ( 0.04628905783227858100, 0.3684166666666658900, 0.02672499999999940900 ) ) ;
#3036 = CARTESIAN_POINT ( 'NONE',  ( -1.026743340955954600E-014, 0.3704999999999996600, 0.05344999999999999800 ) ) ;
#3037 = CARTESIAN_POINT ( 'NONE',  ( 0.05345000000000004600, 1.309104192236122500E-017, 0.0000000000000000000 ) ) ;
#3038 = LINE ( 'NONE', #3037, #2933 ) ;
#3039 = CARTESIAN_POINT ( 'NONE',  ( -0.05345000000000016400, 0.3611249999999993600, 4.689352345878720000E-016 ) ) ;
#3040 = CARTESIAN_POINT ( 'NONE',  ( -0.05345000000000003200, 0.3605667725157678500, 0.01432188433544399200 ) ) ;
#3041 = CARTESIAN_POINT ( 'NONE',  ( -0.04628905783227803300, 0.3600833333333326400, 0.02672500000000036000 ) ) ;
#3042 = CARTESIAN_POINT ( 'NONE',  ( -0.03085937188818415800, 0.3590416666666659800, 0.05345000000000075400 ) ) ;
#3043 = CARTESIAN_POINT ( 'NONE',  ( 7.332432241675262000E-016, 0.3579999999999993200, 0.05344999999999999800 ) ) ;
#3044 = CARTESIAN_POINT ( 'NONE',  ( 0.03085937188818714500, 0.3569583333333326600, 0.05344999999999904700 ) ) ;
#3045 = CARTESIAN_POINT ( 'NONE',  ( 0.04628905783227876100, 0.3559166666666658300, 0.02672499999999909000 ) ) ;
#3046 = CARTESIAN_POINT ( 'NONE',  ( 0.05344999999999997700, 0.3554332274842306700, 0.01432188433544329600 ) ) ;
#3047 = DIRECTION ( 'NONE',  ( 0.0000000000000000000, 1.000000000000000000, 0.0000000000000000000 ) ) ;
#3048 = VECTOR ( 'NONE', #3047, 39.37007874015748100 ) ;
#3049 = CARTESIAN_POINT ( 'NONE',  ( 0.0000000000000000000, 0.3594999999999992100, 0.05344999999999999800 ) ) ;
#3050 = CARTESIAN_POINT ( 'NONE',  ( 0.03085937188818677400, 0.3584583333333325500, 0.05344999999999925500 ) ) ;
#3051 = CARTESIAN_POINT ( 'NONE',  ( 0.04628905783227858100, 0.3574166666666658800, 0.02672499999999940900 ) ) ;
#3052 = CARTESIAN_POINT ( 'NONE',  ( 0.05344999999999988600, 0.3569332274842307900, 0.01432188433544285100 ) ) ;
#3053 = CARTESIAN_POINT ( 'NONE',  ( 0.05344999999999996300, 0.3563749999999992800, -1.349618480033387800E-016 ) ) ;
#3054 = LINE ( 'NONE', #3055, #3048 ) ;
#3055 = CARTESIAN_POINT ( 'NONE',  ( -2.090141599294520300E-014, 0.3595000000000000400, 0.05344999999999999800 ) ) ;
#3056 =( LENGTH_UNIT ( ) NAMED_UNIT ( * ) SI_UNIT ( $, .METRE. ) );
#3057 =( BOUNDED_CURVE ( )  B_SPLINE_CURVE ( 2, ( #3053, #3052, #3051, #3050, #3049 ),
 .UNSPECIFIED., .F., .F. ) 
 B_SPLINE_CURVE_WITH_KNOTS ( ( 3, 2, 3 ),
 ( 0.9568965517241380100, 0.9597701149425287300, 0.9655172413793102800 ),
 .UNSPECIFIED. ) 
 CURVE ( )  GEOMETRIC_REPRESENTATION_ITEM ( )  RATIONAL_B_SPLINE_CURVE ( ( 0.9330127018922194100, 0.9330127018922219600, 1.000000000000000000, 0.8660254037844387100, 1.000000000000000000 ) ) 
 REPRESENTATION_ITEM ( '' )  );
#3058 = CARTESIAN_POINT ( 'NONE',  ( 0.01100000000000000300, 0.4099999999999999800, 0.04518019477602991400 ) ) ;
#3059 = CARTESIAN_POINT ( 'NONE',  ( 1.694065894508600700E-017, 0.4099999999999999800, 0.04650000000000000000 ) ) ;
#3060 = CARTESIAN_POINT ( 'NONE',  ( -1.026743340955954600E-014, 0.3704999999999996600, 0.05344999999999999800 ) ) ;
#3061 = DIRECTION ( 'NONE',  ( 0.0000000000000000000, 0.9848077530122080200, 0.1736481776669307200 ) ) ;
#3062 = VECTOR ( 'NONE', #3061, 39.37007874015748100 ) ;
#3063 = CARTESIAN_POINT ( 'NONE',  ( 1.694065894508600700E-017, 0.4099999999999999800, 0.04650000000000000000 ) ) ;
#3064 = LINE ( 'NONE', #3063, #3062 ) ;
#3065 = DIRECTION ( 'NONE',  ( 0.0000000000000000000, 0.0000000000000000000, -1.000000000000000000 ) ) ;
#3066 = LINE ( 'NONE', #3082, #3075 ) ;
#3067 = CARTESIAN_POINT ( 'NONE',  ( -0.05345000000000016400, 0.3501249999999993000, 4.689352345878720000E-016 ) ) ;
#3068 = CIRCLE ( 'NONE', #3080, 0.05235491526669427300 ) ;
#3069 = CARTESIAN_POINT ( 'NONE',  ( 0.03085937188818538600, 0.07929166666666649700, -0.05345000000000005300 ) ) ;
#3070 = CARTESIAN_POINT ( 'NONE',  ( -2.618932767048734200E-016, 0.07824999999999984700, -0.05344999999999999800 ) ) ;
#3071 =( BOUNDED_CURVE ( )  B_SPLINE_CURVE ( 2, ( #3219, #3218, #3212, #3211, #3213, #3217, #3216, #3215, #3214 ),
 .UNSPECIFIED., .F., .T. ) 
 B_SPLINE_CURVE_WITH_KNOTS ( ( 3, 2, 2, 2, 3 ),
 ( 0.1120689655172414000, 0.1149425287356321800, 0.1206896551724137800, 0.1264367816091954100, 0.1293103448275862400 ),
 .UNSPECIFIED. ) 
 CURVE ( )  GEOMETRIC_REPRESENTATION_ITEM ( )  RATIONAL_B_SPLINE_CURVE ( ( 0.9330127018922193000, 0.9330127018922196300, 1.000000000000000000, 0.8660254037844387100, 1.000000000000000000, 0.8660254037844387100, 1.000000000000000000, 0.9330127018922187400, 0.9330127018922194100 ) ) 
 REPRESENTATION_ITEM ( '' )  );
#3072 = CARTESIAN_POINT ( 'NONE',  ( 0.05344999999999996300, 0.3563749999999992800, -1.349618480033387800E-016 ) ) ;
#3073 = CARTESIAN_POINT ( 'NONE',  ( -0.05344999999999996300, 0.3486249999999993000, -7.319964637469222400E-017 ) ) ;
#3074 = DIRECTION ( 'NONE',  ( 2.449212707644754500E-016, -1.000000000000000000, 0.0000000000000000000 ) ) ;
#3075 = VECTOR ( 'NONE', #3074, 39.37007874015748100 ) ;
#3076 = DIRECTION ( 'NONE',  ( -1.000000000000000000, 0.0000000000000000000, 0.0000000000000000000 ) ) ;
#3077 = CARTESIAN_POINT ( 'NONE',  ( -0.01100000000000000500, 0.4099999999999999800, -0.01099999999999999900 ) ) ;
#3078 = LINE ( 'NONE', #3077, #3084 ) ;
#3079 = DIRECTION ( 'NONE',  ( 0.0000000000000000000, -1.000000000000000000, 0.0000000000000000000 ) ) ;
#3080 = AXIS2_PLACEMENT_3D ( 'NONE', #3081, #3079, #3065 ) ;
#3081 = CARTESIAN_POINT ( 'NONE',  ( -5.829187369293374200E-017, 0.4432048745074052600, 0.0000000000000000000 ) ) ;
#3082 = CARTESIAN_POINT ( 'NONE',  ( -0.05345000000000004600, -1.309104192236122500E-017, 6.545520961180612600E-018 ) ) ;
#3083 = CARTESIAN_POINT ( 'NONE',  ( 0.01777070675434739400, 0.4483985861218930900, 0.01777070675434739100 ) ) ;
#3084 = VECTOR ( 'NONE', #3076, 39.37007874015748100 ) ;
#3085 = FILL_AREA_STYLE_COLOUR ( '', #3111 ) ;
#3086 = CARTESIAN_POINT ( 'NONE',  ( 1.832745869130569500E-016, 0.1954999999999995900, 0.05344999999999999800 ) ) ;
#3087 = CARTESIAN_POINT ( 'NONE',  ( 0.03085937188818583000, 0.1944583333333329000, 0.05344999999999978900 ) ) ;
#3088 = CARTESIAN_POINT ( 'NONE',  ( 0.04628905783227849100, 0.1934166666666662600, 0.02672499999999956900 ) ) ;
#3089 = CARTESIAN_POINT ( 'NONE',  ( 0.05344999999999990700, 0.1929332274842311700, 0.01432188433544331400 ) ) ;
#3090 = CARTESIAN_POINT ( 'NONE',  ( 0.05344999999999996300, 0.1923749999999996600, 1.772803935637077300E-016 ) ) ;
#3091 = CARTESIAN_POINT ( 'NONE',  ( 0.05345000000000000400, 0.08137499999999985000, -1.200931698334794400E-016 ) ) ;
#3092 = AXIS2_PLACEMENT_3D ( 'NONE', #3167, #3200, #3226 ) ;
#3093 = AXIS2_PLACEMENT_3D ( 'NONE', #3109, #3108, #3119 ) ;
#3094 = CARTESIAN_POINT ( 'NONE',  ( -0.05344999999999996300, 0.1986249999999995500, 1.944365606827762300E-016 ) ) ;
#3095 = CARTESIAN_POINT ( 'NONE',  ( -0.05344999999999988600, 0.1980667725157680400, 0.01432188433544391900 ) ) ;
#3096 = CARTESIAN_POINT ( 'NONE',  ( -0.04628905783227792900, 0.1975833333333329200, 0.02672500000000054300 ) ) ;
#3097 = CARTESIAN_POINT ( 'NONE',  ( -0.03085937188818471000, 0.1965416666666662500, 0.05345000000000044900 ) ) ;
#3098 = DIRECTION ( 'NONE',  ( 0.0000000000000000000, 1.000000000000000000, 0.0000000000000000000 ) ) ;
#3099 =( BOUNDED_CURVE ( )  B_SPLINE_CURVE ( 2, ( #3090, #3089, #3088, #3087, #3086, #3097, #3096, #3095, #3094 ),
 .UNSPECIFIED., .F., .T. ) 
 B_SPLINE_CURVE_WITH_KNOTS ( ( 3, 2, 2, 2, 3 ),
 ( 0.4741379310344828200, 0.4770114942528735400, 0.4827586206896551400, 0.4885057471264368000, 0.4913793103448276200 ),
 .UNSPECIFIED. ) 
 CURVE ( )  GEOMETRIC_REPRESENTATION_ITEM ( )  RATIONAL_B_SPLINE_CURVE ( ( 0.9330127018922194100, 0.9330127018922213000, 1.000000000000000000, 0.8660254037844387100, 1.000000000000000000, 0.8660254037844387100, 1.000000000000000000, 0.9330127018922187400, 0.9330127018922194100 ) ) 
 REPRESENTATION_ITEM ( '' )  );
#3100 = MECHANICAL_DESIGN_GEOMETRIC_PRESENTATION_REPRESENTATION (  '', ( #3102 ), #3133 ) ;
#3101 = PRESENTATION_LAYER_ASSIGNMENT (  '', '', ( #3102 ) ) ;
#3102 = STYLED_ITEM ( 'NONE', ( #3103 ), #2486 ) ;
#3103 = PRESENTATION_STYLE_ASSIGNMENT (( #3115 ) ) ;
#3104 = CONICAL_SURFACE ( 'NONE', #3093, 0.04650000000000000000, 0.1745329251994333400 ) ;
#3105 = CARTESIAN_POINT ( 'NONE',  ( 0.04628905783227808100, 0.08033333333333316000, -0.02672500000000028300 ) ) ;
#3106 = CARTESIAN_POINT ( 'NONE',  ( 1.694065894508600700E-017, 0.4099999999999999800, 0.0000000000000000000 ) ) ;
#3107 = AXIS2_PLACEMENT_3D ( 'NONE', #3106, #3098, #3112 ) ;
#3108 = DIRECTION ( 'NONE',  ( 0.0000000000000000000, 1.000000000000000000, 0.0000000000000000000 ) ) ;
#3109 = CARTESIAN_POINT ( 'NONE',  ( 1.694065894508600700E-017, 0.4099999999999999800, 0.0000000000000000000 ) ) ;
#3110 = CIRCLE ( 'NONE', #3107, 0.04650000000000000000 ) ;
#3111 = COLOUR_RGB ( '',0.7960784313725489700, 0.8235294117647058400, 0.9372549019607843100 ) ;
#3112 = DIRECTION ( 'NONE',  ( 0.0000000000000000000, 0.0000000000000000000, 1.000000000000000000 ) ) ;
#3113 = FACE_OUTER_BOUND ( 'NONE', #2484, .T. ) ;
#3114 = FILL_AREA_STYLE ('',( #3085 ) ) ;
#3115 = SURFACE_STYLE_USAGE ( .BOTH. , #3116 ) ;
#3116 = SURFACE_SIDE_STYLE ('',( #3117 ) ) ;
#3117 = SURFACE_STYLE_FILL_AREA ( #3114 ) ;
#3118 = CARTESIAN_POINT ( 'NONE',  ( 0.05344999999999995600, 0.08081677251576832600, -0.01432188433544368700 ) ) ;
#3119 = DIRECTION ( 'NONE',  ( 0.0000000000000000000, 0.0000000000000000000, 1.000000000000000000 ) ) ;
#3120 = DIRECTION ( 'NONE',  ( 0.0000000000000000000, -0.9848077530122080200, -0.1736481776669307200 ) ) ;
#3121 =( CONVERSION_BASED_UNIT ( 'INCH', #3140 ) LENGTH_UNIT ( ) NAMED_UNIT ( #3136 ) );
#3122 =( BOUNDED_CURVE ( )  B_SPLINE_CURVE ( 2, ( #3139, #3161, #3160, #3159, #3146, #3145, #3144, #3143, #3142 ),
 .UNSPECIFIED., .F., .T. ) 
 B_SPLINE_CURVE_WITH_KNOTS ( ( 3, 2, 2, 2, 3 ),
 ( 0.9224137931034484000, 0.9252873563218391200, 0.9310344827586206600, 0.9367816091954023200, 0.9396551724137931500 ),
 .UNSPECIFIED. ) 
 CURVE ( )  GEOMETRIC_REPRESENTATION_ITEM ( )  RATIONAL_B_SPLINE_CURVE ( ( 0.9330127018922194100, 0.9330127018922219600, 1.000000000000000000, 0.8660254037844387100, 1.000000000000000000, 0.8660254037844387100, 1.000000000000000000, 0.9330127018922180800, 0.9330127018922194100 ) ) 
 REPRESENTATION_ITEM ( '' )  );
#3123 = CARTESIAN_POINT ( 'NONE',  ( 0.05344999999999996300, 0.3438749999999992600, 3.110984970924419600E-016 ) ) ;
#3124 = CARTESIAN_POINT ( 'NONE',  ( 0.01777070675434739400, 0.4483985861218930900, 0.01777070675434739100 ) ) ;
#3125 = CARTESIAN_POINT ( 'NONE',  ( 0.02849501606396966400, 0.4474747254454256600, 0.01760780519067060800 ) ) ;
#3126 = CARTESIAN_POINT ( 'NONE',  ( -9.184547653667830700E-017, 0.3750000000000000600, 0.0000000000000000000 ) ) ;
#3127 = B_SPLINE_CURVE_WITH_KNOTS ( 'NONE', 3,
 ( #3181, #3179, #3125, #3124 ),
 .UNSPECIFIED., .F., .F.,
 ( 4, 4 ),
 ( 3.846639411342208800E-005, 0.0008570759831709920000 ),
 .UNSPECIFIED. ) ;
#3128 = CARTESIAN_POINT ( 'NONE',  ( 1.694065894508600700E-017, 0.4099999999999999800, 0.0000000000000000000 ) ) ;
#3129 = CARTESIAN_POINT ( 'NONE',  ( 0.04518019477602992800, 0.4099999999999999800, 0.01099999999999999900 ) ) ;
#3130 = CARTESIAN_POINT ( 'NONE',  ( 0.05344999999999999800, 0.3750000000000000600, 0.0000000000000000000 ) ) ;
#3131 = DIRECTION ( 'NONE',  ( 1.000000000000000000, 0.0000000000000000000, 0.0000000000000000000 ) ) ;
#3132 = DIRECTION ( 'NONE',  ( 2.449212707644754500E-016, -1.000000000000000000, 0.0000000000000000000 ) ) ;
#3133 =( GEOMETRIC_REPRESENTATION_CONTEXT ( 3 ) GLOBAL_UNCERTAINTY_ASSIGNED_CONTEXT ( ( #3162 ) ) GLOBAL_UNIT_ASSIGNED_CONTEXT ( ( #3121, #3137, #3135 ) ) REPRESENTATION_CONTEXT ( 'NONE', 'WORKASPACE' ) );
#3134 = CARTESIAN_POINT ( 'NONE',  ( -0.05345000000000018500, 0.3750000000000000600, 6.545520961180617900E-018 ) ) ;
#3135 =( NAMED_UNIT ( * ) SI_UNIT ( $, .STERADIAN. ) SOLID_ANGLE_UNIT ( ) );
#3136 = DIMENSIONAL_EXPONENTS ( 1.000000000000000000, 0.0000000000000000000, 0.0000000000000000000, 0.0000000000000000000, 0.0000000000000000000, 0.0000000000000000000, 0.0000000000000000000 ) ;
#3137 =( NAMED_UNIT ( * ) PLANE_ANGLE_UNIT ( ) SI_UNIT ( $, .RADIAN. ) );
#3138 =( BOUNDED_CURVE ( )  B_SPLINE_CURVE ( 2, ( #3233, #3236, #3235, #3234, #3070, #3069, #3105, #3118, #3091 ),
 .UNSPECIFIED., .F., .T. ) 
 B_SPLINE_CURVE_WITH_KNOTS ( ( 3, 2, 2, 2, 3 ),
 ( 0.1810344827586207200, 0.1839080459770114900, 0.1896551724137930900, 0.1954022988505747000, 0.1982758620689655200 ),
 .UNSPECIFIED. ) 
 CURVE ( )  GEOMETRIC_REPRESENTATION_ITEM ( )  RATIONAL_B_SPLINE_CURVE ( ( 0.9330127018922194100, 0.9330127018922200800, 1.000000000000000000, 0.8660254037844387100, 1.000000000000000000, 0.8660254037844387100, 1.000000000000000000, 0.9330127018922189700, 0.9330127018922193000 ) ) 
 REPRESENTATION_ITEM ( '' )  );
#3139 = CARTESIAN_POINT ( 'NONE',  ( 0.05344999999999996300, 0.3438749999999992600, 3.110984970924419600E-016 ) ) ;
#3140 = LENGTH_MEASURE_WITH_UNIT ( LENGTH_MEASURE( 0.02539999999999999900 ), #3056 );
#3141 = LINE ( 'NONE', #3164, #3151 ) ;
#3142 = CARTESIAN_POINT ( 'NONE',  ( -0.05345000000000016400, 0.3501249999999993000, 4.689352345878720000E-016 ) ) ;
#3143 = CARTESIAN_POINT ( 'NONE',  ( -0.05345000000000003200, 0.3495667725157678400, 0.01432188433544399200 ) ) ;
#3144 = CARTESIAN_POINT ( 'NONE',  ( -0.04628905783227803300, 0.3490833333333325800, 0.02672500000000036000 ) ) ;
#3145 = CARTESIAN_POINT ( 'NONE',  ( -0.03085937188818415800, 0.3480416666666659200, 0.05345000000000075400 ) ) ;
#3146 = CARTESIAN_POINT ( 'NONE',  ( 7.332432241675262000E-016, 0.3469999999999992500, 0.05344999999999999800 ) ) ;
#3147 = DIRECTION ( 'NONE',  ( 0.0000000000000000000, -0.1736481776669307200, 0.9848077530122080200 ) ) ;
#3148 = CARTESIAN_POINT ( 'NONE',  ( 0.04518019477602992800, 0.4099999999999999800, 0.01099999999999999900 ) ) ;
#3149 = AXIS2_PLACEMENT_3D ( 'NONE', #3148, #3147, #3120 ) ;
#3150 = DIRECTION ( 'NONE',  ( 2.449212707644754500E-016, -1.000000000000000000, 0.0000000000000000000 ) ) ;
#3151 = VECTOR ( 'NONE', #3150, 39.37007874015748100 ) ;
#3152 = DIRECTION ( 'NONE',  ( 0.0000000000000000000, 0.0000000000000000000, 1.000000000000000000 ) ) ;
#3153 = DIRECTION ( 'NONE',  ( 0.0000000000000000000, 1.000000000000000000, 0.0000000000000000000 ) ) ;
#3154 = AXIS2_PLACEMENT_3D ( 'NONE', #3128, #3153, #3152 ) ;
#3155 = DIRECTION ( 'NONE',  ( 1.000000000000000000, 0.0000000000000000000, 0.0000000000000000000 ) ) ;
#3156 = VECTOR ( 'NONE', #3155, 39.37007874015748100 ) ;
#3157 = CARTESIAN_POINT ( 'NONE',  ( -0.01100000000000000500, 0.4099999999999999800, 0.01099999999999999900 ) ) ;
#3158 = LINE ( 'NONE', #3157, #3156 ) ;
#3159 = CARTESIAN_POINT ( 'NONE',  ( 0.03085937188818714500, 0.3459583333333325900, 0.05344999999999904700 ) ) ;
#3160 = CARTESIAN_POINT ( 'NONE',  ( 0.04628905783227876100, 0.3449166666666658700, 0.02672499999999909000 ) ) ;
#3161 = CARTESIAN_POINT ( 'NONE',  ( 0.05344999999999997700, 0.3444332274842307200, 0.01432188433544329600 ) ) ;
#3162 = UNCERTAINTY_MEASURE_WITH_UNIT (LENGTH_MEASURE( 1.000000000000000100E-005 ), #3121, 'distance_accuracy_value', 'NONE');
#3163 = PLANE ( 'NONE',  #3149 ) ;
#3164 = CARTESIAN_POINT ( 'NONE',  ( 0.05345000000000004600, 1.309104192236122500E-017, 0.0000000000000000000 ) ) ;
#3165 = CIRCLE ( 'NONE', #3154, 0.04650000000000003400 ) ;
#3166 = AXIS2_PLACEMENT_3D ( 'NONE', #3126, #3132, #3131 ) ;
#3167 = CARTESIAN_POINT ( 'NONE',  ( 1.694065894508600700E-017, 0.4099999999999999800, 0.0000000000000000000 ) ) ;
#3168 = DIRECTION ( 'NONE',  ( 1.873239394071793700E-016, 0.0000000000000000000, -1.000000000000000000 ) ) ;
#3169 = FACE_OUTER_BOUND ( 'NONE', #2513, .T. ) ;
#3170 = VECTOR ( 'NONE', #3168, 39.37007874015748100 ) ;
#3171 = CARTESIAN_POINT ( 'NONE',  ( 0.01099999999999999900, 0.4099999999999999800, 0.04518019477602991400 ) ) ;
#3172 = LINE ( 'NONE', #3171, #3170 ) ;
#3173 = CIRCLE ( 'NONE', #3166, 0.05345000000000008800 ) ;
#3174 = DIRECTION ( 'NONE',  ( 1.000000000000000000, 2.449212707644754500E-016, 0.0000000000000000000 ) ) ;
#3175 = DIRECTION ( 'NONE',  ( 2.449212707644754500E-016, -1.000000000000000000, 0.0000000000000000000 ) ) ;
#3176 = CARTESIAN_POINT ( 'NONE',  ( 0.0000000000000000000, 0.0000000000000000000, 0.0000000000000000000 ) ) ;
#3177 = AXIS2_PLACEMENT_3D ( 'NONE', #3176, #3175, #3174 ) ;
#3178 = CYLINDRICAL_SURFACE ( 'NONE', #3177, 0.05345000000000004600 ) ;
#3180 = FACE_OUTER_BOUND ( 'NONE', #2470, .T. ) ;
#3179 = CARTESIAN_POINT ( 'NONE',  ( 0.03909365067751485700, 0.4457413201685820300, 0.01730215907186064700 ) ) ;
#3181 = CARTESIAN_POINT ( 'NONE',  ( 0.04956762031745416000, 0.4432048745074052600, 0.01685491526669425900 ) ) ;
#3182 = ORIENTED_EDGE ( 'NONE', *, *, #3952, .F. ) ;
#3183 = ORIENTED_EDGE ( 'NONE', *, *, #3918, .T. ) ;
#3184 = ORIENTED_EDGE ( 'NONE', *, *, #3827, .T. ) ;
#3185 = ORIENTED_EDGE ( 'NONE', *, *, #3865, .F. ) ;
#3186 = ORIENTED_EDGE ( 'NONE', *, *, #3857, .F. ) ;
#3187 = ORIENTED_EDGE ( 'NONE', *, *, #2658, .F. ) ;
#3188 = ORIENTED_EDGE ( 'NONE', *, *, #3955, .T. ) ;
#3189 = ORIENTED_EDGE ( 'NONE', *, *, #3893, .T. ) ;
#3190 = ORIENTED_EDGE ( 'NONE', *, *, #2505, .F. ) ;
#3191 = ORIENTED_EDGE ( 'NONE', *, *, #2801, .F. ) ;
#3192 = EDGE_LOOP ( 'NONE', ( #3206, #3207, #4044, #4045 ) ) ;
#3193 = EDGE_LOOP ( 'NONE', ( #2672, #3191, #2690, #2697, #3194, #3186, #3190, #3182, #2674, #2675, #3187, #3185, #3196, #3197, #3202, #2711, #2712, #2689, #2726, #2717, #2713, #2709, #2688, #2678, #2708, #2722, #2736, #2679, #2710, #2751, #2742, #2740, #2730, #2727, #2728, #2731, #2741, #2684, #2685, #2686, #2687, #2676, #2677, #2714, #2715, #2716, #2705, #2706, #2707, #2703, #2704, #2739, #2729, #2718, #2680, #2681, #2682, #2683, #2719, #2721 ) ) ;
#3194 = ORIENTED_EDGE ( 'NONE', *, *, #2463, .F. ) ;
#3195 = ORIENTED_EDGE ( 'NONE', *, *, #3860, .T. ) ;
#3196 = ORIENTED_EDGE ( 'NONE', *, *, #2657, .F. ) ;
#3197 = ORIENTED_EDGE ( 'NONE', *, *, #3899, .F. ) ;
#3198 = ORIENTED_EDGE ( 'NONE', *, *, #3920, .T. ) ;
#3199 = ORIENTED_EDGE ( 'NONE', *, *, #2652, .T. ) ;
#3200 = DIRECTION ( 'NONE',  ( 0.0000000000000000000, 1.000000000000000000, 0.0000000000000000000 ) ) ;
#3201 = EDGE_CURVE ( 'NONE', #3790, #3658, #1043, .T. ) ;
#3202 = ORIENTED_EDGE ( 'NONE', *, *, #3932, .F. ) ;
#3203 = ORIENTED_EDGE ( 'NONE', *, *, #2457, .T. ) ;
#3204 = ORIENTED_EDGE ( 'NONE', *, *, #2654, .T. ) ;
#3205 = ORIENTED_EDGE ( 'NONE', *, *, #3878, .T. ) ;
#3206 = ORIENTED_EDGE ( 'NONE', *, *, #3722, .F. ) ;
#3207 = ORIENTED_EDGE ( 'NONE', *, *, #3201, .T. ) ;
#3208 =( BOUNDED_CURVE ( )  B_SPLINE_CURVE ( 2, ( #3280, #3279, #3278, #3223, #3222, #3221, #3220, #3224, #3227 ),
 .UNSPECIFIED., .F., .F. ) 
 B_SPLINE_CURVE_WITH_KNOTS ( ( 3, 2, 2, 2, 3 ),
 ( 0.07758620689655172700, 0.08045977011494252800, 0.08620689655172414400, 0.09195402298850574600, 0.09482758620689656100 ),
 .UNSPECIFIED. ) 
 CURVE ( )  GEOMETRIC_REPRESENTATION_ITEM ( )  RATIONAL_B_SPLINE_CURVE ( ( 0.9330127018922194100, 0.9330127018922195200, 1.000000000000000000, 0.8660254037844387100, 1.000000000000000000, 0.8660254037844387100, 1.000000000000000000, 0.9330127018922189700, 0.9330127018922193000 ) ) 
 REPRESENTATION_ITEM ( '' )  );
#3209 = ORIENTED_EDGE ( 'NONE', *, *, #2645, .T. ) ;
#3210 = ORIENTED_EDGE ( 'NONE', *, *, #2754, .T. ) ;
#3211 = CARTESIAN_POINT ( 'NONE',  ( -0.03085937188818569500, 0.06320833333333322800, -0.05344999999999988000 ) ) ;
#3212 = CARTESIAN_POINT ( 'NONE',  ( -0.04628905783227832400, 0.06216666666666656500, -0.02672499999999985000 ) ) ;
#3213 = CARTESIAN_POINT ( 'NONE',  ( -4.581864672826423700E-017, 0.06424999999999989100, -0.05344999999999999800 ) ) ;
#3214 = CARTESIAN_POINT ( 'NONE',  ( 0.05345000000000000400, 0.06737499999999990700, 1.326743590541296700E-016 ) ) ;
#3215 = CARTESIAN_POINT ( 'NONE',  ( 0.05345000000000003900, 0.06681677251576839700, -0.01432188433544350300 ) ) ;
#3216 = CARTESIAN_POINT ( 'NONE',  ( 0.04628905783227819200, 0.06633333333333323000, -0.02672500000000009200 ) ) ;
#3217 = CARTESIAN_POINT ( 'NONE',  ( 0.03085937188818541800, 0.06529166666666656700, -0.05345000000000004600 ) ) ;
#3218 = CARTESIAN_POINT ( 'NONE',  ( -0.05345000000000001100, 0.06168322748423141900, -0.01432188433544342300 ) ) ;
#3219 = CARTESIAN_POINT ( 'NONE',  ( -0.05344999999999999800, 0.06112499999999990900, 0.0000000000000000000 ) ) ;
#3220 = CARTESIAN_POINT ( 'NONE',  ( 0.04628905783227819200, 0.04283333333333325800, -0.02672500000000007900 ) ) ;
#3221 = CARTESIAN_POINT ( 'NONE',  ( 0.03085937188818542500, 0.04179166666666658800, -0.05345000000000003200 ) ) ;
#3222 = CARTESIAN_POINT ( 'NONE',  ( -1.276738778718464000E-016, 0.04074999999999992500, -0.05344999999999999800 ) ) ;
#3223 = CARTESIAN_POINT ( 'NONE',  ( -0.03085937188818558400, 0.03970833333333325500, -0.05344999999999992800 ) ) ;
#3224 = CARTESIAN_POINT ( 'NONE',  ( 0.05345000000000000400, 0.04331677251576841100, -0.01432188433544355700 ) ) ;
#3225 = CIRCLE ( 'NONE', #3232, 0.05235491526669427300 ) ;
#3226 = DIRECTION ( 'NONE',  ( 0.0000000000000000000, 0.0000000000000000000, 1.000000000000000000 ) ) ;
#3227 = CARTESIAN_POINT ( 'NONE',  ( 0.05344999999999999800, 0.04387499999999992800, 6.862466847627394900E-018 ) ) ;
#3228 = CYLINDRICAL_SURFACE ( 'NONE', #3247, 0.05345000000000004600 ) ;
#3229 = DIRECTION ( 'NONE',  ( 0.0000000000000000000, 0.0000000000000000000, -1.000000000000000000 ) ) ;
#3230 = DIRECTION ( 'NONE',  ( 0.0000000000000000000, -1.000000000000000000, 0.0000000000000000000 ) ) ;
#3231 = CARTESIAN_POINT ( 'NONE',  ( -5.829187369293374200E-017, 0.4432048745074052600, 0.0000000000000000000 ) ) ;
#3232 = AXIS2_PLACEMENT_3D ( 'NONE', #3231, #3230, #3229 ) ;
#3233 = CARTESIAN_POINT ( 'NONE',  ( -0.05344999999999999800, 0.07512499999999984500, -1.143744474604566000E-017 ) ) ;
#3234 = CARTESIAN_POINT ( 'NONE',  ( -0.03085937188818553200, 0.07720833333333318400, -0.05344999999999997000 ) ) ;
#3235 = CARTESIAN_POINT ( 'NONE',  ( -0.04628905783227834500, 0.07616666666666650800, -0.02672499999999982900 ) ) ;
#3236 = CARTESIAN_POINT ( 'NONE',  ( -0.05344999999999997000, 0.07568322748423134100, -0.01432188433544335400 ) ) ;
#3237 = CARTESIAN_POINT ( 'NONE',  ( 0.01685491526669591000, 0.4432048745074146400, 0.04956762031745533300 ) ) ;
#3238 = CARTESIAN_POINT ( 'NONE',  ( 0.01730108538710694400, 0.4457352309997583700, 0.03911879522145972300 ) ) ;
#3239 = CARTESIAN_POINT ( 'NONE',  ( 0.01760801365379352200, 0.4474759076985446700, 0.02848129229754720700 ) ) ;
#3240 = CARTESIAN_POINT ( 'NONE',  ( 0.01777070675434739400, 0.4483985861218930900, 0.01777070675434739100 ) ) ;
#3241 = B_SPLINE_CURVE_WITH_KNOTS ( 'NONE', 3,
 ( #3240, #3239, #3238, #3237 ),
 .UNSPECIFIED., .F., .F.,
 ( 4, 4 ),
 ( 0.0001725068873764861500, 0.0009916394087687591800 ),
 .UNSPECIFIED. ) ;
#3242 = CARTESIAN_POINT ( 'NONE',  ( -0.01685491526669425900, 0.4432048745074052600, 0.04956762031745414600 ) ) ;
#3243 =( BOUNDED_CURVE ( )  B_SPLINE_CURVE ( 2, ( #3250, #3249, #3248, #3256, #3255, #3254, #3253, #3252, #3251 ),
 .UNSPECIFIED., .F., .F. ) 
 B_SPLINE_CURVE_WITH_KNOTS ( ( 3, 2, 2, 2, 3 ),
 ( 0.1810344827586207200, 0.1839080459770114900, 0.1896551724137930900, 0.1954022988505747000, 0.1982758620689655200 ),
 .UNSPECIFIED. ) 
 CURVE ( )  GEOMETRIC_REPRESENTATION_ITEM ( )  RATIONAL_B_SPLINE_CURVE ( ( 0.9330127018922194100, 0.9330127018922200800, 1.000000000000000000, 0.8660254037844387100, 1.000000000000000000, 0.8660254037844387100, 1.000000000000000000, 0.9330127018922189700, 0.9330127018922193000 ) ) 
 REPRESENTATION_ITEM ( '' )  );
#3244 = CONICAL_SURFACE ( 'NONE', #3092, 0.04650000000000000000, 0.1745329251994333400 ) ;
#3245 =( BOUNDED_CURVE ( )  B_SPLINE_CURVE ( 2, ( #3265, #3264, #3263, #3262, #3261, #3260, #3259, #3258, #3257 ),
 .UNSPECIFIED., .F., .T. ) 
 B_SPLINE_CURVE_WITH_KNOTS ( ( 3, 2, 2, 2, 3 ),
 ( 0.1465517241379310500, 0.1494252873563218200, 0.1551724137931034500, 0.1609195402298850600, 0.1637931034482758800 ),
 .UNSPECIFIED. ) 
 CURVE ( )  GEOMETRIC_REPRESENTATION_ITEM ( )  RATIONAL_B_SPLINE_CURVE ( ( 0.9330127018922194100, 0.9330127018922200800, 1.000000000000000000, 0.8660254037844387100, 1.000000000000000000, 0.8660254037844387100, 1.000000000000000000, 0.9330127018922187400, 0.9330127018922194100 ) ) 
 REPRESENTATION_ITEM ( '' )  );
#3246 = CARTESIAN_POINT ( 'NONE',  ( 0.0000000000000000000, 0.0000000000000000000, 0.0000000000000000000 ) ) ;
#3247 = AXIS2_PLACEMENT_3D ( 'NONE', #3246, #3304, #3303 ) ;
#3248 = CARTESIAN_POINT ( 'NONE',  ( -0.04628905783227834500, 0.08716666666666651700, -0.02672499999999982900 ) ) ;
#3249 = CARTESIAN_POINT ( 'NONE',  ( -0.05344999999999997000, 0.08668322748423136500, -0.01432188433544335400 ) ) ;
#3250 = CARTESIAN_POINT ( 'NONE',  ( -0.05344999999999999800, 0.08612499999999985400, -1.143744474604566000E-017 ) ) ;
#3251 = CARTESIAN_POINT ( 'NONE',  ( 0.05345000000000000400, 0.09237499999999981800, -1.200931698334794400E-016 ) ) ;
#3252 = CARTESIAN_POINT ( 'NONE',  ( 0.05344999999999995600, 0.09181677251576832200, -0.01432188433544368700 ) ) ;
#3253 = CARTESIAN_POINT ( 'NONE',  ( 0.04628905783227808100, 0.09133333333333316900, -0.02672500000000028300 ) ) ;
#3254 = CARTESIAN_POINT ( 'NONE',  ( 0.03085937188818538600, 0.09029166666666650600, -0.05345000000000005300 ) ) ;
#3255 = CARTESIAN_POINT ( 'NONE',  ( -2.618932767048734200E-016, 0.08924999999999984300, -0.05344999999999999800 ) ) ;
#3256 = CARTESIAN_POINT ( 'NONE',  ( -0.03085937188818553200, 0.08820833333333318000, -0.05344999999999997000 ) ) ;
#3257 = CARTESIAN_POINT ( 'NONE',  ( 0.05345000000000000400, 0.06887499999999986700, 1.200931698334794400E-016 ) ) ;
#3258 = CARTESIAN_POINT ( 'NONE',  ( 0.05345000000000003900, 0.06831677251576834300, -0.01432188433544351800 ) ) ;
#3259 = CARTESIAN_POINT ( 'NONE',  ( 0.04628905783227817800, 0.06783333333333319000, -0.02672500000000010600 ) ) ;
#3260 = CARTESIAN_POINT ( 'NONE',  ( 0.03085937188818540400, 0.06679166666666652700, -0.05345000000000004600 ) ) ;
#3261 = CARTESIAN_POINT ( 'NONE',  ( -2.488022347825122400E-016, 0.06574999999999986400, -0.05344999999999999800 ) ) ;
#3262 = CARTESIAN_POINT ( 'NONE',  ( -0.03085937188818570900, 0.06470833333333321500, -0.05344999999999988000 ) ) ;
#3263 = CARTESIAN_POINT ( 'NONE',  ( -0.04628905783227833800, 0.06366666666666653800, -0.02672499999999983600 ) ) ;
#3264 = CARTESIAN_POINT ( 'NONE',  ( -0.05344999999999996300, 0.06318322748423138600, -0.01432188433544346800 ) ) ;
#3265 = CARTESIAN_POINT ( 'NONE',  ( -0.05345000000000000400, 0.06262499999999987500, -1.258118922065022800E-016 ) ) ;
#3266 = DIRECTION ( 'NONE',  ( 1.000000000000000000, 2.449212707644754500E-016, 0.0000000000000000000 ) ) ;
#3267 = DIRECTION ( 'NONE',  ( 1.000000000000000000, 2.449212707644754500E-016, 0.0000000000000000000 ) ) ;
#3268 = FACE_OUTER_BOUND ( 'NONE', #2872, .T. ) ;
#3269 = AXIS2_PLACEMENT_3D ( 'NONE', #3271, #3270, #3266 ) ;
#3270 = DIRECTION ( 'NONE',  ( 2.449212707644754500E-016, -1.000000000000000000, 0.0000000000000000000 ) ) ;
#3271 = CARTESIAN_POINT ( 'NONE',  ( 0.0000000000000000000, 0.0000000000000000000, 0.0000000000000000000 ) ) ;
#3272 = CYLINDRICAL_SURFACE ( 'NONE', #3269, 0.05345000000000004600 ) ;
#3273 = TOROIDAL_SURFACE ( 'NONE', #3277, -0.0008873635070602671000, 0.2119277867574532700 ) ;
#3274 = FACE_OUTER_BOUND ( 'NONE', #2859, .T. ) ;
#3275 = DIRECTION ( 'NONE',  ( 2.449212707644754500E-016, -1.000000000000000000, 0.0000000000000000000 ) ) ;
#3276 = CARTESIAN_POINT ( 'NONE',  ( -5.829187369293374200E-017, 0.2380740709919644800, 0.0000000000000000000 ) ) ;
#3277 = AXIS2_PLACEMENT_3D ( 'NONE', #3276, #3275, #3267 ) ;
#3278 = CARTESIAN_POINT ( 'NONE',  ( -0.04628905783227827600, 0.03866666666666659200, -0.02672499999999994300 ) ) ;
#3279 = CARTESIAN_POINT ( 'NONE',  ( -0.05344999999999999100, 0.03818322748423143300, -0.01432188433544344400 ) ) ;
#3280 = CARTESIAN_POINT ( 'NONE',  ( -0.05344999999999999800, 0.03762499999999993600, 3.316858976353241000E-017 ) ) ;
#3281 = DIRECTION ( 'NONE',  ( 1.000000000000000000, 2.395797468718659400E-016, 0.0000000000000000000 ) ) ;
#3282 = DIRECTION ( 'NONE',  ( 2.449212707644754500E-016, -1.000000000000000000, 0.0000000000000000000 ) ) ;
#3283 = CARTESIAN_POINT ( 'NONE',  ( -1.714448895351325100E-018, 0.006999999999999988000, 0.0000000000000000000 ) ) ;
#3284 = AXIS2_PLACEMENT_3D ( 'NONE', #3283, #3282, #3281 ) ;
#3285 = CIRCLE ( 'NONE', #3284, 0.05344999999999999800 ) ;
#3286 = CARTESIAN_POINT ( 'NONE',  ( 0.05345000000000003900, 0.07931677251576833800, -0.01432188433544351800 ) ) ;
#3287 = CARTESIAN_POINT ( 'NONE',  ( 0.04628905783227817800, 0.07883333333333320000, -0.02672500000000010600 ) ) ;
#3288 = CARTESIAN_POINT ( 'NONE',  ( 0.03085937188818540400, 0.07779166666666655100, -0.05345000000000004600 ) ) ;
#3289 = FACE_OUTER_BOUND ( 'NONE', #2909, .T. ) ;
#3290 = CARTESIAN_POINT ( 'NONE',  ( 0.04518019477602992800, 0.4099999999999999800, -0.01100000000000000300 ) ) ;
#3291 = DIRECTION ( 'NONE',  ( 0.0000000000000000000, 0.0000000000000000000, 1.000000000000000000 ) ) ;
#3292 = AXIS2_PLACEMENT_3D ( 'NONE', #3298, #3294, #3291 ) ;
#3293 = CARTESIAN_POINT ( 'NONE',  ( 0.05345000000000000400, 0.07987499999999987700, 1.200931698334794400E-016 ) ) ;
#3294 = DIRECTION ( 'NONE',  ( 0.0000000000000000000, 1.000000000000000000, 0.0000000000000000000 ) ) ;
#3295 = CARTESIAN_POINT ( 'NONE',  ( -0.05345000000000000400, 0.07362499999999988500, -1.258118922065022800E-016 ) ) ;
#3296 = CIRCLE ( 'NONE', #3292, 0.04650000000000000000 ) ;
#3297 =( BOUNDED_CURVE ( )  B_SPLINE_CURVE ( 2, ( #3295, #3302, #3301, #3300, #3299, #3288, #3287, #3286, #3293 ),
 .UNSPECIFIED., .F., .F. ) 
 B_SPLINE_CURVE_WITH_KNOTS ( ( 3, 2, 2, 2, 3 ),
 ( 0.1465517241379310500, 0.1494252873563218200, 0.1551724137931034500, 0.1609195402298850600, 0.1637931034482758800 ),
 .UNSPECIFIED. ) 
 CURVE ( )  GEOMETRIC_REPRESENTATION_ITEM ( )  RATIONAL_B_SPLINE_CURVE ( ( 0.9330127018922194100, 0.9330127018922200800, 1.000000000000000000, 0.8660254037844387100, 1.000000000000000000, 0.8660254037844387100, 1.000000000000000000, 0.9330127018922187400, 0.9330127018922194100 ) ) 
 REPRESENTATION_ITEM ( '' )  );
#3298 = CARTESIAN_POINT ( 'NONE',  ( 1.694065894508600700E-017, 0.4099999999999999800, 0.0000000000000000000 ) ) ;
#3299 = CARTESIAN_POINT ( 'NONE',  ( -2.488022347825122400E-016, 0.07674999999999986000, -0.05344999999999999800 ) ) ;
#3300 = CARTESIAN_POINT ( 'NONE',  ( -0.03085937188818570900, 0.07570833333333319700, -0.05344999999999988000 ) ) ;
#3301 = CARTESIAN_POINT ( 'NONE',  ( -0.04628905783227833800, 0.07466666666666653400, -0.02672499999999983600 ) ) ;
#3302 = CARTESIAN_POINT ( 'NONE',  ( -0.05344999999999996300, 0.07418322748423136800, -0.01432188433544346800 ) ) ;
#3303 = DIRECTION ( 'NONE',  ( 1.000000000000000000, 2.449212707644754500E-016, 0.0000000000000000000 ) ) ;
#3304 = DIRECTION ( 'NONE',  ( 2.449212707644754500E-016, -1.000000000000000000, 0.0000000000000000000 ) ) ;
#3305 = FACE_OUTER_BOUND ( 'NONE', #2877, .T. ) ;
#3306 = CARTESIAN_POINT ( 'NONE',  ( -0.03085937188818551500, 0.01470833333333331300, -0.05344999999999997700 ) ) ;
#3307 = CARTESIAN_POINT ( 'NONE',  ( -0.04628905783227824800, 0.01366666666666665200, -0.02672499999999998500 ) ) ;
#3308 = CARTESIAN_POINT ( 'NONE',  ( -0.05345000000000000400, 0.01262499999999998700, 6.862466847627394900E-018 ) ) ;
#3309 = PLANE ( 'NONE',  #3315 ) ;
#3310 = CARTESIAN_POINT ( 'NONE',  ( -0.05345000000000000400, 0.01318322748423149000, -0.01432188433544349800 ) ) ;
#3311 = B_SPLINE_CURVE_WITH_KNOTS ( 'NONE', 3,
 ( #3351, #3342, #3352, #3344 ),
 .UNSPECIFIED., .F., .F.,
 ( 4, 4 ),
 ( 0.0003064892814216700500, 0.001170122457373340400 ),
 .UNSPECIFIED. ) ;
#3312 = DIRECTION ( 'NONE',  ( 0.1736481776669307200, 0.9848077530122080200, 0.0000000000000000000 ) ) ;
#3313 = DIRECTION ( 'NONE',  ( 0.9848077530122080200, -0.1736481776669307200, -1.844780678529793300E-016 ) ) ;
#3314 = CARTESIAN_POINT ( 'NONE',  ( 0.01100000000000000500, 0.4099999999999999800, -0.01099999999999999900 ) ) ;
#3315 = AXIS2_PLACEMENT_3D ( 'NONE', #3314, #3313, #3312 ) ;
#3316 = LINE ( 'NONE', #3328, #3327 ) ;
#3317 = DIRECTION ( 'NONE',  ( 0.0000000000000000000, 0.0000000000000000000, -1.000000000000000000 ) ) ;
#3318 = DIRECTION ( 'NONE',  ( 0.0000000000000000000, -1.000000000000000000, 0.0000000000000000000 ) ) ;
#3319 = CARTESIAN_POINT ( 'NONE',  ( -5.829187369293374200E-017, 0.4432048745074052600, 0.0000000000000000000 ) ) ;
#3320 = AXIS2_PLACEMENT_3D ( 'NONE', #3319, #3318, #3317 ) ;
#3321 = CIRCLE ( 'NONE', #3320, 0.05235491526669430700 ) ;
#3322 = CARTESIAN_POINT ( 'NONE',  ( 0.03085937188818547700, 0.01679166666666664600, -0.05345000000000000400 ) ) ;
#3323 = CARTESIAN_POINT ( 'NONE',  ( -6.545520961180605600E-018, 0.01574999999999997900, -0.05344999999999999800 ) ) ;
#3324 =( BOUNDED_CURVE ( )  B_SPLINE_CURVE ( 2, ( #3308, #3310, #3307, #3306, #3323, #3322, #3333, #3332, #3331 ),
 .UNSPECIFIED., .F., .T. ) 
 B_SPLINE_CURVE_WITH_KNOTS ( ( 3, 2, 2, 2, 3 ),
 ( 0.008620689655172413700, 0.01149425287356321800, 0.01724137931034482700, 0.02298850574712643600, 0.02586206896551724400 ),
 .UNSPECIFIED. ) 
 CURVE ( )  GEOMETRIC_REPRESENTATION_ITEM ( )  RATIONAL_B_SPLINE_CURVE ( ( 0.9330127018922194100, 0.9330127018922194100, 1.000000000000000000, 0.8660254037844387100, 1.000000000000000000, 0.8660254037844387100, 1.000000000000000000, 0.9330127018922193000, 0.9330127018922194100 ) ) 
 REPRESENTATION_ITEM ( '' )  );
#3325 = CARTESIAN_POINT ( 'NONE',  ( 0.01100000000000000500, 0.4099999999999999800, -0.01099999999999999900 ) ) ;
#3326 = DIRECTION ( 'NONE',  ( -1.000000000000000000, 0.0000000000000000000, 0.0000000000000000000 ) ) ;
#3327 = VECTOR ( 'NONE', #3326, 39.37007874015748100 ) ;
#3328 = CARTESIAN_POINT ( 'NONE',  ( 0.04518019477602992800, 0.4099999999999999800, -0.01099999999999999900 ) ) ;
#3329 = FACE_OUTER_BOUND ( 'NONE', #2891, .T. ) ;
#3330 = CARTESIAN_POINT ( 'NONE',  ( 0.0000000000000000000, 0.01499999999999999900, 0.05600000000000000800 ) ) ;
#3331 = CARTESIAN_POINT ( 'NONE',  ( 0.05344999999999999800, 0.01887499999999997900, 1.372493369525479100E-017 ) ) ;
#3332 = CARTESIAN_POINT ( 'NONE',  ( 0.05344999999999999800, 0.01831677251576847200, -0.01432188433544351000 ) ) ;
#3333 = CARTESIAN_POINT ( 'NONE',  ( 0.04628905783227823400, 0.01783333333333330900, -0.02672500000000002300 ) ) ;
#3334 = CARTESIAN_POINT ( 'NONE',  ( -0.04956762031745534600, 0.4432048745074146400, 0.01685491526669591000 ) ) ;
#3335 = DIRECTION ( 'NONE',  ( -0.1710878697460358500, -0.9702875252478139200, 0.1710878697460358800 ) ) ;
#3336 = VECTOR ( 'NONE', #3335, 39.37007874015748100 ) ;
#3337 = CARTESIAN_POINT ( 'NONE',  ( 0.01200049050387611200, 0.4156740636053327100, -0.01200049050387610100 ) ) ;
#3338 = LINE ( 'NONE', #3337, #3336 ) ;
#3339 = CARTESIAN_POINT ( 'NONE',  ( -0.05235491526669447400, 0.4432048745074052600, 6.411416188942611000E-018 ) ) ;
#3340 = CARTESIAN_POINT ( 'NONE',  ( -0.05345000000000001100, 0.05068322748423141600, -0.01432188433544342300 ) ) ;
#3341 = CARTESIAN_POINT ( 'NONE',  ( -0.05344999999999999800, 0.05012499999999992000, 0.0000000000000000000 ) ) ;
#3342 = CARTESIAN_POINT ( 'NONE',  ( 0.04816886156024013900, 0.4321285986382543100, -0.01490186898519283900 ) ) ;
#3343 =( BOUNDED_CURVE ( )  B_SPLINE_CURVE ( 2, ( #3341, #3340, #3353, #3349, #3348, #3347, #3346, #3345, #3350 ),
 .UNSPECIFIED., .F., .T. ) 
 B_SPLINE_CURVE_WITH_KNOTS ( ( 3, 2, 2, 2, 3 ),
 ( 0.1120689655172414000, 0.1149425287356321800, 0.1206896551724137800, 0.1264367816091954100, 0.1293103448275862400 ),
 .UNSPECIFIED. ) 
 CURVE ( )  GEOMETRIC_REPRESENTATION_ITEM ( )  RATIONAL_B_SPLINE_CURVE ( ( 0.9330127018922193000, 0.9330127018922196300, 1.000000000000000000, 0.8660254037844387100, 1.000000000000000000, 0.8660254037844387100, 1.000000000000000000, 0.9330127018922187400, 0.9330127018922194100 ) ) 
 REPRESENTATION_ITEM ( '' )  );
#3344 = CARTESIAN_POINT ( 'NONE',  ( 0.04518019477602992800, 0.4099999999999999800, -0.01100000000000000300 ) ) ;
#3345 = CARTESIAN_POINT ( 'NONE',  ( 0.05345000000000003900, 0.05581677251576839400, -0.01432188433544350300 ) ) ;
#3346 = CARTESIAN_POINT ( 'NONE',  ( 0.04628905783227819200, 0.05533333333333322800, -0.02672500000000009200 ) ) ;
#3347 = CARTESIAN_POINT ( 'NONE',  ( 0.03085937188818541800, 0.05429166666666655800, -0.05345000000000004600 ) ) ;
#3348 = CARTESIAN_POINT ( 'NONE',  ( -4.581864672826423700E-017, 0.05324999999999989500, -0.05344999999999999800 ) ) ;
#3349 = CARTESIAN_POINT ( 'NONE',  ( -0.03085937188818569500, 0.05220833333333322500, -0.05344999999999988000 ) ) ;
#3350 = CARTESIAN_POINT ( 'NONE',  ( 0.05345000000000000400, 0.05637499999999990400, 1.326743590541296700E-016 ) ) ;
#3351 = CARTESIAN_POINT ( 'NONE',  ( 0.04956762031745534000, 0.4432048745074145300, -0.01685491526669590000 ) ) ;
#3352 = CARTESIAN_POINT ( 'NONE',  ( 0.04671241177994674100, 0.4210591373645413100, -0.01295002430072974100 ) ) ;
#3353 = CARTESIAN_POINT ( 'NONE',  ( -0.04628905783227832400, 0.05116666666666656200, -0.02672499999999985000 ) ) ;
#3354 = CARTESIAN_POINT ( 'NONE',  ( 0.05344999999999999800, 0.04237499999999994700, 2.516237844130044700E-017 ) ) ;
#3355 = CARTESIAN_POINT ( 'NONE',  ( 0.05344999999999999800, 0.04181677251576844400, -0.01432188433544352700 ) ) ;
#3356 = CARTESIAN_POINT ( 'NONE',  ( -0.05345000000000000400, 0.03668322748423146600, -0.01432188433544346500 ) ) ;
#3357 = CARTESIAN_POINT ( 'NONE',  ( -0.05344999999999999800, 0.03612499999999996300, 1.944365606827762200E-017 ) ) ;
#3358 = CARTESIAN_POINT ( 'NONE',  ( 0.04628905783227819900, 0.04133333333333327800, -0.02672500000000007200 ) ) ;
#3359 = CARTESIAN_POINT ( 'NONE',  ( 0.03085937188818543800, 0.04029166666666661500, -0.05345000000000001100 ) ) ;
#3360 = CARTESIAN_POINT ( 'NONE',  ( -1.963656288354181800E-017, 0.03924999999999994500, -0.05344999999999999800 ) ) ;
#3361 = CARTESIAN_POINT ( 'NONE',  ( -0.03085937188818557400, 0.03820833333333328200, -0.05344999999999994200 ) ) ;
#3362 = CARTESIAN_POINT ( 'NONE',  ( -0.04628905783227826900, 0.03716666666666662600, -0.02672499999999995400 ) ) ;
#3363 =( BOUNDED_CURVE ( )  B_SPLINE_CURVE ( 2, ( #3357, #3356, #3362, #3361, #3360, #3359, #3358, #3355, #3354 ),
 .UNSPECIFIED., .F., .F. ) 
 B_SPLINE_CURVE_WITH_KNOTS ( ( 3, 2, 2, 2, 3 ),
 ( 0.04310344827586207200, 0.04597701149425287300, 0.05172413793103448200, 0.05747126436781609100, 0.06034482758620690600 ),
 .UNSPECIFIED. ) 
 CURVE ( )  GEOMETRIC_REPRESENTATION_ITEM ( )  RATIONAL_B_SPLINE_CURVE ( ( 0.9330127018922194100, 0.9330127018922194100, 1.000000000000000000, 0.8660254037844387100, 1.000000000000000000, 0.8660254037844387100, 1.000000000000000000, 0.9330127018922191900, 0.9330127018922194100 ) ) 
 REPRESENTATION_ITEM ( '' )  );
#3364 = DIRECTION ( 'NONE',  ( 0.0000000000000000000, 0.0000000000000000000, -1.000000000000000000 ) ) ;
#3365 = DIRECTION ( 'NONE',  ( 0.0000000000000000000, -1.000000000000000000, 0.0000000000000000000 ) ) ;
#3366 = CARTESIAN_POINT ( 'NONE',  ( -5.829187369293374200E-017, 0.4432048745074052600, 0.0000000000000000000 ) ) ;
#3367 = AXIS2_PLACEMENT_3D ( 'NONE', #3366, #3365, #3364 ) ;
#3368 = CIRCLE ( 'NONE', #3367, 0.05235491526669427300 ) ;
#3369 = FACE_OUTER_BOUND ( 'NONE', #2956, .T. ) ;
#3370 = DIRECTION ( 'NONE',  ( 1.644844082334424100E-013, -0.9072338509570872000, -0.4206266036255597000 ) ) ;
#3371 = AXIS2_PLACEMENT_3D ( 'NONE', #3378, #3377, #3376 ) ;
#3372 = DIRECTION ( 'NONE',  ( 0.0000000000000000000, -0.9072338509570867500, 0.4206266036255604800 ) ) ;
#3373 = CARTESIAN_POINT ( 'NONE',  ( 0.0000000000000000000, 0.02049999999999999400, 0.05344999999999999800 ) ) ;
#3374 = VECTOR ( 'NONE', #3372, 39.37007874015748900 ) ;
#3375 = LINE ( 'NONE', #3373, #3374 ) ;
#3376 = DIRECTION ( 'NONE',  ( 1.000000000000000000, 2.449212707644754500E-016, 0.0000000000000000000 ) ) ;
#3377 = DIRECTION ( 'NONE',  ( 2.449212707644754500E-016, -1.000000000000000000, 0.0000000000000000000 ) ) ;
#3378 = CARTESIAN_POINT ( 'NONE',  ( 0.0000000000000000000, 0.0000000000000000000, 0.0000000000000000000 ) ) ;
#3379 = CYLINDRICAL_SURFACE ( 'NONE', #3371, 0.05345000000000004600 ) ;
#3380 = VECTOR ( 'NONE', #3370, 39.37007874015748100 ) ;
#3381 = CARTESIAN_POINT ( 'NONE',  ( -2.090141599294520300E-014, 0.3595000000000000400, 0.05344999999999999800 ) ) ;
#3382 = LINE ( 'NONE', #3381, #3380 ) ;
#3383 = CARTESIAN_POINT ( 'NONE',  ( -0.05344999999999999800, 0.02306677251576848600, 0.01432188433544351200 ) ) ;
#3384 = FACE_OUTER_BOUND ( 'NONE', #3958, .T. ) ;
#3385 = CARTESIAN_POINT ( 'NONE',  ( -0.05345000000000000400, 0.02362499999999997900, 6.862466847627394900E-018 ) ) ;
#3386 = AXIS2_PLACEMENT_3D ( 'NONE', #3398, #3389, #3395 ) ;
#3387 = FACE_OUTER_BOUND ( 'NONE', #4015, .T. ) ;
#3388 = CYLINDRICAL_SURFACE ( 'NONE', #3386, 0.05345000000000004600 ) ;
#3389 = DIRECTION ( 'NONE',  ( 2.449212707644754500E-016, -1.000000000000000000, 0.0000000000000000000 ) ) ;
#3390 = DIRECTION ( 'NONE',  ( 1.000000000000000000, 2.449212707644754500E-016, 0.0000000000000000000 ) ) ;
#3391 = DIRECTION ( 'NONE',  ( 2.449212707644754500E-016, -1.000000000000000000, 0.0000000000000000000 ) ) ;
#3392 = CARTESIAN_POINT ( 'NONE',  ( 0.0000000000000000000, 0.0000000000000000000, 0.0000000000000000000 ) ) ;
#3393 = AXIS2_PLACEMENT_3D ( 'NONE', #3392, #3391, #3390 ) ;
#3394 = CYLINDRICAL_SURFACE ( 'NONE', #3393, 0.05345000000000004600 ) ;
#3395 = DIRECTION ( 'NONE',  ( 1.000000000000000000, 2.449212707644754500E-016, 0.0000000000000000000 ) ) ;
#3396 = CARTESIAN_POINT ( 'NONE',  ( -0.05345000000000000400, 0.02362499999999997900, 6.862466847627394900E-018 ) ) ;
#3397 = CARTESIAN_POINT ( 'NONE',  ( 0.0000000000000000000, 0.02049999999999999400, 0.05344999999999999800 ) ) ;
#3398 = CARTESIAN_POINT ( 'NONE',  ( 0.0000000000000000000, 0.0000000000000000000, 0.0000000000000000000 ) ) ;
#3399 =( BOUNDED_CURVE ( )  B_SPLINE_CURVE ( 2, ( #3406, #3405, #3404, #3408, #3407, #3403, #3402, #3401, #3400 ),
 .UNSPECIFIED., .F., .T. ) 
 B_SPLINE_CURVE_WITH_KNOTS ( ( 3, 2, 2, 2, 3 ),
 ( 0.9051724137931035400, 0.9080459770114942500, 0.9137931034482758000, 0.9195402298850574600, 0.9224137931034484000 ),
 .UNSPECIFIED. ) 
 CURVE ( )  GEOMETRIC_REPRESENTATION_ITEM ( )  RATIONAL_B_SPLINE_CURVE ( ( 0.9330127018922194100, 0.9330127018922219600, 1.000000000000000000, 0.8660254037844387100, 1.000000000000000000, 0.8660254037844387100, 1.000000000000000000, 0.9330127018922167400, 0.9330127018922194100 ) ) 
 REPRESENTATION_ITEM ( '' )  );
#3400 = CARTESIAN_POINT ( 'NONE',  ( 0.05344999999999996300, 0.3438749999999992600, 3.110984970924419600E-016 ) ) ;
#3401 = CARTESIAN_POINT ( 'NONE',  ( 0.05344999999999993500, 0.3433167725157677000, -0.01432188433544386700 ) ) ;
#3402 = CARTESIAN_POINT ( 'NONE',  ( 0.04628905783227756100, 0.3428333333333325500, -0.02672500000000118200 ) ) ;
#3403 = CARTESIAN_POINT ( 'NONE',  ( 0.03085937188818473100, 0.3417916666666658800, -0.05345000000000043500 ) ) ;
#3404 = CARTESIAN_POINT ( 'NONE',  ( -0.04628905783227847700, 0.3386666666666658900, -0.02672499999999958900 ) ) ;
#3405 = CARTESIAN_POINT ( 'NONE',  ( -0.05344999999999982400, 0.3381832274842308000, -0.01432188433544306000 ) ) ;
#3406 = CARTESIAN_POINT ( 'NONE',  ( -0.05344999999999996300, 0.3376249999999993400, -7.319964637469222400E-017 ) ) ;
#3407 = CARTESIAN_POINT ( 'NONE',  ( -1.676160433865779500E-015, 0.3407499999999992200, -0.05344999999999999800 ) ) ;
#3408 = CARTESIAN_POINT ( 'NONE',  ( -0.03085937188818656600, 0.3397083333333325600, -0.05344999999999937300 ) ) ;
#3409 = CARTESIAN_POINT ( 'NONE',  ( -0.04628905783227824100, 0.02258333333333332000, 0.02672500000000000200 ) ) ;
#3410 = CARTESIAN_POINT ( 'NONE',  ( -0.03085937188818549000, 0.02154166666666665700, 0.05345000000000000400 ) ) ;
#3411 =( BOUNDED_CURVE ( )  B_SPLINE_CURVE ( 2, ( #3412, #3410, #3409, #3383, #3385 ),
 .UNSPECIFIED., .F., .T. ) 
 B_SPLINE_CURVE_WITH_KNOTS ( ( 3, 2, 3 ),
 ( 0.0000000000000000000, 0.005747126436781609100, 0.008620689655172413700 ),
 .UNSPECIFIED. ) 
 CURVE ( )  GEOMETRIC_REPRESENTATION_ITEM ( )  RATIONAL_B_SPLINE_CURVE ( ( 1.000000000000000000, 0.8660254037844387100, 1.000000000000000000, 0.9330127018922194100, 0.9330127018922194100 ) ) 
 REPRESENTATION_ITEM ( '' )  );
#3412 = CARTESIAN_POINT ( 'NONE',  ( 0.0000000000000000000, 0.02049999999999999400, 0.05344999999999999800 ) ) ;
#3413 =( BOUNDED_CURVE ( )  B_SPLINE_CURVE ( 2, ( #3417, #3415, #3414, #3423, #3422, #3421, #3420, #3419, #3418 ),
 .UNSPECIFIED., .F., .T. ) 
 B_SPLINE_CURVE_WITH_KNOTS ( ( 3, 2, 2, 2, 3 ),
 ( 0.8017241379310345900, 0.8045977011494253000, 0.8103448275862068500, 0.8160919540229885100, 0.8189655172413794500 ),
 .UNSPECIFIED. ) 
 CURVE ( )  GEOMETRIC_REPRESENTATION_ITEM ( )  RATIONAL_B_SPLINE_CURVE ( ( 0.9330127018922194100, 0.9330127018922219600, 1.000000000000000000, 0.8660254037844387100, 1.000000000000000000, 0.8660254037844387100, 1.000000000000000000, 0.9330127018922154100, 0.9330127018922193000 ) ) 
 REPRESENTATION_ITEM ( '' )  );
#3414 = CARTESIAN_POINT ( 'NONE',  ( -0.04628905783227902500, 0.3011666666666659700, -0.02672499999999863500 ) ) ;
#3415 = CARTESIAN_POINT ( 'NONE',  ( -0.05345000000000011500, 0.3006832274842308700, -0.01432188433544277400 ) ) ;
#3416 = CARTESIAN_POINT ( 'NONE',  ( 0.03085937188818489000, 0.2027916666666662600, -0.05345000000000033800 ) ) ;
#3417 = CARTESIAN_POINT ( 'NONE',  ( -0.05345000000000015700, 0.3001249999999994200, -1.406805703763616400E-016 ) ) ;
#3418 = CARTESIAN_POINT ( 'NONE',  ( 0.05344999999999996300, 0.3063749999999994000, 4.655040011640582800E-016 ) ) ;
#3419 = CARTESIAN_POINT ( 'NONE',  ( 0.05345000000000018500, 0.3058167725157678300, -0.01432188433544400200 ) ) ;
#3420 = CARTESIAN_POINT ( 'NONE',  ( 0.04628905783227776900, 0.3053333333333326800, -0.02672500000000081800 ) ) ;
#3421 = CARTESIAN_POINT ( 'NONE',  ( 0.03085937188818515700, 0.3042916666666659600, -0.05345000000000018500 ) ) ;
#3422 = CARTESIAN_POINT ( 'NONE',  ( -1.257102215834922300E-015, 0.3032499999999993000, -0.05344999999999999800 ) ) ;
#3423 = CARTESIAN_POINT ( 'NONE',  ( -0.03085937188818614600, 0.3022083333333326300, -0.05344999999999962300 ) ) ;
#3424 = CARTESIAN_POINT ( 'NONE',  ( 0.03085937188818444300, 0.2652916666666660900, -0.05345000000000060100 ) ) ;
#3425 =( BOUNDED_CURVE ( )  B_SPLINE_CURVE ( 2, ( #3687, #3707, #3706, #3705, #3704, #3416, #3426, #3428, #3427 ),
 .UNSPECIFIED., .F., .F. ) 
 B_SPLINE_CURVE_WITH_KNOTS ( ( 3, 2, 2, 2, 3 ),
 ( 0.4913793103448276200, 0.4942528735632184000, 0.5000000000000000000, 0.5057471264367816600, 0.5086206896551724900 ),
 .UNSPECIFIED. ) 
 CURVE ( )  GEOMETRIC_REPRESENTATION_ITEM ( )  RATIONAL_B_SPLINE_CURVE ( ( 0.9330127018922194100, 0.9330127018922200800, 1.000000000000000000, 0.8660254037844387100, 1.000000000000000000, 0.8660254037844387100, 1.000000000000000000, 0.9330127018922180800, 0.9330127018922194100 ) ) 
 REPRESENTATION_ITEM ( '' )  );
#3426 = CARTESIAN_POINT ( 'NONE',  ( 0.04628905783227801900, 0.2038333333333329200, -0.02672500000000038400 ) ) ;
#3427 = CARTESIAN_POINT ( 'NONE',  ( 0.05345000000000005300, 0.2048749999999996100, 8.806832454455156300E-017 ) ) ;
#3428 = CARTESIAN_POINT ( 'NONE',  ( 0.05345000000000001800, 0.2043167725157680700, -0.01432188433544361200 ) ) ;
#3429 = CARTESIAN_POINT ( 'NONE',  ( 0.05344999999999996300, 0.2673749999999994700, 3.751481876702976400E-016 ) ) ;
#3430 = CARTESIAN_POINT ( 'NONE',  ( -0.05344999999999999800, 0.02512499999999996300, 1.944365606827762200E-017 ) ) ;
#3431 = CARTESIAN_POINT ( 'NONE',  ( -0.05344999999999999100, 0.02456677251576845600, 0.01432188433544354100 ) ) ;
#3432 = CARTESIAN_POINT ( 'NONE',  ( -0.04628905783227822700, 0.02408333333333329300, 0.02672500000000002700 ) ) ;
#3433 = CARTESIAN_POINT ( 'NONE',  ( -0.03085937188818544500, 0.02304166666666663400, 0.05345000000000001100 ) ) ;
#3434 = CARTESIAN_POINT ( 'NONE',  ( 1.309104192236121100E-017, 0.02199999999999996400, 0.05344999999999999800 ) ) ;
#3435 = CARTESIAN_POINT ( 'NONE',  ( 0.03085937188818552500, 0.02095833333333329800, 0.05344999999999997700 ) ) ;
#3436 = CARTESIAN_POINT ( 'NONE',  ( 0.04628905783227826900, 0.01991666666666663800, 0.02672499999999996400 ) ) ;
#3437 = CARTESIAN_POINT ( 'NONE',  ( 0.05345000000000000400, 0.01943322748423147900, 0.01432188433544349900 ) ) ;
#3438 = CARTESIAN_POINT ( 'NONE',  ( 0.05344999999999999800, 0.01887499999999997900, 1.372493369525479100E-017 ) ) ;
#3439 = CARTESIAN_POINT ( 'NONE',  ( 0.04628905783227779700, 0.2663333333333327600, -0.02672500000000076900 ) ) ;
#3440 =( BOUNDED_CURVE ( )  B_SPLINE_CURVE ( 2, ( #3438, #3437, #3436, #3435, #3434, #3433, #3432, #3431, #3430 ),
 .UNSPECIFIED., .F., .T. ) 
 B_SPLINE_CURVE_WITH_KNOTS ( ( 3, 2, 2, 2, 3 ),
 ( 0.02586206896551724400, 0.02873563218390804600, 0.03448275862068965500, 0.04022988505747126400, 0.04310344827586207200 ),
 .UNSPECIFIED. ) 
 CURVE ( )  GEOMETRIC_REPRESENTATION_ITEM ( )  RATIONAL_B_SPLINE_CURVE ( ( 0.9330127018922194100, 0.9330127018922194100, 1.000000000000000000, 0.8660254037844387100, 1.000000000000000000, 0.8660254037844387100, 1.000000000000000000, 0.9330127018922193000, 0.9330127018922194100 ) ) 
 REPRESENTATION_ITEM ( '' )  );
#3441 = CARTESIAN_POINT ( 'NONE',  ( 0.05345000000000006700, 0.2668167725157679600, -0.01432188433544380300 ) ) ;
#3442 = ORIENTED_EDGE ( 'NONE', *, *, #3443, .T. ) ;
#3443 = EDGE_CURVE ( 'NONE', #3496, #3577, #1086, .T. ) ;
#3444 = EDGE_CURVE ( 'NONE', #3495, #3445, #1100, .T. ) ;
#3445 = VERTEX_POINT ( 'NONE', #1101 ) ;
#3446 =( BOUNDED_CURVE ( )  B_SPLINE_CURVE ( 2, ( #3780, #3779, #3804, #3782, #3781, #3424, #3439, #3441, #3429 ),
 .UNSPECIFIED., .F., .T. ) 
 B_SPLINE_CURVE_WITH_KNOTS ( ( 3, 2, 2, 2, 3 ),
 ( 0.6637931034482759100, 0.6666666666666666300, 0.6724137931034482900, 0.6781609195402298300, 0.6810344827586207700 ),
 .UNSPECIFIED. ) 
 CURVE ( )  GEOMETRIC_REPRESENTATION_ITEM ( )  RATIONAL_B_SPLINE_CURVE ( ( 0.9330127018922194100, 0.9330127018922206300, 1.000000000000000000, 0.8660254037844387100, 1.000000000000000000, 0.8660254037844387100, 1.000000000000000000, 0.9330127018922167400, 0.9330127018922194100 ) ) 
 REPRESENTATION_ITEM ( '' )  );
#3447 = ORIENTED_EDGE ( 'NONE', *, *, #3448, .F. ) ;
#3448 = EDGE_CURVE ( 'NONE', #3498, #3451, #1099, .T. ) ;
#3449 = ORIENTED_EDGE ( 'NONE', *, *, #3457, .T. ) ;
#3450 = EDGE_CURVE ( 'NONE', #3451, #3508, #1166, .T. ) ;
#3451 = VERTEX_POINT ( 'NONE', #1154 ) ;
#3452 = EDGE_CURVE ( 'NONE', #3551, #3561, #1141, .T. ) ;
#3453 = ORIENTED_EDGE ( 'NONE', *, *, #3619, .F. ) ;
#3454 = VERTEX_POINT ( 'NONE', #1120 ) ;
#3455 = ADVANCED_FACE ( 'NONE', ( #1119 ), #1126, .T. ) ;
#3456 = EDGE_LOOP ( 'NONE', ( #3449, #3606, #3607, #3623 ) ) ;
#3457 = EDGE_CURVE ( 'NONE', #3612, #3624, #1118, .T. ) ;
#3458 = CYLINDRICAL_SURFACE ( 'NONE', #3541, 0.05345000000000004600 ) ;
#3459 = FACE_OUTER_BOUND ( 'NONE', #3930, .T. ) ;
#3460 = DIRECTION ( 'NONE',  ( 2.449212707644754500E-016, -1.000000000000000000, 0.0000000000000000000 ) ) ;
#3461 = VECTOR ( 'NONE', #3460, 39.37007874015748100 ) ;
#3462 = CARTESIAN_POINT ( 'NONE',  ( 0.05345000000000004600, 1.309104192236122500E-017, 0.0000000000000000000 ) ) ;
#3463 = LINE ( 'NONE', #3462, #3461 ) ;
#3464 = CARTESIAN_POINT ( 'NONE',  ( -0.05344999999999996300, 0.3361249999999993400, -5.215474804196821100E-016 ) ) ;
#3465 = CARTESIAN_POINT ( 'NONE',  ( -0.05344999999999999800, 0.3355667725157677700, 0.01432188433544365500 ) ) ;
#3466 = CARTESIAN_POINT ( 'NONE',  ( -0.04628905783227767200, 0.3350833333333326200, 0.02672500000000099800 ) ) ;
#3467 = CARTESIAN_POINT ( 'NONE',  ( -0.03085937188818494200, 0.3340416666666659600, 0.05345000000000030300 ) ) ;
#3468 = CARTESIAN_POINT ( 'NONE',  ( 1.466631324850350800E-015, 0.3329999999999993000, 0.05344999999999999800 ) ) ;
#3469 = CARTESIAN_POINT ( 'NONE',  ( 0.03085937188818636100, 0.3319583333333326300, 0.05344999999999949100 ) ) ;
#3470 = CARTESIAN_POINT ( 'NONE',  ( 0.04628905783227836600, 0.3309166666666659700, 0.02672499999999977300 ) ) ;
#3471 = CARTESIAN_POINT ( 'NONE',  ( 0.05344999999999976900, 0.3304332274842308700, 0.01432188433544326900 ) ) ;
#3472 = CARTESIAN_POINT ( 'NONE',  ( 0.05344999999999996300, 0.3298749999999993100, 2.836486297019323400E-016 ) ) ;
#3473 = VERTEX_POINT ( 'NONE', #1117 ) ;
#3474 = EDGE_CURVE ( 'NONE', #3473, #3508, #1115, .T. ) ;
#3475 = CARTESIAN_POINT ( 'NONE',  ( 0.05345000000000015700, 0.2923749999999994400, 3.488420647543926800E-016 ) ) ;
#3476 = CARTESIAN_POINT ( 'NONE',  ( -0.05344999999999996300, 0.2986249999999994700, 4.323354114005258800E-016 ) ) ;
#3477 = CARTESIAN_POINT ( 'NONE',  ( -0.05345000000000004600, -1.309104192236122500E-017, 6.545520961180612600E-018 ) ) ;
#3478 = LINE ( 'NONE', #3477, #3549 ) ;
#3479 = CARTESIAN_POINT ( 'NONE',  ( -0.03085937188818536200, 0.2965416666666660400, 0.05345000000000005300 ) ) ;
#3480 = CARTESIAN_POINT ( 'NONE',  ( 1.047573106819493700E-015, 0.2954999999999993700, 0.05344999999999999800 ) ) ;
#3481 = CARTESIAN_POINT ( 'NONE',  ( 0.03085937188818593800, 0.2944583333333327100, 0.05344999999999973400 ) ) ;
#3482 = CARTESIAN_POINT ( 'NONE',  ( 0.04628905783227892100, 0.2934166666666660500, 0.02672499999999881600 ) ) ;
#3483 = CARTESIAN_POINT ( 'NONE',  ( 0.05345000000000005300, 0.2929332274842309500, 0.01432188433544298100 ) ) ;
#3484 = CARTESIAN_POINT ( 'NONE',  ( 0.05345000000000015700, 0.2923749999999994400, 3.488420647543926800E-016 ) ) ;
#3485 = VERTEX_POINT ( 'NONE', #1111 ) ;
#3486 = VERTEX_POINT ( 'NONE', #1110 ) ;
#3488 = EDGE_CURVE ( 'NONE', #3495, #3486, #1151, .T. ) ;
#3487 = DIRECTION ( 'NONE',  ( 2.449212707644754500E-016, -1.000000000000000000, 0.0000000000000000000 ) ) ;
#3489 = VECTOR ( 'NONE', #3487, 39.37007874015748100 ) ;
#3490 = CARTESIAN_POINT ( 'NONE',  ( 0.05345000000000004600, 1.309104192236122500E-017, 0.0000000000000000000 ) ) ;
#3491 = LINE ( 'NONE', #3490, #3489 ) ;
#3492 = DIRECTION ( 'NONE',  ( 2.449212707644754500E-016, -1.000000000000000000, 0.0000000000000000000 ) ) ;
#3493 = ORIENTED_EDGE ( 'NONE', *, *, #3444, .T. ) ;
#3494 = VECTOR ( 'NONE', #3492, 39.37007874015748100 ) ;
#3495 = VERTEX_POINT ( 'NONE', #1147 ) ;
#3496 = VERTEX_POINT ( 'NONE', #1146 ) ;
#3497 = CARTESIAN_POINT ( 'NONE',  ( -0.05345000000000004600, -1.309104192236122500E-017, 6.545520961180612600E-018 ) ) ;
#3498 = VERTEX_POINT ( 'NONE', #1145 ) ;
#3499 = LINE ( 'NONE', #3497, #3494 ) ;
#3500 = DIRECTION ( 'NONE',  ( 2.449212707644754500E-016, -1.000000000000000000, 0.0000000000000000000 ) ) ;
#3501 = VECTOR ( 'NONE', #3500, 39.37007874015748100 ) ;
#3502 = CARTESIAN_POINT ( 'NONE',  ( -0.05345000000000004600, -1.309104192236122500E-017, 6.545520961180612600E-018 ) ) ;
#3503 = EDGE_LOOP ( 'NONE', ( #3442, #3627, #3453, #3563 ) ) ;
#3504 = ADVANCED_FACE ( 'NONE', ( #1144 ), #1142, .T. ) ;
#3505 = CARTESIAN_POINT ( 'NONE',  ( -0.05345000000000015700, 0.3001249999999994200, -1.406805703763616400E-016 ) ) ;
#3507 = ORIENTED_EDGE ( 'NONE', *, *, #3474, .T. ) ;
#3506 = CARTESIAN_POINT ( 'NONE',  ( -0.05345000000000019900, 0.2995667725157678500, 0.01432188433544368300 ) ) ;
#3508 = VERTEX_POINT ( 'NONE', #1138 ) ;
#3509 = CARTESIAN_POINT ( 'NONE',  ( -0.04628905783227806000, 0.2990833333333327000, 0.02672500000000031400 ) ) ;
#3510 = ORIENTED_EDGE ( 'NONE', *, *, #3450, .F. ) ;
#3511 = CARTESIAN_POINT ( 'NONE',  ( -0.03085937188818421000, 0.2980416666666660400, 0.05345000000000073300 ) ) ;
#3512 = CARTESIAN_POINT ( 'NONE',  ( 6.808790564780813900E-016, 0.2969999999999993800, 0.05344999999999999800 ) ) ;
#3513 = CARTESIAN_POINT ( 'NONE',  ( 0.03085937188818708600, 0.2959583333333327100, 0.05344999999999907500 ) ) ;
#3514 = CARTESIAN_POINT ( 'NONE',  ( 0.04628905783227873400, 0.2949166666666660500, 0.02672499999999913500 ) ) ;
#3515 = CARTESIAN_POINT ( 'NONE',  ( 0.05344999999999997000, 0.2944332274842309500, 0.01432188433544335000 ) ) ;
#3516 = CARTESIAN_POINT ( 'NONE',  ( 0.05344999999999996300, 0.2938749999999993900, 3.637107429242520200E-016 ) ) ;
#3517 = LINE ( 'NONE', #3502, #3501 ) ;
#3518 = CARTESIAN_POINT ( 'NONE',  ( 0.05345000000000016400, 0.3423749999999993200, -2.607737402098410100E-016 ) ) ;
#3519 =( BOUNDED_CURVE ( )  B_SPLINE_CURVE ( 2, ( #3516, #3515, #3514, #3513, #3512, #3511, #3509, #3506, #3505 ),
 .UNSPECIFIED., .F., .T. ) 
 B_SPLINE_CURVE_WITH_KNOTS ( ( 3, 2, 2, 2, 3 ),
 ( 0.7844827586206897200, 0.7873563218390804400, 0.7931034482758621000, 0.7988505747126436500, 0.8017241379310345900 ),
 .UNSPECIFIED. ) 
 CURVE ( )  GEOMETRIC_REPRESENTATION_ITEM ( )  RATIONAL_B_SPLINE_CURVE ( ( 0.9330127018922194100, 0.9330127018922219600, 1.000000000000000000, 0.8660254037844387100, 1.000000000000000000, 0.8660254037844387100, 1.000000000000000000, 0.9330127018922167400, 0.9330127018922194100 ) ) 
 REPRESENTATION_ITEM ( '' )  );
#3520 = CARTESIAN_POINT ( 'NONE',  ( -0.05345000000000015700, 0.3001249999999994200, -1.406805703763616400E-016 ) ) ;
#3521 = CARTESIAN_POINT ( 'NONE',  ( -0.05344999999999996300, 0.3376249999999993400, -7.319964637469222400E-017 ) ) ;
#3522 = CARTESIAN_POINT ( 'NONE',  ( -0.05345000000000008800, 0.3370667725157678300, 0.01432188433544410500 ) ) ;
#3523 = CARTESIAN_POINT ( 'NONE',  ( 0.05344999999999999800, 0.01887499999999997900, 1.372493369525479100E-017 ) ) ;
#3524 =( BOUNDED_CURVE ( )  B_SPLINE_CURVE ( 2, ( #3472, #3471, #3470, #3469, #3468, #3467, #3466, #3465, #3464 ),
 .UNSPECIFIED., .F., .T. ) 
 B_SPLINE_CURVE_WITH_KNOTS ( ( 3, 2, 2, 2, 3 ),
 ( 0.8534482758620690600, 0.8563218390804597800, 0.8620689655172413300, 0.8678160919540229800, 0.8706896551724139200 ),
 .UNSPECIFIED. ) 
 CURVE ( )  GEOMETRIC_REPRESENTATION_ITEM ( )  RATIONAL_B_SPLINE_CURVE ( ( 0.9330127018922194100, 0.9330127018922219600, 1.000000000000000000, 0.8660254037844387100, 1.000000000000000000, 0.8660254037844387100, 1.000000000000000000, 0.9330127018922167400, 0.9330127018922194100 ) ) 
 REPRESENTATION_ITEM ( '' )  );
#3525 = CARTESIAN_POINT ( 'NONE',  ( -0.05344999999999996300, 0.2986249999999994700, 4.323354114005258800E-016 ) ) ;
#3526 = CARTESIAN_POINT ( 'NONE',  ( -0.05344999999999995600, 0.2980667725157678500, 0.01432188433544430800 ) ) ;
#3527 = CARTESIAN_POINT ( 'NONE',  ( -0.04628905783227787300, 0.2975833333333327000, 0.02672500000000063400 ) ) ;
#3528 = CARTESIAN_POINT ( 'NONE',  ( -0.04628905783227784500, 0.3365833333333325700, 0.02672500000000068200 ) ) ;
#3529 = CARTESIAN_POINT ( 'NONE',  ( -0.03085937188818379000, 0.3355416666666658500, 0.05345000000000097600 ) ) ;
#3530 = CARTESIAN_POINT ( 'NONE',  ( 1.099937274508938600E-015, 0.3344999999999992400, 0.05344999999999999800 ) ) ;
#3531 = CARTESIAN_POINT ( 'NONE',  ( 0.03085937188818599400, 0.3334583333333325800, 0.05344999999999969900 ) ) ;
#3532 = CARTESIAN_POINT ( 'NONE',  ( 0.04628905783227894900, 0.3324166666666659200, 0.02672499999999877400 ) ) ;
#3533 = CARTESIAN_POINT ( 'NONE',  ( 0.05345000000000022600, 0.3319332274842307600, 0.01432188433544267200 ) ) ;
#3534 = CARTESIAN_POINT ( 'NONE',  ( 0.05345000000000016400, 0.3313749999999993600, -2.607737402098409600E-016 ) ) ;
#3535 = CARTESIAN_POINT ( 'NONE',  ( 0.05344999999999996300, 0.2938749999999993900, 3.637107429242520200E-016 ) ) ;
#3536 = CARTESIAN_POINT ( 'NONE',  ( -0.05344999999999996300, 0.3361249999999993400, -5.215474804196821100E-016 ) ) ;
#3537 =( BOUNDED_CURVE ( )  B_SPLINE_CURVE ( 2, ( #3534, #3533, #3532, #3531, #3530, #3529, #3528, #3522, #3521 ),
 .UNSPECIFIED., .F., .T. ) 
 B_SPLINE_CURVE_WITH_KNOTS ( ( 3, 2, 2, 2, 3 ),
 ( 0.8879310344827586700, 0.8908045977011493900, 0.8965517241379310500, 0.9022988505747126000, 0.9051724137931035400 ),
 .UNSPECIFIED. ) 
 CURVE ( )  GEOMETRIC_REPRESENTATION_ITEM ( )  RATIONAL_B_SPLINE_CURVE ( ( 0.9330127018922194100, 0.9330127018922206300, 1.000000000000000000, 0.8660254037844387100, 1.000000000000000000, 0.8660254037844387100, 1.000000000000000000, 0.9330127018922167400, 0.9330127018922194100 ) ) 
 REPRESENTATION_ITEM ( '' )  );
#3538 = DIRECTION ( 'NONE',  ( 1.000000000000000000, 2.449212707644754500E-016, 0.0000000000000000000 ) ) ;
#3539 = DIRECTION ( 'NONE',  ( 2.449212707644754500E-016, -1.000000000000000000, 0.0000000000000000000 ) ) ;
#3540 = CARTESIAN_POINT ( 'NONE',  ( 0.0000000000000000000, 0.0000000000000000000, 0.0000000000000000000 ) ) ;
#3541 = AXIS2_PLACEMENT_3D ( 'NONE', #3540, #3539, #3538 ) ;
#3542 = ORIENTED_EDGE ( 'NONE', *, *, #3488, .F. ) ;
#3543 = ORIENTED_EDGE ( 'NONE', *, *, #3544, .F. ) ;
#3544 = EDGE_CURVE ( 'NONE', #2608, #3581, #1134, .T. ) ;
#3545 = FACE_OUTER_BOUND ( 'NONE', #2637, .T. ) ;
#3546 = CARTESIAN_POINT ( 'NONE',  ( 0.05344999999999996300, 0.3298749999999993100, 2.836486297019323400E-016 ) ) ;
#3547 =( BOUNDED_CURVE ( )  B_SPLINE_CURVE ( 2, ( #3484, #3483, #3482, #3481, #3480, #3479, #3527, #3526, #3525 ),
 .UNSPECIFIED., .F., .T. ) 
 B_SPLINE_CURVE_WITH_KNOTS ( ( 3, 2, 2, 2, 3 ),
 ( 0.7500000000000001100, 0.7528735632183908300, 0.7586206896551723800, 0.7643678160919540300, 0.7672413793103448600 ),
 .UNSPECIFIED. ) 
 CURVE ( )  GEOMETRIC_REPRESENTATION_ITEM ( )  RATIONAL_B_SPLINE_CURVE ( ( 0.9330127018922194100, 0.9330127018922219600, 1.000000000000000000, 0.8660254037844387100, 1.000000000000000000, 0.8660254037844387100, 1.000000000000000000, 0.9330127018922180800, 0.9330127018922194100 ) ) 
 REPRESENTATION_ITEM ( '' )  );
#3548 = DIRECTION ( 'NONE',  ( 2.449212707644754500E-016, -1.000000000000000000, 0.0000000000000000000 ) ) ;
#3549 = VECTOR ( 'NONE', #3548, 39.37007874015748100 ) ;
#3550 = EDGE_CURVE ( 'NONE', #3551, #3552, #1214, .T. ) ;
#3551 = VERTEX_POINT ( 'NONE', #1229 ) ;
#3552 = VERTEX_POINT ( 'NONE', #1213 ) ;
#3553 = CYLINDRICAL_SURFACE ( 'NONE', #3558, 0.05345000000000004600 ) ;
#3554 = CARTESIAN_POINT ( 'NONE',  ( -0.05344999999999993500, 0.2486249999999994600, 5.238349693688912300E-016 ) ) ;
#3555 = DIRECTION ( 'NONE',  ( 1.000000000000000000, 2.449212707644754500E-016, 0.0000000000000000000 ) ) ;
#3556 = DIRECTION ( 'NONE',  ( 2.449212707644754500E-016, -1.000000000000000000, 0.0000000000000000000 ) ) ;
#3557 = CARTESIAN_POINT ( 'NONE',  ( 0.0000000000000000000, 0.0000000000000000000, 0.0000000000000000000 ) ) ;
#3558 = AXIS2_PLACEMENT_3D ( 'NONE', #3557, #3556, #3555 ) ;
#3559 = EDGE_LOOP ( 'NONE', ( #3609, #3625, #3578, #3571 ) ) ;
#3560 = VERTEX_POINT ( 'NONE', #1196 ) ;
#3561 = VERTEX_POINT ( 'NONE', #1203 ) ;
#3562 = ORIENTED_EDGE ( 'NONE', *, *, #3452, .F. ) ;
#3563 = ORIENTED_EDGE ( 'NONE', *, *, #3565, .F. ) ;
#3564 = ORIENTED_EDGE ( 'NONE', *, *, #3550, .T. ) ;
#3565 = EDGE_CURVE ( 'NONE', #3496, #3454, #1236, .T. ) ;
#3566 = ADVANCED_FACE ( 'NONE', ( #1238 ), #1258, .T. ) ;
#3567 = EDGE_LOOP ( 'NONE', ( #3568, #3507, #3510, #3447 ) ) ;
#3568 = ORIENTED_EDGE ( 'NONE', *, *, #3570, .T. ) ;
#3569 = ORIENTED_EDGE ( 'NONE', *, *, #3574, .T. ) ;
#3570 = EDGE_CURVE ( 'NONE', #3498, #3473, #1228, .T. ) ;
#3571 = ORIENTED_EDGE ( 'NONE', *, *, #3572, .F. ) ;
#3572 = EDGE_CURVE ( 'NONE', #3588, #3560, #1184, .T. ) ;
#3573 = ORIENTED_EDGE ( 'NONE', *, *, #3579, .F. ) ;
#3574 = EDGE_CURVE ( 'NONE', #3552, #3485, #1243, .T. ) ;
#3575 = ADVANCED_FACE ( 'NONE', ( #1211 ), #1209, .T. ) ;
#3576 = EDGE_LOOP ( 'NONE', ( #3493, #3909, #3601, #3542 ) ) ;
#3577 = VERTEX_POINT ( 'NONE', #1200 ) ;
#3578 = ORIENTED_EDGE ( 'NONE', *, *, #3589, .F. ) ;
#3579 = EDGE_CURVE ( 'NONE', #3561, #3485, #1265, .T. ) ;
#3580 = EDGE_CURVE ( 'NONE', #3581, #2613, #1187, .T. ) ;
#3581 = VERTEX_POINT ( 'NONE', #1188 ) ;
#3582 = VERTEX_POINT ( 'NONE', #1186 ) ;
#3583 = EDGE_LOOP ( 'NONE', ( #3590, #3602, #3597, #3592 ) ) ;
#3584 = ADVANCED_FACE ( 'NONE', ( #1195 ), #1192, .T. ) ;
#3585 = VERTEX_POINT ( 'NONE', #1193 ) ;
#3586 = EDGE_CURVE ( 'NONE', #3587, #3596, #1215, .T. ) ;
#3587 = VERTEX_POINT ( 'NONE', #1216 ) ;
#3588 = VERTEX_POINT ( 'NONE', #1218 ) ;
#3589 = EDGE_CURVE ( 'NONE', #3560, #3615, #1264, .T. ) ;
#3590 = ORIENTED_EDGE ( 'NONE', *, *, #3598, .T. ) ;
#3591 = VERTEX_POINT ( 'NONE', #1217 ) ;
#3592 = ORIENTED_EDGE ( 'NONE', *, *, #3593, .F. ) ;
#3593 = EDGE_CURVE ( 'NONE', #3591, #3587, #1262, .T. ) ;
#3594 = EDGE_CURVE ( 'NONE', #3588, #3585, #1277, .T. ) ;
#3595 = EDGE_CURVE ( 'NONE', #3582, #3596, #1278, .T. ) ;
#3596 = VERTEX_POINT ( 'NONE', #1304 ) ;
#3597 = ORIENTED_EDGE ( 'NONE', *, *, #3586, .F. ) ;
#3598 = EDGE_CURVE ( 'NONE', #3591, #3582, #1321, .T. ) ;
#3599 = EDGE_LOOP ( 'NONE', ( #3564, #3569, #3573, #3562 ) ) ;
#3600 = EDGE_CURVE ( 'NONE', #3585, #3615, #1284, .T. ) ;
#3601 = ORIENTED_EDGE ( 'NONE', *, *, #3626, .F. ) ;
#3602 = ORIENTED_EDGE ( 'NONE', *, *, #3595, .T. ) ;
#3603 = ORIENTED_EDGE ( 'NONE', *, *, #3604, .T. ) ;
#3604 = EDGE_CURVE ( 'NONE', #3642, #3620, #1295, .T. ) ;
#3605 = EDGE_CURVE ( 'NONE', #3624, #3610, #1327, .T. ) ;
#3606 = ORIENTED_EDGE ( 'NONE', *, *, #3605, .T. ) ;
#3607 = ORIENTED_EDGE ( 'NONE', *, *, #2483, .F. ) ;
#3608 = EDGE_LOOP ( 'NONE', ( #3603, #3621, #3649, #3629 ) ) ;
#3609 = ORIENTED_EDGE ( 'NONE', *, *, #3594, .T. ) ;
#3610 = VERTEX_POINT ( 'NONE', #1323 ) ;
#3611 = ADVANCED_FACE ( 'NONE', ( #1322 ), #1311, .T. ) ;
#3612 = VERTEX_POINT ( 'NONE', #1306 ) ;
#3613 = EDGE_CURVE ( 'NONE', #3577, #3614, #1312, .T. ) ;
#3614 = VERTEX_POINT ( 'NONE', #1330 ) ;
#3615 = VERTEX_POINT ( 'NONE', #1329 ) ;
#3616 = VERTEX_POINT ( 'NONE', #1328 ) ;
#3617 = EDGE_CURVE ( 'NONE', #3445, #3910, #1303, .T. ) ;
#3618 = ADVANCED_FACE ( 'NONE', ( #1299 ), #1298, .T. ) ;
#3619 = EDGE_CURVE ( 'NONE', #3454, #3614, #1358, .T. ) ;
#3620 = VERTEX_POINT ( 'NONE', #1359 ) ;
#3621 = ORIENTED_EDGE ( 'NONE', *, *, #3645, .T. ) ;
#3622 = ADVANCED_FACE ( 'NONE', ( #1344 ), #1343, .T. ) ;
#3623 = ORIENTED_EDGE ( 'NONE', *, *, #3636, .F. ) ;
#3624 = VERTEX_POINT ( 'NONE', #1353 ) ;
#3625 = ORIENTED_EDGE ( 'NONE', *, *, #3600, .T. ) ;
#3626 = EDGE_CURVE ( 'NONE', #3486, #3910, #1272, .T. ) ;
#3627 = ORIENTED_EDGE ( 'NONE', *, *, #3613, .T. ) ;
#3628 = ORIENTED_EDGE ( 'NONE', *, *, #3643, .T. ) ;
#3629 = ORIENTED_EDGE ( 'NONE', *, *, #3632, .F. ) ;
#3630 = VERTEX_POINT ( 'NONE', #1376 ) ;
#3631 = EDGE_LOOP ( 'NONE', ( #3647, #3637, #3691, #3634 ) ) ;
#3632 = EDGE_CURVE ( 'NONE', #3642, #3644, #1370, .T. ) ;
#3633 = VERTEX_POINT ( 'NONE', #1371 ) ;
#3634 = ORIENTED_EDGE ( 'NONE', *, *, #3635, .F. ) ;
#3635 = EDGE_CURVE ( 'NONE', #3653, #3685, #1375, .T. ) ;
#3636 = EDGE_CURVE ( 'NONE', #3612, #3616, #1271, .T. ) ;
#3637 = ORIENTED_EDGE ( 'NONE', *, *, #3651, .T. ) ;
#3638 = VERTEX_POINT ( 'NONE', #1512 ) ;
#3639 = EDGE_CURVE ( 'NONE', #3640, #3638, #1515, .T. ) ;
#3640 = VERTEX_POINT ( 'NONE', #1493 ) ;
#3641 = EDGE_CURVE ( 'NONE', #3644, #3633, #1380, .T. ) ;
#3642 = VERTEX_POINT ( 'NONE', #1720 ) ;
#3643 = EDGE_CURVE ( 'NONE', #3646, #3640, #1669, .T. ) ;
#3644 = VERTEX_POINT ( 'NONE', #1668 ) ;
#3645 = EDGE_CURVE ( 'NONE', #3620, #3633, #1723, .T. ) ;
#3646 = VERTEX_POINT ( 'NONE', #1721 ) ;
#3647 = ORIENTED_EDGE ( 'NONE', *, *, #3652, .T. ) ;
#3648 = ORIENTED_EDGE ( 'NONE', *, *, #3654, .F. ) ;
#3649 = ORIENTED_EDGE ( 'NONE', *, *, #3641, .F. ) ;
#3650 = VERTEX_POINT ( 'NONE', #1674 ) ;
#3651 = EDGE_CURVE ( 'NONE', #3650, #3711, #1673, .T. ) ;
#3652 = EDGE_CURVE ( 'NONE', #3653, #3650, #1712, .T. ) ;
#3653 = VERTEX_POINT ( 'NONE', #1711 ) ;
#3654 = EDGE_CURVE ( 'NONE', #3646, #3630, #1665, .T. ) ;
#3655 = ORIENTED_EDGE ( 'NONE', *, *, #3812, .T. ) ;
#3656 = ORIENTED_EDGE ( 'NONE', *, *, #3657, .T. ) ;
#3657 = EDGE_CURVE ( 'NONE', #3658, #3673, #1685, .T. ) ;
#3658 = VERTEX_POINT ( 'NONE', #1686 ) ;
#3659 = EDGE_LOOP ( 'NONE', ( #3656, #3660, #3662, #3678 ) ) ;
#3660 = ORIENTED_EDGE ( 'NONE', *, *, #3674, .T. ) ;
#3661 = VERTEX_POINT ( 'NONE', #1684 ) ;
#3662 = ORIENTED_EDGE ( 'NONE', *, *, #3667, .F. ) ;
#3663 = ADVANCED_FACE ( 'NONE', ( #1707 ), #1705, .T. ) ;
#3664 = VERTEX_POINT ( 'NONE', #1701 ) ;
#3665 = ORIENTED_EDGE ( 'NONE', *, *, #3666, .F. ) ;
#3666 = EDGE_CURVE ( 'NONE', #3702, #3671, #1700, .T. ) ;
#3667 = EDGE_CURVE ( 'NONE', #3668, #3661, #1696, .T. ) ;
#3668 = VERTEX_POINT ( 'NONE', #1695 ) ;
#3669 = ORIENTED_EDGE ( 'NONE', *, *, #3670, .F. ) ;
#3670 = EDGE_CURVE ( 'NONE', #3671, #3693, #1378, .T. ) ;
#3671 = VERTEX_POINT ( 'NONE', #1735 ) ;
#3672 = EDGE_CURVE ( 'NONE', #3677, #3664, #1732, .T. ) ;
#3673 = VERTEX_POINT ( 'NONE', #1736 ) ;
#3674 = EDGE_CURVE ( 'NONE', #3673, #3661, #1740, .T. ) ;
#3675 = ORIENTED_EDGE ( 'NONE', *, *, #3682, .F. ) ;
#3676 = ORIENTED_EDGE ( 'NONE', *, *, #3672, .F. ) ;
#3677 = VERTEX_POINT ( 'NONE', #1767 ) ;
#3678 = ORIENTED_EDGE ( 'NONE', *, *, #3679, .F. ) ;
#3679 = EDGE_CURVE ( 'NONE', #3658, #3668, #1751, .T. ) ;
#3680 = ADVANCED_FACE ( 'NONE', ( #1766 ), #1749, .T. ) ;
#3681 = EDGE_LOOP ( 'NONE', ( #3655, #3832, #3809, #3721 ) ) ;
#3682 = EDGE_CURVE ( 'NONE', #3630, #3638, #1765, .T. ) ;
#3683 = EDGE_LOOP ( 'NONE', ( #3701, #3692, #3669, #3665 ) ) ;
#3684 = EDGE_CURVE ( 'NONE', #3703, #3693, #1773, .T. ) ;
#3685 = VERTEX_POINT ( 'NONE', #1818 ) ;
#3686 = ADVANCED_FACE ( 'NONE', ( #1770 ), #1769, .T. ) ;
#3687 = CARTESIAN_POINT ( 'NONE',  ( -0.05344999999999996300, 0.1986249999999995500, 1.944365606827762300E-016 ) ) ;
#3688 = ORIENTED_EDGE ( 'NONE', *, *, #3689, .F. ) ;
#3689 = EDGE_CURVE ( 'NONE', #3726, #3677, #1853, .T. ) ;
#3690 = EDGE_LOOP ( 'NONE', ( #3628, #3729, #3675, #3648 ) ) ;
#3691 = ORIENTED_EDGE ( 'NONE', *, *, #3700, .F. ) ;
#3692 = ORIENTED_EDGE ( 'NONE', *, *, #3684, .T. ) ;
#3693 = VERTEX_POINT ( 'NONE', #1886 ) ;
#3694 = ADVANCED_FACE ( 'NONE', ( #1854 ), #1837, .T. ) ;
#3695 = DIRECTION ( 'NONE',  ( 1.000000000000000000, 2.449212707644754500E-016, 0.0000000000000000000 ) ) ;
#3696 = DIRECTION ( 'NONE',  ( 2.449212707644754500E-016, -1.000000000000000000, 0.0000000000000000000 ) ) ;
#3697 = CARTESIAN_POINT ( 'NONE',  ( 0.0000000000000000000, 0.009499999999999994600, 0.05344999999999999800 ) ) ;
#3698 = AXIS2_PLACEMENT_3D ( 'NONE', #3710, #3696, #3695 ) ;
#3699 = CYLINDRICAL_SURFACE ( 'NONE', #3698, 0.05345000000000004600 ) ;
#3700 = EDGE_CURVE ( 'NONE', #3685, #3711, #1905, .T. ) ;
#3701 = ORIENTED_EDGE ( 'NONE', *, *, #3709, .T. ) ;
#3702 = VERTEX_POINT ( 'NONE', #1904 ) ;
#3703 = VERTEX_POINT ( 'NONE', #1903 ) ;
#3704 = CARTESIAN_POINT ( 'NONE',  ( -7.594977462698978600E-016, 0.2017499999999996000, -0.05344999999999999800 ) ) ;
#3705 = CARTESIAN_POINT ( 'NONE',  ( -0.03085937188818564300, 0.2007083333333329100, -0.05344999999999990000 ) ) ;
#3706 = CARTESIAN_POINT ( 'NONE',  ( -0.04628905783227840000, 0.1996666666666662400, -0.02672499999999972500 ) ) ;
#3707 = CARTESIAN_POINT ( 'NONE',  ( -0.05344999999999999800, 0.1991832274842310600, -0.01432188433544323700 ) ) ;
#3708 = ADVANCED_FACE ( 'NONE', ( #1902 ), #1900, .T. ) ;
#3709 = EDGE_CURVE ( 'NONE', #3702, #3703, #2251, .T. ) ;
#3710 = CARTESIAN_POINT ( 'NONE',  ( 0.0000000000000000000, 0.0000000000000000000, 0.0000000000000000000 ) ) ;
#3711 = VERTEX_POINT ( 'NONE', #2250 ) ;
#3712 = ORIENTED_EDGE ( 'NONE', *, *, #3713, .T. ) ;
#3713 = EDGE_CURVE ( 'NONE', #3736, #3664, #2218, .T. ) ;
#3714 = FACE_OUTER_BOUND ( 'NONE', #3903, .T. ) ;
#3715 = EDGE_LOOP ( 'NONE', ( #3716, #3712, #3676, #3688 ) ) ;
#3716 = ORIENTED_EDGE ( 'NONE', *, *, #3725, .T. ) ;
#3717 = EDGE_CURVE ( 'NONE', #3723, #3720, #2214, .T. ) ;
#3718 = ADVANCED_FACE ( 'NONE', ( #2248 ), #2247, .T. ) ;
#3719 = ADVANCED_FACE ( 'NONE', ( #2246 ), #2224, .T. ) ;
#3720 = VERTEX_POINT ( 'NONE', #2223 ) ;
#3721 = ORIENTED_EDGE ( 'NONE', *, *, #3738, .F. ) ;
#3722 = EDGE_CURVE ( 'NONE', #3790, #3737, #2311, .T. ) ;
#3723 = VERTEX_POINT ( 'NONE', #2307 ) ;
#3724 = ORIENTED_EDGE ( 'NONE', *, *, #3717, .T. ) ;
#3725 = EDGE_CURVE ( 'NONE', #3726, #3736, #2305, .T. ) ;
#3726 = VERTEX_POINT ( 'NONE', #2306 ) ;
#3727 = EDGE_LOOP ( 'NONE', ( #3754, #3761, #3759, #3777 ) ) ;
#3728 = VERTEX_POINT ( 'NONE', #2295 ) ;
#3729 = ORIENTED_EDGE ( 'NONE', *, *, #3639, .T. ) ;
#3730 = ADVANCED_FACE ( 'NONE', ( #2294 ), #2292, .T. ) ;
#3731 = EDGE_LOOP ( 'NONE', ( #3732, #3794, #3791, #3836 ) ) ;
#3732 = ORIENTED_EDGE ( 'NONE', *, *, #3733, .T. ) ;
#3733 = EDGE_CURVE ( 'NONE', #3734, #3793, #2269, .T. ) ;
#3734 = VERTEX_POINT ( 'NONE', #2288 ) ;
#3735 = VERTEX_POINT ( 'NONE', #2259 ) ;
#3736 = VERTEX_POINT ( 'NONE', #2258 ) ;
#3737 = VERTEX_POINT ( 'NONE', #2257 ) ;
#3738 = EDGE_CURVE ( 'NONE', #3728, #3792, #2256, .T. ) ;
#3739 = ORIENTED_EDGE ( 'NONE', *, *, #3740, .T. ) ;
#3740 = EDGE_CURVE ( 'NONE', #3735, #3723, #2328, .T. ) ;
#3741 = VERTEX_POINT ( 'NONE', #2327 ) ;
#3742 = VERTEX_POINT ( 'NONE', #2368 ) ;
#3743 = ORIENTED_EDGE ( 'NONE', *, *, #3753, .F. ) ;
#3744 = VERTEX_POINT ( 'NONE', #2367 ) ;
#3745 = ORIENTED_EDGE ( 'NONE', *, *, #3746, .F. ) ;
#3746 = EDGE_CURVE ( 'NONE', #3819, #3744, #2366, .T. ) ;
#3747 = ADVANCED_FACE ( 'NONE', ( #2362 ), #2361, .T. ) ;
#3748 = EDGE_LOOP ( 'NONE', ( #3739, #3724, #3766, #3771 ) ) ;
#3749 = EDGE_CURVE ( 'NONE', #3750, #3751, #2356, .T. ) ;
#3750 = VERTEX_POINT ( 'NONE', #2355 ) ;
#3751 = VERTEX_POINT ( 'NONE', #2354 ) ;
#3752 = ORIENTED_EDGE ( 'NONE', *, *, #3763, .T. ) ;
#3753 = EDGE_CURVE ( 'NONE', #3784, #3765, #2344, .T. ) ;
#3754 = ORIENTED_EDGE ( 'NONE', *, *, #3755, .T. ) ;
#3755 = EDGE_CURVE ( 'NONE', #3741, #3742, #2340, .T. ) ;
#3756 = ORIENTED_EDGE ( 'NONE', *, *, #3757, .F. ) ;
#3757 = EDGE_CURVE ( 'NONE', #3744, #3814, #2330, .T. ) ;
#3758 = ORIENTED_EDGE ( 'NONE', *, *, #4027, .F. ) ;
#3759 = ORIENTED_EDGE ( 'NONE', *, *, #3775, .F. ) ;
#3760 = EDGE_CURVE ( 'NONE', #3765, #3789, #2203, .T. ) ;
#3761 = ORIENTED_EDGE ( 'NONE', *, *, #3774, .T. ) ;
#3762 = VERTEX_POINT ( 'NONE', #2202 ) ;
#3763 = EDGE_CURVE ( 'NONE', #3751, #3773, #2279, .T. ) ;
#3764 = ORIENTED_EDGE ( 'NONE', *, *, #3760, .F. ) ;
#3765 = VERTEX_POINT ( 'NONE', #2275 ) ;
#3766 = ORIENTED_EDGE ( 'NONE', *, *, #3768, .F. ) ;
#3767 = EDGE_LOOP ( 'NONE', ( #3840, #3847, #3907, #3894, #3841, #3828, #3829, #3830 ) ) ;
#3768 = EDGE_CURVE ( 'NONE', #3769, #3720, #2274, .T. ) ;
#3769 = VERTEX_POINT ( 'NONE', #2273 ) ;
#3770 = ADVANCED_FACE ( 'NONE', ( #2234 ), #2233, .T. ) ;
#3771 = ORIENTED_EDGE ( 'NONE', *, *, #3772, .F. ) ;
#3772 = EDGE_CURVE ( 'NONE', #3735, #3769, #2229, .T. ) ;
#3773 = VERTEX_POINT ( 'NONE', #1947 ) ;
#3774 = EDGE_CURVE ( 'NONE', #3742, #3762, #1946, .T. ) ;
#3775 = EDGE_CURVE ( 'NONE', #3776, #3762, #1940, .T. ) ;
#3776 = VERTEX_POINT ( 'NONE', #1961 ) ;
#3777 = ORIENTED_EDGE ( 'NONE', *, *, #3844, .F. ) ;
#3778 = EDGE_LOOP ( 'NONE', ( #3835, #3752, #3795, #3815 ) ) ;
#3779 = CARTESIAN_POINT ( 'NONE',  ( -0.05345000000000005300, 0.2616832274842309500, -0.01432188433544291800 ) ) ;
#3780 = CARTESIAN_POINT ( 'NONE',  ( -0.05344999999999996300, 0.2611249999999994400, 3.659982318734610800E-016 ) ) ;
#3781 = CARTESIAN_POINT ( 'NONE',  ( -4.451678636179303700E-016, 0.2642499999999994300, -0.05344999999999999800 ) ) ;
#3782 = CARTESIAN_POINT ( 'NONE',  ( -0.03085937188818610100, 0.2632083333333327700, -0.05344999999999964400 ) ) ;
#3783 = CARTESIAN_POINT ( 'NONE',  ( 0.0000000000000000000, 0.0000000000000000000, 0.0000000000000000000 ) ) ;
#3784 = VERTEX_POINT ( 'NONE', #1967 ) ;
#3785 = VERTEX_POINT ( 'NONE', #1962 ) ;
#3786 = EDGE_CURVE ( 'NONE', #3785, #3789, #1966, .T. ) ;
#3787 = FACE_OUTER_BOUND ( 'NONE', #3953, .T. ) ;
#3788 = ORIENTED_EDGE ( 'NONE', *, *, #3786, .T. ) ;
#3789 = VERTEX_POINT ( 'NONE', #2015 ) ;
#3790 = VERTEX_POINT ( 'NONE', #1999 ) ;
#3791 = ORIENTED_EDGE ( 'NONE', *, *, #3811, .F. ) ;
#3792 = VERTEX_POINT ( 'NONE', #1991 ) ;
#3793 = VERTEX_POINT ( 'NONE', #1994 ) ;
#3794 = ORIENTED_EDGE ( 'NONE', *, *, #3807, .T. ) ;
#3795 = ORIENTED_EDGE ( 'NONE', *, *, #3800, .F. ) ;
#3796 = VERTEX_POINT ( 'NONE', #1973 ) ;
#3797 = EDGE_CURVE ( 'NONE', #3784, #3785, #1990, .T. ) ;
#3798 = EDGE_LOOP ( 'NONE', ( #3799, #3788, #3764, #3743 ) ) ;
#3799 = ORIENTED_EDGE ( 'NONE', *, *, #3797, .T. ) ;
#3800 = EDGE_CURVE ( 'NONE', #3796, #3773, #2004, .T. ) ;
#3801 = CYLINDRICAL_SURFACE ( 'NONE', #3802, 0.05345000000000004600 ) ;
#3802 = AXIS2_PLACEMENT_3D ( 'NONE', #3783, #3806, #3805 ) ;
#3803 = VERTEX_POINT ( 'NONE', #1981 ) ;
#3804 = CARTESIAN_POINT ( 'NONE',  ( -0.04628905783227862300, 0.2621666666666661000, -0.02672499999999934000 ) ) ;
#3805 = DIRECTION ( 'NONE',  ( 1.000000000000000000, 2.449212707644754500E-016, 0.0000000000000000000 ) ) ;
#3806 = DIRECTION ( 'NONE',  ( 2.449212707644754500E-016, -1.000000000000000000, 0.0000000000000000000 ) ) ;
#3807 = EDGE_CURVE ( 'NONE', #3793, #3808, #2017, .T. ) ;
#3808 = VERTEX_POINT ( 'NONE', #2018 ) ;
#3809 = ORIENTED_EDGE ( 'NONE', *, *, #3810, .F. ) ;
#3810 = EDGE_CURVE ( 'NONE', #3792, #3737, #1972, .T. ) ;
#3811 = EDGE_CURVE ( 'NONE', #3803, #3808, #1971, .T. ) ;
#3812 = EDGE_CURVE ( 'NONE', #3728, #3790, #2094, .T. ) ;
#3813 = EDGE_CURVE ( 'NONE', #3846, #3814, #2034, .T. ) ;
#3814 = VERTEX_POINT ( 'NONE', #2030 ) ;
#3815 = ORIENTED_EDGE ( 'NONE', *, *, #3816, .F. ) ;
#3816 = EDGE_CURVE ( 'NONE', #3750, #3796, #2029, .T. ) ;
#3817 = ADVANCED_FACE ( 'NONE', ( #2199 ), #2197, .T. ) ;
#3818 = ORIENTED_EDGE ( 'NONE', *, *, #3839, .T. ) ;
#3819 = VERTEX_POINT ( 'NONE', #2198 ) ;
#3820 = EDGE_CURVE ( 'NONE', #3734, #3803, #2152, .T. ) ;
#3821 = EDGE_LOOP ( 'NONE', ( #3822, #3823, #3825, #3874 ) ) ;
#3822 = ORIENTED_EDGE ( 'NONE', *, *, #3613, .F. ) ;
#3823 = ORIENTED_EDGE ( 'NONE', *, *, #3824, .T. ) ;
#3824 = EDGE_CURVE ( 'NONE', #3577, #2608, #2148, .T. ) ;
#3825 = ORIENTED_EDGE ( 'NONE', *, *, #3544, .T. ) ;
#3826 = ORIENTED_EDGE ( 'NONE', *, *, #3827, .F. ) ;
#3827 = EDGE_CURVE ( 'NONE', #3914, #2641, #2138, .T. ) ;
#3828 = ORIENTED_EDGE ( 'NONE', *, *, #3843, .T. ) ;
#3829 = ORIENTED_EDGE ( 'NONE', *, *, #2625, .F. ) ;
#3830 = ORIENTED_EDGE ( 'NONE', *, *, #3880, .F. ) ;
#3831 = EDGE_LOOP ( 'NONE', ( #3818, #3838, #3756, #3745 ) ) ;
#3832 = ORIENTED_EDGE ( 'NONE', *, *, #3722, .T. ) ;
#3833 = ADVANCED_FACE ( 'NONE', ( #2137 ), #2136, .T. ) ;
#3834 = ORIENTED_EDGE ( 'NONE', *, *, #2604, .F. ) ;
#3835 = ORIENTED_EDGE ( 'NONE', *, *, #3749, .T. ) ;
#3836 = ORIENTED_EDGE ( 'NONE', *, *, #3820, .F. ) ;
#3837 = ADVANCED_FACE ( 'NONE', ( #2164 ), #2163, .T. ) ;
#3838 = ORIENTED_EDGE ( 'NONE', *, *, #3813, .T. ) ;
#3839 = EDGE_CURVE ( 'NONE', #3819, #3846, #2159, .T. ) ;
#3840 = ORIENTED_EDGE ( 'NONE', *, *, #3902, .T. ) ;
#3841 = ORIENTED_EDGE ( 'NONE', *, *, #3842, .T. ) ;
#3842 = EDGE_CURVE ( 'NONE', #3896, #3890, #2183, .T. ) ;
#3843 = EDGE_CURVE ( 'NONE', #3890, #2545, #2182, .T. ) ;
#3844 = EDGE_CURVE ( 'NONE', #3741, #3776, #2128, .T. ) ;
#3845 = ADVANCED_FACE ( 'NONE', ( #2124 ), #2122, .T. ) ;
#3846 = VERTEX_POINT ( 'NONE', #2123 ) ;
#3847 = ORIENTED_EDGE ( 'NONE', *, *, #3848, .T. ) ;
#3848 = EDGE_CURVE ( 'NONE', #3855, #3948, #2071, .T. ) ;
#3849 = ADVANCED_FACE ( 'NONE', ( #2067 ), #2065, .T. ) ;
#3850 = ADVANCED_FACE ( 'NONE', ( #2060 ), #2059, .T. ) ;
#3851 = ADVANCED_FACE ( 'NONE', ( #2054 ), #2053, .T. ) ;
#3852 = EDGE_LOOP ( 'NONE', ( #3853, #3854, #3858, #3859 ) ) ;
#3853 = ORIENTED_EDGE ( 'NONE', *, *, #2471, .F. ) ;
#3854 = ORIENTED_EDGE ( 'NONE', *, *, #3857, .T. ) ;
#3855 = VERTEX_POINT ( 'NONE', #2049 ) ;
#3856 = EDGE_LOOP ( 'NONE', ( #3950, #3951, #3945, #3946 ) ) ;
#3857 = EDGE_CURVE ( 'NONE', #2472, #2474, #2048, .T. ) ;
#3858 = ORIENTED_EDGE ( 'NONE', *, *, #2498, .T. ) ;
#3859 = ORIENTED_EDGE ( 'NONE', *, *, #3860, .F. ) ;
#3860 = EDGE_CURVE ( 'NONE', #2473, #2459, #2110, .T. ) ;
#3861 = EDGE_LOOP ( 'NONE', ( #3870, #3871, #3863, #3876 ) ) ;
#3862 = ADVANCED_FACE ( 'NONE', ( #2109 ), #2108, .T. ) ;
#3863 = ORIENTED_EDGE ( 'NONE', *, *, #3772, .T. ) ;
#3864 = ORIENTED_EDGE ( 'NONE', *, *, #3865, .T. ) ;
#3865 = EDGE_CURVE ( 'NONE', #2660, #2640, #2093, .T. ) ;
#3866 = ORIENTED_EDGE ( 'NONE', *, *, #3923, .T. ) ;
#3867 = ORIENTED_EDGE ( 'NONE', *, *, #3878, .F. ) ;
#3868 = ADVANCED_FACE ( 'NONE', ( #2092 ), #2091, .T. ) ;
#3869 = ADVANCED_FACE ( 'NONE', ( #2076 ), #2075, .T. ) ;
#3870 = ORIENTED_EDGE ( 'NONE', *, *, #3848, .F. ) ;
#3871 = ORIENTED_EDGE ( 'NONE', *, *, #3872, .T. ) ;
#3872 = EDGE_CURVE ( 'NONE', #3855, #3735, #2045, .T. ) ;
#3873 = EDGE_LOOP ( 'NONE', ( #3908, #3898, #3900, #3826 ) ) ;
#3874 = ORIENTED_EDGE ( 'NONE', *, *, #3875, .F. ) ;
#3875 = EDGE_CURVE ( 'NONE', #3614, #3581, #1944, .T. ) ;
#3876 = ORIENTED_EDGE ( 'NONE', *, *, #3877, .F. ) ;
#3877 = EDGE_CURVE ( 'NONE', #3948, #3769, #2409, .T. ) ;
#3878 = EDGE_CURVE ( 'NONE', #2648, #2653, #2383, .T. ) ;
#3879 = EDGE_CURVE ( 'NONE', #3585, #3496, #2407, .T. ) ;
#3880 = EDGE_CURVE ( 'NONE', #3906, #2559, #2408, .T. ) ;
#3881 = EDGE_LOOP ( 'NONE', ( #3882, #3883, #3981, #3974 ) ) ;
#3882 = ORIENTED_EDGE ( 'NONE', *, *, #3600, .F. ) ;
#3883 = ORIENTED_EDGE ( 'NONE', *, *, #3879, .T. ) ;
#3884 = EDGE_CURVE ( 'NONE', #2613, #3916, #2378, .T. ) ;
#3885 = ORIENTED_EDGE ( 'NONE', *, *, #3886, .T. ) ;
#3886 = EDGE_CURVE ( 'NONE', #2599, #3927, #2420, .T. ) ;
#3887 = ORIENTED_EDGE ( 'NONE', *, *, #2596, .F. ) ;
#3888 = ORIENTED_EDGE ( 'NONE', *, *, #2614, .T. ) ;
#3889 = ORIENTED_EDGE ( 'NONE', *, *, #3893, .F. ) ;
#3890 = VERTEX_POINT ( 'NONE', #2419 ) ;
#3891 = ORIENTED_EDGE ( 'NONE', *, *, #3892, .T. ) ;
#3892 = EDGE_CURVE ( 'NONE', #2655, #2644, #2388, .T. ) ;
#3893 = EDGE_CURVE ( 'NONE', #2624, #3919, #2434, .T. ) ;
#3894 = ORIENTED_EDGE ( 'NONE', *, *, #3895, .F. ) ;
#3895 = EDGE_CURVE ( 'NONE', #3896, #3947, #2424, .T. ) ;
#3896 = VERTEX_POINT ( 'NONE', #3697 ) ;
#3897 = ADVANCED_FACE ( 'NONE', ( #3714 ), #3699, .T. ) ;
#3898 = ORIENTED_EDGE ( 'NONE', *, *, #3899, .T. ) ;
#3899 = EDGE_CURVE ( 'NONE', #3928, #2659, #3413, .T. ) ;
#3900 = ORIENTED_EDGE ( 'NONE', *, *, #3911, .T. ) ;
#3901 = EDGE_LOOP ( 'NONE', ( #3834, #3885, #3904, #3905 ) ) ;
#3902 = EDGE_CURVE ( 'NONE', #3906, #3855, #3440, .T. ) ;
#3903 = EDGE_LOOP ( 'NONE', ( #3887, #3864, #3866, #3867 ) ) ;
#3904 = ORIENTED_EDGE ( 'NONE', *, *, #2635, .T. ) ;
#3905 = ORIENTED_EDGE ( 'NONE', *, *, #3884, .F. ) ;
#3906 = VERTEX_POINT ( 'NONE', #3523 ) ;
#3907 = ORIENTED_EDGE ( 'NONE', *, *, #3943, .F. ) ;
#3908 = ORIENTED_EDGE ( 'NONE', *, *, #3917, .F. ) ;
#3909 = ORIENTED_EDGE ( 'NONE', *, *, #3617, .T. ) ;
#3910 = VERTEX_POINT ( 'NONE', #3554 ) ;
#3911 = EDGE_CURVE ( 'NONE', #2659, #2641, #3491, .T. ) ;
#3912 = ADVANCED_FACE ( 'NONE', ( #3545 ), #3553, .T. ) ;
#3913 = ORIENTED_EDGE ( 'NONE', *, *, #2652, .F. ) ;
#3914 = VERTEX_POINT ( 'NONE', #3476 ) ;
#3915 = ORIENTED_EDGE ( 'NONE', *, *, #3936, .T. ) ;
#3916 = VERTEX_POINT ( 'NONE', #3475 ) ;
#3917 = EDGE_CURVE ( 'NONE', #3928, #3914, #3478, .T. ) ;
#3918 = EDGE_CURVE ( 'NONE', #3916, #3914, #3547, .T. ) ;
#3919 = VERTEX_POINT ( 'NONE', #3546 ) ;
#3920 = EDGE_CURVE ( 'NONE', #3919, #3926, #3524, .T. ) ;
#3921 = ORIENTED_EDGE ( 'NONE', *, *, #3920, .F. ) ;
#3922 = ORIENTED_EDGE ( 'NONE', *, *, #3923, .F. ) ;
#3923 = EDGE_CURVE ( 'NONE', #2640, #2653, #3463, .T. ) ;
#3924 = ADVANCED_FACE ( 'NONE', ( #3459 ), #3458, .T. ) ;
#3925 = EDGE_CURVE ( 'NONE', #2644, #2649, #3537, .T. ) ;
#3926 = VERTEX_POINT ( 'NONE', #3536 ) ;
#3927 = VERTEX_POINT ( 'NONE', #3535 ) ;
#3928 = VERTEX_POINT ( 'NONE', #3520 ) ;
#3929 = ORIENTED_EDGE ( 'NONE', *, *, #3917, .T. ) ;
#3930 = EDGE_LOOP ( 'NONE', ( #2656, #2661, #2597, #2638 ) ) ;
#3931 = ORIENTED_EDGE ( 'NONE', *, *, #3932, .T. ) ;
#3932 = EDGE_CURVE ( 'NONE', #3927, #3928, #3519, .T. ) ;
#3933 = ORIENTED_EDGE ( 'NONE', *, *, #3937, .T. ) ;
#3934 = VERTEX_POINT ( 'NONE', #3518 ) ;
#3935 = ORIENTED_EDGE ( 'NONE', *, *, #3918, .F. ) ;
#3936 = EDGE_CURVE ( 'NONE', #2649, #3926, #3517, .T. ) ;
#3937 = EDGE_CURVE ( 'NONE', #2655, #2624, #3499, .T. ) ;
#3938 = EDGE_CURVE ( 'NONE', #3610, #3561, #3425, .T. ) ;
#3939 = ADVANCED_FACE ( 'NONE', ( #3787 ), #3801, .T. ) ;
#3940 = ORIENTED_EDGE ( 'NONE', *, *, #3488, .T. ) ;
#3941 = EDGE_LOOP ( 'NONE', ( #3989, #3980, #3962, #3990 ) ) ;
#3942 = EDGE_CURVE ( 'NONE', #3615, #3454, #3446, .T. ) ;
#3943 = EDGE_CURVE ( 'NONE', #3947, #3948, #3411, .T. ) ;
#3944 = ADVANCED_FACE ( 'NONE', ( #3384 ), #3388, .T. ) ;
#3945 = ORIENTED_EDGE ( 'NONE', *, *, #2636, .T. ) ;
#3946 = ORIENTED_EDGE ( 'NONE', *, *, #3955, .F. ) ;
#3947 = VERTEX_POINT ( 'NONE', #3397 ) ;
#3948 = VERTEX_POINT ( 'NONE', #3396 ) ;
#3949 = ADVANCED_FACE ( 'NONE', ( #3387 ), #3394, .T. ) ;
#3950 = ORIENTED_EDGE ( 'NONE', *, *, #3936, .F. ) ;
#3951 = ORIENTED_EDGE ( 'NONE', *, *, #3952, .T. ) ;
#3952 = EDGE_CURVE ( 'NONE', #2649, #2506, #3399, .T. ) ;
#3953 = EDGE_LOOP ( 'NONE', ( #3954, #3960, #4006, #4007 ) ) ;
#3954 = ORIENTED_EDGE ( 'NONE', *, *, #3645, .F. ) ;
#3955 = EDGE_CURVE ( 'NONE', #3926, #3934, #1440, .T. ) ;
#3956 = ORIENTED_EDGE ( 'NONE', *, *, #3976, .F. ) ;
#3957 = EDGE_CURVE ( 'NONE', #3473, #3495, #1430, .T. ) ;
#3958 = EDGE_LOOP ( 'NONE', ( #3959, #3891, #3888, #3889 ) ) ;
#3959 = ORIENTED_EDGE ( 'NONE', *, *, #3937, .F. ) ;
#3960 = ORIENTED_EDGE ( 'NONE', *, *, #3961, .T. ) ;
#3961 = EDGE_CURVE ( 'NONE', #3620, #3612, #1420, .T. ) ;
#3962 = ORIENTED_EDGE ( 'NONE', *, *, #3572, .T. ) ;
#3963 = EDGE_LOOP ( 'NONE', ( #3979, #3966, #3978, #3998 ) ) ;
#3964 = ORIENTED_EDGE ( 'NONE', *, *, #3593, .T. ) ;
#3965 = ORIENTED_EDGE ( 'NONE', *, *, #3996, .F. ) ;
#3966 = ORIENTED_EDGE ( 'NONE', *, *, #3967, .T. ) ;
#3967 = EDGE_CURVE ( 'NONE', #3582, #3498, #1410, .T. ) ;
#3968 = ORIENTED_EDGE ( 'NONE', *, *, #3938, .F. ) ;
#3969 = ORIENTED_EDGE ( 'NONE', *, *, #3957, .T. ) ;
#3970 = ADVANCED_FACE ( 'NONE', ( #1409 ), #1408, .T. ) ;
#3971 = ORIENTED_EDGE ( 'NONE', *, *, #3574, .F. ) ;
#3972 = ORIENTED_EDGE ( 'NONE', *, *, #3973, .T. ) ;
#3973 = EDGE_CURVE ( 'NONE', #3552, #3591, #1384, .T. ) ;
#3974 = ORIENTED_EDGE ( 'NONE', *, *, #3942, .F. ) ;
#3975 = EDGE_CURVE ( 'NONE', #3445, #3588, #1441, .T. ) ;
#3976 = EDGE_CURVE ( 'NONE', #3508, #3486, #1389, .T. ) ;
#3977 = ORIENTED_EDGE ( 'NONE', *, *, #3452, .T. ) ;
#3978 = ORIENTED_EDGE ( 'NONE', *, *, #3448, .T. ) ;
#3979 = ORIENTED_EDGE ( 'NONE', *, *, #3595, .F. ) ;
#3980 = ORIENTED_EDGE ( 'NONE', *, *, #3975, .T. ) ;
#3981 = ORIENTED_EDGE ( 'NONE', *, *, #3565, .T. ) ;
#3982 = ORIENTED_EDGE ( 'NONE', *, *, #3605, .F. ) ;
#3983 = ORIENTED_EDGE ( 'NONE', *, *, #3984, .T. ) ;
#3984 = EDGE_CURVE ( 'NONE', #3624, #3551, #1478, .T. ) ;
#3985 = ORIENTED_EDGE ( 'NONE', *, *, #3474, .F. ) ;
#3986 = ADVANCED_FACE ( 'NONE', ( #1479 ), #1477, .T. ) ;
#3987 = EDGE_LOOP ( 'NONE', ( #3982, #3983, #3977, #3968 ) ) ;
#3988 = ADVANCED_FACE ( 'NONE', ( #1488 ), #1469, .T. ) ;
#3989 = ORIENTED_EDGE ( 'NONE', *, *, #3617, .F. ) ;
#3990 = ORIENTED_EDGE ( 'NONE', *, *, #3991, .F. ) ;
#3991 = EDGE_CURVE ( 'NONE', #3910, #3560, #1491, .T. ) ;
#3992 = ORIENTED_EDGE ( 'NONE', *, *, #3993, .T. ) ;
#3993 = EDGE_CURVE ( 'NONE', #3650, #3646, #1498, .T. ) ;
#3994 = ADVANCED_FACE ( 'NONE', ( #1499 ), #1535, .T. ) ;
#3995 = EDGE_LOOP ( 'NONE', ( #3985, #3969, #3940, #3956 ) ) ;
#3996 = EDGE_CURVE ( 'NONE', #3485, #3587, #1575, .T. ) ;
#3997 = ORIENTED_EDGE ( 'NONE', *, *, #3651, .F. ) ;
#3998 = ORIENTED_EDGE ( 'NONE', *, *, #3999, .F. ) ;
#3999 = EDGE_CURVE ( 'NONE', #3596, #3451, #1561, .T. ) ;
#4000 = ADVANCED_FACE ( 'NONE', ( #1635 ), #1595, .T. ) ;
#4001 = ADVANCED_FACE ( 'NONE', ( #1594 ), #1590, .T. ) ;
#4002 = EDGE_LOOP ( 'NONE', ( #4012, #4013, #4011, #4003 ) ) ;
#4003 = ORIENTED_EDGE ( 'NONE', *, *, #4004, .F. ) ;
#4004 = EDGE_CURVE ( 'NONE', #3638, #3644, #1585, .T. ) ;
#4005 = ORIENTED_EDGE ( 'NONE', *, *, #3654, .T. ) ;
#4006 = ORIENTED_EDGE ( 'NONE', *, *, #3636, .T. ) ;
#4007 = ORIENTED_EDGE ( 'NONE', *, *, #4008, .F. ) ;
#4008 = EDGE_CURVE ( 'NONE', #3633, #3616, #1634, .T. ) ;
#4009 = CARTESIAN_POINT ( 'NONE',  ( -3.566812643851502500E-016, 0.1587499999999996700, -0.05600000000000000800 ) ) ;
#4010 = EDGE_CURVE ( 'NONE', #3640, #3642, #1624, .T. ) ;
#4011 = ORIENTED_EDGE ( 'NONE', *, *, #3632, .T. ) ;
#4012 = ORIENTED_EDGE ( 'NONE', *, *, #3639, .F. ) ;
#4013 = ORIENTED_EDGE ( 'NONE', *, *, #4010, .T. ) ;
#4014 = EDGE_LOOP ( 'NONE', ( #3997, #3992, #4005, #4056 ) ) ;
#4015 = EDGE_LOOP ( 'NONE', ( #3971, #3972, #3964, #3965 ) ) ;
#4016 = ORIENTED_EDGE ( 'NONE', *, *, #4017, .T. ) ;
#4017 = EDGE_CURVE ( 'NONE', #3673, #3702, #1649, .T. ) ;
#4018 = ORIENTED_EDGE ( 'NONE', *, *, #3666, .T. ) ;
#4019 = ORIENTED_EDGE ( 'NONE', *, *, #4028, .F. ) ;
#4020 = ORIENTED_EDGE ( 'NONE', *, *, #4050, .T. ) ;
#4021 = ORIENTED_EDGE ( 'NONE', *, *, #3635, .T. ) ;
#4022 = ORIENTED_EDGE ( 'NONE', *, *, #4057, .T. ) ;
#4023 = ORIENTED_EDGE ( 'NONE', *, *, #3689, .T. ) ;
#4024 = ORIENTED_EDGE ( 'NONE', *, *, #3738, .T. ) ;
#4025 = EDGE_LOOP ( 'NONE', ( #4055, #4022, #4021, #3758 ) ) ;
#4026 = EDGE_LOOP ( 'NONE', ( #4030, #4020, #4023, #4035 ) ) ;
#4027 = EDGE_CURVE ( 'NONE', #3664, #3685, #1639, .T. ) ;
#4028 = EDGE_CURVE ( 'NONE', #3661, #3671, #1606, .T. ) ;
#4029 = ADVANCED_FACE ( 'NONE', ( #1605 ), #1604, .T. ) ;
#4030 = ORIENTED_EDGE ( 'NONE', *, *, #3684, .F. ) ;
#4031 = ADVANCED_FACE ( 'NONE', ( #1550 ), #1549, .T. ) ;
#4032 = ORIENTED_EDGE ( 'NONE', *, *, #3774, .F. ) ;
#4033 = ORIENTED_EDGE ( 'NONE', *, *, #4034, .T. ) ;
#4034 = EDGE_CURVE ( 'NONE', #3742, #3728, #1545, .T. ) ;
#4035 = ORIENTED_EDGE ( 'NONE', *, *, #4036, .F. ) ;
#4036 = EDGE_CURVE ( 'NONE', #3693, #3677, #1504, .T. ) ;
#4037 = ADVANCED_FACE ( 'NONE', ( #1570 ), #1463, .T. ) ;
#4038 = EDGE_LOOP ( 'NONE', ( #4039, #4016, #4018, #4019 ) ) ;
#4039 = ORIENTED_EDGE ( 'NONE', *, *, #3674, .F. ) ;
#4040 = ORIENTED_EDGE ( 'NONE', *, *, #4041, .F. ) ;
#4041 = EDGE_CURVE ( 'NONE', #3762, #3792, #1783, .T. ) ;
#4042 = ADVANCED_FACE ( 'NONE', ( #1803 ), #1805, .T. ) ;
#4043 = EDGE_CURVE ( 'NONE', #3711, #3630, #1826, .T. ) ;
#4044 = ORIENTED_EDGE ( 'NONE', *, *, #3679, .T. ) ;
#4045 = ORIENTED_EDGE ( 'NONE', *, *, #4046, .F. ) ;
#4046 = EDGE_CURVE ( 'NONE', #3737, #3668, #1785, .T. ) ;
#4047 = ADVANCED_FACE ( 'NONE', ( #1786 ), #1784, .T. ) ;
#4048 = EDGE_LOOP ( 'NONE', ( #4032, #4033, #4024, #4040 ) ) ;
#4049 = EDGE_CURVE ( 'NONE', #3751, #3741, #1827, .T. ) ;
#4050 = EDGE_CURVE ( 'NONE', #3703, #3726, #1821, .T. ) ;
#4051 = ADVANCED_FACE ( 'NONE', ( #1889 ), #1888, .T. ) ;
#4052 = EDGE_LOOP ( 'NONE', ( #4053, #4054, #2951, #2873 ) ) ;
#4053 = ORIENTED_EDGE ( 'NONE', *, *, #3763, .F. ) ;
#4054 = ORIENTED_EDGE ( 'NONE', *, *, #4049, .T. ) ;
#4055 = ORIENTED_EDGE ( 'NONE', *, *, #3713, .F. ) ;
#4056 = ORIENTED_EDGE ( 'NONE', *, *, #4043, .F. ) ;
#4057 = EDGE_CURVE ( 'NONE', #3736, #3653, #1859, .T. ) ;
#4058 = CARTESIAN_POINT ( 'NONE',  ( 0.04849742261192815900, 0.1608333333333330000, -0.02800000000000071900 ) ) ;
#4059 = CARTESIAN_POINT ( 'NONE',  ( 0.03233161507461885400, 0.1597916666666663300, -0.05600000000000011900 ) ) ;
#4060 = CARTESIAN_POINT ( 'NONE',  ( 0.04849742261192881800, 0.1629166666666663500, 0.02799999999999957000 ) ) ;
#4061 = CARTESIAN_POINT ( 'NONE',  ( 0.06466323014923808200, 0.1618749999999996600, -7.604143115402315700E-016 ) ) ;
#4062 = CARTESIAN_POINT ( 'NONE',  ( 1.645870939537275300E-016, 0.1649999999999996700, 0.05600000000000000800 ) ) ;
#4063 = CARTESIAN_POINT ( 'NONE',  ( 0.03233161507461937400, 0.1639583333333330100, 0.05599999999999980700 ) ) ;
#4064 = LINE ( 'NONE', #4094, #4073 ) ;
#4065 = DIRECTION ( 'NONE',  ( 0.0000000000000000000, 0.0000000000000000000, 1.000000000000000000 ) ) ;
#4066 = DIRECTION ( 'NONE',  ( 0.0000000000000000000, 1.000000000000000000, 0.0000000000000000000 ) ) ;
#4067 = CARTESIAN_POINT ( 'NONE',  ( 1.694065894508600700E-017, 0.4099999999999999800, 0.0000000000000000000 ) ) ;
#4068 = CARTESIAN_POINT ( 'NONE',  ( -0.04518019477602993500, 0.4099999999999999800, 0.01099999999999998500 ) ) ;
#4069 =( BOUNDED_CURVE ( )  B_SPLINE_CURVE ( 2, ( #4095, #4092, #4091, #4090, #4087, #4086, #4085, #4089, #4088 ),
 .UNSPECIFIED., .F., .T. ) 
 B_SPLINE_CURVE_WITH_KNOTS ( ( 3, 2, 2, 2, 3 ),
 ( 0.07758620689655172700, 0.08045977011494252800, 0.08620689655172414400, 0.09195402298850574600, 0.09482758620689656100 ),
 .UNSPECIFIED. ) 
 CURVE ( )  GEOMETRIC_REPRESENTATION_ITEM ( )  RATIONAL_B_SPLINE_CURVE ( ( 0.9330127018922194100, 0.9330127018922195200, 1.000000000000000000, 0.8660254037844387100, 1.000000000000000000, 0.8660254037844387100, 1.000000000000000000, 0.9330127018922189700, 0.9330127018922193000 ) ) 
 REPRESENTATION_ITEM ( '' )  );
#4070 = CONICAL_SURFACE ( 'NONE', #4071, 0.04650000000000003400, 0.1745329251994333400 ) ;
#4071 = AXIS2_PLACEMENT_3D ( 'NONE', #4067, #4066, #4065 ) ;
#4072 = FACE_OUTER_BOUND ( 'NONE', #2978, .T. ) ;
#4073 = VECTOR ( 'NONE', #4093, 39.37007874015748100 ) ;
#4074 = CARTESIAN_POINT ( 'NONE',  ( -7.683007875736170300E-016, 0.1712499999999996500, -0.05600000000000000800 ) ) ;
#4075 = CARTESIAN_POINT ( 'NONE',  ( -0.03233161507461918000, 0.1702083333333329900, -0.05599999999999993200 ) ) ;
#4076 = CARTESIAN_POINT ( 'NONE',  ( -0.04518019477602993500, 0.4099999999999999800, 0.01099999999999998500 ) ) ;
#4077 = CARTESIAN_POINT ( 'NONE',  ( -0.04671241177994674800, 0.4210591373645413100, 0.01295002430072974600 ) ) ;
#4078 = CARTESIAN_POINT ( 'NONE',  ( -0.04816886156024014600, 0.4321285986382543700, 0.01490186898519285000 ) ) ;
#4079 = CARTESIAN_POINT ( 'NONE',  ( -0.04956762031745534600, 0.4432048745074146400, 0.01685491526669591000 ) ) ;
#4080 = CARTESIAN_POINT ( 'NONE',  ( -0.04849742261192871400, 0.1691666666666663300, -0.02799999999999974400 ) ) ;
#4081 = CARTESIAN_POINT ( 'NONE',  ( -0.03233161507461824300, 0.1660416666666663100, 0.05600000000000046600 ) ) ;
#4082 = B_SPLINE_CURVE_WITH_KNOTS ( 'NONE', 3,
 ( #4079, #4078, #4077, #4076 ),
 .UNSPECIFIED., .F., .F.,
 ( 4, 4 ),
 ( 0.0003064892814216682600, 0.001170122457373340400 ),
 .UNSPECIFIED. ) ;
#4083 = CARTESIAN_POINT ( 'NONE',  ( -0.06466323014923808200, 0.1681249999999996600, 5.386030695235521300E-016 ) ) ;
#4084 = CARTESIAN_POINT ( 'NONE',  ( -0.04849742261192825600, 0.1670833333333330000, 0.02800000000000054900 ) ) ;
#4085 = CARTESIAN_POINT ( 'NONE',  ( 0.04628905783227819200, 0.05383333333333325400, -0.02672500000000007900 ) ) ;
#4086 = CARTESIAN_POINT ( 'NONE',  ( 0.03085937188818542500, 0.05279166666666658400, -0.05345000000000003200 ) ) ;
#4087 = CARTESIAN_POINT ( 'NONE',  ( -1.276738778718464000E-016, 0.05174999999999992100, -0.05344999999999999800 ) ) ;
#4088 = CARTESIAN_POINT ( 'NONE',  ( 0.05344999999999999800, 0.05487499999999992400, 6.862466847627394900E-018 ) ) ;
#4089 = CARTESIAN_POINT ( 'NONE',  ( 0.05345000000000000400, 0.05431677251576842000, -0.01432188433544355700 ) ) ;
#4090 = CARTESIAN_POINT ( 'NONE',  ( -0.03085937188818558400, 0.05070833333333325100, -0.05344999999999992800 ) ) ;
#4091 = CARTESIAN_POINT ( 'NONE',  ( -0.04628905783227827600, 0.04966666666666659500, -0.02672499999999994300 ) ) ;
#4092 = CARTESIAN_POINT ( 'NONE',  ( -0.05344999999999999100, 0.04918322748423143600, -0.01432188433544344400 ) ) ;
#4093 = DIRECTION ( 'NONE',  ( -1.873239394071793700E-016, 0.0000000000000000000, -1.000000000000000000 ) ) ;
#4094 = CARTESIAN_POINT ( 'NONE',  ( 0.01100000000000000500, 0.4099999999999999800, -0.01099999999999999900 ) ) ;
#4095 = CARTESIAN_POINT ( 'NONE',  ( -0.05344999999999999800, 0.04862499999999994600, 3.316858976353241000E-017 ) ) ;
#4096 = LINE ( 'NONE', #4099, #4102 ) ;
#4097 = DIRECTION ( 'NONE',  ( 0.0000000000000000000, -0.9848077530122080200, -0.1736481776669307200 ) ) ;
#4098 = AXIS2_PLACEMENT_3D ( 'NONE', #4106, #4105, #4097 ) ;
#4099 = CARTESIAN_POINT ( 'NONE',  ( -0.01100000000000000500, 0.4099999999999999800, 0.01099999999999999900 ) ) ;
#4100 = PLANE ( 'NONE',  #4098 ) ;
#4101 = DIRECTION ( 'NONE',  ( 0.1710878697460358500, -0.9702875252478139200, -0.1710878697460358800 ) ) ;
#4102 = VECTOR ( 'NONE', #4101, 39.37007874015748100 ) ;
#4103 = CARTESIAN_POINT ( 'NONE',  ( 0.03233161507461844400, 0.1722916666666663400, -0.05600000000000035500 ) ) ;
#4104 = FACE_OUTER_BOUND ( 'NONE', #2984, .T. ) ;
#4105 = DIRECTION ( 'NONE',  ( 0.0000000000000000000, -0.1736481776669307200, 0.9848077530122080200 ) ) ;
#4106 = CARTESIAN_POINT ( 'NONE',  ( -0.01100000000000000500, 0.4099999999999999800, 0.01099999999999999900 ) ) ;
#4107 = DIRECTION ( 'NONE',  ( -1.644844082334426800E-013, -0.9072338509570867500, 0.4206266036255604800 ) ) ;
#4108 = VECTOR ( 'NONE', #4107, 39.37007874015748900 ) ;
#4109 = PLANE ( 'NONE',  #4123 ) ;
#4110 = DIRECTION ( 'NONE',  ( 3.910461364442507900E-013, 0.0000000000000000000, -1.000000000000000000 ) ) ;
#4111 = DIRECTION ( 'NONE',  ( 1.000000000000000000, 0.0000000000000000000, 3.910461364442507900E-013 ) ) ;
#4112 = CARTESIAN_POINT ( 'NONE',  ( -2.189858364087804600E-014, 0.3649999999999999900, 0.05600000000000000800 ) ) ;
#4113 = AXIS2_PLACEMENT_3D ( 'NONE', #4112, #4111, #4110 ) ;
#4114 = PLANE ( 'NONE',  #4113 ) ;
#4115 = FACE_OUTER_BOUND ( 'NONE', #3003, .T. ) ;
#4116 = CARTESIAN_POINT ( 'NONE',  ( -2.090141599294520300E-014, 0.3705000000000000500, 0.05344999999999999800 ) ) ;
#4117 = LINE ( 'NONE', #4116, #4108 ) ;
#4118 = CARTESIAN_POINT ( 'NONE',  ( -0.01100000000000000500, 0.4099999999999999800, 0.01099999999999999900 ) ) ;
#4119 = FACE_OUTER_BOUND ( 'NONE', #3009, .T. ) ;
#4120 = DIRECTION ( 'NONE',  ( 0.0000000000000000000, 0.0000000000000000000, 1.000000000000000000 ) ) ;
#4121 = DIRECTION ( 'NONE',  ( 0.0000000000000000000, 1.000000000000000000, 0.0000000000000000000 ) ) ;
#4122 = CARTESIAN_POINT ( 'NONE',  ( 1.694065894508600700E-017, 0.4099999999999999800, 0.0000000000000000000 ) ) ;
#4123 = AXIS2_PLACEMENT_3D ( 'NONE', #4122, #4121, #4120 ) ;
#4124 = CARTESIAN_POINT ( 'NONE',  ( 0.06466323014923808200, 0.1743749999999996700, -3.167918275068725400E-016 ) ) ;
#4125 = CARTESIAN_POINT ( 'NONE',  ( 0.04849742261192834700, 0.1733333333333330100, -0.02800000000000038200 ) ) ;
#4126 = CARTESIAN_POINT ( 'NONE',  ( 0.03233161507461978400, 0.1764583333333330000, 0.05599999999999957800 ) ) ;
#4127 = CARTESIAN_POINT ( 'NONE',  ( 0.04849742261192862400, 0.1754166666666663300, 0.02799999999999990300 ) ) ;
#4128 = DIRECTION ( 'NONE',  ( 0.0000000000000000000, 0.9848077530122080200, -0.1736481776669307200 ) ) ;
#4129 = DIRECTION ( 'NONE',  ( 0.0000000000000000000, -0.1736481776669307200, -0.9848077530122080200 ) ) ;
#4130 = CARTESIAN_POINT ( 'NONE',  ( 0.04849742261192903400, 0.2004166666666662700, 0.02799999999999919600 ) ) ;
#4131 = CARTESIAN_POINT ( 'NONE',  ( 0.06466323014923808200, 0.1993749999999996100, -3.484666285066468000E-016 ) ) ;
#4132 = CARTESIAN_POINT ( 'NONE',  ( 0.04849742261192833300, 0.1983333333333329500, -0.02800000000000040700 ) ) ;
#4133 = CARTESIAN_POINT ( 'NONE',  ( 0.03233161507461841000, 0.1972916666666662800, -0.05600000000000037600 ) ) ;
#4134 = CARTESIAN_POINT ( 'NONE',  ( -7.957319698992383600E-016, 0.1962499999999996200, -0.05600000000000000800 ) ) ;
#4135 = CARTESIAN_POINT ( 'NONE',  ( -0.03233161507461920800, 0.1952083333333329600, -0.05599999999999990400 ) ) ;
#4136 = CARTESIAN_POINT ( 'NONE',  ( -0.04849742261192873500, 0.1941666666666662700, -0.02799999999999971600 ) ) ;
#4137 = CARTESIAN_POINT ( 'NONE',  ( -0.06466323014923808200, 0.1931249999999996000, 5.702778705233263400E-016 ) ) ;
#4138 = CARTESIAN_POINT ( 'NONE',  ( -0.04849742261192823600, 0.1920833333333329400, 0.02800000000000057300 ) ) ;
#4139 = CARTESIAN_POINT ( 'NONE',  ( -0.03233161507461822200, 0.1910416666666662500, 0.05600000000000047300 ) ) ;
#4140 = CARTESIAN_POINT ( 'NONE',  ( 1.920182762793487800E-016, 0.1899999999999996100, 0.05600000000000000800 ) ) ;
#4141 = CARTESIAN_POINT ( 'NONE',  ( 0.03233161507461940200, 0.1889583333333329800, 0.05599999999999980000 ) ) ;
#4142 = CARTESIAN_POINT ( 'NONE',  ( 0.04849742261192882500, 0.1879166666666662900, 0.02799999999999955000 ) ) ;
#4143 = CARTESIAN_POINT ( 'NONE',  ( 0.06466323014923808200, 0.1868749999999996200, -7.920891125400058800E-016 ) ) ;
#4144 = CARTESIAN_POINT ( 'NONE',  ( 0.04849742261192884600, 0.2129166666666662300, 0.02799999999999952900 ) ) ;
#4145 = CARTESIAN_POINT ( 'NONE',  ( 0.06466323014923808200, 0.2118749999999995600, -8.237639135397800900E-016 ) ) ;
#4146 = CARTESIAN_POINT ( 'NONE',  ( 0.04849742261192812500, 0.2108333333333329000, -0.02800000000000076400 ) ) ;
#4147 = CARTESIAN_POINT ( 'NONE',  ( 0.03233161507461879800, 0.2097916666666662400, -0.05600000000000014000 ) ) ;
#4148 = CARTESIAN_POINT ( 'NONE',  ( -4.115436290363928100E-016, 0.2087499999999995700, -0.05600000000000000800 ) ) ;
#4149 = CARTESIAN_POINT ( 'NONE',  ( -0.03233161507461962400, 0.2077083333333329100, -0.05599999999999967500 ) ) ;
#4150 = CARTESIAN_POINT ( 'NONE',  ( -0.04849742261192893600, 0.2066666666666662500, -0.02799999999999936200 ) ) ;
#4151 = CARTESIAN_POINT ( 'NONE',  ( -0.06466323014923808200, 0.2056249999999995600, 1.045575155556459700E-015 ) ) ;
#4152 = CARTESIAN_POINT ( 'NONE',  ( -0.04849742261192843700, 0.2045833333333329000, 0.02800000000000023700 ) ) ;
#4153 = CARTESIAN_POINT ( 'NONE',  ( -0.03233161507461860400, 0.2035416666666662300, 0.05600000000000025100 ) ) ;
#4154 = CARTESIAN_POINT ( 'NONE',  ( 6.036377994678154900E-016, 0.2024999999999995700, 0.05600000000000000800 ) ) ;
#4155 = CARTESIAN_POINT ( 'NONE',  ( 0.03233161507461981800, 0.2014583333333329300, 0.05599999999999955700 ) ) ;
#4156 = PLANE ( 'NONE',  #4168 ) ;
#4157 = CARTESIAN_POINT ( 'NONE',  ( 0.04849742261192814500, 0.1858333333333329600, -0.02800000000000073600 ) ) ;
#4158 = CARTESIAN_POINT ( 'NONE',  ( 0.03233161507461882600, 0.1847916666666663300, -0.05600000000000012600 ) ) ;
#4159 = CARTESIAN_POINT ( 'NONE',  ( -3.841124467107714800E-016, 0.1837499999999996400, -0.05600000000000000800 ) ) ;
#4160 = CARTESIAN_POINT ( 'NONE',  ( -0.03233161507461958900, 0.1827083333333329700, -0.05599999999999968900 ) ) ;
#4161 = CARTESIAN_POINT ( 'NONE',  ( -0.04849742261192893000, 0.1816666666666662800, -0.02799999999999938300 ) ) ;
#4162 = CARTESIAN_POINT ( 'NONE',  ( -0.06466323014923808200, 0.1806249999999996200, 1.013900354556685300E-015 ) ) ;
#4163 = CARTESIAN_POINT ( 'NONE',  ( -0.04849742261192844400, 0.1795833333333329600, 0.02800000000000021600 ) ) ;
#4164 = CARTESIAN_POINT ( 'NONE',  ( -0.03233161507461863200, 0.1785416666666662900, 0.05600000000000024400 ) ) ;
#4165 = CARTESIAN_POINT ( 'NONE',  ( 5.762066171421943500E-016, 0.1774999999999996300, 0.05600000000000000800 ) ) ;
#4166 = FACE_OUTER_BOUND ( 'NONE', #2897, .T. ) ;
#4167 = CARTESIAN_POINT ( 'NONE',  ( 0.04518019477602992800, 0.4099999999999999800, -0.01099999999999999900 ) ) ;
#4168 = AXIS2_PLACEMENT_3D ( 'NONE', #4167, #4129, #4128 ) ;
#4169 = CARTESIAN_POINT ( 'NONE',  ( 0.03233161507461943000, 0.2139583333333328900, 0.05599999999999978600 ) ) ;
#4170 = CARTESIAN_POINT ( 'NONE',  ( 0.03233161507461792400, 0.2847916666666660500, -0.05600000000000065300 ) ) ;
#4171 = CARTESIAN_POINT ( 'NONE',  ( -4.938371760132566000E-016, 0.2837499999999993900, -0.05600000000000000800 ) ) ;
#4172 = CARTESIAN_POINT ( 'NONE',  ( -0.03233161507462049800, 0.2827083333333327300, -0.05599999999999916200 ) ) ;
#4173 = CARTESIAN_POINT ( 'NONE',  ( -0.04849742261192897800, 0.2816666666666660700, -0.02799999999999928900 ) ) ;
#4174 = CARTESIAN_POINT ( 'NONE',  ( -0.06466323014923808200, 0.2806249999999994000, 2.216797894892900400E-016 ) ) ;
#4175 = CARTESIAN_POINT ( 'NONE',  ( -0.04849742261192799300, 0.2795833333333327400, 0.02800000000000100700 ) ) ;
#4176 = CARTESIAN_POINT ( 'NONE',  ( -0.03233161507461852800, 0.2785416666666660800, 0.05600000000000029300 ) ) ;
#4177 = CARTESIAN_POINT ( 'NONE',  ( 1.481739210495991600E-015, 0.2774999999999994100, 0.05600000000000000800 ) ) ;
#4178 = CARTESIAN_POINT ( 'NONE',  ( 0.03233161507461990200, 0.2764583333333327500, 0.05599999999999951500 ) ) ;
#4179 = CARTESIAN_POINT ( 'NONE',  ( 0.04849742261192868000, 0.2754166666666660900, 0.02799999999999981300 ) ) ;
#4180 = CARTESIAN_POINT ( 'NONE',  ( 0.06466323014923808200, 0.2743749999999993700, -1.362410800572462200E-015 ) ) ;
#4181 = CARTESIAN_POINT ( 'NONE',  ( 0.04849742261192829800, 0.2733333333333327600, -0.02800000000000047600 ) ) ;
#4182 = CARTESIAN_POINT ( 'NONE',  ( 0.03233161507461753500, 0.2722916666666661000, -0.05600000000000086900 ) ) ;
#4183 = CARTESIAN_POINT ( 'NONE',  ( -8.780255168761021500E-016, 0.2712499999999994400, -0.05600000000000000800 ) ) ;
#4184 = CARTESIAN_POINT ( 'NONE',  ( -0.03233161507461929100, 0.2702083333333327700, -0.05599999999999986200 ) ) ;
#4185 = CARTESIAN_POINT ( 'NONE',  ( -0.04849742261192877700, 0.2691666666666661100, -0.02799999999999964300 ) ) ;
#4186 = CARTESIAN_POINT ( 'NONE',  ( -0.06466323014923808200, 0.2681249999999994500, 6.653022735226491700E-016 ) ) ;
#4187 = CARTESIAN_POINT ( 'NONE',  ( -0.04849742261192819400, 0.2670833333333327800, 0.02800000000000064200 ) ) ;
#4188 = CARTESIAN_POINT ( 'NONE',  ( -0.03233161507461813200, 0.2660416666666661200, 0.05600000000000052900 ) ) ;
#4189 = CARTESIAN_POINT ( 'NONE',  ( 1.070119687307524800E-015, 0.2649999999999994600, 0.05600000000000000800 ) ) ;
#4190 = CARTESIAN_POINT ( 'NONE',  ( 0.03233161507461838900, 0.2222916666666662500, -0.05600000000000038300 ) ) ;
#4191 = CARTESIAN_POINT ( 'NONE',  ( 0.03233161507461948500, 0.2639583333333327400, 0.05599999999999975100 ) ) ;
#4192 = CARTESIAN_POINT ( 'NONE',  ( 0.04849742261192886700, 0.2629166666666661300, 0.02799999999999948400 ) ) ;
#4193 = CARTESIAN_POINT ( 'NONE',  ( 0.06466323014923808200, 0.2618749999999994700, -8.871135155393287100E-016 ) ) ;
#4194 = CARTESIAN_POINT ( 'NONE',  ( 0.04849742261192810400, 0.2608333333333328100, -0.02800000000000080900 ) ) ;
#4195 = CARTESIAN_POINT ( 'NONE',  ( 0.03233161507461794500, 0.2597916666666661400, -0.05600000000000064000 ) ) ;
#4196 = CARTESIAN_POINT ( 'NONE',  ( -4.664059936876352700E-016, 0.2587499999999994800, -0.05600000000000000800 ) ) ;
#4197 = CARTESIAN_POINT ( 'NONE',  ( -0.03233161507461968000, 0.2577083333333328200, -0.05599999999999964000 ) ) ;
#4198 = CARTESIAN_POINT ( 'NONE',  ( -0.04849742261192896400, 0.2566666666666661500, -0.02799999999999931000 ) ) ;
#4199 = CARTESIAN_POINT ( 'NONE',  ( -0.06466323014923808200, 0.2556249999999994900, 1.108924757556008000E-015 ) ) ;
#4200 = CARTESIAN_POINT ( 'NONE',  ( -0.04849742261192800700, 0.2545833333333328300, 0.02800000000000097900 ) ) ;
#4201 = CARTESIAN_POINT ( 'NONE',  ( -0.03233161507461855500, 0.2535416666666661700, 0.05600000000000029300 ) ) ;
#4202 = CARTESIAN_POINT ( 'NONE',  ( 0.04849742261192886000, 0.2379166666666661700, 0.02799999999999950400 ) ) ;
#4203 = CARTESIAN_POINT ( 'NONE',  ( 0.06466323014923808200, 0.2368749999999995000, -8.554387145395545000E-016 ) ) ;
#4204 = CARTESIAN_POINT ( 'NONE',  ( 0.04849742261192811800, 0.2358333333333328400, -0.02800000000000078800 ) ) ;
#4205 = CARTESIAN_POINT ( 'NONE',  ( -0.04849742261192874900, 0.2191666666666662300, -0.02799999999999969500 ) ) ;
#4206 = CARTESIAN_POINT ( 'NONE',  ( -0.04849742261192875600, 0.2441666666666661700, -0.02799999999999967100 ) ) ;
#4207 = CARTESIAN_POINT ( 'NONE',  ( -0.06466323014923808200, 0.2431249999999995100, 6.336274725228749600E-016 ) ) ;
#4208 = CARTESIAN_POINT ( 'NONE',  ( -0.04849742261192821500, 0.2420833333333328500, 0.02800000000000061800 ) ) ;
#4209 = CARTESIAN_POINT ( 'NONE',  ( -0.03233161507461816700, 0.2410416666666661300, 0.05600000000000051500 ) ) ;
#4210 = CARTESIAN_POINT ( 'NONE',  ( -0.06466323014923808200, 0.2181249999999995700, 6.019526715231006500E-016 ) ) ;
#4211 = CARTESIAN_POINT ( 'NONE',  ( 0.04849742261192904700, 0.2254166666666662100, 0.02799999999999917100 ) ) ;
#4212 = CARTESIAN_POINT ( 'NONE',  ( 0.06466323014923808200, 0.2243749999999994900, -3.801414295064211100E-016 ) ) ;
#4213 = CARTESIAN_POINT ( 'NONE',  ( 2.194494586049700100E-016, 0.2149999999999995500, 0.05600000000000000800 ) ) ;
#4214 = CARTESIAN_POINT ( 'NONE',  ( -0.04849742261192822900, 0.2170833333333328800, 0.02800000000000060100 ) ) ;
#4215 = CARTESIAN_POINT ( 'NONE',  ( 0.04849742261192832600, 0.2233333333333328800, -0.02800000000000043400 ) ) ;
#4216 = CARTESIAN_POINT ( 'NONE',  ( 1.042688504981903600E-015, 0.2399999999999994900, 0.05600000000000000800 ) ) ;
#4217 = CARTESIAN_POINT ( 'NONE',  ( 0.03233161507461945700, 0.2389583333333328600, 0.05599999999999977200 ) ) ;
#4218 = CARTESIAN_POINT ( 'NONE',  ( 0.03233161507461797300, 0.2347916666666661800, -0.05600000000000061200 ) ) ;
#4219 = CARTESIAN_POINT ( 'NONE',  ( -4.389748113620140400E-016, 0.2337499999999995100, -0.05600000000000000800 ) ) ;
#4220 = CARTESIAN_POINT ( 'NONE',  ( -0.04849742261192841600, 0.2295833333333328900, 0.02800000000000026400 ) ) ;
#4221 = CARTESIAN_POINT ( 'NONE',  ( -0.03233161507461857600, 0.2285416666666661700, 0.05600000000000027200 ) ) ;
#4222 = CARTESIAN_POINT ( 'NONE',  ( 6.310689817934368100E-016, 0.2274999999999995100, 0.05600000000000000800 ) ) ;
#4223 = CARTESIAN_POINT ( 'NONE',  ( 0.03233161507461983900, 0.2264583333333328500, 0.05599999999999954300 ) ) ;
#4224 = CARTESIAN_POINT ( 'NONE',  ( 6.585001641190580400E-016, 0.2524999999999994500, 0.05600000000000000800 ) ) ;
#4225 = CARTESIAN_POINT ( 'NONE',  ( 0.03233161507461986000, 0.2514583333333327800, 0.05599999999999952900 ) ) ;
#4226 = CARTESIAN_POINT ( 'NONE',  ( 0.04849742261192906800, 0.2504166666666661200, 0.02799999999999915100 ) ) ;
#4227 = CARTESIAN_POINT ( 'NONE',  ( 0.06466323014923808200, 0.2493749999999994900, -4.118162305061953200E-016 ) ) ;
#4228 = CARTESIAN_POINT ( 'NONE',  ( -0.03233161507461964500, 0.2327083333333328500, -0.05599999999999964700 ) ) ;
#4229 = CARTESIAN_POINT ( 'NONE',  ( -0.04849742261192895700, 0.2316666666666661900, -0.02799999999999933800 ) ) ;
#4230 = CARTESIAN_POINT ( 'NONE',  ( -0.06466323014923808200, 0.2306249999999995200, 1.077249956556234100E-015 ) ) ;
#4231 = CARTESIAN_POINT ( 'NONE',  ( -0.03233161507462003300, 0.2202083333333329500, -0.05599999999999943200 ) ) ;
#4232 = CARTESIAN_POINT ( 'NONE',  ( 0.04849742261192830500, 0.2483333333333328200, -0.02800000000000045500 ) ) ;
#4233 = CARTESIAN_POINT ( 'NONE',  ( 0.03233161507461836100, 0.2472916666666661600, -0.05600000000000040400 ) ) ;
#4234 = CARTESIAN_POINT ( 'NONE',  ( -8.505943345504808200E-016, 0.2462499999999995000, -0.05600000000000000800 ) ) ;
#4235 = CARTESIAN_POINT ( 'NONE',  ( -0.03233161507462005400, 0.2452083333333328300, -0.05599999999999941800 ) ) ;
#4236 = CARTESIAN_POINT ( 'NONE',  ( -8.231631522248594900E-016, 0.2212499999999995600, -0.05600000000000000800 ) ) ;
#4237 = CARTESIAN_POINT ( 'NONE',  ( -0.03233161507461818800, 0.2160416666666662200, 0.05600000000000050100 ) ) ;
#4238 = CARTESIAN_POINT ( 'NONE',  ( 0.04849742261192804800, 0.3608333333333325600, -0.02800000000000090300 ) ) ;
#4239 = CARTESIAN_POINT ( 'NONE',  ( 0.03233161507461863200, 0.3597916666666659000, -0.05600000000000024400 ) ) ;
#4240 = CARTESIAN_POINT ( 'NONE',  ( -1.371938587041432600E-015, 0.3587499999999992400, -0.05600000000000000800 ) ) ;
#4241 = CARTESIAN_POINT ( 'NONE',  ( -0.03233161507461978400, 0.3577083333333326300, -0.05599999999999957800 ) ) ;
#4242 = CARTESIAN_POINT ( 'NONE',  ( -0.04849742261192941500, 0.3566666666666659100, -0.02799999999999853000 ) ) ;
#4243 = CARTESIAN_POINT ( 'NONE',  ( -0.06466323014923808200, 0.3556249999999991900, 1.235623961555105200E-015 ) ) ;
#4244 = CARTESIAN_POINT ( 'NONE',  ( -0.04849742261192834700, 0.3545833333333325800, 0.02800000000000038200 ) ) ;
#4245 = CARTESIAN_POINT ( 'NONE',  ( 0.04849742261192785400, 0.3483333333333325500, -0.02800000000000123900 ) ) ;
#4246 = CARTESIAN_POINT ( 'NONE',  ( 0.03233161507461824300, 0.3472916666666658900, -0.05600000000000046600 ) ) ;
#4247 = CARTESIAN_POINT ( 'NONE',  ( -1.756126927904278000E-015, 0.3462499999999992300, -0.05600000000000000800 ) ) ;
#4248 = CARTESIAN_POINT ( 'NONE',  ( -0.03233161507462017200, 0.3452083333333325600, -0.05599999999999934900 ) ) ;
#4249 = CARTESIAN_POINT ( 'NONE',  ( -0.04849742261192881800, 0.3441666666666659000, -0.02799999999999957000 ) ) ;
#4250 = CARTESIAN_POINT ( 'NONE',  ( -0.06466323014923808200, 0.3431249999999992400, 1.679246445588464300E-015 ) ) ;
#4251 = CARTESIAN_POINT ( 'NONE',  ( -0.04849742261192878400, 0.2941666666666660200, -0.02799999999999962200 ) ) ;
#4252 =( BOUNDED_SURFACE ( )  B_SPLINE_SURFACE ( 1, 2, ( 
 ( #4272, #4271, #4270, #4269, #4268, #4267, #4266, #4265, #4477, #4410, #4391, #4479, #4478, #4448, #4447, #4476, #4475, #4511, #4510, #4491, #4490, #4489, #4536, #4535, #4534, #4527, #4481, #4480, #4526, #4525, #4530, #4529, #4528, #4533, #4532, #4531, #4488, #4487, #4486, #4485, #4484, #4483, #4482, #4498, #4497, #4496, #4495, #4494, #4493, #4492, #4509, #4508, #4507, #4506, #4505, #4504, #4503, #4502, #4501, #4500, #4499, #4524, #4523, #4522, #4521, #4520, #4519, #4518, #4517, #4516, #4515, #4514, #4513, #4512, #4630, #4572, #4629, #4610, #4593, #4592, #4547, #4546, #4545, #4544, #4591, #4590, #4589, #4588, #4640, #4639, #4638, #4637, #4636, #4635, #4634, #4633, #4632, #4631, #4578, #4577, #4576, #4575, #4574, #4573, #4555, #4554, #4553, #4552, #4551, #4550, #4549, #4548, #4543, #4542, #4541, #4540, #4539, #4538, #4537, #4587, #4586, #4585, #4584, #4583, #4582, #4581, #4580, #4579, #4628, #4627, #4626, #4625, #4624, #4623, #4622, #4621, #4620, #4619, #4618, #4617, #4616, #4615, #4614, #4613, #4612, #4611, #4571, #4570, #4569, #4568, #4567, #4566, #4565, #4564, #4563, #4562, #4561, #4560, #4559, #4558, #4557, #4556, #4609, #4608, #4607, #4606, #4605, #4604, #4603, #4602, #4601, #4600, #4599, #4598, #4597, #4596, #4595, #4594, #4684, #4683, #4645, #4856, #4780, #4745, #4682, #4681, #4644, #4778, #4781, #4744, #4720, #4719, #4779, #4858, #4857, #4723, #4722, #4721, #4647, #4646, #4643, #4642, #4641, #4675, #4674, #4673, #4784, #4783, #4782, #4815, #4814, #4813, #4812, #4688, #4687, #4686, #4685, #4713, #4712, #4711, #4710, #4652, #4651, #4650, #4649, #4648, #4811, #4810, #4809, #4808, #4807, #4680, #4679, #4678, #4677, #4676, #4777, #4776, #4775, #4774, #4773, #4772, #4718, #4717, #4716, #4715, #4714, #4831, #4830, #4829, #4828, #4827, #4826, #4825, #4791, #4790, #4789, #4788, #4787, #4786, #4785, #4696, #4695, #4694, #4693, #4692, #4691, #4690, #4689, #4824, #4823, #4822, #4821, #4820, #4819, #4818, #4817, #4816, #4672, #4671, #4670, #4669, #4668, #4667, #4666, #4665, #4664, #4663, #4662, #4661, #4660, #4659, #4658, #4657, #4656, #4655, #4654, #4653, #4709, #4708, #4707, #4706, #4705, #4704, #4703, #4702, #4701, #4700, #4699, #4698, #4697, #4757, #4756, #4755, #4754, #4753, #4752, #4751, #4750, #4749, #4748, #4747, #4746, #4855, #4854, #4853, #4852, #4851, #4850, #4849, #4848, #4847, #4846, #4845, #4844, #4843, #4842, #4841, #4840, #4839, #4838, #4837, #4836, #4835, #4834, #4833, #4832, #4771, #4770 ),
 ( #4769, #4768, #4767, #4766, #4765, #4764, #4763, #4762, #4761, #4760, #4759, #4758, #4743, #4742, #4741, #4740, #4739, #4738, #4737, #4736, #4735, #4734, #4733, #4732, #4731, #4730, #4729, #4728, #4727, #4726, #4725, #4724, #4806, #4805, #4804, #4803, #4802, #4801, #4800, #4799, #4798, #4797, #4796, #4795, #4794, #4793, #4792, #4873, #4866, #4871, #4872, #4862, #4861, #4860, #4859, #4865, #4864, #4863, #4870, #4869, #4868, #4867, #4888, #4881, #4880, #4879, #4875, #4874, #4887, #4886, #4885, #4884, #4883, #4882, #4878, #4877, #4876, #4898, #4897, #4901, #4900, #4899, #4890, #4889, #4904, #4903, #4902, #4896, #4895, #4894, #4893, #4892, #4891, #4913, #4918, #4952, #4950, #4919, #4938, #4951, #4905, #4954, #4953, #4955, #4949, #4948, #4932, #4931, #4966, #4965, #4964, #4912, #4911, #4910, #4969, #4968, #4967, #4909, #4908, #4907, #4906, #4941, #4940, #4939, #4937, #4936, #4935, #4934, #4933, #4917, #4916, #4915, #4914, #4947, #4946, #4945, #4944, #4943, #4942, #4974, #4973, #4972, #4971, #4970, #4963, #4962, #4961, #4960, #4959, #4958, #4957, #4956, #4930, #4929, #4928, #4927, #4926, #4925, #4924, #4923, #4922, #4921, #4920, #1924, #1923, #1922, #1921, #1943, #1942, #1941, #1933, #1932, #1931, #1936, #1935, #1934, #1920, #1919, #1911, #1910, #1909, #1908, #1939, #1938, #1937, #1930, #1929, #1928, #1927, #1926, #1925, #1918, #1917, #1916, #1915, #1914, #1913, #1912, #920, #919, #938, #937, #931, #930, #916, #915, #929, #928, #923, #922, #921, #936, #935, #934, #918, #917, #927, #926, #939, #925, #924, #941, #940, #933, #932, #914, #913, #951, #950, #945, #952, #949, #967, #966, #946, #948, #947, #968, #955, #954, #953, #944, #943, #942, #965, #964, #963, #962, #961, #960, #959, #958, #957, #956, #986, #980, #981, #990, #989, #988, #987, #971, #970, #969, #979, #978, #977, #976, #985, #984, #983, #982, #993, #992, #991, #975, #974, #973, #972, #994, #1008, #1006, #996, #1011, #1007, #1005, #1004, #1003, #1002, #1010, #1009, #995, #1013, #1012, #999, #998, #997, #1001, #1000, #1042, #1053, #1059, #1073, #1044, #1109, #1108, #1072, #1071, #1037, #1032, #1031, #1030, #1055, #1054, #1058, #1057, #1056, #1015, #1014, #1089, #1088, #1087, #1036, #1035, #1034, #1033, #1062, #1061, #1060, #1083, #1082, #1081, #1080, #1041, #1040, #1039, #1038, #1049, #1048, #1047, #1046, #1045, #1067, #1066, #1065, #1064, #1063, #1085, #1084 ) ),
 .UNSPECIFIED., .F., .F., .T. ) 
 B_SPLINE_SURFACE_WITH_KNOTS ( ( 2, 2 ),
 ( 3, 2, 2, 2, 2, 2, 2, 2, 2, 2, 2, 2, 2, 2, 2, 2, 2, 2, 2, 2, 2, 2, 2, 2, 2, 2, 2, 2, 2, 2, 2, 2, 2, 2, 2, 2, 2, 2, 2, 2, 2, 2, 2, 2, 2, 2, 2, 2, 2, 2, 2, 2, 2, 2, 2, 2, 2, 2, 2, 2, 2, 2, 2, 2, 2, 2, 2, 2, 2, 2, 2, 2, 2, 2, 2, 2, 2, 2, 2, 2, 2, 2, 2, 2, 2, 2, 2, 2, 2, 2, 2, 2, 2, 2, 2, 2, 2, 2, 2, 2, 2, 2, 2, 2, 2, 2, 2, 2, 2, 2, 2, 2, 2, 2, 2, 2, 2, 2, 2, 2, 2, 2, 2, 2, 2, 2, 2, 2, 2, 2, 2, 2, 2, 2, 2, 2, 2, 2, 2, 2, 2, 2, 2, 2, 2, 2, 2, 2, 2, 2, 2, 2, 2, 2, 2, 2, 2, 2, 2, 2, 2, 2, 2, 2, 2, 2, 2, 2, 2, 2, 2, 2, 2, 2, 3 ),
 ( 0.0000000000000000000, 1.000000000000000000 ),
 ( 0.0000000000000000000, 0.005747126436781609100, 0.01149425287356321800, 0.01724137931034482700, 0.02298850574712643600, 0.02873563218390804600, 0.03448275862068965500, 0.04022988505747126400, 0.04597701149425287300, 0.05172413793103448200, 0.05747126436781609100, 0.06321839080459770700, 0.06896551724137930900, 0.07471264367816091200, 0.08045977011494252800, 0.08620689655172414400, 0.09195402298850574600, 0.09770114942528734800, 0.1034482758620689600, 0.1091954022988505800, 0.1149425287356321800, 0.1206896551724137800, 0.1264367816091954100, 0.1321839080459770200, 0.1379310344827586200, 0.1436781609195402200, 0.1494252873563218200, 0.1551724137931034500, 0.1609195402298850600, 0.1666666666666666600, 0.1724137931034482900, 0.1781609195402298900, 0.1839080459770114900, 0.1896551724137930900, 0.1954022988505747000, 0.2011494252873563300, 0.2068965517241379300, 0.2126436781609195300, 0.2183908045977011600, 0.2241379310344827600, 0.2298850574712643600, 0.2356321839080459700, 0.2413793103448275700, 0.2471264367816092000, 0.2528735632183908300, 0.2586206896551724300, 0.2643678160919540300, 0.2701149425287356400, 0.2758620689655172400, 0.2816091954022988400, 0.2873563218390804400, 0.2931034482758620400, 0.2988505747126436500, 0.3045977011494253000, 0.3103448275862069100, 0.3160919540229885100, 0.3218390804597701100, 0.3275862068965517100, 0.3333333333333333100, 0.3390804597701149200, 0.3448275862068965700, 0.3505747126436781800, 0.3563218390804597800, 0.3620689655172413800, 0.3678160919540229800, 0.3735632183908045900, 0.3793103448275861900, 0.3850574712643677900, 0.3908045977011493900, 0.3965517241379310500, 0.4022988505747126500, 0.4080459770114942500, 0.4137931034482758600, 0.4195402298850574600, 0.4252873563218390600, 0.4310344827586206600, 0.4367816091954023200, 0.4425287356321839200, 0.4482758620689655200, 0.4540229885057471300, 0.4597701149425287300, 0.4655172413793103300, 0.4712643678160919300, 0.4770114942528735400, 0.4827586206896551400, 0.4885057471264368000, 0.4942528735632184000, 0.5000000000000000000, 0.5057471264367816600, 0.5114942528735632000, 0.5172413793103448600, 0.5229885057471264100, 0.5287356321839080700, 0.5344827586206896100, 0.5402298850574712700, 0.5459770114942528200, 0.5517241379310344800, 0.5574712643678161300, 0.5632183908045976800, 0.5689655172413793400, 0.5747126436781608800, 0.5804597701149425400, 0.5862068965517240900, 0.5919540229885057500, 0.5977011494252872900, 0.6034482758620689500, 0.6091954022988506100, 0.6149425287356321500, 0.6206896551724138100, 0.6264367816091953600, 0.6321839080459770200, 0.6379310344827585600, 0.6436781609195402200, 0.6494252873563218800, 0.6551724137931034300, 0.6609195402298850800, 0.6666666666666666300, 0.6724137931034482900, 0.6781609195402298300, 0.6839080459770114900, 0.6896551724137931500, 0.6954022988505747000, 0.7011494252873563500, 0.7068965517241379000, 0.7126436781609195600, 0.7183908045977011000, 0.7241379310344827600, 0.7298850574712643100, 0.7356321839080459700, 0.7413793103448276200, 0.7471264367816091700, 0.7528735632183908300, 0.7586206896551723800, 0.7643678160919540300, 0.7701149425287355800, 0.7758620689655172400, 0.7816091954022987800, 0.7873563218390804400, 0.7931034482758621000, 0.7988505747126436500, 0.8045977011494253000, 0.8103448275862068500, 0.8160919540229885100, 0.8218390804597700500, 0.8275862068965517100, 0.8333333333333333700, 0.8390804597701149200, 0.8448275862068965700, 0.8505747126436781200, 0.8563218390804597800, 0.8620689655172413300, 0.8678160919540229800, 0.8735632183908046400, 0.8793103448275861900, 0.8850574712643678500, 0.8908045977011493900, 0.8965517241379310500, 0.9022988505747126000, 0.9080459770114942500, 0.9137931034482758000, 0.9195402298850574600, 0.9252873563218391200, 0.9310344827586206600, 0.9367816091954023200, 0.9425287356321838700, 0.9482758620689655200, 0.9540229885057470700, 0.9597701149425287300, 0.9655172413793102800, 0.9712643678160919300, 0.9770114942528735900, 0.9827586206896551400, 0.9885057471264368000, 0.9942528735632183400, 1.000000000000000000 ),
 .UNSPECIFIED. ) 
 GEOMETRIC_REPRESENTATION_ITEM ( )  RATIONAL_B_SPLINE_SURFACE ( (
 ( 1.000000000000000000, 0.8660254037844387100, 1.000000000000000000, 0.8660254037844387100, 1.000000000000000000, 0.8660254037844387100, 1.000000000000000000, 0.8660254037844387100, 1.000000000000000000, 0.8660254037844387100, 1.000000000000000000, 0.8660254037844387100, 1.000000000000000000, 0.8660254037844387100, 1.000000000000000000, 0.8660254037844387100, 1.000000000000000000, 0.8660254037844387100, 1.000000000000000000, 0.8660254037844387100, 1.000000000000000000, 0.8660254037844387100, 1.000000000000000000, 0.8660254037844387100, 1.000000000000000000, 0.8660254037844387100, 1.000000000000000000, 0.8660254037844387100, 1.000000000000000000, 0.8660254037844387100, 1.000000000000000000, 0.8660254037844387100, 1.000000000000000000, 0.8660254037844387100, 1.000000000000000000, 0.8660254037844387100, 1.000000000000000000, 0.8660254037844387100, 1.000000000000000000, 0.8660254037844387100, 1.000000000000000000, 0.8660254037844387100, 1.000000000000000000, 0.8660254037844387100, 1.000000000000000000, 0.8660254037844387100, 1.000000000000000000, 0.8660254037844387100, 1.000000000000000000, 0.8660254037844387100, 1.000000000000000000, 0.8660254037844387100, 1.000000000000000000, 0.8660254037844387100, 1.000000000000000000, 0.8660254037844387100, 1.000000000000000000, 0.8660254037844387100, 1.000000000000000000, 0.8660254037844387100, 1.000000000000000000, 0.8660254037844387100, 1.000000000000000000, 0.8660254037844387100, 1.000000000000000000, 0.8660254037844387100, 1.000000000000000000, 0.8660254037844387100, 1.000000000000000000, 0.8660254037844387100, 1.000000000000000000, 0.8660254037844387100, 1.000000000000000000, 0.8660254037844387100, 1.000000000000000000, 0.8660254037844387100, 1.000000000000000000, 0.8660254037844387100, 1.000000000000000000, 0.8660254037844387100, 1.000000000000000000, 0.8660254037844387100, 1.000000000000000000, 0.8660254037844387100, 1.000000000000000000, 0.8660254037844387100, 1.000000000000000000, 0.8660254037844387100, 1.000000000000000000, 0.8660254037844387100, 1.000000000000000000, 0.8660254037844387100, 1.000000000000000000, 0.8660254037844387100, 1.000000000000000000, 0.8660254037844387100, 1.000000000000000000, 0.8660254037844387100, 1.000000000000000000, 0.8660254037844387100, 1.000000000000000000, 0.8660254037844387100, 1.000000000000000000, 0.8660254037844387100, 1.000000000000000000, 0.8660254037844387100, 1.000000000000000000, 0.8660254037844387100, 1.000000000000000000, 0.8660254037844387100, 1.000000000000000000, 0.8660254037844387100, 1.000000000000000000, 0.8660254037844387100, 1.000000000000000000, 0.8660254037844387100, 1.000000000000000000, 0.8660254037844387100, 1.000000000000000000, 0.8660254037844387100, 1.000000000000000000, 0.8660254037844387100, 1.000000000000000000, 0.8660254037844387100, 1.000000000000000000, 0.8660254037844387100, 1.000000000000000000, 0.8660254037844387100, 1.000000000000000000, 0.8660254037844387100, 1.000000000000000000, 0.8660254037844387100, 1.000000000000000000, 0.8660254037844387100, 1.000000000000000000, 0.8660254037844387100, 1.000000000000000000, 0.8660254037844387100, 1.000000000000000000, 0.8660254037844387100, 1.000000000000000000, 0.8660254037844387100, 1.000000000000000000, 0.8660254037844387100, 1.000000000000000000, 0.8660254037844387100, 1.000000000000000000, 0.8660254037844387100, 1.000000000000000000, 0.8660254037844387100, 1.000000000000000000, 0.8660254037844387100, 1.000000000000000000, 0.8660254037844387100, 1.000000000000000000, 0.8660254037844387100, 1.000000000000000000, 0.8660254037844387100, 1.000000000000000000, 0.8660254037844387100, 1.000000000000000000, 0.8660254037844387100, 1.000000000000000000, 0.8660254037844387100, 1.000000000000000000, 0.8660254037844387100, 1.000000000000000000, 0.8660254037844387100, 1.000000000000000000, 0.8660254037844387100, 1.000000000000000000, 0.8660254037844387100, 1.000000000000000000, 0.8660254037844387100, 1.000000000000000000, 0.8660254037844387100, 1.000000000000000000, 0.8660254037844387100, 1.000000000000000000, 0.8660254037844387100, 1.000000000000000000, 0.8660254037844387100, 1.000000000000000000, 0.8660254037844387100, 1.000000000000000000, 0.8660254037844387100, 1.000000000000000000, 0.8660254037844387100, 1.000000000000000000, 0.8660254037844387100, 1.000000000000000000, 0.8660254037844387100, 1.000000000000000000, 0.8660254037844387100, 1.000000000000000000, 0.8660254037844387100, 1.000000000000000000, 0.8660254037844387100, 1.000000000000000000, 0.8660254037844387100, 1.000000000000000000, 0.8660254037844387100, 1.000000000000000000, 0.8660254037844387100, 1.000000000000000000, 0.8660254037844387100, 1.000000000000000000, 0.8660254037844387100, 1.000000000000000000, 0.8660254037844387100, 1.000000000000000000, 0.8660254037844387100, 1.000000000000000000, 0.8660254037844387100, 1.000000000000000000, 0.8660254037844387100, 1.000000000000000000, 0.8660254037844387100, 1.000000000000000000, 0.8660254037844387100, 1.000000000000000000, 0.8660254037844387100, 1.000000000000000000, 0.8660254037844387100, 1.000000000000000000, 0.8660254037844387100, 1.000000000000000000, 0.8660254037844387100, 1.000000000000000000, 0.8660254037844387100, 1.000000000000000000, 0.8660254037844387100, 1.000000000000000000, 0.8660254037844387100, 1.000000000000000000, 0.8660254037844387100, 1.000000000000000000, 0.8660254037844387100, 1.000000000000000000, 0.8660254037844387100, 1.000000000000000000, 0.8660254037844387100, 1.000000000000000000, 0.8660254037844387100, 1.000000000000000000, 0.8660254037844387100, 1.000000000000000000, 0.8660254037844387100, 1.000000000000000000, 0.8660254037844387100, 1.000000000000000000, 0.8660254037844387100, 1.000000000000000000, 0.8660254037844387100, 1.000000000000000000, 0.8660254037844387100, 1.000000000000000000, 0.8660254037844387100, 1.000000000000000000, 0.8660254037844387100, 1.000000000000000000, 0.8660254037844387100, 1.000000000000000000, 0.8660254037844387100, 1.000000000000000000, 0.8660254037844387100, 1.000000000000000000, 0.8660254037844387100, 1.000000000000000000, 0.8660254037844387100, 1.000000000000000000, 0.8660254037844387100, 1.000000000000000000, 0.8660254037844387100, 1.000000000000000000, 0.8660254037844387100, 1.000000000000000000, 0.8660254037844387100, 1.000000000000000000, 0.8660254037844387100, 1.000000000000000000, 0.8660254037844387100, 1.000000000000000000, 0.8660254037844387100, 1.000000000000000000, 0.8660254037844387100, 1.000000000000000000, 0.8660254037844387100, 1.000000000000000000, 0.8660254037844387100, 1.000000000000000000, 0.8660254037844387100, 1.000000000000000000, 0.8660254037844387100, 1.000000000000000000, 0.8660254037844387100, 1.000000000000000000, 0.8660254037844387100, 1.000000000000000000, 0.8660254037844387100, 1.000000000000000000, 0.8660254037844387100, 1.000000000000000000, 0.8660254037844387100, 1.000000000000000000, 0.8660254037844387100, 1.000000000000000000, 0.8660254037844387100, 1.000000000000000000, 0.8660254037844387100, 1.000000000000000000, 0.8660254037844387100, 1.000000000000000000, 0.8660254037844387100, 1.000000000000000000, 0.8660254037844387100, 1.000000000000000000, 0.8660254037844387100, 1.000000000000000000, 0.8660254037844387100, 1.000000000000000000, 0.8660254037844387100, 1.000000000000000000, 0.8660254037844387100, 1.000000000000000000, 0.8660254037844387100, 1.000000000000000000, 0.8660254037844387100, 1.000000000000000000, 0.8660254037844387100, 1.000000000000000000, 0.8660254037844387100, 1.000000000000000000, 0.8660254037844387100, 1.000000000000000000, 0.8660254037844387100, 1.000000000000000000, 0.8660254037844387100, 1.000000000000000000, 0.8660254037844387100, 1.000000000000000000, 0.8660254037844387100, 1.000000000000000000, 0.8660254037844387100, 1.000000000000000000, 0.8660254037844387100, 1.000000000000000000, 0.8660254037844387100, 1.000000000000000000),
 ( 1.000000000000000000, 0.8660254037844387100, 1.000000000000000000, 0.8660254037844387100, 1.000000000000000000, 0.8660254037844387100, 1.000000000000000000, 0.8660254037844387100, 1.000000000000000000, 0.8660254037844387100, 1.000000000000000000, 0.8660254037844387100, 1.000000000000000000, 0.8660254037844387100, 1.000000000000000000, 0.8660254037844387100, 1.000000000000000000, 0.8660254037844387100, 1.000000000000000000, 0.8660254037844387100, 1.000000000000000000, 0.8660254037844387100, 1.000000000000000000, 0.8660254037844387100, 1.000000000000000000, 0.8660254037844387100, 1.000000000000000000, 0.8660254037844387100, 1.000000000000000000, 0.8660254037844387100, 1.000000000000000000, 0.8660254037844387100, 1.000000000000000000, 0.8660254037844387100, 1.000000000000000000, 0.8660254037844387100, 1.000000000000000000, 0.8660254037844387100, 1.000000000000000000, 0.8660254037844387100, 1.000000000000000000, 0.8660254037844387100, 1.000000000000000000, 0.8660254037844387100, 1.000000000000000000, 0.8660254037844387100, 1.000000000000000000, 0.8660254037844387100, 1.000000000000000000, 0.8660254037844387100, 1.000000000000000000, 0.8660254037844387100, 1.000000000000000000, 0.8660254037844387100, 1.000000000000000000, 0.8660254037844387100, 1.000000000000000000, 0.8660254037844387100, 1.000000000000000000, 0.8660254037844387100, 1.000000000000000000, 0.8660254037844387100, 1.000000000000000000, 0.8660254037844387100, 1.000000000000000000, 0.8660254037844387100, 1.000000000000000000, 0.8660254037844387100, 1.000000000000000000, 0.8660254037844387100, 1.000000000000000000, 0.8660254037844387100, 1.000000000000000000, 0.8660254037844387100, 1.000000000000000000, 0.8660254037844387100, 1.000000000000000000, 0.8660254037844387100, 1.000000000000000000, 0.8660254037844387100, 1.000000000000000000, 0.8660254037844387100, 1.000000000000000000, 0.8660254037844387100, 1.000000000000000000, 0.8660254037844387100, 1.000000000000000000, 0.8660254037844387100, 1.000000000000000000, 0.8660254037844387100, 1.000000000000000000, 0.8660254037844387100, 1.000000000000000000, 0.8660254037844387100, 1.000000000000000000, 0.8660254037844387100, 1.000000000000000000, 0.8660254037844387100, 1.000000000000000000, 0.8660254037844387100, 1.000000000000000000, 0.8660254037844387100, 1.000000000000000000, 0.8660254037844387100, 1.000000000000000000, 0.8660254037844387100, 1.000000000000000000, 0.8660254037844387100, 1.000000000000000000, 0.8660254037844387100, 1.000000000000000000, 0.8660254037844387100, 1.000000000000000000, 0.8660254037844387100, 1.000000000000000000, 0.8660254037844387100, 1.000000000000000000, 0.8660254037844387100, 1.000000000000000000, 0.8660254037844387100, 1.000000000000000000, 0.8660254037844387100, 1.000000000000000000, 0.8660254037844387100, 1.000000000000000000, 0.8660254037844387100, 1.000000000000000000, 0.8660254037844387100, 1.000000000000000000, 0.8660254037844387100, 1.000000000000000000, 0.8660254037844387100, 1.000000000000000000, 0.8660254037844387100, 1.000000000000000000, 0.8660254037844387100, 1.000000000000000000, 0.8660254037844387100, 1.000000000000000000, 0.8660254037844387100, 1.000000000000000000, 0.8660254037844387100, 1.000000000000000000, 0.8660254037844387100, 1.000000000000000000, 0.8660254037844387100, 1.000000000000000000, 0.8660254037844387100, 1.000000000000000000, 0.8660254037844387100, 1.000000000000000000, 0.8660254037844387100, 1.000000000000000000, 0.8660254037844387100, 1.000000000000000000, 0.8660254037844387100, 1.000000000000000000, 0.8660254037844387100, 1.000000000000000000, 0.8660254037844387100, 1.000000000000000000, 0.8660254037844387100, 1.000000000000000000, 0.8660254037844387100, 1.000000000000000000, 0.8660254037844387100, 1.000000000000000000, 0.8660254037844387100, 1.000000000000000000, 0.8660254037844387100, 1.000000000000000000, 0.8660254037844387100, 1.000000000000000000, 0.8660254037844387100, 1.000000000000000000, 0.8660254037844387100, 1.000000000000000000, 0.8660254037844387100, 1.000000000000000000, 0.8660254037844387100, 1.000000000000000000, 0.8660254037844387100, 1.000000000000000000, 0.8660254037844387100, 1.000000000000000000, 0.8660254037844387100, 1.000000000000000000, 0.8660254037844387100, 1.000000000000000000, 0.8660254037844387100, 1.000000000000000000, 0.8660254037844387100, 1.000000000000000000, 0.8660254037844387100, 1.000000000000000000, 0.8660254037844387100, 1.000000000000000000, 0.8660254037844387100, 1.000000000000000000, 0.8660254037844387100, 1.000000000000000000, 0.8660254037844387100, 1.000000000000000000, 0.8660254037844387100, 1.000000000000000000, 0.8660254037844387100, 1.000000000000000000, 0.8660254037844387100, 1.000000000000000000, 0.8660254037844387100, 1.000000000000000000, 0.8660254037844387100, 1.000000000000000000, 0.8660254037844387100, 1.000000000000000000, 0.8660254037844387100, 1.000000000000000000, 0.8660254037844387100, 1.000000000000000000, 0.8660254037844387100, 1.000000000000000000, 0.8660254037844387100, 1.000000000000000000, 0.8660254037844387100, 1.000000000000000000, 0.8660254037844387100, 1.000000000000000000, 0.8660254037844387100, 1.000000000000000000, 0.8660254037844387100, 1.000000000000000000, 0.8660254037844387100, 1.000000000000000000, 0.8660254037844387100, 1.000000000000000000, 0.8660254037844387100, 1.000000000000000000, 0.8660254037844387100, 1.000000000000000000, 0.8660254037844387100, 1.000000000000000000, 0.8660254037844387100, 1.000000000000000000, 0.8660254037844387100, 1.000000000000000000, 0.8660254037844387100, 1.000000000000000000, 0.8660254037844387100, 1.000000000000000000, 0.8660254037844387100, 1.000000000000000000, 0.8660254037844387100, 1.000000000000000000, 0.8660254037844387100, 1.000000000000000000, 0.8660254037844387100, 1.000000000000000000, 0.8660254037844387100, 1.000000000000000000, 0.8660254037844387100, 1.000000000000000000, 0.8660254037844387100, 1.000000000000000000, 0.8660254037844387100, 1.000000000000000000, 0.8660254037844387100, 1.000000000000000000, 0.8660254037844387100, 1.000000000000000000, 0.8660254037844387100, 1.000000000000000000, 0.8660254037844387100, 1.000000000000000000, 0.8660254037844387100, 1.000000000000000000, 0.8660254037844387100, 1.000000000000000000, 0.8660254037844387100, 1.000000000000000000, 0.8660254037844387100, 1.000000000000000000, 0.8660254037844387100, 1.000000000000000000, 0.8660254037844387100, 1.000000000000000000, 0.8660254037844387100, 1.000000000000000000, 0.8660254037844387100, 1.000000000000000000, 0.8660254037844387100, 1.000000000000000000, 0.8660254037844387100, 1.000000000000000000, 0.8660254037844387100, 1.000000000000000000, 0.8660254037844387100, 1.000000000000000000, 0.8660254037844387100, 1.000000000000000000, 0.8660254037844387100, 1.000000000000000000, 0.8660254037844387100, 1.000000000000000000, 0.8660254037844387100, 1.000000000000000000, 0.8660254037844387100, 1.000000000000000000, 0.8660254037844387100, 1.000000000000000000, 0.8660254037844387100, 1.000000000000000000, 0.8660254037844387100, 1.000000000000000000, 0.8660254037844387100, 1.000000000000000000, 0.8660254037844387100, 1.000000000000000000, 0.8660254037844387100, 1.000000000000000000, 0.8660254037844387100, 1.000000000000000000, 0.8660254037844387100, 1.000000000000000000, 0.8660254037844387100, 1.000000000000000000, 0.8660254037844387100, 1.000000000000000000, 0.8660254037844387100, 1.000000000000000000, 0.8660254037844387100, 1.000000000000000000, 0.8660254037844387100, 1.000000000000000000, 0.8660254037844387100, 1.000000000000000000, 0.8660254037844387100, 1.000000000000000000, 0.8660254037844387100, 1.000000000000000000, 0.8660254037844387100, 1.000000000000000000, 0.8660254037844387100, 1.000000000000000000, 0.8660254037844387100, 1.000000000000000000, 0.8660254037844387100, 1.000000000000000000, 0.8660254037844387100, 1.000000000000000000) ) ) 
 REPRESENTATION_ITEM ( '' )  SURFACE ( )  );
#4253 = CARTESIAN_POINT ( 'NONE',  ( 0.04849742261192845800, 0.3358333333333326000, -0.02800000000000019500 ) ) ;
#4254 = CARTESIAN_POINT ( 'NONE',  ( 0.03233161507461786200, 0.3347916666666659300, -0.05600000000000068100 ) ) ;
#4255 = CARTESIAN_POINT ( 'NONE',  ( -5.486995406644990600E-016, 0.3337499999999992700, -0.05600000000000000800 ) ) ;
#4256 = CARTESIAN_POINT ( 'NONE',  ( -0.03233161507462055400, 0.3327083333333326100, -0.05599999999999912700 ) ) ;
#4257 = CARTESIAN_POINT ( 'NONE',  ( -0.04849742261192900600, 0.3316666666666659400, -0.02799999999999924400 ) ) ;
#4258 = DIRECTION ( 'NONE',  ( 1.000000000000000000, 2.449212707644754500E-016, 0.0000000000000000000 ) ) ;
#4259 = DIRECTION ( 'NONE',  ( 2.449212707644754500E-016, -1.000000000000000000, 0.0000000000000000000 ) ) ;
#4260 = CARTESIAN_POINT ( 'NONE',  ( 0.0000000000000000000, 0.0000000000000000000, 0.0000000000000000000 ) ) ;
#4261 = AXIS2_PLACEMENT_3D ( 'NONE', #4260, #4259, #4258 ) ;
#4262 = FACE_OUTER_BOUND ( 'NONE', #2996, .T. ) ;
#4263 = CYLINDRICAL_SURFACE ( 'NONE', #4261, 0.05345000000000004600 ) ;
#4264 = CARTESIAN_POINT ( 'NONE',  ( -0.06466323014923808200, 0.2931249999999993600, 1.615896843588915800E-015 ) ) ;
#4265 = CARTESIAN_POINT ( 'NONE',  ( 0.03085937188818547700, 0.02779166666666664500, -0.05344999999999999800 ) ) ;
#4266 = CARTESIAN_POINT ( 'NONE',  ( -6.545520961180605600E-018, 0.02674999999999997900, -0.05344999999999999800 ) ) ;
#4267 = CARTESIAN_POINT ( 'NONE',  ( -0.03085937188818551800, 0.02570833333333331900, -0.05344999999999998400 ) ) ;
#4268 = CARTESIAN_POINT ( 'NONE',  ( -0.04628905783227824800, 0.02466666666666664900, -0.02672499999999998500 ) ) ;
#4269 = CARTESIAN_POINT ( 'NONE',  ( -0.06171874377637098800, 0.02362499999999998300, 3.779058288923960300E-018 ) ) ;
#4270 = CARTESIAN_POINT ( 'NONE',  ( -0.04628905783227824100, 0.02258333333333332000, 0.02672500000000000200 ) ) ;
#4271 = CARTESIAN_POINT ( 'NONE',  ( -0.03085937188818549000, 0.02154166666666665700, 0.05344999999999999800 ) ) ;
#4272 = CARTESIAN_POINT ( 'NONE',  ( 0.0000000000000000000, 0.02049999999999999400, 0.05344999999999999800 ) ) ;
#4273 = CARTESIAN_POINT ( 'NONE',  ( -0.04849742261192777800, 0.3170833333333326100, 0.02800000000000138100 ) ) ;
#4274 = CARTESIAN_POINT ( 'NONE',  ( -0.03233161507461809100, 0.3160416666666658900, 0.05600000000000054900 ) ) ;
#4275 = CARTESIAN_POINT ( 'NONE',  ( 3.291741879074550600E-016, 0.3149999999999992800, 0.05600000000000000800 ) ) ;
#4276 = CARTESIAN_POINT ( 'NONE',  ( -0.03233161507462011000, 0.2952083333333326800, -0.05599999999999938400 ) ) ;
#4277 = CARTESIAN_POINT ( 'NONE',  ( 1.097550869633146100E-015, 0.2899999999999994200, 0.05600000000000000800 ) ) ;
#4278 = CARTESIAN_POINT ( 'NONE',  ( 0.04849742261192848500, 0.2858333333333327200, -0.02800000000000014600 ) ) ;
#4279 = CARTESIAN_POINT ( 'NONE',  ( -0.06466323014923808200, 0.3056249999999993700, 1.172274359555556600E-015 ) ) ;
#4280 = CARTESIAN_POINT ( 'NONE',  ( -0.04849742261192837400, 0.3045833333333327100, 0.02800000000000033000 ) ) ;
#4281 = CARTESIAN_POINT ( 'NONE',  ( -1.075727354415967500E-014, 0.3649999999999996000, 0.05600000000000000800 ) ) ;
#4282 = CARTESIAN_POINT ( 'NONE',  ( 0.03233161507461677900, 0.3639583333333327200, 0.05600000000000546200 ) ) ;
#4283 = CARTESIAN_POINT ( 'NONE',  ( 0.04849742261192893000, 0.3629166666666658300, 0.02799999999999938300 ) ) ;
#4284 = CARTESIAN_POINT ( 'NONE',  ( 0.06466323014923808200, 0.3618749999999991700, -1.932732488604918100E-015 ) ) ;
#4285 = CARTESIAN_POINT ( 'NONE',  ( -0.06466323014923808200, 0.3306249999999992800, 2.850293914888386100E-016 ) ) ;
#4286 = CARTESIAN_POINT ( 'NONE',  ( -0.04849742261192796500, 0.3295833333333326200, 0.02800000000000104800 ) ) ;
#4287 = CARTESIAN_POINT ( 'NONE',  ( -0.03233161507461846500, 0.3285416666666659500, 0.05600000000000032700 ) ) ;
#4288 = CARTESIAN_POINT ( 'NONE',  ( -0.04849742261192938700, 0.3066666666666660300, -0.02799999999999857800 ) ) ;
#4289 = CARTESIAN_POINT ( 'NONE',  ( 1.536601575147234100E-015, 0.3274999999999992400, 0.05600000000000000800 ) ) ;
#4290 = CARTESIAN_POINT ( 'NONE',  ( 0.03233161507461995700, 0.3264583333333325700, 0.05599999999999946700 ) ) ;
#4291 = CARTESIAN_POINT ( 'NONE',  ( 0.04849742261192870700, 0.3254166666666659100, 0.02799999999999976800 ) ) ;
#4292 = CARTESIAN_POINT ( 'NONE',  ( 0.06466323014923808200, 0.3243749999999992500, -1.425760402572010600E-015 ) ) ;
#4293 = CARTESIAN_POINT ( 'NONE',  ( -0.03233161507461770200, 0.3035416666666660400, 0.05600000000000077100 ) ) ;
#4294 = CARTESIAN_POINT ( 'NONE',  ( 7.133625287703005000E-016, 0.3024999999999993800, 0.05600000000000000800 ) ) ;
#4295 = CARTESIAN_POINT ( 'NONE',  ( -0.03233161507461764600, 0.3535416666666659200, 0.05600000000000081300 ) ) ;
#4296 = CARTESIAN_POINT ( 'NONE',  ( 7.682248934215429600E-016, 0.3524999999999992600, 0.05600000000000000800 ) ) ;
#4297 = CARTESIAN_POINT ( 'NONE',  ( 0.03233161507462077600, 0.3514583333333326000, 0.05599999999999900900 ) ) ;
#4298 = CARTESIAN_POINT ( 'NONE',  ( 0.04849742261192911700, 0.3504166666666658800, 0.02799999999999905000 ) ) ;
#4299 = CARTESIAN_POINT ( 'NONE',  ( 0.06466323014923808200, 0.3493749999999992100, -5.385154345052923700E-016 ) ) ;
#4300 = CARTESIAN_POINT ( 'NONE',  ( 0.04849742261192788200, 0.2983333333333326700, -0.02800000000000119100 ) ) ;
#4301 = CARTESIAN_POINT ( 'NONE',  ( 0.03233161507461830600, 0.2972916666666660100, -0.05600000000000042400 ) ) ;
#4302 = CARTESIAN_POINT ( 'NONE',  ( 0.04849742261192908900, 0.3004166666666660500, 0.02799999999999910200 ) ) ;
#4303 = CARTESIAN_POINT ( 'NONE',  ( 0.06466323014923808200, 0.2993749999999993900, -4.751658325057438400E-016 ) ) ;
#4304 = CARTESIAN_POINT ( 'NONE',  ( 0.03233161507462072700, 0.3014583333333327200, 0.05599999999999903000 ) ) ;
#4305 = CARTESIAN_POINT ( 'NONE',  ( 0.06466323014923808200, 0.2868749999999993800, -9.187883165391029200E-016 ) ) ;
#4306 = CARTESIAN_POINT ( 'NONE',  ( -0.04849742261192818700, 0.2920833333333327000, 0.02800000000000067000 ) ) ;
#4307 = FACE_OUTER_BOUND ( 'NONE', #2836, .T. ) ;
#4308 = CARTESIAN_POINT ( 'NONE',  ( -1.075727354415967500E-014, 0.3649999999999996000, 0.05600000000000000800 ) ) ;
#4309 = CARTESIAN_POINT ( 'NONE',  ( 0.03233161507462033200, 0.3139583333333325600, 0.05599999999999926600 ) ) ;
#4310 = CARTESIAN_POINT ( 'NONE',  ( 0.04849742261192889500, 0.3129166666666659500, 0.02799999999999943500 ) ) ;
#4311 = CARTESIAN_POINT ( 'NONE',  ( 0.06466323014923808200, 0.3118749999999993500, -1.869382886605370100E-015 ) ) ;
#4312 = CARTESIAN_POINT ( 'NONE',  ( 0.04849742261192807600, 0.3108333333333326800, -0.02800000000000086100 ) ) ;
#4313 = CARTESIAN_POINT ( 'NONE',  ( 0.03233161507461868700, 0.3097916666666660200, -0.05600000000000020200 ) ) ;
#4314 = CARTESIAN_POINT ( 'NONE',  ( 0.04849742261192826300, 0.3233333333333325800, -0.02800000000000052400 ) ) ;
#4315 = CARTESIAN_POINT ( 'NONE',  ( 0.03233161507461748000, 0.3222916666666660300, -0.05600000000000090300 ) ) ;
#4316 = CARTESIAN_POINT ( 'NONE',  ( -9.328878815273446100E-016, 0.3212499999999992600, -0.05600000000000000800 ) ) ;
#4317 = CARTESIAN_POINT ( 'NONE',  ( -1.317076222390190200E-015, 0.3087499999999993600, -0.05600000000000000800 ) ) ;
#4318 = CARTESIAN_POINT ( 'NONE',  ( -0.03233161507461972800, 0.3077083333333327000, -0.05599999999999959900 ) ) ;
#4319 = CARTESIAN_POINT ( 'NONE',  ( -0.04849742261192815900, 0.3420833333333325700, 0.02800000000000071900 ) ) ;
#4320 = CARTESIAN_POINT ( 'NONE',  ( -0.03233161507461725800, 0.3410416666666659100, 0.05600000000000103500 ) ) ;
#4321 = CARTESIAN_POINT ( 'NONE',  ( 1.152413234284388700E-015, 0.3399999999999992500, 0.05600000000000000800 ) ) ;
#4322 = CARTESIAN_POINT ( 'NONE',  ( 0.03233161507461956900, 0.3389583333333325800, 0.05599999999999969600 ) ) ;
#4323 = CARTESIAN_POINT ( 'NONE',  ( 0.04849742261192931100, 0.3379166666666659200, 0.02799999999999871700 ) ) ;
#4324 = CARTESIAN_POINT ( 'NONE',  ( 0.06466323014923808200, 0.3368749999999992600, -9.821379185386515400E-016 ) ) ;
#4325 = CARTESIAN_POINT ( 'NONE',  ( -0.03233161507461934600, 0.3202083333333326000, -0.05599999999999982800 ) ) ;
#4326 = CARTESIAN_POINT ( 'NONE',  ( -0.04849742261192920000, 0.3191666666666659300, -0.02799999999999891100 ) ) ;
#4327 = CARTESIAN_POINT ( 'NONE',  ( -0.06466323014923808200, 0.3181249999999993200, 7.286518755221975900E-016 ) ) ;
#4328 = CARTESIAN_POINT ( 'NONE',  ( -0.03233161507461890200, 0.2910416666666660900, 0.05600000000000008400 ) ) ;
#4329 = CARTESIAN_POINT ( 'NONE',  ( 0.04849742261192927600, 0.2879166666666661000, 0.02799999999999876500 ) ) ;
#4330 = CARTESIAN_POINT ( 'NONE',  ( 0.03233161507461951300, 0.2889583333333328200, 0.05599999999999972400 ) ) ;
#4331 = CARTESIAN_POINT ( 'NONE',  ( -1.096488351504110300E-016, 0.2962499999999993500, -0.05600000000000000800 ) ) ;
#4332 = CARTESIAN_POINT ( 'NONE',  ( 0.04849742261192858900, 0.02541666666666664000, 0.02799999999999996600 ) ) ;
#4333 = CARTESIAN_POINT ( 'NONE',  ( 0.06466323014923808200, 0.02437499999999998000, -1.187805037491535100E-017 ) ) ;
#4334 = CARTESIAN_POINT ( 'NONE',  ( 0.04849742261192855500, 0.02333333333333331400, -0.02800000000000002800 ) ) ;
#4335 = CARTESIAN_POINT ( 'NONE',  ( 0.03233161507461902700, 0.02229166666666664700, -0.05600000000000000800 ) ) ;
#4336 = CARTESIAN_POINT ( 'NONE',  ( -6.857795581405312900E-018, 0.02124999999999998800, -0.05600000000000000800 ) ) ;
#4337 = CARTESIAN_POINT ( 'NONE',  ( -0.03233161507461906900, 0.02020833333333332100, -0.05599999999999998700 ) ) ;
#4338 = CARTESIAN_POINT ( 'NONE',  ( -0.04849742261192858300, 0.01916666666666665800, -0.02799999999999999000 ) ) ;
#4339 = CARTESIAN_POINT ( 'NONE',  ( -0.03233161507461867300, 0.1410416666666663700, 0.05600000000000021600 ) ) ;
#4340 = CARTESIAN_POINT ( 'NONE',  ( 5.350598436537624100E-016, 0.1399999999999997100, 0.05600000000000000800 ) ) ;
#4341 = CARTESIAN_POINT ( 'NONE',  ( 0.03233161507461934600, 0.1389583333333330500, 0.05599999999999982800 ) ) ;
#4342 = CARTESIAN_POINT ( 'NONE',  ( 0.04849742261192880500, 0.1379166666666663800, 0.02799999999999959800 ) ) ;
#4343 = CARTESIAN_POINT ( 'NONE',  ( 0.06466323014923808200, 0.1368749999999996900, -2.692796260072111200E-016 ) ) ;
#4344 = CARTESIAN_POINT ( 'NONE',  ( 0.04849742261192836700, 0.1358333333333330600, -0.02800000000000034400 ) ) ;
#4345 = CARTESIAN_POINT ( 'NONE',  ( 0.03233161507461848600, 0.1347916666666664200, -0.05600000000000032700 ) ) ;
#4346 = CARTESIAN_POINT ( 'NONE',  ( -3.292500820595290200E-016, 0.1337499999999997300, -0.05600000000000000800 ) ) ;
#4347 = CARTESIAN_POINT ( 'NONE',  ( -0.03233161507461953400, 0.1327083333333330700, -0.05599999999999971000 ) ) ;
#4348 = CARTESIAN_POINT ( 'NONE',  ( -0.04849742261192870100, 0.1316666666666664000, -0.02799999999999977500 ) ) ;
#4349 = CARTESIAN_POINT ( 'NONE',  ( -0.06466323014923808200, 0.1306249999999997400, 4.910908680238907100E-016 ) ) ;
#4350 = CARTESIAN_POINT ( 'NONE',  ( -0.04849742261192847800, 0.1295833333333330800, 0.02800000000000017100 ) ) ;
#4351 = CARTESIAN_POINT ( 'NONE',  ( -0.03233161507461868700, 0.1285416666666664200, 0.05600000000000020200 ) ) ;
#4352 = CARTESIAN_POINT ( 'NONE',  ( 5.213442524909518000E-016, 0.1274999999999997200, 0.05600000000000000800 ) ) ;
#4353 = CARTESIAN_POINT ( 'NONE',  ( 0.03233161507461933300, 0.1264583333333330600, 0.05599999999999983500 ) ) ;
#4354 = CARTESIAN_POINT ( 'NONE',  ( 0.04849742261192879100, 0.1254166666666664000, 0.02799999999999960900 ) ) ;
#4355 = CARTESIAN_POINT ( 'NONE',  ( 0.06466323014923808200, 0.1243749999999997600, -2.534422255073240200E-016 ) ) ;
#4356 = CARTESIAN_POINT ( 'NONE',  ( 0.04849742261192837400, 0.1233333333333330900, -0.02800000000000034100 ) ) ;
#4357 = CARTESIAN_POINT ( 'NONE',  ( 0.03233161507461889500, 0.1222916666666664200, -0.05600000000000009100 ) ) ;
#4358 = CARTESIAN_POINT ( 'NONE',  ( -3.155344908967184100E-016, 0.1212499999999997500, -0.05600000000000000800 ) ) ;
#4359 = CARTESIAN_POINT ( 'NONE',  ( -0.03233161507461952000, 0.1202083333333330700, -0.05599999999999972400 ) ) ;
#4360 = CARTESIAN_POINT ( 'NONE',  ( -0.04849742261192869400, 0.1191666666666664200, -0.02799999999999978900 ) ) ;
#4361 = CARTESIAN_POINT ( 'NONE',  ( -0.06466323014923808200, 0.1181249999999997600, 4.752534675240036100E-016 ) ) ;
#4362 = CARTESIAN_POINT ( 'NONE',  ( -0.04849742261192847800, 0.1170833333333331100, 0.02800000000000015700 ) ) ;
#4363 = CARTESIAN_POINT ( 'NONE',  ( -0.03233161507461870100, 0.1160416666666664200, 0.05600000000000020200 ) ) ;
#4364 = CARTESIAN_POINT ( 'NONE',  ( 1.097247293024850100E-016, 0.1149999999999997700, 0.05600000000000000800 ) ) ;
#4365 = CARTESIAN_POINT ( 'NONE',  ( 0.03233161507461931900, 0.1139583333333331100, 0.05599999999999984200 ) ) ;
#4366 = CARTESIAN_POINT ( 'NONE',  ( 0.04849742261192878400, 0.1129166666666664400, 0.02799999999999962200 ) ) ;
#4367 = CARTESIAN_POINT ( 'NONE',  ( 0.06466323014923808200, 0.1118749999999997800, -2.376048250074368600E-016 ) ) ;
#4368 = CARTESIAN_POINT ( 'NONE',  ( 0.04849742261192838100, 0.1108333333333331200, -0.02800000000000032700 ) ) ;
#4369 = CARTESIAN_POINT ( 'NONE',  ( 0.03233161507461890200, 0.1097916666666664400, -0.05600000000000008400 ) ) ;
#4370 = CARTESIAN_POINT ( 'NONE',  ( -3.018188997339077400E-016, 0.1087499999999997800, -0.05600000000000000800 ) ) ;
#4371 = CARTESIAN_POINT ( 'NONE',  ( -0.03233161507461951300, 0.1077083333333331100, -0.05599999999999972400 ) ) ;
#4372 = CARTESIAN_POINT ( 'NONE',  ( -0.04849742261192868000, 0.1066666666666664500, -0.02799999999999980300 ) ) ;
#4373 = CARTESIAN_POINT ( 'NONE',  ( -0.06466323014923808200, 0.1056249999999998000, 4.594160670241164000E-016 ) ) ;
#4374 = CARTESIAN_POINT ( 'NONE',  ( -0.04849742261192848500, 0.1045833333333331100, 0.02800000000000014600 ) ) ;
#4375 = CARTESIAN_POINT ( 'NONE',  ( -0.03233161507461870800, 0.1035416666666664500, 0.05600000000000019500 ) ) ;
#4376 = CARTESIAN_POINT ( 'NONE',  ( 9.600913813967439200E-017, 0.1024999999999998000, 0.05600000000000000800 ) ) ;
#4377 = CARTESIAN_POINT ( 'NONE',  ( 0.03233161507461930500, 0.1014583333333331400, 0.05599999999999986200 ) ) ;
#4378 = CARTESIAN_POINT ( 'NONE',  ( 0.04849742261192878400, 0.1004166666666664700, 0.02799999999999963600 ) ) ;
#4379 = CARTESIAN_POINT ( 'NONE',  ( 0.06466323014923808200, 0.09937499999999981100, -2.217674245075497300E-016 ) ) ;
#4380 = CARTESIAN_POINT ( 'NONE',  ( 0.04849742261192838800, 0.09833333333333313400, -0.02800000000000031300 ) ) ;
#4381 = CARTESIAN_POINT ( 'NONE',  ( 0.03233161507461892300, 0.09729166666666647100, -0.05600000000000006400 ) ) ;
#4382 = CARTESIAN_POINT ( 'NONE',  ( -2.881033085710971800E-016, 0.09624999999999980800, -0.05600000000000000800 ) ) ;
#4383 = CARTESIAN_POINT ( 'NONE',  ( -0.03233161507461909700, 0.09520833333333314500, -0.05599999999999998000 ) ) ;
#4384 = CARTESIAN_POINT ( 'NONE',  ( -0.04849742261192868000, 0.09416666666666648200, -0.02799999999999981300 ) ) ;
#4385 = CARTESIAN_POINT ( 'NONE',  ( -0.06466323014923808200, 0.09312499999999980500, 4.435786665242293500E-016 ) ) ;
#4386 = CARTESIAN_POINT ( 'NONE',  ( -0.04849742261192849200, 0.09208333333333314200, 0.02800000000000013600 ) ) ;
#4387 = CARTESIAN_POINT ( 'NONE',  ( -0.03233161507461872900, 0.09104166666666649300, 0.05600000000000016800 ) ) ;
#4388 = CARTESIAN_POINT ( 'NONE',  ( 8.229354697686376400E-017, 0.08999999999999983000, 0.05600000000000000800 ) ) ;
#4389 = CARTESIAN_POINT ( 'NONE',  ( 0.03233161507461929100, 0.08895833333333316700, 0.05599999999999986200 ) ) ;
#4390 =( BOUNDED_CURVE ( )  B_SPLINE_CURVE ( 2, ( #4465, #4438, #4437, #4436, #4338, #4337, #4336, #4335, #4334, #4333, #4332, #4446, #4445, #4444, #4443, #4442, #4441, #4440, #4439, #4474, #4473, #4472, #4471, #4470, #4469, #4468, #4467, #4466, #4435, #4434, #4433, #4432, #4431, #4430, #4429, #4428, #4427, #4409, #4408, #4407, #4406, #4405, #4404, #4403, #4402, #4401, #4400, #4399, #4398, #4397, #4396, #4395, #4394, #4393, #4392, #4426, #4425, #4424, #4423, #4422, #4421, #4420, #4419, #4418, #4417, #4416, #4415, #4414, #4413, #4412, #4411, #4389, #4388, #4387, #4386, #4385, #4384, #4383, #4382, #4381, #4380, #4379, #4378, #4377, #4376, #4375, #4374, #4373, #4372, #4371, #4370, #4369, #4368, #4367, #4366, #4365, #4364, #4363, #4362, #4361, #4360, #4359, #4358, #4357, #4356, #4355, #4354, #4353, #4352, #4351, #4350, #4349, #4348, #4347, #4346, #4345, #4344, #4343, #4342, #4341, #4340, #4339, #4464, #4463, #4462, #4461, #4460, #4459, #4458, #4457, #4456, #4455, #4454, #4453, #4452, #4451, #4450, #4449, #4009, #4059, #4058, #4061, #4060, #4063, #4062, #4081, #4084, #4083, #4080, #4075, #4074, #4103, #4125, #4124, #4127, #4126, #4165, #4164, #4163, #4162, #4161, #4160, #4159, #4158, #4157, #4143, #4142, #4141, #4140, #4139, #4138, #4137, #4136, #4135, #4134, #4133, #4132, #4131, #4130, #4155, #4154, #4153, #4152, #4151, #4150, #4149, #4148, #4147, #4146, #4145, #4144, #4169, #4213, #4237, #4214, #4210, #4205, #4231, #4236, #4190, #4215, #4212, #4211, #4223, #4222, #4221, #4220, #4230, #4229, #4228, #4219, #4218, #4204, #4203, #4202, #4217, #4216, #4209, #4208, #4207, #4206, #4235, #4234, #4233, #4232, #4227, #4226, #4225, #4224, #4201, #4200, #4199, #4198, #4197, #4196, #4195, #4194, #4193, #4192, #4191, #4189, #4188, #4187, #4186, #4185, #4184, #4183, #4182, #4181, #4180, #4179, #4178, #4177, #4176, #4175, #4174, #4173, #4172, #4171, #4170, #4278, #4305, #4329, #4330, #4277, #4328, #4306, #4264, #4251, #4276, #4331, #4301, #4300, #4303, #4302, #4304, #4294, #4293, #4280, #4279, #4288, #4318, #4317, #4313, #4312, #4311, #4310, #4309, #4275, #4274, #4273, #4327, #4326, #4325, #4316, #4315, #4314, #4292, #4291, #4290, #4289, #4287, #4286, #4285, #4257, #4256, #4255, #4254, #4253, #4324, #4323, #4322, #4321, #4320, #4319, #4250, #4249, #4248, #4247, #4246, #4245, #4299, #4298, #4297, #4296, #4295, #4244, #4243, #4242, #4241, #4240, #4239, #4238, #4284, #4283, #4282, #4281 ),
 .UNSPECIFIED., .F., .T. ) 
 B_SPLINE_CURVE_WITH_KNOTS ( ( 3, 2, 2, 2, 2, 2, 2, 2, 2, 2, 2, 2, 2, 2, 2, 2, 2, 2, 2, 2, 2, 2, 2, 2, 2, 2, 2, 2, 2, 2, 2, 2, 2, 2, 2, 2, 2, 2, 2, 2, 2, 2, 2, 2, 2, 2, 2, 2, 2, 2, 2, 2, 2, 2, 2, 2, 2, 2, 2, 2, 2, 2, 2, 2, 2, 2, 2, 2, 2, 2, 2, 2, 2, 2, 2, 2, 2, 2, 2, 2, 2, 2, 2, 2, 2, 2, 2, 2, 2, 2, 2, 2, 2, 2, 2, 2, 2, 2, 2, 2, 2, 2, 2, 2, 2, 2, 2, 2, 2, 2, 2, 2, 2, 2, 2, 2, 2, 2, 2, 2, 2, 2, 2, 2, 2, 2, 2, 2, 2, 2, 2, 2, 2, 2, 2, 2, 2, 2, 2, 2, 2, 2, 2, 2, 2, 2, 2, 2, 2, 2, 2, 2, 2, 2, 2, 2, 2, 2, 2, 2, 2, 2, 2, 2, 2, 2, 2, 2, 3 ),
 ( 0.0000000000000000000, 0.005747126436781615200, 0.01149425287356323000, 0.01724137931034484800, 0.02298850574712646100, 0.02873563218390808000, 0.03448275862068969600, 0.04022988505747130500, 0.04597701149425292100, 0.05172413793103454400, 0.05747126436781616100, 0.06321839080459777700, 0.06896551724137939300, 0.07471264367816100900, 0.08045977011494261100, 0.08620689655172424100, 0.09195402298850584300, 0.09770114942528745900, 0.1034482758620690900, 0.1091954022988507100, 0.1149425287356323200, 0.1206896551724139200, 0.1264367816091955500, 0.1321839080459771600, 0.1379310344827587900, 0.1436781609195403900, 0.1494252873563220200, 0.1551724137931036200, 0.1609195402298852200, 0.1666666666666668500, 0.1724137931034484800, 0.1781609195402301100, 0.1839080459770116900, 0.1896551724137933200, 0.1954022988505749200, 0.2011494252873565800, 0.2068965517241381800, 0.2126436781609197500, 0.2183908045977014100, 0.2241379310344830100, 0.2298850574712646400, 0.2356321839080462400, 0.2413793103448278500, 0.2471264367816094800, 0.2528735632183911100, 0.2586206896551727600, 0.2643678160919543100, 0.2701149425287359100, 0.2758620689655175700, 0.2816091954022991700, 0.2873563218390807700, 0.2931034482758623800, 0.2988505747126440300, 0.3045977011494256900, 0.3103448275862072400, 0.3160919540229888400, 0.3218390804597704400, 0.3275862068965521000, 0.3333333333333337000, 0.3390804597701153100, 0.3448275862068969600, 0.3505747126436786200, 0.3563218390804602200, 0.3620689655172417700, 0.3678160919540233700, 0.3735632183908049700, 0.3793103448275866300, 0.3850574712643682300, 0.3908045977011498400, 0.3965517241379314900, 0.4022988505747131500, 0.4080459770114947500, 0.4137931034482763600, 0.4195402298850579000, 0.4252873563218395000, 0.4310344827586211600, 0.4367816091954028200, 0.4425287356321844200, 0.4482758620689660200, 0.4540229885057476800, 0.4597701149425292800, 0.4655172413793108900, 0.4712643678160924900, 0.4770114942528740400, 0.4827586206896556900, 0.4885057471264373500, 0.4942528735632189500, 0.5000000000000005600, 0.5057471264367822100, 0.5114942528735637600, 0.5172413793103455300, 0.5229885057471270700, 0.5287356321839086200, 0.5344827586206902800, 0.5402298850574718300, 0.5459770114942534800, 0.5517241379310351400, 0.5574712643678166900, 0.5632183908045983500, 0.5689655172413800000, 0.5747126436781615500, 0.5804597701149432100, 0.5862068965517247500, 0.5919540229885064100, 0.5977011494252880700, 0.6034482758620696200, 0.6091954022988513900, 0.6149425287356328200, 0.6206896551724144800, 0.6264367816091961400, 0.6321839080459776800, 0.6379310344827593400, 0.6436781609195408900, 0.6494252873563226600, 0.6551724137931042000, 0.6609195402298858600, 0.6666666666666674100, 0.6724137931034490600, 0.6781609195402306100, 0.6839080459770122700, 0.6896551724137939300, 0.6954022988505754700, 0.7011494252873572400, 0.7068965517241386800, 0.7126436781609204500, 0.7183908045977018800, 0.7241379310344835400, 0.7298850574712652000, 0.7356321839080467400, 0.7413793103448285100, 0.7471264367816099500, 0.7528735632183917200, 0.7586206896551732600, 0.7643678160919549200, 0.7701149425287364700, 0.7758620689655182400, 0.7816091954022996700, 0.7873563218390813300, 0.7931034482758629900, 0.7988505747126445300, 0.8045977011494263000, 0.8103448275862077400, 0.8160919540229895100, 0.8218390804597709400, 0.8275862068965527100, 0.8333333333333343700, 0.8390804597701158100, 0.8448275862068975700, 0.8505747126436790100, 0.8563218390804607800, 0.8620689655172423200, 0.8678160919540239800, 0.8735632183908056400, 0.8793103448275873000, 0.8850574712643688400, 0.8908045977011503900, 0.8965517241379320500, 0.9022988505747136000, 0.9080459770114953600, 0.9137931034482768000, 0.9195402298850585700, 0.9252873563218401200, 0.9310344827586217700, 0.9367816091954034300, 0.9425287356321849800, 0.9482758620689666400, 0.9540229885057480700, 0.9597701149425298400, 0.9655172413793113900 ),
 .UNSPECIFIED. ) 
 CURVE ( )  GEOMETRIC_REPRESENTATION_ITEM ( )  RATIONAL_B_SPLINE_CURVE ( ( 1.000000000000000000, 0.8660254037844387100, 1.000000000000000000, 0.8660254037844387100, 1.000000000000000000, 0.8660254037844387100, 1.000000000000000000, 0.8660254037844387100, 1.000000000000000000, 0.8660254037844387100, 1.000000000000000000, 0.8660254037844387100, 1.000000000000000000, 0.8660254037844387100, 1.000000000000000000, 0.8660254037844387100, 1.000000000000000000, 0.8660254037844387100, 1.000000000000000000, 0.8660254037844387100, 1.000000000000000000, 0.8660254037844387100, 1.000000000000000000, 0.8660254037844387100, 1.000000000000000000, 0.8660254037844387100, 1.000000000000000000, 0.8660254037844387100, 1.000000000000000000, 0.8660254037844387100, 1.000000000000000000, 0.8660254037844387100, 1.000000000000000000, 0.8660254037844387100, 1.000000000000000000, 0.8660254037844387100, 1.000000000000000000, 0.8660254037844387100, 1.000000000000000000, 0.8660254037844387100, 1.000000000000000000, 0.8660254037844387100, 1.000000000000000000, 0.8660254037844387100, 1.000000000000000000, 0.8660254037844387100, 1.000000000000000000, 0.8660254037844387100, 1.000000000000000000, 0.8660254037844387100, 1.000000000000000000, 0.8660254037844387100, 1.000000000000000000, 0.8660254037844387100, 1.000000000000000000, 0.8660254037844387100, 1.000000000000000000, 0.8660254037844387100, 1.000000000000000000, 0.8660254037844387100, 1.000000000000000000, 0.8660254037844387100, 1.000000000000000000, 0.8660254037844387100, 1.000000000000000000, 0.8660254037844387100, 1.000000000000000000, 0.8660254037844387100, 1.000000000000000000, 0.8660254037844387100, 1.000000000000000000, 0.8660254037844387100, 1.000000000000000000, 0.8660254037844387100, 1.000000000000000000, 0.8660254037844387100, 1.000000000000000000, 0.8660254037844387100, 1.000000000000000000, 0.8660254037844387100, 1.000000000000000000, 0.8660254037844387100, 1.000000000000000000, 0.8660254037844387100, 1.000000000000000000, 0.8660254037844387100, 1.000000000000000000, 0.8660254037844387100, 1.000000000000000000, 0.8660254037844387100, 1.000000000000000000, 0.8660254037844387100, 1.000000000000000000, 0.8660254037844387100, 1.000000000000000000, 0.8660254037844387100, 1.000000000000000000, 0.8660254037844387100, 1.000000000000000000, 0.8660254037844387100, 1.000000000000000000, 0.8660254037844387100, 1.000000000000000000, 0.8660254037844387100, 1.000000000000000000, 0.8660254037844387100, 1.000000000000000000, 0.8660254037844387100, 1.000000000000000000, 0.8660254037844387100, 1.000000000000000000, 0.8660254037844387100, 1.000000000000000000, 0.8660254037844387100, 1.000000000000000000, 0.8660254037844387100, 1.000000000000000000, 0.8660254037844387100, 1.000000000000000000, 0.8660254037844387100, 1.000000000000000000, 0.8660254037844387100, 1.000000000000000000, 0.8660254037844387100, 1.000000000000000000, 0.8660254037844387100, 1.000000000000000000, 0.8660254037844387100, 1.000000000000000000, 0.8660254037844387100, 1.000000000000000000, 0.8660254037844387100, 1.000000000000000000, 0.8660254037844387100, 1.000000000000000000, 0.8660254037844387100, 1.000000000000000000, 0.8660254037844387100, 1.000000000000000000, 0.8660254037844387100, 1.000000000000000000, 0.8660254037844387100, 1.000000000000000000, 0.8660254037844387100, 1.000000000000000000, 0.8660254037844387100, 1.000000000000000000, 0.8660254037844387100, 1.000000000000000000, 0.8660254037844387100, 1.000000000000000000, 0.8660254037844387100, 1.000000000000000000, 0.8660254037844387100, 1.000000000000000000, 0.8660254037844387100, 1.000000000000000000, 0.8660254037844387100, 1.000000000000000000, 0.8660254037844387100, 1.000000000000000000, 0.8660254037844387100, 1.000000000000000000, 0.8660254037844387100, 1.000000000000000000, 0.8660254037844387100, 1.000000000000000000, 0.8660254037844387100, 1.000000000000000000, 0.8660254037844387100, 1.000000000000000000, 0.8660254037844387100, 1.000000000000000000, 0.8660254037844387100, 1.000000000000000000, 0.8660254037844387100, 1.000000000000000000, 0.8660254037844387100, 1.000000000000000000, 0.8660254037844387100, 1.000000000000000000, 0.8660254037844387100, 1.000000000000000000, 0.8660254037844387100, 1.000000000000000000, 0.8660254037844387100, 1.000000000000000000, 0.8660254037844387100, 1.000000000000000000, 0.8660254037844387100, 1.000000000000000000, 0.8660254037844387100, 1.000000000000000000, 0.8660254037844387100, 1.000000000000000000, 0.8660254037844387100, 1.000000000000000000, 0.8660254037844387100, 1.000000000000000000, 0.8660254037844387100, 1.000000000000000000, 0.8660254037844387100, 1.000000000000000000, 0.8660254037844387100, 1.000000000000000000, 0.8660254037844387100, 1.000000000000000000, 0.8660254037844387100, 1.000000000000000000, 0.8660254037844387100, 1.000000000000000000, 0.8660254037844387100, 1.000000000000000000, 0.8660254037844387100, 1.000000000000000000, 0.8660254037844387100, 1.000000000000000000, 0.8660254037844387100, 1.000000000000000000, 0.8660254037844387100, 1.000000000000000000, 0.8660254037844387100, 1.000000000000000000, 0.8660254037844387100, 1.000000000000000000, 0.8660254037844387100, 1.000000000000000000, 0.8660254037844387100, 1.000000000000000000, 0.8660254037844387100, 1.000000000000000000, 0.8660254037844387100, 1.000000000000000000, 0.8660254037844387100, 1.000000000000000000, 0.8660254037844387100, 1.000000000000000000, 0.8660254037844387100, 1.000000000000000000, 0.8660254037844387100, 1.000000000000000000, 0.8660254037844387100, 1.000000000000000000, 0.8660254037844387100, 1.000000000000000000, 0.8660254037844387100, 1.000000000000000000, 0.8660254037844387100, 1.000000000000000000, 0.8660254037844387100, 1.000000000000000000, 0.8660254037844387100, 1.000000000000000000, 0.8660254037844387100, 1.000000000000000000, 0.8660254037844387100, 1.000000000000000000, 0.8660254037844387100, 1.000000000000000000, 0.8660254037844387100, 1.000000000000000000, 0.8660254037844387100, 1.000000000000000000, 0.8660254037844387100, 1.000000000000000000, 0.8660254037844387100, 1.000000000000000000, 0.8660254037844387100, 1.000000000000000000, 0.8660254037844387100, 1.000000000000000000, 0.8660254037844387100, 1.000000000000000000, 0.8660254037844387100, 1.000000000000000000, 0.8660254037844387100, 1.000000000000000000, 0.8660254037844387100, 1.000000000000000000, 0.8660254037844387100, 1.000000000000000000, 0.8660254037844387100, 1.000000000000000000, 0.8660254037844387100, 1.000000000000000000, 0.8660254037844387100, 1.000000000000000000, 0.8660254037844387100, 1.000000000000000000, 0.8660254037844387100, 1.000000000000000000, 0.8660254037844387100, 1.000000000000000000, 0.8660254037844387100, 1.000000000000000000, 0.8660254037844387100, 1.000000000000000000, 0.8660254037844387100, 1.000000000000000000, 0.8660254037844387100, 1.000000000000000000, 0.8660254037844387100, 1.000000000000000000, 0.8660254037844387100, 1.000000000000000000, 0.8660254037844387100, 1.000000000000000000, 0.8660254037844387100, 1.000000000000000000, 0.8660254037844387100, 1.000000000000000000, 0.8660254037844387100, 1.000000000000000000, 0.8660254037844387100, 1.000000000000000000, 0.8660254037844387100, 1.000000000000000000, 0.8660254037844387100, 1.000000000000000000, 0.8660254037844387100, 1.000000000000000000, 0.8660254037844387100, 1.000000000000000000, 0.8660254037844387100, 1.000000000000000000, 0.8660254037844387100, 1.000000000000000000, 0.8660254037844387100, 1.000000000000000000, 0.8660254037844387100, 1.000000000000000000, 0.8660254037844387100, 1.000000000000000000, 0.8660254037844387100, 1.000000000000000000, 0.8660254037844128400, 1.000000000000026000 ) ) 
 REPRESENTATION_ITEM ( '' )  );
#4391 = CARTESIAN_POINT ( 'NONE',  ( 0.04628905783227826900, 0.03091666666666663400, 0.02672499999999996400 ) ) ;
#4392 = CARTESIAN_POINT ( 'NONE',  ( -2.606721262454759000E-016, 0.07124999999999986900, -0.05600000000000000800 ) ) ;
#4393 = CARTESIAN_POINT ( 'NONE',  ( -0.03233161507461926300, 0.07020833333333320600, -0.05599999999999987600 ) ) ;
#4394 = CARTESIAN_POINT ( 'NONE',  ( -0.04849742261192866600, 0.06916666666666654300, -0.02799999999999983800 ) ) ;
#4395 = CARTESIAN_POINT ( 'NONE',  ( -0.06466323014923808200, 0.06812499999999988000, 1.821739232578318700E-016 ) ) ;
#4396 = CARTESIAN_POINT ( 'NONE',  ( -0.04849742261192851300, 0.06708333333333321700, 0.02800000000000010800 ) ) ;
#4397 = CARTESIAN_POINT ( 'NONE',  ( -0.03233161507461895800, 0.06604166666666655400, 0.05600000000000005700 ) ) ;
#4398 = CARTESIAN_POINT ( 'NONE',  ( 5.486236465124250300E-017, 0.06499999999999989100, 0.05600000000000000800 ) ) ;
#4399 = CARTESIAN_POINT ( 'NONE',  ( 0.03233161507461926300, 0.06395833333333322800, 0.05599999999999987600 ) ) ;
#4400 = CARTESIAN_POINT ( 'NONE',  ( 0.04849742261192866600, 0.06291666666666656500, 0.02799999999999984100 ) ) ;
#4401 = CARTESIAN_POINT ( 'NONE',  ( 0.06466323014923808200, 0.06187499999999989500, -1.742552230078882700E-016 ) ) ;
#4402 = CARTESIAN_POINT ( 'NONE',  ( 0.04849742261192851300, 0.06083333333333323200, -0.02800000000000010100 ) ) ;
#4403 = CARTESIAN_POINT ( 'NONE',  ( 0.03233161507461896500, 0.05979166666666656200, -0.05600000000000005700 ) ) ;
#4404 = CARTESIAN_POINT ( 'NONE',  ( -4.800456906983719600E-017, 0.05874999999999990000, -0.05600000000000000800 ) ) ;
#4405 = CARTESIAN_POINT ( 'NONE',  ( -0.03233161507461925600, 0.05770833333333324300, -0.05599999999999987600 ) ) ;
#4406 = CARTESIAN_POINT ( 'NONE',  ( -0.04849742261192865900, 0.05666666666666657400, -0.02799999999999984800 ) ) ;
#4407 = CARTESIAN_POINT ( 'NONE',  ( -0.06466323014923808200, 0.05562499999999991100, 1.663365227579447400E-016 ) ) ;
#4408 = CARTESIAN_POINT ( 'NONE',  ( -0.04849742261192851300, 0.05458333333333324800, 0.02800000000000009800 ) ) ;
#4409 = CARTESIAN_POINT ( 'NONE',  ( -0.03233161507461896500, 0.05354166666666658500, 0.05600000000000004300 ) ) ;
#4410 = CARTESIAN_POINT ( 'NONE',  ( 0.06171874377637098800, 0.02987499999999997100, -1.133717486677188400E-017 ) ) ;
#4411 = CARTESIAN_POINT ( 'NONE',  ( 0.04849742261192877700, 0.08791666666666650400, 0.02799999999999964300 ) ) ;
#4412 = CARTESIAN_POINT ( 'NONE',  ( 0.06466323014923808200, 0.08687499999999984100, -2.059300240076626000E-016 ) ) ;
#4413 = CARTESIAN_POINT ( 'NONE',  ( 0.04849742261192840200, 0.08583333333333316400, -0.02800000000000030200 ) ) ;
#4414 = CARTESIAN_POINT ( 'NONE',  ( 0.03233161507461893000, 0.08479166666666650100, -0.05600000000000006400 ) ) ;
#4415 = CARTESIAN_POINT ( 'NONE',  ( -2.743877174082865100E-016, 0.08374999999999983800, -0.05600000000000000800 ) ) ;
#4416 = CARTESIAN_POINT ( 'NONE',  ( -0.03233161507461909000, 0.08270833333333317500, -0.05599999999999998700 ) ) ;
#4417 = CARTESIAN_POINT ( 'NONE',  ( -0.04849742261192867300, 0.08166666666666651300, -0.02799999999999982400 ) ) ;
#4418 = CARTESIAN_POINT ( 'NONE',  ( -0.06466323014923808200, 0.08062499999999986300, 4.277412660243421400E-016 ) ) ;
#4419 = CARTESIAN_POINT ( 'NONE',  ( -0.04849742261192849900, 0.07958333333333317300, 0.02800000000000012200 ) ) ;
#4420 = CARTESIAN_POINT ( 'NONE',  ( -0.03233161507461894400, 0.07854166666666651000, 0.05600000000000006400 ) ) ;
#4421 = CARTESIAN_POINT ( 'NONE',  ( 2.675299218268812100E-016, 0.07749999999999986100, 0.05600000000000000800 ) ) ;
#4422 = CARTESIAN_POINT ( 'NONE',  ( 0.03233161507461927700, 0.07645833333333319800, 0.05599999999999987600 ) ) ;
#4423 = CARTESIAN_POINT ( 'NONE',  ( 0.04849742261192866600, 0.07541666666666653500, 0.02799999999999983100 ) ) ;
#4424 = CARTESIAN_POINT ( 'NONE',  ( 0.06466323014923808200, 0.07437499999999985800, -1.900926235077754500E-016 ) ) ;
#4425 = CARTESIAN_POINT ( 'NONE',  ( 0.04849742261192849900, 0.07333333333333320900, -0.02800000000000011500 ) ) ;
#4426 = CARTESIAN_POINT ( 'NONE',  ( 0.03233161507461895100, 0.07229166666666654600, -0.05600000000000005700 ) ) ;
#4427 = CARTESIAN_POINT ( 'NONE',  ( 4.114677348843188200E-017, 0.05249999999999991500, 0.05600000000000000800 ) ) ;
#4428 = CARTESIAN_POINT ( 'NONE',  ( 0.03233161507461924900, 0.05145833333333324500, 0.05599999999999987600 ) ) ;
#4429 = CARTESIAN_POINT ( 'NONE',  ( 0.04849742261192865900, 0.05041666666666658900, 0.02799999999999985500 ) ) ;
#4430 = CARTESIAN_POINT ( 'NONE',  ( 0.06466323014923808200, 0.04937499999999993300, -1.584178225080011600E-016 ) ) ;
#4431 = CARTESIAN_POINT ( 'NONE',  ( 0.04849742261192852000, 0.04833333333333325600, -0.02800000000000008700 ) ) ;
#4432 = CARTESIAN_POINT ( 'NONE',  ( 0.03233161507461897900, 0.04729166666666659300, -0.05600000000000004300 ) ) ;
#4433 = CARTESIAN_POINT ( 'NONE',  ( -1.337649609134406000E-016, 0.04624999999999993700, -0.05600000000000000800 ) ) ;
#4434 = CARTESIAN_POINT ( 'NONE',  ( -0.03233161507461914500, 0.04520833333333326700, -0.05599999999999994600 ) ) ;
#4435 = CARTESIAN_POINT ( 'NONE',  ( -0.04849742261192860300, 0.04416666666666660400, -0.02799999999999994900 ) ) ;
#4436 = CARTESIAN_POINT ( 'NONE',  ( -0.06466323014923808200, 0.01812499999999998800, 3.959350124971783400E-018 ) ) ;
#4437 = CARTESIAN_POINT ( 'NONE',  ( -0.04849742261192856200, 0.01708333333333332900, 0.02800000000000000800 ) ) ;
#4438 = CARTESIAN_POINT ( 'NONE',  ( -0.03233161507461903400, 0.01604166666666666200, 0.05600000000000000800 ) ) ;
#4439 = CARTESIAN_POINT ( 'NONE',  ( -2.057338674421594100E-017, 0.03374999999999995400, -0.05600000000000000800 ) ) ;
#4440 = CARTESIAN_POINT ( 'NONE',  ( -0.03233161507461912400, 0.03270833333333329800, -0.05599999999999995300 ) ) ;
#4441 = CARTESIAN_POINT ( 'NONE',  ( -0.04849742261192859600, 0.03166666666666662800, -0.02799999999999995900 ) ) ;
#4442 = CARTESIAN_POINT ( 'NONE',  ( -0.06466323014923808200, 0.03062499999999996500, 7.722923619151470500E-017 ) ) ;
#4443 = CARTESIAN_POINT ( 'NONE',  ( -0.04849742261192855500, 0.02958333333333330200, 0.02800000000000003200 ) ) ;
#4444 = CARTESIAN_POINT ( 'NONE',  ( -0.03233161507461899300, 0.02854166666666663500, 0.05600000000000002200 ) ) ;
#4445 = CARTESIAN_POINT ( 'NONE',  ( 1.371559116281062600E-017, 0.02749999999999997200, 0.05600000000000000800 ) ) ;
#4446 = CARTESIAN_POINT ( 'NONE',  ( 0.03233161507461907600, 0.02645833333333330900, 0.05599999999999998700 ) ) ;
#4447 = CARTESIAN_POINT ( 'NONE',  ( -0.04628905783227824100, 0.03508333333333329300, 0.02672500000000000200 ) ) ;
#4448 = CARTESIAN_POINT ( 'NONE',  ( -0.03085937188818549000, 0.03404166666666663000, 0.05344999999999999800 ) ) ;
#4449 = CARTESIAN_POINT ( 'NONE',  ( -0.03233161507461956900, 0.1577083333333330100, -0.05599999999999969600 ) ) ;
#4450 = CARTESIAN_POINT ( 'NONE',  ( -0.04849742261192891600, 0.1566666666666663400, -0.02799999999999941100 ) ) ;
#4451 = CARTESIAN_POINT ( 'NONE',  ( -0.06466323014923808200, 0.1556249999999996800, 6.330578449041870200E-017 ) ) ;
#4452 = CARTESIAN_POINT ( 'NONE',  ( -0.04849742261192845800, 0.1545833333333330200, 0.02800000000000019500 ) ) ;
#4453 = CARTESIAN_POINT ( 'NONE',  ( -0.03233161507461866000, 0.1535416666666663500, 0.05600000000000023000 ) ) ;
#4454 = CARTESIAN_POINT ( 'NONE',  ( 5.487754348165730300E-016, 0.1524999999999996900, 0.05600000000000000800 ) ) ;
#4455 = CARTESIAN_POINT ( 'NONE',  ( 0.03233161507461975600, 0.1514583333333330300, 0.05599999999999958500 ) ) ;
#4456 = CARTESIAN_POINT ( 'NONE',  ( 0.04849742261192861000, 0.1504166666666663400, 0.02799999999999993100 ) ) ;
#4457 = CARTESIAN_POINT ( 'NONE',  ( 0.06466323014923808200, 0.1493749999999996700, -2.851170265070982800E-016 ) ) ;
#4458 = CARTESIAN_POINT ( 'NONE',  ( 0.04849742261192836700, 0.1483333333333330400, -0.02800000000000035800 ) ) ;
#4459 = CARTESIAN_POINT ( 'NONE',  ( 0.03233161507461846500, 0.1472916666666663500, -0.05600000000000032700 ) ) ;
#4460 = CARTESIAN_POINT ( 'NONE',  ( -7.408696052479958000E-016, 0.1462499999999997100, -0.05600000000000000800 ) ) ;
#4461 = CARTESIAN_POINT ( 'NONE',  ( -0.03233161507461915200, 0.1452083333333330500, -0.05599999999999993900 ) ) ;
#4462 = CARTESIAN_POINT ( 'NONE',  ( -0.04849742261192870700, 0.1441666666666663600, -0.02799999999999976800 ) ) ;
#4463 = CARTESIAN_POINT ( 'NONE',  ( -0.06466323014923808200, 0.1431249999999997000, 5.069282685237778200E-016 ) ) ;
#4464 = CARTESIAN_POINT ( 'NONE',  ( -0.04849742261192847200, 0.1420833333333330300, 0.02800000000000018100 ) ) ;
#4465 = CARTESIAN_POINT ( 'NONE',  ( 0.0000000000000000000, 0.01499999999999999900, 0.05600000000000000800 ) ) ;
#4466 = CARTESIAN_POINT ( 'NONE',  ( -0.06466323014923808200, 0.04312499999999993400, 1.504991222580576100E-016 ) ) ;
#4467 = CARTESIAN_POINT ( 'NONE',  ( -0.04849742261192852000, 0.04208333333333327100, 0.02800000000000008400 ) ) ;
#4468 = CARTESIAN_POINT ( 'NONE',  ( -0.03233161507461897900, 0.04104166666666660800, 0.05600000000000004300 ) ) ;
#4469 = CARTESIAN_POINT ( 'NONE',  ( 2.743118232562125200E-017, 0.03999999999999993800, 0.05600000000000000800 ) ) ;
#4470 = CARTESIAN_POINT ( 'NONE',  ( 0.03233161507461913800, 0.03895833333333328200, 0.05599999999999994600 ) ) ;
#4471 = CARTESIAN_POINT ( 'NONE',  ( 0.04849742261192859600, 0.03791666666666661900, 0.02799999999999995200 ) ) ;
#4472 = CARTESIAN_POINT ( 'NONE',  ( 0.06466323014923808200, 0.03687499999999994900, -2.771545087480248100E-017 ) ) ;
#4473 = CARTESIAN_POINT ( 'NONE',  ( 0.04849742261192852700, 0.03583333333333328700, -0.02800000000000007700 ) ) ;
#4474 = CARTESIAN_POINT ( 'NONE',  ( 0.03233161507461898600, 0.03479166666666662400, -0.05600000000000002200 ) ) ;
#4475 = CARTESIAN_POINT ( 'NONE',  ( -0.04628905783227824800, 0.03716666666666662600, -0.02672499999999998500 ) ) ;
#4476 = CARTESIAN_POINT ( 'NONE',  ( -0.06171874377637098800, 0.03612499999999995600, 3.779058288923960300E-018 ) ) ;
#4477 = CARTESIAN_POINT ( 'NONE',  ( 0.04628905783227822700, 0.02883333333333330800, -0.02672500000000002300 ) ) ;
#4478 = CARTESIAN_POINT ( 'NONE',  ( 0.0000000000000000000, 0.03299999999999996000, 0.05344999999999999800 ) ) ;
#4479 = CARTESIAN_POINT ( 'NONE',  ( 0.03085937188818552200, 0.03195833333333329700, 0.05344999999999998400 ) ) ;
#4480 = CARTESIAN_POINT ( 'NONE',  ( -0.06171874377637098800, 0.04862499999999993200, 3.779058288923960300E-018 ) ) ;
#4481 = CARTESIAN_POINT ( 'NONE',  ( -0.04628905783227824100, 0.04758333333333326900, 0.02672500000000000200 ) ) ;
#4482 = CARTESIAN_POINT ( 'NONE',  ( -6.545520961180605600E-018, 0.06424999999999989100, -0.05344999999999999800 ) ) ;
#4483 = CARTESIAN_POINT ( 'NONE',  ( -0.03085937188818551800, 0.06320833333333324100, -0.05344999999999998400 ) ) ;
#4484 = CARTESIAN_POINT ( 'NONE',  ( -0.04628905783227824800, 0.06216666666666656500, -0.02672499999999998500 ) ) ;
#4485 = CARTESIAN_POINT ( 'NONE',  ( -0.06171874377637098800, 0.06112499999999990900, 3.779058288923960300E-018 ) ) ;
#4486 = CARTESIAN_POINT ( 'NONE',  ( -0.04628905783227824100, 0.06008333333333323900, 0.02672500000000000200 ) ) ;
#4487 = CARTESIAN_POINT ( 'NONE',  ( -0.03085937188818549000, 0.05904166666666656900, 0.05344999999999999800 ) ) ;
#4488 = CARTESIAN_POINT ( 'NONE',  ( 0.0000000000000000000, 0.05799999999999990600, 0.05344999999999999800 ) ) ;
#4489 = CARTESIAN_POINT ( 'NONE',  ( 0.06171874377637098800, 0.04237499999999994700, -1.133717486677188400E-017 ) ) ;
#4490 = CARTESIAN_POINT ( 'NONE',  ( 0.04628905783227822700, 0.04133333333333327800, -0.02672500000000002300 ) ) ;
#4491 = CARTESIAN_POINT ( 'NONE',  ( 0.03085937188818547700, 0.04029166666666661500, -0.05344999999999999800 ) ) ;
#4492 = CARTESIAN_POINT ( 'NONE',  ( -0.03085937188818549000, 0.07154166666666654500, 0.05344999999999999800 ) ) ;
#4493 = CARTESIAN_POINT ( 'NONE',  ( 0.0000000000000000000, 0.07049999999999988200, 0.05344999999999999800 ) ) ;
#4494 = CARTESIAN_POINT ( 'NONE',  ( 0.03085937188818552200, 0.06945833333333321900, 0.05344999999999998400 ) ) ;
#4495 = CARTESIAN_POINT ( 'NONE',  ( 0.04628905783227826900, 0.06841666666666655600, 0.02672499999999996400 ) ) ;
#4496 = CARTESIAN_POINT ( 'NONE',  ( 0.06171874377637098800, 0.06737499999999989300, -1.133717486677188400E-017 ) ) ;
#4497 = CARTESIAN_POINT ( 'NONE',  ( 0.04628905783227822700, 0.06633333333333323000, -0.02672500000000002300 ) ) ;
#4498 = CARTESIAN_POINT ( 'NONE',  ( 0.03085937188818547700, 0.06529166666666656700, -0.05344999999999999800 ) ) ;
#4499 = CARTESIAN_POINT ( 'NONE',  ( 0.0000000000000000000, 0.08299999999999985200, 0.05344999999999999800 ) ) ;
#4500 = CARTESIAN_POINT ( 'NONE',  ( 0.03085937188818552200, 0.08195833333333317500, 0.05344999999999998400 ) ) ;
#4501 = CARTESIAN_POINT ( 'NONE',  ( 0.04628905783227826900, 0.08091666666666651200, 0.02672499999999996400 ) ) ;
#4502 = CARTESIAN_POINT ( 'NONE',  ( 0.06171874377637098800, 0.07987499999999984900, -1.133717486677188400E-017 ) ) ;
#4503 = CARTESIAN_POINT ( 'NONE',  ( 0.04628905783227822700, 0.07883333333333320000, -0.02672500000000002300 ) ) ;
#4504 = CARTESIAN_POINT ( 'NONE',  ( 0.03085937188818547700, 0.07779166666666655100, -0.05344999999999999800 ) ) ;
#4505 = CARTESIAN_POINT ( 'NONE',  ( -6.545520961180605600E-018, 0.07674999999999986000, -0.05344999999999999800 ) ) ;
#4506 = CARTESIAN_POINT ( 'NONE',  ( -0.03085937188818551800, 0.07570833333333321100, -0.05344999999999998400 ) ) ;
#4507 = CARTESIAN_POINT ( 'NONE',  ( -0.04628905783227824800, 0.07466666666666653400, -0.02672499999999998500 ) ) ;
#4508 = CARTESIAN_POINT ( 'NONE',  ( -0.06171874377637098800, 0.07362499999999988500, 3.779058288923960300E-018 ) ) ;
#4509 = CARTESIAN_POINT ( 'NONE',  ( -0.04628905783227824100, 0.07258333333333320800, 0.02672500000000000200 ) ) ;
#4510 = CARTESIAN_POINT ( 'NONE',  ( -6.545520961180605600E-018, 0.03924999999999994500, -0.05344999999999999800 ) ) ;
#4511 = CARTESIAN_POINT ( 'NONE',  ( -0.03085937188818551800, 0.03820833333333328200, -0.05344999999999998400 ) ) ;
#4512 = CARTESIAN_POINT ( 'NONE',  ( -0.03085937188818549000, 0.09654166666666648400, 0.05344999999999999800 ) ) ;
#4513 = CARTESIAN_POINT ( 'NONE',  ( 0.0000000000000000000, 0.09549999999999982100, 0.05344999999999999800 ) ) ;
#4514 = CARTESIAN_POINT ( 'NONE',  ( 0.03085937188818552200, 0.09445833333333317200, 0.05344999999999998400 ) ) ;
#4515 = CARTESIAN_POINT ( 'NONE',  ( 0.04628905783227826900, 0.09341666666666648100, 0.02672499999999996400 ) ) ;
#4516 = CARTESIAN_POINT ( 'NONE',  ( 0.06171874377637098800, 0.09237499999999983200, -1.133717486677188400E-017 ) ) ;
#4517 = CARTESIAN_POINT ( 'NONE',  ( 0.04628905783227822700, 0.09133333333333316900, -0.02672500000000002300 ) ) ;
#4518 = CARTESIAN_POINT ( 'NONE',  ( 0.03085937188818547700, 0.09029166666666649200, -0.05344999999999999800 ) ) ;
#4519 = CARTESIAN_POINT ( 'NONE',  ( -6.545520961180605600E-018, 0.08924999999999984300, -0.05344999999999999800 ) ) ;
#4520 = CARTESIAN_POINT ( 'NONE',  ( -0.03085937188818551800, 0.08820833333333318000, -0.05344999999999998400 ) ) ;
#4521 = CARTESIAN_POINT ( 'NONE',  ( -0.04628905783227824800, 0.08716666666666651700, -0.02672499999999998500 ) ) ;
#4522 = CARTESIAN_POINT ( 'NONE',  ( -0.06171874377637098800, 0.08612499999999985400, 3.779058288923960300E-018 ) ) ;
#4523 = CARTESIAN_POINT ( 'NONE',  ( -0.04628905783227824100, 0.08508333333333317800, 0.02672500000000000200 ) ) ;
#4524 = CARTESIAN_POINT ( 'NONE',  ( -0.03085937188818549000, 0.08404166666666651500, 0.05344999999999999800 ) ) ;
#4525 = CARTESIAN_POINT ( 'NONE',  ( -0.03085937188818551800, 0.05070833333333325800, -0.05344999999999998400 ) ) ;
#4526 = CARTESIAN_POINT ( 'NONE',  ( -0.04628905783227824800, 0.04966666666666659500, -0.02672499999999998500 ) ) ;
#4527 = CARTESIAN_POINT ( 'NONE',  ( -0.03085937188818549000, 0.04654166666666660600, 0.05344999999999999800 ) ) ;
#4528 = CARTESIAN_POINT ( 'NONE',  ( 0.04628905783227822700, 0.05383333333333325400, -0.02672500000000002300 ) ) ;
#4529 = CARTESIAN_POINT ( 'NONE',  ( 0.03085937188818547700, 0.05279166666666658400, -0.05344999999999999800 ) ) ;
#4530 = CARTESIAN_POINT ( 'NONE',  ( -6.545520961180605600E-018, 0.05174999999999992100, -0.05344999999999999800 ) ) ;
#4531 = CARTESIAN_POINT ( 'NONE',  ( 0.03085937188818552200, 0.05695833333333324300, 0.05344999999999998400 ) ) ;
#4532 = CARTESIAN_POINT ( 'NONE',  ( 0.04628905783227826900, 0.05591666666666658000, 0.02672499999999996400 ) ) ;
#4533 = CARTESIAN_POINT ( 'NONE',  ( 0.06171874377637098800, 0.05487499999999991700, -1.133717486677188400E-017 ) ) ;
#4534 = CARTESIAN_POINT ( 'NONE',  ( 0.0000000000000000000, 0.04549999999999992900, 0.05344999999999999800 ) ) ;
#4535 = CARTESIAN_POINT ( 'NONE',  ( 0.03085937188818552200, 0.04445833333333327300, 0.05344999999999998400 ) ) ;
#4536 = CARTESIAN_POINT ( 'NONE',  ( 0.04628905783227826900, 0.04341666666666661000, 0.02672499999999996400 ) ) ;
#4537 = CARTESIAN_POINT ( 'NONE',  ( 0.04628905783227826900, 0.1434166666666663900, 0.02672499999999996400 ) ) ;
#4538 = CARTESIAN_POINT ( 'NONE',  ( 0.06171874377637098800, 0.1423749999999997200, -1.133717486677188400E-017 ) ) ;
#4539 = CARTESIAN_POINT ( 'NONE',  ( 0.04628905783227822700, 0.1413333333333330600, -0.02672500000000002300 ) ) ;
#4540 = CARTESIAN_POINT ( 'NONE',  ( 0.03085937188818547700, 0.1402916666666664000, -0.05344999999999999800 ) ) ;
#4541 = CARTESIAN_POINT ( 'NONE',  ( -6.545520961180605600E-018, 0.1392499999999997100, -0.05344999999999999800 ) ) ;
#4542 = CARTESIAN_POINT ( 'NONE',  ( -0.03085937188818551800, 0.1382083333333330700, -0.05344999999999998400 ) ) ;
#4543 = CARTESIAN_POINT ( 'NONE',  ( -0.04628905783227824800, 0.1371666666666663800, -0.02672499999999998500 ) ) ;
#4544 = CARTESIAN_POINT ( 'NONE',  ( 0.03085937188818552200, 0.1069583333333331300, 0.05344999999999998400 ) ) ;
#4545 = CARTESIAN_POINT ( 'NONE',  ( 0.04628905783227826900, 0.1059166666666664600, 0.02672499999999996400 ) ) ;
#4546 = CARTESIAN_POINT ( 'NONE',  ( 0.06171874377637098800, 0.1048749999999998300, -1.133717486677188400E-017 ) ) ;
#4547 = CARTESIAN_POINT ( 'NONE',  ( 0.04628905783227822700, 0.1038333333333331400, -0.02672500000000002300 ) ) ;
#4548 = CARTESIAN_POINT ( 'NONE',  ( -0.06171874377637098800, 0.1361249999999997200, 3.779058288923960300E-018 ) ) ;
#4549 = CARTESIAN_POINT ( 'NONE',  ( -0.04628905783227824100, 0.1350833333333330800, 0.02672500000000000200 ) ) ;
#4550 = CARTESIAN_POINT ( 'NONE',  ( -0.03085937188818549000, 0.1340416666666664200, 0.05344999999999999800 ) ) ;
#4551 = CARTESIAN_POINT ( 'NONE',  ( 0.0000000000000000000, 0.1329999999999997300, 0.05344999999999999800 ) ) ;
#4552 = CARTESIAN_POINT ( 'NONE',  ( 0.03085937188818552200, 0.1319583333333330700, 0.05344999999999998400 ) ) ;
#4553 = CARTESIAN_POINT ( 'NONE',  ( 0.04628905783227826900, 0.1309166666666664000, 0.02672499999999996400 ) ) ;
#4554 = CARTESIAN_POINT ( 'NONE',  ( 0.06171874377637098800, 0.1298749999999997400, -1.133717486677188400E-017 ) ) ;
#4555 = CARTESIAN_POINT ( 'NONE',  ( 0.04628905783227822700, 0.1288333333333330800, -0.02672500000000002300 ) ) ;
#4556 = CARTESIAN_POINT ( 'NONE',  ( -0.03085937188818551800, 0.1882083333333329200, -0.05344999999999998400 ) ) ;
#4557 = CARTESIAN_POINT ( 'NONE',  ( -0.04628905783227824800, 0.1871666666666662600, -0.02672499999999998500 ) ) ;
#4558 = CARTESIAN_POINT ( 'NONE',  ( -0.06171874377637098800, 0.1861249999999996000, 3.779058288923960300E-018 ) ) ;
#4559 = CARTESIAN_POINT ( 'NONE',  ( -0.04628905783227824100, 0.1850833333333329600, 0.02672500000000000200 ) ) ;
#4560 = CARTESIAN_POINT ( 'NONE',  ( -0.03085937188818549000, 0.1840416666666662700, 0.05344999999999999800 ) ) ;
#4561 = CARTESIAN_POINT ( 'NONE',  ( 0.0000000000000000000, 0.1829999999999996400, 0.05344999999999999800 ) ) ;
#4562 = CARTESIAN_POINT ( 'NONE',  ( 0.03085937188818552200, 0.1819583333333329400, 0.05344999999999998400 ) ) ;
#4563 = CARTESIAN_POINT ( 'NONE',  ( 0.04628905783227826900, 0.1809166666666663100, 0.02672499999999996400 ) ) ;
#4564 = CARTESIAN_POINT ( 'NONE',  ( 0.06171874377637098800, 0.1798749999999996500, -1.133717486677188400E-017 ) ) ;
#4565 = CARTESIAN_POINT ( 'NONE',  ( 0.04628905783227822700, 0.1788333333333329800, -0.02672500000000002300 ) ) ;
#4566 = CARTESIAN_POINT ( 'NONE',  ( 0.03085937188818547700, 0.1777916666666663200, -0.05344999999999999800 ) ) ;
#4567 = CARTESIAN_POINT ( 'NONE',  ( -6.545520961180605600E-018, 0.1767499999999996300, -0.05344999999999999800 ) ) ;
#4568 = CARTESIAN_POINT ( 'NONE',  ( -0.03085937188818551800, 0.1757083333333329700, -0.05344999999999998400 ) ) ;
#4569 = CARTESIAN_POINT ( 'NONE',  ( -0.04628905783227824800, 0.1746666666666663000, -0.02672499999999998500 ) ) ;
#4570 = CARTESIAN_POINT ( 'NONE',  ( -0.06171874377637098800, 0.1736249999999996400, 3.779058288923960300E-018 ) ) ;
#4571 = CARTESIAN_POINT ( 'NONE',  ( -0.04628905783227824100, 0.1725833333333329800, 0.02672500000000000200 ) ) ;
#4572 = CARTESIAN_POINT ( 'NONE',  ( -0.06171874377637098800, 0.09862499999999979600, 3.779058288923960300E-018 ) ) ;
#4573 = CARTESIAN_POINT ( 'NONE',  ( 0.03085937188818547700, 0.1277916666666664400, -0.05344999999999999800 ) ) ;
#4574 = CARTESIAN_POINT ( 'NONE',  ( -6.545520961180605600E-018, 0.1267499999999997500, -0.05344999999999999800 ) ) ;
#4575 = CARTESIAN_POINT ( 'NONE',  ( -0.03085937188818551800, 0.1257083333333330900, -0.05344999999999998400 ) ) ;
#4576 = CARTESIAN_POINT ( 'NONE',  ( -0.04628905783227824800, 0.1246666666666664300, -0.02672499999999998500 ) ) ;
#4577 = CARTESIAN_POINT ( 'NONE',  ( -0.06171874377637098800, 0.1236249999999997500, 3.779058288923960300E-018 ) ) ;
#4578 = CARTESIAN_POINT ( 'NONE',  ( -0.04628905783227824100, 0.1225833333333331000, 0.02672500000000000200 ) ) ;
#4579 = CARTESIAN_POINT ( 'NONE',  ( 0.03085937188818547700, 0.1527916666666663500, -0.05344999999999999800 ) ) ;
#4580 = CARTESIAN_POINT ( 'NONE',  ( -6.545520961180605600E-018, 0.1517499999999996900, -0.05344999999999999800 ) ) ;
#4581 = CARTESIAN_POINT ( 'NONE',  ( -0.03085937188818551800, 0.1507083333333330300, -0.05344999999999998400 ) ) ;
#4582 = CARTESIAN_POINT ( 'NONE',  ( -0.04628905783227824800, 0.1496666666666663600, -0.02672499999999998500 ) ) ;
#4583 = CARTESIAN_POINT ( 'NONE',  ( -0.06171874377637098800, 0.1486249999999996700, 3.779058288923960300E-018 ) ) ;
#4584 = CARTESIAN_POINT ( 'NONE',  ( -0.04628905783227824100, 0.1475833333333330400, 0.02672500000000000200 ) ) ;
#4585 = CARTESIAN_POINT ( 'NONE',  ( -0.03085937188818549000, 0.1465416666666663800, 0.05344999999999999800 ) ) ;
#4586 = CARTESIAN_POINT ( 'NONE',  ( 0.0000000000000000000, 0.1454999999999997100, 0.05344999999999999800 ) ) ;
#4587 = CARTESIAN_POINT ( 'NONE',  ( 0.03085937188818552200, 0.1444583333333330200, 0.05344999999999998400 ) ) ;
#4588 = CARTESIAN_POINT ( 'NONE',  ( -0.06171874377637098800, 0.1111249999999998100, 3.779058288923960300E-018 ) ) ;
#4589 = CARTESIAN_POINT ( 'NONE',  ( -0.04628905783227824100, 0.1100833333333331200, 0.02672500000000000200 ) ) ;
#4590 = CARTESIAN_POINT ( 'NONE',  ( -0.03085937188818549000, 0.1090416666666664500, 0.05344999999999999800 ) ) ;
#4591 = CARTESIAN_POINT ( 'NONE',  ( 0.0000000000000000000, 0.1079999999999997900, 0.05344999999999999800 ) ) ;
#4592 = CARTESIAN_POINT ( 'NONE',  ( 0.03085937188818547700, 0.1027916666666664800, -0.05344999999999999800 ) ) ;
#4593 = CARTESIAN_POINT ( 'NONE',  ( -6.545520961180605600E-018, 0.1017499999999998100, -0.05344999999999999800 ) ) ;
#4594 = CARTESIAN_POINT ( 'NONE',  ( 0.06171874377637098800, 0.2048749999999995900, -1.133717486677188400E-017 ) ) ;
#4595 = CARTESIAN_POINT ( 'NONE',  ( 0.04628905783227822700, 0.2038333333333329200, -0.02672500000000002300 ) ) ;
#4596 = CARTESIAN_POINT ( 'NONE',  ( 0.03085937188818547700, 0.2027916666666662600, -0.05344999999999999800 ) ) ;
#4597 = CARTESIAN_POINT ( 'NONE',  ( -6.545520961180605600E-018, 0.2017499999999996000, -0.05344999999999999800 ) ) ;
#4598 = CARTESIAN_POINT ( 'NONE',  ( -0.03085937188818551800, 0.2007083333333329600, -0.05344999999999998400 ) ) ;
#4599 = CARTESIAN_POINT ( 'NONE',  ( -0.04628905783227824800, 0.1996666666666662400, -0.02672499999999998500 ) ) ;
#4600 = CARTESIAN_POINT ( 'NONE',  ( -0.06171874377637098800, 0.1986249999999995500, 3.779058288923960300E-018 ) ) ;
#4601 = CARTESIAN_POINT ( 'NONE',  ( -0.04628905783227824100, 0.1975833333333329200, 0.02672500000000000200 ) ) ;
#4602 = CARTESIAN_POINT ( 'NONE',  ( -0.03085937188818549000, 0.1965416666666662500, 0.05344999999999999800 ) ) ;
#4603 = CARTESIAN_POINT ( 'NONE',  ( 0.0000000000000000000, 0.1954999999999995900, 0.05344999999999999800 ) ) ;
#4604 = CARTESIAN_POINT ( 'NONE',  ( 0.03085937188818552200, 0.1944583333333329300, 0.05344999999999998400 ) ) ;
#4605 = CARTESIAN_POINT ( 'NONE',  ( 0.04628905783227826900, 0.1934166666666662600, 0.02672499999999996400 ) ) ;
#4606 = CARTESIAN_POINT ( 'NONE',  ( 0.06171874377637098800, 0.1923749999999996300, -1.133717486677188400E-017 ) ) ;
#4607 = CARTESIAN_POINT ( 'NONE',  ( 0.04628905783227822700, 0.1913333333333329400, -0.02672500000000002300 ) ) ;
#4608 = CARTESIAN_POINT ( 'NONE',  ( 0.03085937188818547700, 0.1902916666666663000, -0.05344999999999999800 ) ) ;
#4609 = CARTESIAN_POINT ( 'NONE',  ( -6.545520961180605600E-018, 0.1892499999999996400, -0.05344999999999999800 ) ) ;
#4610 = CARTESIAN_POINT ( 'NONE',  ( -0.03085937188818551800, 0.1007083333333331500, -0.05344999999999998400 ) ) ;
#4611 = CARTESIAN_POINT ( 'NONE',  ( -0.03085937188818549000, 0.1715416666666663100, 0.05344999999999999800 ) ) ;
#4612 = CARTESIAN_POINT ( 'NONE',  ( 0.0000000000000000000, 0.1704999999999996500, 0.05344999999999999800 ) ) ;
#4613 = CARTESIAN_POINT ( 'NONE',  ( 0.03085937188818552200, 0.1694583333333329900, 0.05344999999999998400 ) ) ;
#4614 = CARTESIAN_POINT ( 'NONE',  ( 0.04628905783227826900, 0.1684166666666663300, 0.02672499999999996400 ) ) ;
#4615 = CARTESIAN_POINT ( 'NONE',  ( 0.06171874377637098800, 0.1673749999999996600, -1.133717486677188400E-017 ) ) ;
#4616 = CARTESIAN_POINT ( 'NONE',  ( 0.04628905783227822700, 0.1663333333333330000, -0.02672500000000002300 ) ) ;
#4617 = CARTESIAN_POINT ( 'NONE',  ( 0.03085937188818547700, 0.1652916666666663400, -0.05344999999999999800 ) ) ;
#4618 = CARTESIAN_POINT ( 'NONE',  ( -6.545520961180605600E-018, 0.1642499999999997000, -0.05344999999999999800 ) ) ;
#4619 = CARTESIAN_POINT ( 'NONE',  ( -0.03085937188818551800, 0.1632083333333330400, -0.05344999999999998400 ) ) ;
#4620 = CARTESIAN_POINT ( 'NONE',  ( -0.04628905783227824800, 0.1621666666666663200, -0.02672499999999998500 ) ) ;
#4621 = CARTESIAN_POINT ( 'NONE',  ( -0.06171874377637098800, 0.1611249999999996900, 3.779058288923960300E-018 ) ) ;
#4622 = CARTESIAN_POINT ( 'NONE',  ( -0.04628905783227824100, 0.1600833333333330200, 0.02672500000000000200 ) ) ;
#4623 = CARTESIAN_POINT ( 'NONE',  ( -0.03085937188818549000, 0.1590416666666663600, 0.05344999999999999800 ) ) ;
#4624 = CARTESIAN_POINT ( 'NONE',  ( 0.0000000000000000000, 0.1579999999999997000, 0.05344999999999999800 ) ) ;
#4625 = CARTESIAN_POINT ( 'NONE',  ( 0.03085937188818552200, 0.1569583333333330300, 0.05344999999999998400 ) ) ;
#4626 = CARTESIAN_POINT ( 'NONE',  ( 0.04628905783227826900, 0.1559166666666663400, 0.02672499999999996400 ) ) ;
#4627 = CARTESIAN_POINT ( 'NONE',  ( 0.06171874377637098800, 0.1548749999999996800, -1.133717486677188400E-017 ) ) ;
#4628 = CARTESIAN_POINT ( 'NONE',  ( 0.04628905783227822700, 0.1538333333333330200, -0.02672500000000002300 ) ) ;
#4629 = CARTESIAN_POINT ( 'NONE',  ( -0.04628905783227824800, 0.09966666666666648700, -0.02672499999999998500 ) ) ;
#4630 = CARTESIAN_POINT ( 'NONE',  ( -0.04628905783227824100, 0.09758333333333314700, 0.02672500000000000200 ) ) ;
#4631 = CARTESIAN_POINT ( 'NONE',  ( -0.03085937188818549000, 0.1215416666666664400, 0.05344999999999999800 ) ) ;
#4632 = CARTESIAN_POINT ( 'NONE',  ( 0.0000000000000000000, 0.1204999999999997600, 0.05344999999999999800 ) ) ;
#4633 = CARTESIAN_POINT ( 'NONE',  ( 0.03085937188818552200, 0.1194583333333331100, 0.05344999999999998400 ) ) ;
#4634 = CARTESIAN_POINT ( 'NONE',  ( 0.04628905783227826900, 0.1184166666666664300, 0.02672499999999996400 ) ) ;
#4635 = CARTESIAN_POINT ( 'NONE',  ( 0.06171874377637098800, 0.1173749999999997700, -1.133717486677188400E-017 ) ) ;
#4636 = CARTESIAN_POINT ( 'NONE',  ( 0.04628905783227822700, 0.1163333333333331200, -0.02672500000000002300 ) ) ;
#4637 = CARTESIAN_POINT ( 'NONE',  ( 0.03085937188818547700, 0.1152916666666664300, -0.05344999999999999800 ) ) ;
#4638 = CARTESIAN_POINT ( 'NONE',  ( -6.545520961180605600E-018, 0.1142499999999997800, -0.05344999999999999800 ) ) ;
#4639 = CARTESIAN_POINT ( 'NONE',  ( -0.03085937188818551800, 0.1132083333333331300, -0.05344999999999998400 ) ) ;
#4640 = CARTESIAN_POINT ( 'NONE',  ( -0.04628905783227824800, 0.1121666666666664600, -0.02672499999999998500 ) ) ;
#4641 = CARTESIAN_POINT ( 'NONE',  ( 0.04628905783227826900, 0.2309166666666661900, 0.02672499999999996400 ) ) ;
#4642 = CARTESIAN_POINT ( 'NONE',  ( 0.06171874377637098800, 0.2298749999999995200, -1.133717486677188400E-017 ) ) ;
#4643 = CARTESIAN_POINT ( 'NONE',  ( 0.04628905783227822700, 0.2288333333333328600, -0.02672500000000002300 ) ) ;
#4644 = CARTESIAN_POINT ( 'NONE',  ( -6.545520961180605600E-018, 0.2142499999999995500, -0.05344999999999999800 ) ) ;
#4645 = CARTESIAN_POINT ( 'NONE',  ( 0.0000000000000000000, 0.2079999999999995700, 0.05344999999999999800 ) ) ;
#4646 = CARTESIAN_POINT ( 'NONE',  ( 0.03085937188818547700, 0.2277916666666661700, -0.05344999999999999800 ) ) ;
#4647 = CARTESIAN_POINT ( 'NONE',  ( -6.545520961180605600E-018, 0.2267499999999995400, -0.05344999999999999800 ) ) ;
#4648 = CARTESIAN_POINT ( 'NONE',  ( 0.06171874377637098800, 0.2548749999999994600, -1.133717486677188400E-017 ) ) ;
#4649 = CARTESIAN_POINT ( 'NONE',  ( 0.04628905783227822700, 0.2538333333333328000, -0.02672500000000002300 ) ) ;
#4650 = CARTESIAN_POINT ( 'NONE',  ( 0.03085937188818547700, 0.2527916666666661400, -0.05344999999999999800 ) ) ;
#4651 = CARTESIAN_POINT ( 'NONE',  ( -6.545520961180605600E-018, 0.2517499999999994700, -0.05344999999999999800 ) ) ;
#4652 = CARTESIAN_POINT ( 'NONE',  ( -0.03085937188818551800, 0.2507083333333328100, -0.05344999999999998400 ) ) ;
#4653 = CARTESIAN_POINT ( 'NONE',  ( 0.06171874377637098800, 0.3298749999999993100, -1.133717486677188400E-017 ) ) ;
#4654 = CARTESIAN_POINT ( 'NONE',  ( 0.04628905783227822700, 0.3288333333333326400, -0.02672500000000002300 ) ) ;
#4655 = CARTESIAN_POINT ( 'NONE',  ( 0.03085937188818547700, 0.3277916666666659800, -0.05344999999999999800 ) ) ;
#4656 = CARTESIAN_POINT ( 'NONE',  ( -6.545520961180605600E-018, 0.3267499999999993200, -0.05344999999999999800 ) ) ;
#4657 = CARTESIAN_POINT ( 'NONE',  ( -0.03085937188818551800, 0.3257083333333327100, -0.05344999999999998400 ) ) ;
#4658 = CARTESIAN_POINT ( 'NONE',  ( -0.04628905783227824800, 0.3246666666666659900, -0.02672499999999998500 ) ) ;
#4659 = CARTESIAN_POINT ( 'NONE',  ( -0.06171874377637098800, 0.3236249999999993300, 3.779058288923960300E-018 ) ) ;
#4660 = CARTESIAN_POINT ( 'NONE',  ( -0.04628905783227824100, 0.3225833333333326700, 0.02672500000000000200 ) ) ;
#4661 = CARTESIAN_POINT ( 'NONE',  ( -0.03085937188818549000, 0.3215416666666660000, 0.05344999999999999800 ) ) ;
#4662 = CARTESIAN_POINT ( 'NONE',  ( 0.0000000000000000000, 0.3204999999999993400, 0.05344999999999999800 ) ) ;
#4663 = CARTESIAN_POINT ( 'NONE',  ( 0.03085937188818552200, 0.3194583333333326800, 0.05344999999999998400 ) ) ;
#4664 = CARTESIAN_POINT ( 'NONE',  ( 0.04628905783227826900, 0.3184166666666660200, 0.02672499999999996400 ) ) ;
#4665 = CARTESIAN_POINT ( 'NONE',  ( 0.06171874377637098800, 0.3173749999999993500, -1.133717486677188400E-017 ) ) ;
#4666 = CARTESIAN_POINT ( 'NONE',  ( 0.04628905783227822700, 0.3163333333333326900, -0.02672500000000002300 ) ) ;
#4667 = CARTESIAN_POINT ( 'NONE',  ( 0.03085937188818547700, 0.3152916666666659700, -0.05344999999999999800 ) ) ;
#4668 = CARTESIAN_POINT ( 'NONE',  ( -6.545520961180605600E-018, 0.3142499999999993100, -0.05344999999999999800 ) ) ;
#4669 = CARTESIAN_POINT ( 'NONE',  ( -0.03085937188818551800, 0.3132083333333326400, -0.05344999999999998400 ) ) ;
#4670 = CARTESIAN_POINT ( 'NONE',  ( -0.04628905783227824800, 0.3121666666666659800, -0.02672499999999998500 ) ) ;
#4671 = CARTESIAN_POINT ( 'NONE',  ( -0.06171874377637098800, 0.3111249999999993200, 3.779058288923960300E-018 ) ) ;
#4672 = CARTESIAN_POINT ( 'NONE',  ( -0.04628905783227824100, 0.3100833333333326600, 0.02672500000000000200 ) ) ;
#4673 = CARTESIAN_POINT ( 'NONE',  ( -0.03085937188818549000, 0.2340416666666661800, 0.05344999999999999800 ) ) ;
#4674 = CARTESIAN_POINT ( 'NONE',  ( 0.0000000000000000000, 0.2329999999999995100, 0.05344999999999999800 ) ) ;
#4675 = CARTESIAN_POINT ( 'NONE',  ( 0.03085937188818552200, 0.2319583333333328500, 0.05344999999999998400 ) ) ;
#4676 = CARTESIAN_POINT ( 'NONE',  ( 0.03085937188818547700, 0.2652916666666660900, -0.05344999999999999800 ) ) ;
#4677 = CARTESIAN_POINT ( 'NONE',  ( -6.545520961180605600E-018, 0.2642499999999994300, -0.05344999999999999800 ) ) ;
#4678 = CARTESIAN_POINT ( 'NONE',  ( -0.03085937188818551800, 0.2632083333333327700, -0.05344999999999998400 ) ) ;
#4679 = CARTESIAN_POINT ( 'NONE',  ( -0.04628905783227824800, 0.2621666666666661000, -0.02672499999999998500 ) ) ;
#4680 = CARTESIAN_POINT ( 'NONE',  ( -0.06171874377637098800, 0.2611249999999994400, 3.779058288923960300E-018 ) ) ;
#4681 = CARTESIAN_POINT ( 'NONE',  ( -0.03085937188818551800, 0.2132083333333328900, -0.05344999999999998400 ) ) ;
#4682 = CARTESIAN_POINT ( 'NONE',  ( -0.04628905783227824800, 0.2121666666666662500, -0.02672499999999998500 ) ) ;
#4683 = CARTESIAN_POINT ( 'NONE',  ( 0.03085937188818552200, 0.2069583333333329100, 0.05344999999999998400 ) ) ;
#4684 = CARTESIAN_POINT ( 'NONE',  ( 0.04628905783227826900, 0.2059166666666662500, 0.02672499999999996400 ) ) ;
#4685 = CARTESIAN_POINT ( 'NONE',  ( 0.0000000000000000000, 0.2454999999999994700, 0.05344999999999999800 ) ) ;
#4686 = CARTESIAN_POINT ( 'NONE',  ( 0.03085937188818552200, 0.2444583333333328100, 0.05344999999999998400 ) ) ;
#4687 = CARTESIAN_POINT ( 'NONE',  ( 0.04628905783227826900, 0.2434166666666661400, 0.02672499999999996400 ) ) ;
#4688 = CARTESIAN_POINT ( 'NONE',  ( 0.06171874377637098800, 0.2423749999999995100, -1.133717486677188400E-017 ) ) ;
#4689 = CARTESIAN_POINT ( 'NONE',  ( -0.04628905783227824800, 0.2996666666666660300, -0.02672499999999998500 ) ) ;
#4690 = CARTESIAN_POINT ( 'NONE',  ( -0.06171874377637098800, 0.2986249999999993100, 3.779058288923960300E-018 ) ) ;
#4691 = CARTESIAN_POINT ( 'NONE',  ( -0.04628905783227824100, 0.2975833333333327000, 0.02672500000000000200 ) ) ;
#4692 = CARTESIAN_POINT ( 'NONE',  ( -0.03085937188818549000, 0.2965416666666660400, 0.05344999999999999800 ) ) ;
#4693 = CARTESIAN_POINT ( 'NONE',  ( 0.0000000000000000000, 0.2954999999999993700, 0.05344999999999999800 ) ) ;
#4694 = CARTESIAN_POINT ( 'NONE',  ( 0.03085937188818552200, 0.2944583333333327100, 0.05344999999999998400 ) ) ;
#4695 = CARTESIAN_POINT ( 'NONE',  ( 0.04628905783227826900, 0.2934166666666660500, 0.02672499999999996400 ) ) ;
#4696 = CARTESIAN_POINT ( 'NONE',  ( 0.06171874377637098800, 0.2923749999999994400, -1.133717486677188400E-017 ) ) ;
#4697 = CARTESIAN_POINT ( 'NONE',  ( 0.04628905783227826900, 0.3434166666666659300, 0.02672499999999996400 ) ) ;
#4698 = CARTESIAN_POINT ( 'NONE',  ( 0.06171874377637098800, 0.3423749999999992100, -1.133717486677188400E-017 ) ) ;
#4699 = CARTESIAN_POINT ( 'NONE',  ( 0.04628905783227822700, 0.3413333333333326000, -0.02672500000000002300 ) ) ;
#4700 = CARTESIAN_POINT ( 'NONE',  ( 0.03085937188818547700, 0.3402916666666658800, -0.05344999999999999800 ) ) ;
#4701 = CARTESIAN_POINT ( 'NONE',  ( -6.545520961180605600E-018, 0.3392499999999992700, -0.05344999999999999800 ) ) ;
#4702 = CARTESIAN_POINT ( 'NONE',  ( -0.03085937188818551800, 0.3382083333333325600, -0.05344999999999998400 ) ) ;
#4703 = CARTESIAN_POINT ( 'NONE',  ( -0.04628905783227824800, 0.3371666666666659500, -0.02672499999999998500 ) ) ;
#4704 = CARTESIAN_POINT ( 'NONE',  ( -0.06171874377637098800, 0.3361249999999992300, 3.779058288923960300E-018 ) ) ;
#4705 = CARTESIAN_POINT ( 'NONE',  ( -0.04628905783227824100, 0.3350833333333326200, 0.02672500000000000200 ) ) ;
#4706 = CARTESIAN_POINT ( 'NONE',  ( -0.03085937188818549000, 0.3340416666666659600, 0.05344999999999999800 ) ) ;
#4707 = CARTESIAN_POINT ( 'NONE',  ( 0.0000000000000000000, 0.3329999999999993000, 0.05344999999999999800 ) ) ;
#4708 = CARTESIAN_POINT ( 'NONE',  ( 0.03085937188818552200, 0.3319583333333326300, 0.05344999999999998400 ) ) ;
#4709 = CARTESIAN_POINT ( 'NONE',  ( 0.04628905783227826900, 0.3309166666666659700, 0.02672499999999996400 ) ) ;
#4710 = CARTESIAN_POINT ( 'NONE',  ( -0.04628905783227824800, 0.2496666666666661500, -0.02672499999999998500 ) ) ;
#4711 = CARTESIAN_POINT ( 'NONE',  ( -0.06171874377637098800, 0.2486249999999994900, 3.779058288923960300E-018 ) ) ;
#4712 = CARTESIAN_POINT ( 'NONE',  ( -0.04628905783227824100, 0.2475833333333328200, 0.02672500000000000200 ) ) ;
#4713 = CARTESIAN_POINT ( 'NONE',  ( -0.03085937188818549000, 0.2465416666666661300, 0.05344999999999999800 ) ) ;
#4714 = CARTESIAN_POINT ( 'NONE',  ( -6.545520961180605600E-018, 0.2767499999999993900, -0.05344999999999999800 ) ) ;
#4715 = CARTESIAN_POINT ( 'NONE',  ( -0.03085937188818551800, 0.2757083333333327800, -0.05344999999999998400 ) ) ;
#4716 = CARTESIAN_POINT ( 'NONE',  ( -0.04628905783227824800, 0.2746666666666661100, -0.02672499999999998500 ) ) ;
#4717 = CARTESIAN_POINT ( 'NONE',  ( -0.06171874377637098800, 0.2736249999999994500, 3.779058288923960300E-018 ) ) ;
#4718 = CARTESIAN_POINT ( 'NONE',  ( -0.04628905783227824100, 0.2725833333333327900, 0.02672500000000000200 ) ) ;
#4719 = CARTESIAN_POINT ( 'NONE',  ( 0.03085937188818552200, 0.2194583333333328700, 0.05344999999999998400 ) ) ;
#4720 = CARTESIAN_POINT ( 'NONE',  ( 0.04628905783227826900, 0.2184166666666662000, 0.02672499999999996400 ) ) ;
#4721 = CARTESIAN_POINT ( 'NONE',  ( -0.03085937188818551800, 0.2257083333333328700, -0.05344999999999998400 ) ) ;
#4722 = CARTESIAN_POINT ( 'NONE',  ( -0.04628905783227824800, 0.2246666666666662100, -0.02672499999999998500 ) ) ;
#4723 = CARTESIAN_POINT ( 'NONE',  ( -0.06171874377637098800, 0.2236249999999995500, 3.779058288923960300E-018 ) ) ;
#4724 = CARTESIAN_POINT ( 'NONE',  ( 0.03233161507461902700, 0.04729166666666659300, -0.05600000000000000100 ) ) ;
#4725 = CARTESIAN_POINT ( 'NONE',  ( -6.857795581405312900E-018, 0.04624999999999993700, -0.05600000000000000800 ) ) ;
#4726 = CARTESIAN_POINT ( 'NONE',  ( -0.03233161507461906900, 0.04520833333333328100, -0.05599999999999998700 ) ) ;
#4727 = CARTESIAN_POINT ( 'NONE',  ( -0.04849742261192856900, 0.04416666666666660400, -0.02799999999999999000 ) ) ;
#4728 = CARTESIAN_POINT ( 'NONE',  ( -0.06466323014923809600, 0.04312499999999993400, 3.959350124971783400E-018 ) ) ;
#4729 = CARTESIAN_POINT ( 'NONE',  ( -0.04849742261192856200, 0.04208333333333327100, 0.02800000000000000800 ) ) ;
#4730 = CARTESIAN_POINT ( 'NONE',  ( -0.03233161507461903400, 0.04104166666666660800, 0.05600000000000000100 ) ) ;
#4731 = CARTESIAN_POINT ( 'NONE',  ( 0.0000000000000000000, 0.03999999999999995200, 0.05600000000000000800 ) ) ;
#4732 = CARTESIAN_POINT ( 'NONE',  ( 0.03233161507461907600, 0.03895833333333328900, 0.05599999999999998700 ) ) ;
#4733 = CARTESIAN_POINT ( 'NONE',  ( 0.04849742261192858900, 0.03791666666666661900, 0.02799999999999996600 ) ) ;
#4734 = CARTESIAN_POINT ( 'NONE',  ( 0.06466323014923809600, 0.03687499999999994900, -1.187805037491535100E-017 ) ) ;
#4735 = CARTESIAN_POINT ( 'NONE',  ( 0.04849742261192855500, 0.03583333333333328700, -0.02800000000000002800 ) ) ;
#4736 = CARTESIAN_POINT ( 'NONE',  ( 0.03233161507461902700, 0.03479166666666662400, -0.05600000000000000100 ) ) ;
#4737 = CARTESIAN_POINT ( 'NONE',  ( -6.857795581405312900E-018, 0.03374999999999996100, -0.05600000000000000800 ) ) ;
#4738 = CARTESIAN_POINT ( 'NONE',  ( -0.03233161507461906900, 0.03270833333333329800, -0.05599999999999998700 ) ) ;
#4739 = CARTESIAN_POINT ( 'NONE',  ( -0.04849742261192856900, 0.03166666666666663500, -0.02799999999999999000 ) ) ;
#4740 = CARTESIAN_POINT ( 'NONE',  ( -0.06466323014923809600, 0.03062499999999996500, 3.959350124971783400E-018 ) ) ;
#4741 = CARTESIAN_POINT ( 'NONE',  ( -0.04849742261192856200, 0.02958333333333330200, 0.02800000000000000800 ) ) ;
#4742 = CARTESIAN_POINT ( 'NONE',  ( -0.03233161507461903400, 0.02854166666666663900, 0.05600000000000000100 ) ) ;
#4743 = CARTESIAN_POINT ( 'NONE',  ( 0.0000000000000000000, 0.02749999999999997200, 0.05600000000000000800 ) ) ;
#4744 = CARTESIAN_POINT ( 'NONE',  ( 0.06171874377637098800, 0.2173749999999995700, -1.133717486677188400E-017 ) ) ;
#4745 = CARTESIAN_POINT ( 'NONE',  ( -0.06171874377637098800, 0.2111249999999995400, 3.779058288923960300E-018 ) ) ;
#4746 = CARTESIAN_POINT ( 'NONE',  ( 0.04628905783227826900, 0.3559166666666658300, 0.02672499999999996400 ) ) ;
#4747 = CARTESIAN_POINT ( 'NONE',  ( 0.06171874377637098800, 0.3548749999999991600, -1.133717486677188400E-017 ) ) ;
#4748 = CARTESIAN_POINT ( 'NONE',  ( 0.04628905783227822700, 0.3538333333333325000, -0.02672500000000002300 ) ) ;
#4749 = CARTESIAN_POINT ( 'NONE',  ( 0.03085937188818547700, 0.3527916666666658400, -0.05344999999999999800 ) ) ;
#4750 = CARTESIAN_POINT ( 'NONE',  ( -6.545520961180605600E-018, 0.3517499999999991700, -0.05344999999999999800 ) ) ;
#4751 = CARTESIAN_POINT ( 'NONE',  ( -0.03085937188818551800, 0.3507083333333325100, -0.05344999999999998400 ) ) ;
#4752 = CARTESIAN_POINT ( 'NONE',  ( -0.04628905783227824800, 0.3496666666666658500, -0.02672499999999998500 ) ) ;
#4753 = CARTESIAN_POINT ( 'NONE',  ( -0.06171874377637098800, 0.3486249999999991900, 3.779058288923960300E-018 ) ) ;
#4754 = CARTESIAN_POINT ( 'NONE',  ( -0.04628905783227824100, 0.3475833333333325200, 0.02672500000000000200 ) ) ;
#4755 = CARTESIAN_POINT ( 'NONE',  ( -0.03085937188818549000, 0.3465416666666659200, 0.05344999999999999800 ) ) ;
#4756 = CARTESIAN_POINT ( 'NONE',  ( 0.0000000000000000000, 0.3454999999999992000, 0.05344999999999999800 ) ) ;
#4757 = CARTESIAN_POINT ( 'NONE',  ( 0.03085937188818552200, 0.3444583333333325900, 0.05344999999999998400 ) ) ;
#4758 = CARTESIAN_POINT ( 'NONE',  ( 0.03233161507461907600, 0.02645833333333330900, 0.05599999999999998700 ) ) ;
#4759 = CARTESIAN_POINT ( 'NONE',  ( 0.04849742261192858900, 0.02541666666666664300, 0.02799999999999996600 ) ) ;
#4760 = CARTESIAN_POINT ( 'NONE',  ( 0.06466323014923809600, 0.02437499999999998000, -1.187805037491535100E-017 ) ) ;
#4761 = CARTESIAN_POINT ( 'NONE',  ( 0.04849742261192855500, 0.02333333333333331700, -0.02800000000000002800 ) ) ;
#4762 = CARTESIAN_POINT ( 'NONE',  ( 0.03233161507461902700, 0.02229166666666665100, -0.05600000000000000100 ) ) ;
#4763 = CARTESIAN_POINT ( 'NONE',  ( -6.857795581405312900E-018, 0.02124999999999998800, -0.05600000000000000800 ) ) ;
#4764 = CARTESIAN_POINT ( 'NONE',  ( -0.03233161507461906900, 0.02020833333333332500, -0.05599999999999998700 ) ) ;
#4765 = CARTESIAN_POINT ( 'NONE',  ( -0.04849742261192856900, 0.01916666666666666200, -0.02799999999999999000 ) ) ;
#4766 = CARTESIAN_POINT ( 'NONE',  ( -0.06466323014923809600, 0.01812499999999999500, 3.959350124971783400E-018 ) ) ;
#4767 = CARTESIAN_POINT ( 'NONE',  ( -0.04849742261192856200, 0.01708333333333333200, 0.02800000000000000800 ) ) ;
#4768 = CARTESIAN_POINT ( 'NONE',  ( -0.03233161507461903400, 0.01604166666666666200, 0.05600000000000000100 ) ) ;
#4769 = CARTESIAN_POINT ( 'NONE',  ( 0.0000000000000000000, 0.01500000000000000300, 0.05600000000000000800 ) ) ;
#4770 = CARTESIAN_POINT ( 'NONE',  ( 0.0000000000000000000, 0.3829999999999991700, 0.05344999999999999800 ) ) ;
#4771 = CARTESIAN_POINT ( 'NONE',  ( 0.03085937188818552200, 0.3819583333333324600, 0.05344999999999998400 ) ) ;
#4772 = CARTESIAN_POINT ( 'NONE',  ( -0.03085937188818549000, 0.2715416666666661300, 0.05344999999999999800 ) ) ;
#4773 = CARTESIAN_POINT ( 'NONE',  ( 0.0000000000000000000, 0.2704999999999994600, 0.05344999999999999800 ) ) ;
#4774 = CARTESIAN_POINT ( 'NONE',  ( 0.03085937188818552200, 0.2694583333333327400, 0.05344999999999998400 ) ) ;
#4775 = CARTESIAN_POINT ( 'NONE',  ( 0.04628905783227826900, 0.2684166666666660800, 0.02672499999999996400 ) ) ;
#4776 = CARTESIAN_POINT ( 'NONE',  ( 0.06171874377637098800, 0.2673749999999994200, -1.133717486677188400E-017 ) ) ;
#4777 = CARTESIAN_POINT ( 'NONE',  ( 0.04628905783227822700, 0.2663333333333327600, -0.02672500000000002300 ) ) ;
#4778 = CARTESIAN_POINT ( 'NONE',  ( 0.03085937188818547700, 0.2152916666666662400, -0.05344999999999999800 ) ) ;
#4779 = CARTESIAN_POINT ( 'NONE',  ( 0.0000000000000000000, 0.2204999999999995300, 0.05344999999999999800 ) ) ;
#4780 = CARTESIAN_POINT ( 'NONE',  ( -0.04628905783227824100, 0.2100833333333329000, 0.02672500000000000200 ) ) ;
#4781 = CARTESIAN_POINT ( 'NONE',  ( 0.04628905783227822700, 0.2163333333333328800, -0.02672500000000002300 ) ) ;
#4782 = CARTESIAN_POINT ( 'NONE',  ( -0.04628905783227824800, 0.2371666666666661900, -0.02672499999999998500 ) ) ;
#4783 = CARTESIAN_POINT ( 'NONE',  ( -0.06171874377637098800, 0.2361249999999995300, 3.779058288923960300E-018 ) ) ;
#4784 = CARTESIAN_POINT ( 'NONE',  ( -0.04628905783227824100, 0.2350833333333328700, 0.02672500000000000200 ) ) ;
#4785 = CARTESIAN_POINT ( 'NONE',  ( 0.04628905783227822700, 0.2913333333333327200, -0.02672500000000002300 ) ) ;
#4786 = CARTESIAN_POINT ( 'NONE',  ( 0.03085937188818547700, 0.2902916666666660600, -0.05344999999999999800 ) ) ;
#4787 = CARTESIAN_POINT ( 'NONE',  ( -6.545520961180605600E-018, 0.2892499999999994000, -0.05344999999999999800 ) ) ;
#4788 = CARTESIAN_POINT ( 'NONE',  ( -0.03085937188818551800, 0.2882083333333327300, -0.05344999999999998400 ) ) ;
#4789 = CARTESIAN_POINT ( 'NONE',  ( -0.04628905783227824800, 0.2871666666666660700, -0.02672499999999998500 ) ) ;
#4790 = CARTESIAN_POINT ( 'NONE',  ( -0.06171874377637098800, 0.2861249999999994100, 3.779058288923960300E-018 ) ) ;
#4791 = CARTESIAN_POINT ( 'NONE',  ( -0.04628905783227824100, 0.2850833333333327400, 0.02672500000000000200 ) ) ;
#4792 = CARTESIAN_POINT ( 'NONE',  ( 0.04849742261192858900, 0.06291666666666656500, 0.02799999999999996600 ) ) ;
#4793 = CARTESIAN_POINT ( 'NONE',  ( 0.06466323014923809600, 0.06187499999999990200, -1.187805037491535100E-017 ) ) ;
#4794 = CARTESIAN_POINT ( 'NONE',  ( 0.04849742261192855500, 0.06083333333333323200, -0.02800000000000002800 ) ) ;
#4795 = CARTESIAN_POINT ( 'NONE',  ( 0.03233161507461902700, 0.05979166666666656200, -0.05600000000000000100 ) ) ;
#4796 = CARTESIAN_POINT ( 'NONE',  ( -6.857795581405312900E-018, 0.05874999999999990000, -0.05600000000000000800 ) ) ;
#4797 = CARTESIAN_POINT ( 'NONE',  ( -0.03233161507461906900, 0.05770833333333325000, -0.05599999999999998700 ) ) ;
#4798 = CARTESIAN_POINT ( 'NONE',  ( -0.04849742261192856900, 0.05666666666666657400, -0.02799999999999999000 ) ) ;
#4799 = CARTESIAN_POINT ( 'NONE',  ( -0.06466323014923809600, 0.05562499999999991100, 3.959350124971783400E-018 ) ) ;
#4800 = CARTESIAN_POINT ( 'NONE',  ( -0.04849742261192856200, 0.05458333333333324800, 0.02800000000000000800 ) ) ;
#4801 = CARTESIAN_POINT ( 'NONE',  ( -0.03233161507461903400, 0.05354166666666658500, 0.05600000000000000100 ) ) ;
#4802 = CARTESIAN_POINT ( 'NONE',  ( 0.0000000000000000000, 0.05249999999999991500, 0.05600000000000000800 ) ) ;
#4803 = CARTESIAN_POINT ( 'NONE',  ( 0.03233161507461907600, 0.05145833333333325900, 0.05599999999999998700 ) ) ;
#4804 = CARTESIAN_POINT ( 'NONE',  ( 0.04849742261192858900, 0.05041666666666658900, 0.02799999999999996600 ) ) ;
#4805 = CARTESIAN_POINT ( 'NONE',  ( 0.06466323014923809600, 0.04937499999999993300, -1.187805037491535100E-017 ) ) ;
#4806 = CARTESIAN_POINT ( 'NONE',  ( 0.04849742261192855500, 0.04833333333333325600, -0.02800000000000002800 ) ) ;
#4807 = CARTESIAN_POINT ( 'NONE',  ( -0.04628905783227824100, 0.2600833333333327800, 0.02672500000000000200 ) ) ;
#4808 = CARTESIAN_POINT ( 'NONE',  ( -0.03085937188818549000, 0.2590416666666661700, 0.05344999999999999800 ) ) ;
#4809 = CARTESIAN_POINT ( 'NONE',  ( 0.0000000000000000000, 0.2579999999999994500, 0.05344999999999999800 ) ) ;
#4810 = CARTESIAN_POINT ( 'NONE',  ( 0.03085937188818552200, 0.2569583333333327900, 0.05344999999999998400 ) ) ;
#4811 = CARTESIAN_POINT ( 'NONE',  ( 0.04628905783227826900, 0.2559166666666661300, 0.02672499999999996400 ) ) ;
#4812 = CARTESIAN_POINT ( 'NONE',  ( 0.04628905783227822700, 0.2413333333333328200, -0.02672500000000002300 ) ) ;
#4813 = CARTESIAN_POINT ( 'NONE',  ( 0.03085937188818547700, 0.2402916666666661500, -0.05344999999999999800 ) ) ;
#4814 = CARTESIAN_POINT ( 'NONE',  ( -6.545520961180605600E-018, 0.2392499999999994900, -0.05344999999999999800 ) ) ;
#4815 = CARTESIAN_POINT ( 'NONE',  ( -0.03085937188818551800, 0.2382083333333328300, -0.05344999999999998400 ) ) ;
#4816 = CARTESIAN_POINT ( 'NONE',  ( -0.03085937188818549000, 0.3090416666666659900, 0.05344999999999999800 ) ) ;
#4817 = CARTESIAN_POINT ( 'NONE',  ( 0.0000000000000000000, 0.3079999999999993300, 0.05344999999999999800 ) ) ;
#4818 = CARTESIAN_POINT ( 'NONE',  ( 0.03085937188818552200, 0.3069583333333326700, 0.05344999999999998400 ) ) ;
#4819 = CARTESIAN_POINT ( 'NONE',  ( 0.04628905783227826900, 0.3059166666666660000, 0.02672499999999996400 ) ) ;
#4820 = CARTESIAN_POINT ( 'NONE',  ( 0.06171874377637098800, 0.3048749999999993400, -1.133717486677188400E-017 ) ) ;
#4821 = CARTESIAN_POINT ( 'NONE',  ( 0.04628905783227822700, 0.3038333333333326800, -0.02672500000000002300 ) ) ;
#4822 = CARTESIAN_POINT ( 'NONE',  ( 0.03085937188818547700, 0.3027916666666660200, -0.05344999999999999800 ) ) ;
#4823 = CARTESIAN_POINT ( 'NONE',  ( -6.545520961180605600E-018, 0.3017499999999993500, -0.05344999999999999800 ) ) ;
#4824 = CARTESIAN_POINT ( 'NONE',  ( -0.03085937188818551800, 0.3007083333333326300, -0.05344999999999998400 ) ) ;
#4825 = CARTESIAN_POINT ( 'NONE',  ( -0.03085937188818549000, 0.2840416666666660800, 0.05344999999999999800 ) ) ;
#4826 = CARTESIAN_POINT ( 'NONE',  ( 0.0000000000000000000, 0.2829999999999994200, 0.05344999999999999800 ) ) ;
#4827 = CARTESIAN_POINT ( 'NONE',  ( 0.03085937188818552200, 0.2819583333333327600, 0.05344999999999998400 ) ) ;
#4828 = CARTESIAN_POINT ( 'NONE',  ( 0.04628905783227826900, 0.2809166666666660400, 0.02672499999999996400 ) ) ;
#4829 = CARTESIAN_POINT ( 'NONE',  ( 0.06171874377637098800, 0.2798749999999993700, -1.133717486677188400E-017 ) ) ;
#4830 = CARTESIAN_POINT ( 'NONE',  ( 0.04628905783227822700, 0.2788333333333327100, -0.02672500000000002300 ) ) ;
#4831 = CARTESIAN_POINT ( 'NONE',  ( 0.03085937188818547700, 0.2777916666666660500, -0.05344999999999999800 ) ) ;
#4832 = CARTESIAN_POINT ( 'NONE',  ( 0.04628905783227826900, 0.3809166666666658500, 0.02672499999999996400 ) ) ;
#4833 = CARTESIAN_POINT ( 'NONE',  ( 0.06171874377637098800, 0.3798749999999991300, -1.133717486677188400E-017 ) ) ;
#4834 = CARTESIAN_POINT ( 'NONE',  ( 0.04628905783227822700, 0.3788333333333325200, -0.02672500000000002300 ) ) ;
#4835 = CARTESIAN_POINT ( 'NONE',  ( 0.03085937188818547700, 0.3777916666666658000, -0.05344999999999999800 ) ) ;
#4836 = CARTESIAN_POINT ( 'NONE',  ( -6.545520961180605600E-018, 0.3767499999999992000, -0.05344999999999999800 ) ) ;
#4837 = CARTESIAN_POINT ( 'NONE',  ( -0.03085937188818551800, 0.3757083333333324800, -0.05344999999999998400 ) ) ;
#4838 = CARTESIAN_POINT ( 'NONE',  ( -0.04628905783227824800, 0.3746666666666658700, -0.02672499999999998500 ) ) ;
#4839 = CARTESIAN_POINT ( 'NONE',  ( -0.06171874377637098800, 0.3736249999999991500, 3.779058288923960300E-018 ) ) ;
#4840 = CARTESIAN_POINT ( 'NONE',  ( -0.04628905783227824100, 0.3725833333333325400, 0.02672500000000000200 ) ) ;
#4841 = CARTESIAN_POINT ( 'NONE',  ( -0.03085937188818549000, 0.3715416666666658800, 0.05344999999999999800 ) ) ;
#4842 = CARTESIAN_POINT ( 'NONE',  ( 0.0000000000000000000, 0.3704999999999992200, 0.05344999999999999800 ) ) ;
#4843 = CARTESIAN_POINT ( 'NONE',  ( 0.03085937188818552200, 0.3694583333333325600, 0.05344999999999998400 ) ) ;
#4844 = CARTESIAN_POINT ( 'NONE',  ( 0.04628905783227826900, 0.3684166666666658900, 0.02672499999999996400 ) ) ;
#4845 = CARTESIAN_POINT ( 'NONE',  ( 0.06171874377637098800, 0.3673749999999992300, -1.133717486677188400E-017 ) ) ;
#4846 = CARTESIAN_POINT ( 'NONE',  ( 0.04628905783227822700, 0.3663333333333325700, -0.02672500000000002300 ) ) ;
#4847 = CARTESIAN_POINT ( 'NONE',  ( 0.03085937188818547700, 0.3652916666666659600, -0.05344999999999999800 ) ) ;
#4848 = CARTESIAN_POINT ( 'NONE',  ( -6.545520961180605600E-018, 0.3642499999999992400, -0.05344999999999999800 ) ) ;
#4849 = CARTESIAN_POINT ( 'NONE',  ( -0.03085937188818551800, 0.3632083333333326300, -0.05344999999999998400 ) ) ;
#4850 = CARTESIAN_POINT ( 'NONE',  ( -0.04628905783227824800, 0.3621666666666659200, -0.02672499999999998500 ) ) ;
#4851 = CARTESIAN_POINT ( 'NONE',  ( -0.06171874377637098800, 0.3611249999999993100, 3.779058288923960300E-018 ) ) ;
#4852 = CARTESIAN_POINT ( 'NONE',  ( -0.04628905783227824100, 0.3600833333333326400, 0.02672500000000000200 ) ) ;
#4853 = CARTESIAN_POINT ( 'NONE',  ( -0.03085937188818549000, 0.3590416666666659800, 0.05344999999999999800 ) ) ;
#4854 = CARTESIAN_POINT ( 'NONE',  ( 0.0000000000000000000, 0.3579999999999993200, 0.05344999999999999800 ) ) ;
#4855 = CARTESIAN_POINT ( 'NONE',  ( 0.03085937188818552200, 0.3569583333333326600, 0.05344999999999998400 ) ) ;
#4856 = CARTESIAN_POINT ( 'NONE',  ( -0.03085937188818549000, 0.2090416666666662400, 0.05344999999999999800 ) ) ;
#4857 = CARTESIAN_POINT ( 'NONE',  ( -0.04628905783227824100, 0.2225833333333328600, 0.02672500000000000200 ) ) ;
#4858 = CARTESIAN_POINT ( 'NONE',  ( -0.03085937188818549000, 0.2215416666666661900, 0.05344999999999999800 ) ) ;
#4859 = CARTESIAN_POINT ( 'NONE',  ( -6.857795581405312900E-018, 0.07124999999999986900, -0.05600000000000000800 ) ) ;
#4860 = CARTESIAN_POINT ( 'NONE',  ( -0.03233161507461906900, 0.07020833333333320600, -0.05599999999999998700 ) ) ;
#4861 = CARTESIAN_POINT ( 'NONE',  ( -0.04849742261192856900, 0.06916666666666654300, -0.02799999999999999000 ) ) ;
#4862 = CARTESIAN_POINT ( 'NONE',  ( -0.06466323014923809600, 0.06812499999999988000, 3.959350124971783400E-018 ) ) ;
#4863 = CARTESIAN_POINT ( 'NONE',  ( 0.06466323014923809600, 0.07437499999999987200, -1.187805037491535100E-017 ) ) ;
#4864 = CARTESIAN_POINT ( 'NONE',  ( 0.04849742261192855500, 0.07333333333333320900, -0.02800000000000002800 ) ) ;
#4865 = CARTESIAN_POINT ( 'NONE',  ( 0.03233161507461902700, 0.07229166666666653200, -0.05600000000000000100 ) ) ;
#4866 = CARTESIAN_POINT ( 'NONE',  ( 0.0000000000000000000, 0.06499999999999989100, 0.05600000000000000800 ) ) ;
#4867 = CARTESIAN_POINT ( 'NONE',  ( -0.03233161507461903400, 0.07854166666666651000, 0.05600000000000000100 ) ) ;
#4868 = CARTESIAN_POINT ( 'NONE',  ( 0.0000000000000000000, 0.07749999999999986100, 0.05600000000000000800 ) ) ;
#4869 = CARTESIAN_POINT ( 'NONE',  ( 0.03233161507461907600, 0.07645833333333319800, 0.05599999999999998700 ) ) ;
#4870 = CARTESIAN_POINT ( 'NONE',  ( 0.04849742261192858900, 0.07541666666666653500, 0.02799999999999996600 ) ) ;
#4871 = CARTESIAN_POINT ( 'NONE',  ( -0.03233161507461903400, 0.06604166666666655400, 0.05600000000000000100 ) ) ;
#4872 = CARTESIAN_POINT ( 'NONE',  ( -0.04849742261192856200, 0.06708333333333321700, 0.02800000000000000800 ) ) ;
#4873 = CARTESIAN_POINT ( 'NONE',  ( 0.03233161507461907600, 0.06395833333333322800, 0.05599999999999998700 ) ) ;
#4874 = CARTESIAN_POINT ( 'NONE',  ( 0.03233161507461902700, 0.08479166666666651500, -0.05600000000000000100 ) ) ;
#4875 = CARTESIAN_POINT ( 'NONE',  ( -6.857795581405312900E-018, 0.08374999999999985200, -0.05600000000000000800 ) ) ;
#4876 = CARTESIAN_POINT ( 'NONE',  ( -0.04849742261192856900, 0.09416666666666651000, -0.02799999999999999000 ) ) ;
#4877 = CARTESIAN_POINT ( 'NONE',  ( -0.06466323014923809600, 0.09312499999999981900, 3.959350124971783400E-018 ) ) ;
#4878 = CARTESIAN_POINT ( 'NONE',  ( -0.04849742261192856200, 0.09208333333333314200, 0.02800000000000000800 ) ) ;
#4879 = CARTESIAN_POINT ( 'NONE',  ( -0.03233161507461906900, 0.08270833333333317500, -0.05599999999999998700 ) ) ;
#4880 = CARTESIAN_POINT ( 'NONE',  ( -0.04849742261192856900, 0.08166666666666651300, -0.02799999999999999000 ) ) ;
#4881 = CARTESIAN_POINT ( 'NONE',  ( -0.06466323014923809600, 0.08062499999999985000, 3.959350124971783400E-018 ) ) ;
#4882 = CARTESIAN_POINT ( 'NONE',  ( -0.03233161507461903400, 0.09104166666666649300, 0.05600000000000000100 ) ) ;
#4883 = CARTESIAN_POINT ( 'NONE',  ( 0.0000000000000000000, 0.08999999999999983000, 0.05600000000000000800 ) ) ;
#4884 = CARTESIAN_POINT ( 'NONE',  ( 0.03233161507461907600, 0.08895833333333315300, 0.05599999999999998700 ) ) ;
#4885 = CARTESIAN_POINT ( 'NONE',  ( 0.04849742261192858900, 0.08791666666666650400, 0.02799999999999996600 ) ) ;
#4886 = CARTESIAN_POINT ( 'NONE',  ( 0.06466323014923809600, 0.08687499999999985500, -1.187805037491535100E-017 ) ) ;
#4887 = CARTESIAN_POINT ( 'NONE',  ( 0.04849742261192855500, 0.08583333333333317800, -0.02800000000000002800 ) ) ;
#4888 = CARTESIAN_POINT ( 'NONE',  ( -0.04849742261192856200, 0.07958333333333317300, 0.02800000000000000800 ) ) ;
#4889 = CARTESIAN_POINT ( 'NONE',  ( 0.03233161507461907600, 0.1014583333333331400, 0.05599999999999998700 ) ) ;
#4890 = CARTESIAN_POINT ( 'NONE',  ( 0.04849742261192858900, 0.1004166666666664700, 0.02799999999999996600 ) ) ;
#4891 = CARTESIAN_POINT ( 'NONE',  ( 0.04849742261192855500, 0.1108333333333331200, -0.02800000000000002800 ) ) ;
#4892 = CARTESIAN_POINT ( 'NONE',  ( 0.03233161507461902700, 0.1097916666666664700, -0.05600000000000000100 ) ) ;
#4893 = CARTESIAN_POINT ( 'NONE',  ( -6.857795581405312900E-018, 0.1087499999999997900, -0.05600000000000000800 ) ) ;
#4894 = CARTESIAN_POINT ( 'NONE',  ( -0.03233161507461906900, 0.1077083333333331300, -0.05599999999999998700 ) ) ;
#4895 = CARTESIAN_POINT ( 'NONE',  ( -0.04849742261192856900, 0.1066666666666664800, -0.02799999999999999000 ) ) ;
#4896 = CARTESIAN_POINT ( 'NONE',  ( -0.06466323014923809600, 0.1056249999999998200, 3.959350124971783400E-018 ) ) ;
#4897 = CARTESIAN_POINT ( 'NONE',  ( -6.857795581405312900E-018, 0.09624999999999982200, -0.05600000000000000800 ) ) ;
#4898 = CARTESIAN_POINT ( 'NONE',  ( -0.03233161507461906900, 0.09520833333333315900, -0.05599999999999998700 ) ) ;
#4899 = CARTESIAN_POINT ( 'NONE',  ( 0.06466323014923809600, 0.09937499999999981100, -1.187805037491535100E-017 ) ) ;
#4900 = CARTESIAN_POINT ( 'NONE',  ( 0.04849742261192855500, 0.09833333333333314800, -0.02800000000000002800 ) ) ;
#4901 = CARTESIAN_POINT ( 'NONE',  ( 0.03233161507461902700, 0.09729166666666649900, -0.05600000000000000100 ) ) ;
#4902 = CARTESIAN_POINT ( 'NONE',  ( -0.04849742261192856200, 0.1045833333333331100, 0.02800000000000000800 ) ) ;
#4903 = CARTESIAN_POINT ( 'NONE',  ( -0.03233161507461903400, 0.1035416666666664500, 0.05600000000000000100 ) ) ;
#4904 = CARTESIAN_POINT ( 'NONE',  ( 0.0000000000000000000, 0.1024999999999998000, 0.05600000000000000800 ) ) ;
#4905 = CARTESIAN_POINT ( 'NONE',  ( -0.04849742261192856900, 0.1191666666666664500, -0.02799999999999999000 ) ) ;
#4906 = CARTESIAN_POINT ( 'NONE',  ( 0.0000000000000000000, 0.1399999999999997400, 0.05600000000000000800 ) ) ;
#4907 = CARTESIAN_POINT ( 'NONE',  ( 0.03233161507461907600, 0.1389583333333330500, 0.05599999999999998700 ) ) ;
#4908 = CARTESIAN_POINT ( 'NONE',  ( 0.04849742261192858900, 0.1379166666666663800, 0.02799999999999996600 ) ) ;
#4909 = CARTESIAN_POINT ( 'NONE',  ( 0.06466323014923809600, 0.1368749999999996900, -1.187805037491535100E-017 ) ) ;
#4910 = CARTESIAN_POINT ( 'NONE',  ( -0.03233161507461906900, 0.1327083333333330700, -0.05599999999999998700 ) ) ;
#4911 = CARTESIAN_POINT ( 'NONE',  ( -0.04849742261192856900, 0.1316666666666664000, -0.02799999999999999000 ) ) ;
#4912 = CARTESIAN_POINT ( 'NONE',  ( -0.06466323014923809600, 0.1306249999999997400, 3.959350124971783400E-018 ) ) ;
#4913 = CARTESIAN_POINT ( 'NONE',  ( 0.06466323014923809600, 0.1118749999999997800, -1.187805037491535100E-017 ) ) ;
#4914 = CARTESIAN_POINT ( 'NONE',  ( 0.0000000000000000000, 0.1524999999999996900, 0.05600000000000000800 ) ) ;
#4915 = CARTESIAN_POINT ( 'NONE',  ( 0.03233161507461907600, 0.1514583333333330300, 0.05599999999999998700 ) ) ;
#4916 = CARTESIAN_POINT ( 'NONE',  ( 0.04849742261192858900, 0.1504166666666663400, 0.02799999999999996600 ) ) ;
#4917 = CARTESIAN_POINT ( 'NONE',  ( 0.06466323014923809600, 0.1493749999999996700, -1.187805037491535100E-017 ) ) ;
#4918 = CARTESIAN_POINT ( 'NONE',  ( 0.04849742261192858900, 0.1129166666666664400, 0.02799999999999996600 ) ) ;
#4919 = CARTESIAN_POINT ( 'NONE',  ( -0.03233161507461903400, 0.1160416666666664200, 0.05600000000000000100 ) ) ;
#4920 = CARTESIAN_POINT ( 'NONE',  ( -6.857795581405312900E-018, 0.1837499999999996400, -0.05600000000000000800 ) ) ;
#4921 = CARTESIAN_POINT ( 'NONE',  ( -0.03233161507461906900, 0.1827083333333329700, -0.05599999999999998700 ) ) ;
#4922 = CARTESIAN_POINT ( 'NONE',  ( -0.04849742261192856900, 0.1816666666666662800, -0.02799999999999999000 ) ) ;
#4923 = CARTESIAN_POINT ( 'NONE',  ( -0.06466323014923809600, 0.1806249999999996500, 3.959350124971783400E-018 ) ) ;
#4924 = CARTESIAN_POINT ( 'NONE',  ( -0.04849742261192856200, 0.1795833333333329600, 0.02800000000000000800 ) ) ;
#4925 = CARTESIAN_POINT ( 'NONE',  ( -0.03233161507461903400, 0.1785416666666662900, 0.05600000000000000100 ) ) ;
#4926 = CARTESIAN_POINT ( 'NONE',  ( 0.0000000000000000000, 0.1774999999999996300, 0.05600000000000000800 ) ) ;
#4927 = CARTESIAN_POINT ( 'NONE',  ( 0.03233161507461907600, 0.1764583333333330000, 0.05599999999999998700 ) ) ;
#4928 = CARTESIAN_POINT ( 'NONE',  ( 0.04849742261192858900, 0.1754166666666663300, 0.02799999999999996600 ) ) ;
#4929 = CARTESIAN_POINT ( 'NONE',  ( 0.06466323014923809600, 0.1743749999999996700, -1.187805037491535100E-017 ) ) ;
#4930 = CARTESIAN_POINT ( 'NONE',  ( 0.04849742261192855500, 0.1733333333333330100, -0.02800000000000002800 ) ) ;
#4931 = CARTESIAN_POINT ( 'NONE',  ( 0.03233161507461907600, 0.1264583333333330900, 0.05599999999999998700 ) ) ;
#4932 = CARTESIAN_POINT ( 'NONE',  ( 0.04849742261192858900, 0.1254166666666664000, 0.02799999999999996600 ) ) ;
#4933 = CARTESIAN_POINT ( 'NONE',  ( 0.04849742261192855500, 0.1483333333333330400, -0.02800000000000002800 ) ) ;
#4934 = CARTESIAN_POINT ( 'NONE',  ( 0.03233161507461902700, 0.1472916666666663500, -0.05600000000000000100 ) ) ;
#4935 = CARTESIAN_POINT ( 'NONE',  ( -6.857795581405312900E-018, 0.1462499999999997100, -0.05600000000000000800 ) ) ;
#4936 = CARTESIAN_POINT ( 'NONE',  ( -0.03233161507461906900, 0.1452083333333330500, -0.05599999999999998700 ) ) ;
#4937 = CARTESIAN_POINT ( 'NONE',  ( -0.04849742261192856900, 0.1441666666666663900, -0.02799999999999999000 ) ) ;
#4938 = CARTESIAN_POINT ( 'NONE',  ( -0.04849742261192856200, 0.1170833333333331200, 0.02800000000000000800 ) ) ;
#4939 = CARTESIAN_POINT ( 'NONE',  ( -0.06466323014923809600, 0.1431249999999997200, 3.959350124971783400E-018 ) ) ;
#4940 = CARTESIAN_POINT ( 'NONE',  ( -0.04849742261192856200, 0.1420833333333330600, 0.02800000000000000800 ) ) ;
#4941 = CARTESIAN_POINT ( 'NONE',  ( -0.03233161507461903400, 0.1410416666666664000, 0.05600000000000000100 ) ) ;
#4942 = CARTESIAN_POINT ( 'NONE',  ( -6.857795581405312900E-018, 0.1587499999999996700, -0.05600000000000000800 ) ) ;
#4943 = CARTESIAN_POINT ( 'NONE',  ( -0.03233161507461906900, 0.1577083333333330100, -0.05599999999999998700 ) ) ;
#4944 = CARTESIAN_POINT ( 'NONE',  ( -0.04849742261192856900, 0.1566666666666663400, -0.02799999999999999000 ) ) ;
#4945 = CARTESIAN_POINT ( 'NONE',  ( -0.06466323014923809600, 0.1556249999999996800, 3.959350124971783400E-018 ) ) ;
#4946 = CARTESIAN_POINT ( 'NONE',  ( -0.04849742261192856200, 0.1545833333333330200, 0.02800000000000000800 ) ) ;
#4947 = CARTESIAN_POINT ( 'NONE',  ( -0.03233161507461903400, 0.1535416666666663500, 0.05600000000000000100 ) ) ;
#4948 = CARTESIAN_POINT ( 'NONE',  ( 0.06466323014923809600, 0.1243749999999997600, -1.187805037491535100E-017 ) ) ;
#4949 = CARTESIAN_POINT ( 'NONE',  ( 0.04849742261192855500, 0.1233333333333330900, -0.02800000000000002800 ) ) ;
#4950 = CARTESIAN_POINT ( 'NONE',  ( 0.0000000000000000000, 0.1149999999999997700, 0.05600000000000000800 ) ) ;
#4951 = CARTESIAN_POINT ( 'NONE',  ( -0.06466323014923809600, 0.1181249999999997900, 3.959350124971783400E-018 ) ) ;
#4952 = CARTESIAN_POINT ( 'NONE',  ( 0.03233161507461907600, 0.1139583333333331100, 0.05599999999999998700 ) ) ;
#4953 = CARTESIAN_POINT ( 'NONE',  ( -6.857795581405312900E-018, 0.1212499999999997600, -0.05600000000000000800 ) ) ;
#4954 = CARTESIAN_POINT ( 'NONE',  ( -0.03233161507461906900, 0.1202083333333331000, -0.05599999999999998700 ) ) ;
#4955 = CARTESIAN_POINT ( 'NONE',  ( 0.03233161507461902700, 0.1222916666666664200, -0.05600000000000000100 ) ) ;
#4956 = CARTESIAN_POINT ( 'NONE',  ( 0.03233161507461902700, 0.1722916666666663400, -0.05600000000000000100 ) ) ;
#4957 = CARTESIAN_POINT ( 'NONE',  ( -6.857795581405312900E-018, 0.1712499999999996500, -0.05600000000000000800 ) ) ;
#4958 = CARTESIAN_POINT ( 'NONE',  ( -0.03233161507461906900, 0.1702083333333329600, -0.05599999999999998700 ) ) ;
#4959 = CARTESIAN_POINT ( 'NONE',  ( -0.04849742261192856900, 0.1691666666666663300, -0.02799999999999999000 ) ) ;
#4960 = CARTESIAN_POINT ( 'NONE',  ( -0.06466323014923809600, 0.1681249999999996600, 3.959350124971783400E-018 ) ) ;
#4961 = CARTESIAN_POINT ( 'NONE',  ( -0.04849742261192856200, 0.1670833333333330000, 0.02800000000000000800 ) ) ;
#4962 = CARTESIAN_POINT ( 'NONE',  ( -0.03233161507461903400, 0.1660416666666663700, 0.05600000000000000100 ) ) ;
#4963 = CARTESIAN_POINT ( 'NONE',  ( 0.0000000000000000000, 0.1649999999999996700, 0.05600000000000000800 ) ) ;
#4964 = CARTESIAN_POINT ( 'NONE',  ( -0.04849742261192856200, 0.1295833333333330800, 0.02800000000000000800 ) ) ;
#4965 = CARTESIAN_POINT ( 'NONE',  ( -0.03233161507461903400, 0.1285416666666664200, 0.05600000000000000100 ) ) ;
#4966 = CARTESIAN_POINT ( 'NONE',  ( 0.0000000000000000000, 0.1274999999999997200, 0.05600000000000000800 ) ) ;
#4967 = CARTESIAN_POINT ( 'NONE',  ( 0.04849742261192855500, 0.1358333333333330600, -0.02800000000000002800 ) ) ;
#4968 = CARTESIAN_POINT ( 'NONE',  ( 0.03233161507461902700, 0.1347916666666664200, -0.05600000000000000100 ) ) ;
#4969 = CARTESIAN_POINT ( 'NONE',  ( -6.857795581405312900E-018, 0.1337499999999997300, -0.05600000000000000800 ) ) ;
#4970 = CARTESIAN_POINT ( 'NONE',  ( 0.03233161507461907600, 0.1639583333333330100, 0.05599999999999998700 ) ) ;
#4971 = CARTESIAN_POINT ( 'NONE',  ( 0.04849742261192858900, 0.1629166666666663500, 0.02799999999999996600 ) ) ;
#4972 = CARTESIAN_POINT ( 'NONE',  ( 0.06466323014923809600, 0.1618749999999996600, -1.187805037491535100E-017 ) ) ;
#4973 = CARTESIAN_POINT ( 'NONE',  ( 0.04849742261192855500, 0.1608333333333330000, -0.02800000000000002800 ) ) ;
#4974 = CARTESIAN_POINT ( 'NONE',  ( 0.03233161507461902700, 0.1597916666666663300, -0.05600000000000000100 ) ) ;
#4975 = CARTESIAN_POINT ( 'NONE',  ( -0.04628905783227824100, 0.3490833333333325800, 0.02672500000000000200 ) ) ;
#4976 = CARTESIAN_POINT ( 'NONE',  ( -0.03085937188818549000, 0.3480416666666659200, 0.05344999999999999800 ) ) ;
#4977 = CARTESIAN_POINT ( 'NONE',  ( 0.0000000000000000000, 0.3469999999999992500, 0.05344999999999999800 ) ) ;
#4978 = CARTESIAN_POINT ( 'NONE',  ( 0.03085937188818547700, 0.3292916666666659800, -0.05344999999999999800 ) ) ;
#4979 = CARTESIAN_POINT ( 'NONE',  ( -0.04628905783227824100, 0.3365833333333325700, 0.02672500000000000200 ) ) ;
#4980 = CARTESIAN_POINT ( 'NONE',  ( -0.03085937188818549000, 0.3355416666666659600, 0.05344999999999999800 ) ) ;
#4981 = CARTESIAN_POINT ( 'NONE',  ( -0.03085937188818551800, 0.3272083333333326600, -0.05344999999999998400 ) ) ;
#4982 = CARTESIAN_POINT ( 'NONE',  ( 0.04628905783227822700, 0.3428333333333325500, -0.02672500000000002300 ) ) ;
#4983 = CARTESIAN_POINT ( 'NONE',  ( 0.03085937188818547700, 0.3417916666666658300, -0.05344999999999999800 ) ) ;
#4984 = CARTESIAN_POINT ( 'NONE',  ( -6.545520961180605600E-018, 0.3282499999999992600, -0.05344999999999999800 ) ) ;
#4985 = CARTESIAN_POINT ( 'NONE',  ( 0.0000000000000000000, 0.3344999999999992400, 0.05344999999999999800 ) ) ;
#4986 = CARTESIAN_POINT ( 'NONE',  ( 0.03085937188818552200, 0.3334583333333326300, 0.05344999999999998400 ) ) ;
#4987 = CARTESIAN_POINT ( 'NONE',  ( -0.04628905783227824800, 0.3386666666666658900, -0.02672499999999998500 ) ) ;
#4988 = CARTESIAN_POINT ( 'NONE',  ( -0.06171874377637098800, 0.3376249999999992900, 3.779058288923960300E-018 ) ) ;
#4989 = CARTESIAN_POINT ( 'NONE',  ( 0.03085937188818547700, 0.3542916666666658900, -0.05344999999999999800 ) ) ;
#4990 = CARTESIAN_POINT ( 'NONE',  ( -6.545520961180605600E-018, 0.3532499999999992300, -0.05344999999999999800 ) ) ;
#4991 = CARTESIAN_POINT ( 'NONE',  ( -0.03085937188818551800, 0.3522083333333325700, -0.05344999999999998400 ) ) ;
#4992 = CARTESIAN_POINT ( 'NONE',  ( -6.545520961180605600E-018, 0.3407499999999992200, -0.05344999999999999800 ) ) ;
#4993 = CARTESIAN_POINT ( 'NONE',  ( -0.03085937188818551800, 0.3397083333333325600, -0.05344999999999998400 ) ) ;
#4994 = CARTESIAN_POINT ( 'NONE',  ( -0.04628905783227824800, 0.3261666666666659900, -0.02672499999999998500 ) ) ;
#4995 = CARTESIAN_POINT ( 'NONE',  ( 0.04628905783227826900, 0.3324166666666659200, 0.02672499999999996400 ) ) ;
#4996 = CARTESIAN_POINT ( 'NONE',  ( 0.06171874377637098800, 0.3438749999999992100, -1.133717486677188400E-017 ) ) ;
#4997 = CARTESIAN_POINT ( 'NONE',  ( -0.04628905783227824800, 0.3511666666666659100, -0.02672499999999998500 ) ) ;
#4998 = CARTESIAN_POINT ( 'NONE',  ( -0.06171874377637098800, 0.3501249999999992400, 3.779058288923960300E-018 ) ) ;
#4999 = CARTESIAN_POINT ( 'NONE',  ( 0.0000000000000000000, 0.3594999999999992100, 0.05344999999999999800 ) ) ;
#5000 = CARTESIAN_POINT ( 'NONE',  ( 0.03085937188818552200, 0.3584583333333325500, 0.05344999999999998400 ) ) ;
#5001 = CARTESIAN_POINT ( 'NONE',  ( 0.04628905783227826900, 0.3574166666666658800, 0.02672499999999996400 ) ) ;
#5002 = CARTESIAN_POINT ( 'NONE',  ( 0.06171874377637098800, 0.3563749999999992200, -1.133717486677188400E-017 ) ) ;
#5003 = CARTESIAN_POINT ( 'NONE',  ( 0.04628905783227822700, 0.3553333333333325600, -0.02672500000000002300 ) ) ;
#5004 = CARTESIAN_POINT ( 'NONE',  ( 0.06171874377637098800, 0.3313749999999993100, -1.133717486677188400E-017 ) ) ;
#5005 = CARTESIAN_POINT ( 'NONE',  ( 0.04628905783227822700, 0.3303333333333325900, -0.02672500000000002300 ) ) ;
#5006 = CARTESIAN_POINT ( 'NONE',  ( 0.03085937188818552200, 0.3459583333333325900, 0.05344999999999998400 ) ) ;
#5007 = CARTESIAN_POINT ( 'NONE',  ( 0.04628905783227826900, 0.3449166666666658700, 0.02672499999999996400 ) ) ;
#5008 = CARTESIAN_POINT ( 'NONE',  ( -0.03085937188818549000, 0.3605416666666658700, 0.05344999999999999800 ) ) ;
#5009 = CARTESIAN_POINT ( 'NONE',  ( 0.0000000000000000000, 0.3719999999999992200, 0.05344999999999999800 ) ) ;
#5010 = CARTESIAN_POINT ( 'NONE',  ( 0.03085937188818552200, 0.3709583333333325600, 0.05344999999999998400 ) ) ;
#5011 = CARTESIAN_POINT ( 'NONE',  ( -6.545520961180605600E-018, 0.3657499999999991900, -0.05344999999999999800 ) ) ;
#5012 = CARTESIAN_POINT ( 'NONE',  ( -0.03085937188818551800, 0.3647083333333325200, -0.05344999999999998400 ) ) ;
#5013 = CARTESIAN_POINT ( 'NONE',  ( -0.04628905783227824100, 0.3615833333333325400, 0.02672500000000000200 ) ) ;
#5014 = CARTESIAN_POINT ( 'NONE',  ( -0.04628905783227824800, 0.3636666666666658600, -0.02672499999999998500 ) ) ;
#5015 = CARTESIAN_POINT ( 'NONE',  ( -0.06171874377637098800, 0.3626249999999992000, 3.779058288923960300E-018 ) ) ;
#5016 = CARTESIAN_POINT ( 'NONE',  ( 0.04628905783227826900, 0.3699166666666658900, 0.02672499999999996400 ) ) ;
#5017 = CARTESIAN_POINT ( 'NONE',  ( 0.06171874377637098800, 0.3688749999999990600, -1.133717486677188400E-017 ) ) ;
#5018 = CARTESIAN_POINT ( 'NONE',  ( 0.04628905783227822700, 0.3678333333333325100, -0.02672500000000002300 ) ) ;
#5019 = CARTESIAN_POINT ( 'NONE',  ( 0.03085937188818547700, 0.3667916666666657900, -0.05344999999999999800 ) ) ;
#5020 = DIRECTION ( 'NONE',  ( 0.0000000000000000000, 0.0000000000000000000, 1.000000000000000000 ) ) ;
#5021 = DIRECTION ( 'NONE',  ( 0.1736481776669307200, -0.9848077530122080200, 0.0000000000000000000 ) ) ;
#5022 = DIRECTION ( 'NONE',  ( -0.9848077530122080200, -0.1736481776669307200, -1.844780678529793300E-016 ) ) ;
#5023 = CARTESIAN_POINT ( 'NONE',  ( -0.01100000000000000500, 0.4099999999999999800, -0.01099999999999999900 ) ) ;
#5024 = AXIS2_PLACEMENT_3D ( 'NONE', #5023, #5022, #5021 ) ;
#5025 = LINE ( 'NONE', #5029, #5034 ) ;
#5026 = CARTESIAN_POINT ( 'NONE',  ( 0.01295002430072246400, 0.4210591373645000100, -0.04671241177994101000 ) ) ;
#5027 = CARTESIAN_POINT ( 'NONE',  ( 0.01490186898517826900, 0.4321285986381716600, -0.04816886156022924500 ) ) ;
#5028 = CARTESIAN_POINT ( 'NONE',  ( 0.01685491526667403200, 0.4432048745072905100, -0.04956762031743966500 ) ) ;
#5029 = CARTESIAN_POINT ( 'NONE',  ( -0.01100000000000000500, 0.4099999999999999800, -0.01099999999999999900 ) ) ;
#5030 = PLANE ( 'NONE',  #5024 ) ;
#5031 = CARTESIAN_POINT ( 'NONE',  ( -9.184547653667830700E-017, 0.3750000000000000600, 0.0000000000000000000 ) ) ;
#5032 = FACE_OUTER_BOUND ( 'NONE', #2694, .T. ) ;
#5033 = DIRECTION ( 'NONE',  ( 0.1710878697460358500, -0.9702875252478139200, 0.1710878697460358800 ) ) ;
#5034 = VECTOR ( 'NONE', #5033, 39.37007874015748100 ) ;
#5035 = B_SPLINE_CURVE_WITH_KNOTS ( 'NONE', 3,
 ( #5028, #5027, #5026, #5036 ),
 .UNSPECIFIED., .F., .F.,
 ( 4, 4 ),
 ( 0.0003064892814248933300, 0.001170122457373340600 ),
 .UNSPECIFIED. ) ;
#5036 = CARTESIAN_POINT ( 'NONE',  ( 0.01099999999999999900, 0.4099999999999999800, -0.04518019477602991400 ) ) ;
#5037 = CARTESIAN_POINT ( 'NONE',  ( 1.694065894508600700E-017, 0.4099999999999999800, 0.0000000000000000000 ) ) ;
#5038 = AXIS2_PLACEMENT_3D ( 'NONE', #5037, #5039, #5043 ) ;
#5039 = DIRECTION ( 'NONE',  ( 0.0000000000000000000, 1.000000000000000000, 0.0000000000000000000 ) ) ;
#5040 = CARTESIAN_POINT ( 'NONE',  ( 0.01099999999999999900, 0.4099999999999999800, -0.04518019477602991400 ) ) ;
#5041 = B_SPLINE_CURVE_WITH_KNOTS ( 'NONE', 3,
 ( #5060, #5051, #5083, #5084 ),
 .UNSPECIFIED., .F., .F.,
 ( 4, 4 ),
 ( 0.0003064892814216682600, 0.001170122457373340400 ),
 .UNSPECIFIED. ) ;
#5042 = FACE_OUTER_BOUND ( 'NONE', #2737, .T. ) ;
#5043 = DIRECTION ( 'NONE',  ( 0.0000000000000000000, 0.0000000000000000000, 1.000000000000000000 ) ) ;
#5044 = CIRCLE ( 'NONE', #5038, 0.04650000000000000000 ) ;
#5045 = CARTESIAN_POINT ( 'NONE',  ( 1.694065894508600700E-017, 0.4099999999999999800, 0.0000000000000000000 ) ) ;
#5046 = DIRECTION ( 'NONE',  ( 0.0000000000000000000, 1.000000000000000000, 0.0000000000000000000 ) ) ;
#5047 = AXIS2_PLACEMENT_3D ( 'NONE', #5045, #5046, #5020 ) ;
#5048 = CONICAL_SURFACE ( 'NONE', #5047, 0.04650000000000000000, 0.1745329251994333400 ) ;
#5049 = AXIS2_PLACEMENT_3D ( 'NONE', #5031, #5062, #5061 ) ;
#5050 = CIRCLE ( 'NONE', #5049, 0.05345000000000008800 ) ;
#5051 = CARTESIAN_POINT ( 'NONE',  ( -0.01490186898519285000, 0.4321285986382543700, -0.04816886156024012500 ) ) ;
#5052 = CARTESIAN_POINT ( 'NONE',  ( 0.0008873635070602087700, 0.2380740709919644800, -1.086670988896110900E-019 ) ) ;
#5053 = AXIS2_PLACEMENT_3D ( 'NONE', #5052, #5082, #5081 ) ;
#5054 = CARTESIAN_POINT ( 'NONE',  ( -0.04816886156023932700, 0.4321285986382481000, -0.01490186898519174800 ) ) ;
#5055 = CARTESIAN_POINT ( 'NONE',  ( -0.04956762031745416700, 0.4432048745074052600, -0.01685491526669426200 ) ) ;
#5056 = CONICAL_SURFACE ( 'NONE', #5067, 0.1059999999999999300, 0.1396263401595526600 ) ;
#5057 = VECTOR ( 'NONE', #5079, 39.37007874015748100 ) ;
#5058 = FACE_OUTER_BOUND ( 'NONE', #2732, .T. ) ;
#5059 = B_SPLINE_CURVE_WITH_KNOTS ( 'NONE', 3,
 ( #5055, #5054, #5077, #5076 ),
 .UNSPECIFIED., .F., .F.,
 ( 4, 4 ),
 ( 0.0003064892814219115600, 0.001170122457373340400 ),
 .UNSPECIFIED. ) ;
#5060 = CARTESIAN_POINT ( 'NONE',  ( -0.01685491526669591000, 0.4432048745074146400, -0.04956762031745531900 ) ) ;
#5061 = DIRECTION ( 'NONE',  ( 1.000000000000000000, 0.0000000000000000000, 0.0000000000000000000 ) ) ;
#5062 = DIRECTION ( 'NONE',  ( 2.449212707644754500E-016, -1.000000000000000000, 0.0000000000000000000 ) ) ;
#5063 = CARTESIAN_POINT ( 'NONE',  ( -0.04518019477602992800, 0.4099999999999999800, -0.01099999999999999900 ) ) ;
#5064 = LINE ( 'NONE', #5069, #5057 ) ;
#5065 = DIRECTION ( 'NONE',  ( 2.449212707644754500E-016, -1.000000000000000000, 0.0000000000000000000 ) ) ;
#5066 = CARTESIAN_POINT ( 'NONE',  ( -9.184547653667830700E-017, 0.3750000000000000600, 0.0000000000000000000 ) ) ;
#5067 = AXIS2_PLACEMENT_3D ( 'NONE', #5066, #5065, #5070 ) ;
#5068 = FACE_OUTER_BOUND ( 'NONE', #2744, .T. ) ;
#5069 = CARTESIAN_POINT ( 'NONE',  ( -0.01100000000000000500, 0.4099999999999999800, -0.01099999999999999900 ) ) ;
#5070 = DIRECTION ( 'NONE',  ( 1.000000000000000000, 0.0000000000000000000, 0.0000000000000000000 ) ) ;
#5071 = DIRECTION ( 'NONE',  ( 0.0000000000000000000, 0.9848077530122080200, -0.1736481776669307200 ) ) ;
#5072 = DIRECTION ( 'NONE',  ( 0.0000000000000000000, -0.1736481776669307200, -0.9848077530122080200 ) ) ;
#5073 = CARTESIAN_POINT ( 'NONE',  ( -0.01100000000000000500, 0.4099999999999999800, -0.01099999999999999900 ) ) ;
#5074 = AXIS2_PLACEMENT_3D ( 'NONE', #5073, #5072, #5071 ) ;
#5075 = PLANE ( 'NONE',  #5074 ) ;
#5076 = CARTESIAN_POINT ( 'NONE',  ( -0.04518019477602992800, 0.4099999999999999800, -0.01099999999999999900 ) ) ;
#5077 = CARTESIAN_POINT ( 'NONE',  ( -0.04671241177994631100, 0.4210591373645382100, -0.01295002430072919600 ) ) ;
#5078 = CARTESIAN_POINT ( 'NONE',  ( -0.01100000000000000500, 0.4099999999999999800, -0.01099999999999999900 ) ) ;
#5079 = DIRECTION ( 'NONE',  ( -1.873239394071793700E-016, 0.0000000000000000000, 1.000000000000000000 ) ) ;
#5080 = CIRCLE ( 'NONE', #5053, 0.2119277867574532700 ) ;
#5081 = DIRECTION ( 'NONE',  ( 1.000000000000000000, 0.0000000000000000000, -1.224606353822377300E-016 ) ) ;
#5082 = DIRECTION ( 'NONE',  ( 1.224606353822377300E-016, 2.999321443644274900E-032, 1.000000000000000000 ) ) ;
#5083 = CARTESIAN_POINT ( 'NONE',  ( -0.01295002430072974600, 0.4210591373645413100, -0.04671241177994672100 ) ) ;
#5084 = CARTESIAN_POINT ( 'NONE',  ( -0.01099999999999999900, 0.4099999999999999800, -0.04518019477602991400 ) ) ;
#5085 = CIRCLE ( 'NONE', #5089, 0.1000588100200511300 ) ;
#5086 = DIRECTION ( 'NONE',  ( 1.000000000000000000, 0.0000000000000000000, 0.0000000000000000000 ) ) ;
#5087 = DIRECTION ( 'NONE',  ( 2.449212707644754500E-016, -1.000000000000000000, 0.0000000000000000000 ) ) ;
#5088 = CARTESIAN_POINT ( 'NONE',  ( -1.021992203636843600E-016, 0.4172737632982582700, 0.0000000000000000000 ) ) ;
#5089 = AXIS2_PLACEMENT_3D ( 'NONE', #5088, #5087, #5086 ) ;
#5090 = CARTESIAN_POINT ( 'NONE',  ( 0.04956762031745416000, 0.4432048745074052600, 0.01685491526669425900 ) ) ;
#5091 = CARTESIAN_POINT ( 'NONE',  ( -0.01099999999999999900, 0.4099999999999999800, -0.04518019477602991400 ) ) ;
#5092 = AXIS2_PLACEMENT_3D ( 'NONE', #5098, #5101, #5112 ) ;
#5093 = PLANE ( 'NONE',  #5092 ) ;
#5094 = FACE_OUTER_BOUND ( 'NONE', #2752, .T. ) ;
#5095 = TOROIDAL_SURFACE ( 'NONE', #5102, 0.08520478898892761000, 0.01499999999999996300 ) ;
#5096 = CARTESIAN_POINT ( 'NONE',  ( -0.04628905783227905300, 0.3621666666666659200, -0.02672499999999859400 ) ) ;
#5097 = CARTESIAN_POINT ( 'NONE',  ( -0.05345000000000026800, 0.3616832274842308200, -0.01432188433544246400 ) ) ;
#5098 = CARTESIAN_POINT ( 'NONE',  ( 0.05344999999999999800, 0.3750000000000000600, 0.0000000000000000000 ) ) ;
#5099 = DIRECTION ( 'NONE',  ( 1.000000000000000000, 2.449212707644754500E-016, 0.0000000000000000000 ) ) ;
#5100 = DIRECTION ( 'NONE',  ( 2.449212707644754500E-016, -1.000000000000000000, 0.0000000000000000000 ) ) ;
#5101 = DIRECTION ( 'NONE',  ( 2.449212707644754500E-016, -1.000000000000000000, 0.0000000000000000000 ) ) ;
#5102 = AXIS2_PLACEMENT_3D ( 'NONE', #5103, #5100, #5099 ) ;
#5103 = CARTESIAN_POINT ( 'NONE',  ( -1.024442997624098700E-016, 0.4151861667838571700, 0.0000000000000000000 ) ) ;
#5104 =( BOUNDED_CURVE ( )  B_SPLINE_CURVE ( 2, ( #5109, #5097, #5096, #5108, #5107, #5111, #5110, #5106, #5105 ),
 .UNSPECIFIED., .F., .F. ) 
 B_SPLINE_CURVE_WITH_KNOTS ( ( 3, 2, 2, 2, 3 ),
 ( 0.9396551724137931500, 0.9425287356321838700, 0.9482758620689655200, 0.9540229885057470700, 0.9568965517241380100 ),
 .UNSPECIFIED. ) 
 CURVE ( )  GEOMETRIC_REPRESENTATION_ITEM ( )  RATIONAL_B_SPLINE_CURVE ( ( 0.9330127018922194100, 0.9330127018922206300, 1.000000000000000000, 0.8660254037844387100, 1.000000000000000000, 0.8660254037844387100, 1.000000000000000000, 0.9330127018922167400, 0.9330127018922194100 ) ) 
 REPRESENTATION_ITEM ( '' )  );
#5105 = CARTESIAN_POINT ( 'NONE',  ( 0.05344999999999996300, 0.3673749999999992900, -1.349618480033387800E-016 ) ) ;
#5106 = CARTESIAN_POINT ( 'NONE',  ( 0.05345000000000003200, 0.3668167725157677700, -0.01432188433544431300 ) ) ;
#5107 = CARTESIAN_POINT ( 'NONE',  ( -1.309466383524367300E-015, 0.3642499999999992400, -0.05344999999999999800 ) ) ;
#5108 = CARTESIAN_POINT ( 'NONE',  ( -0.03085937188818619800, 0.3632083333333325800, -0.05344999999999958800 ) ) ;
#5109 = CARTESIAN_POINT ( 'NONE',  ( -0.05345000000000016400, 0.3611249999999993600, 4.689352345878720000E-016 ) ) ;
#5110 = CARTESIAN_POINT ( 'NONE',  ( 0.04628905783227774800, 0.3663333333333325700, -0.02672500000000085900 ) ) ;
#5111 = CARTESIAN_POINT ( 'NONE',  ( 0.03085937188818510200, 0.3652916666666660200, -0.05345000000000022600 ) ) ;
#5112 = DIRECTION ( 'NONE',  ( 1.000000000000000000, 2.449212707644754500E-016, 0.0000000000000000000 ) ) ;
#5113 = CARTESIAN_POINT ( 'NONE',  ( -9.184547653667830700E-017, 0.3750000000000000600, 0.0000000000000000000 ) ) ;
#5114 = DIRECTION ( 'NONE',  ( -1.000000000000000000, 0.0000000000000000000, 0.0000000000000000000 ) ) ;
#5115 = DIRECTION ( 'NONE',  ( 1.000000000000000000, 0.0000000000000000000, 0.0000000000000000000 ) ) ;
#5116 = DIRECTION ( 'NONE',  ( 2.449212707644754500E-016, -1.000000000000000000, 0.0000000000000000000 ) ) ;
#5117 = AXIS2_PLACEMENT_3D ( 'NONE', #5113, #5116, #5115 ) ;
#5118 = CIRCLE ( 'NONE', #5117, 0.1059999999999999300 ) ;
#5119 = FACE_OUTER_BOUND ( 'NONE', #2770, .T. ) ;
#5120 = CARTESIAN_POINT ( 'NONE',  ( 0.05235491526669433500, 0.4432048745074052600, 0.0000000000000000000 ) ) ;
#5121 = DIRECTION ( 'NONE',  ( 0.0000000000000000000, 0.0000000000000000000, -1.000000000000000000 ) ) ;
#5122 = CARTESIAN_POINT ( 'NONE',  ( -0.0008873635070603254300, 0.2380740709919644800, 0.0000000000000000000 ) ) ;
#5123 = AXIS2_PLACEMENT_3D ( 'NONE', #5122, #5121, #5114 ) ;
#5124 = CIRCLE ( 'NONE', #5123, 0.2119277867574532700 ) ;
#5125 = FACE_BOUND ( 'NONE', #2815, .T. ) ;
#5126 = CARTESIAN_POINT ( 'NONE',  ( 0.04628905783227826900, 0.3199166666666659600, 0.02672499999999996400 ) ) ;
#5127 = CARTESIAN_POINT ( 'NONE',  ( 0.06171874377637098800, 0.3188749999999993000, -1.133717486677188400E-017 ) ) ;
#5128 = CARTESIAN_POINT ( 'NONE',  ( 0.04628905783227822700, 0.3178333333333326300, -0.02672500000000002300 ) ) ;
#5129 = CARTESIAN_POINT ( 'NONE',  ( 0.03085937188818547700, 0.3167916666666660300, -0.05344999999999999800 ) ) ;
#5130 = CARTESIAN_POINT ( 'NONE',  ( -6.545520961180605600E-018, 0.3157499999999993100, -0.05344999999999999800 ) ) ;
#5131 = CARTESIAN_POINT ( 'NONE',  ( -0.06171874377637098800, 0.3251249999999993300, 3.779058288923960300E-018 ) ) ;
#5132 = CARTESIAN_POINT ( 'NONE',  ( -0.04628905783227824100, 0.3240833333333326700, 0.02672500000000000200 ) ) ;
#5133 = CARTESIAN_POINT ( 'NONE',  ( -0.03085937188818549000, 0.3230416666666659500, 0.05344999999999999800 ) ) ;
#5134 = CARTESIAN_POINT ( 'NONE',  ( 0.0000000000000000000, 0.3219999999999992300, 0.05344999999999999800 ) ) ;
#5135 = CARTESIAN_POINT ( 'NONE',  ( 0.03085937188818552200, 0.3209583333333326200, 0.05344999999999998400 ) ) ;
#5136 = CARTESIAN_POINT ( 'NONE',  ( -0.03085937188818551800, 0.3147083333333326500, -0.05344999999999998400 ) ) ;
#5137 = CARTESIAN_POINT ( 'NONE',  ( -0.04628905783227824800, 0.3136666666666659800, -0.02672499999999998500 ) ) ;
#5138 = CARTESIAN_POINT ( 'NONE',  ( -0.06171874377637098800, 0.3126249999999992600, 3.779058288923960300E-018 ) ) ;
#5139 = DIRECTION ( 'NONE',  ( 1.000000000000000000, 0.0000000000000000000, 0.0000000000000000000 ) ) ;
#5140 = DIRECTION ( 'NONE',  ( 2.449212707644754500E-016, -1.000000000000000000, 0.0000000000000000000 ) ) ;
#5141 = CARTESIAN_POINT ( 'NONE',  ( -1.049920677171996200E-016, 0.4286768045481991800, 0.0000000000000000000 ) ) ;
#5142 = CARTESIAN_POINT ( 'NONE',  ( 0.0000000000000000000, 0.0000000000000000000, 0.0000000000000000000 ) ) ;
#5143 = AXIS2_PLACEMENT_3D ( 'NONE', #5142, #5145, #5144 ) ;
#5144 = DIRECTION ( 'NONE',  ( 1.000000000000000000, 2.449212707644754500E-016, 0.0000000000000000000 ) ) ;
#5145 = DIRECTION ( 'NONE',  ( 2.449212707644754500E-016, -1.000000000000000000, 0.0000000000000000000 ) ) ;
#5146 = AXIS2_PLACEMENT_3D ( 'NONE', #5141, #5140, #5139 ) ;
#5147 = CIRCLE ( 'NONE', #5146, 0.09176243282732787800 ) ;
#5148 = FACE_OUTER_BOUND ( 'NONE', #2781, .T. ) ;
#5149 = CYLINDRICAL_SURFACE ( 'NONE', #5143, 0.05345000000000004600 ) ;
#5150 = DIRECTION ( 'NONE',  ( 0.1736481776669307200, -0.9848077530122080200, 0.0000000000000000000 ) ) ;
#5151 = DIRECTION ( 'NONE',  ( -0.9848077530122080200, -0.1736481776669307200, 1.844780678529793300E-016 ) ) ;
#5152 = CARTESIAN_POINT ( 'NONE',  ( -0.01099999999999999900, 0.4099999999999999800, 0.04518019477602991400 ) ) ;
#5153 = AXIS2_PLACEMENT_3D ( 'NONE', #5152, #5151, #5150 ) ;
#5154 = PLANE ( 'NONE',  #5153 ) ;
#5155 = FACE_OUTER_BOUND ( 'NONE', #2525, .T. ) ;
#5156 = CARTESIAN_POINT ( 'NONE',  ( -0.01099999999999999900, 0.4099999999999999800, 0.04518019477602991400 ) ) ;
#5157 = CARTESIAN_POINT ( 'NONE',  ( -1.714448895351325100E-018, 0.006999999999999988000, 0.0000000000000000000 ) ) ;
ENDSEC;
END-ISO-10303-21;
