ISO-10303-21;
HEADER;
FILE_DESCRIPTION (( 'STEP AP214' ),
    '1' );
FILE_NAME ('8714.STEP',
    '2012-10-09T13:56:08',
    ( 'Richard Maletta' ),
    ( '' ),
    'SwSTEP 2.0',
    'SolidWorks 2009',
    '' );
FILE_SCHEMA (( 'AUTOMOTIVE_DESIGN' ));
ENDSEC;

DATA;
#1 = EDGE_CURVE ( 'NONE', #64, #2675, #540, .T. ) ;
#2 = VERTEX_POINT ( 'NONE', #511 ) ;
#3 = EDGE_LOOP ( 'NONE', ( #53, #54, #75, #76 ) ) ;
#4 = VERTEX_POINT ( 'NONE', #510 ) ;
#5 = ORIENTED_EDGE ( 'NONE', *, *, #6, .T. ) ;
#6 = EDGE_CURVE ( 'NONE', #4, #7, #574, .T. ) ;
#7 = VERTEX_POINT ( 'NONE', #546 ) ;
#8 = ORIENTED_EDGE ( 'NONE', *, *, #9, .T. ) ;
#9 = EDGE_CURVE ( 'NONE', #7, #10, #533, .T. ) ;
#10 = VERTEX_POINT ( 'NONE', #532 ) ;
#11 = ORIENTED_EDGE ( 'NONE', *, *, #45, .T. ) ;
#12 = VERTEX_POINT ( 'NONE', #475 ) ;
#13 = ORIENTED_EDGE ( 'NONE', *, *, #14, .F. ) ;
#14 = EDGE_CURVE ( 'NONE', #35, #12, #544, .T. ) ;
#15 = EDGE_CURVE ( 'NONE', #34, #16, #486, .T. ) ;
#16 = VERTEX_POINT ( 'NONE', #487 ) ;
#17 = ORIENTED_EDGE ( 'NONE', *, *, #18, .T. ) ;
#18 = EDGE_CURVE ( 'NONE', #16, #12, #605, .T. ) ;
#19 = ORIENTED_EDGE ( 'NONE', *, *, #20, .T. ) ;
#20 = EDGE_CURVE ( 'NONE', #21, #4, #478, .T. ) ;
#21 = VERTEX_POINT ( 'NONE', #502 ) ;
#22 = EDGE_LOOP ( 'NONE', ( #49, #95, #56, #2573, #2588, #2572 ) ) ;
#23 = ORIENTED_EDGE ( 'NONE', *, *, #24, .T. ) ;
#24 = EDGE_CURVE ( 'NONE', #2688, #2701, #501, .T. ) ;
#25 = EDGE_CURVE ( 'NONE', #2694, #2682, #586, .T. ) ;
#26 = ORIENTED_EDGE ( 'NONE', *, *, #86, .T. ) ;
#27 = ADVANCED_FACE ( 'NONE', ( #588 ), #587, .F. ) ;
#28 = ORIENTED_EDGE ( 'NONE', *, *, #311, .F. ) ;
#29 = EDGE_LOOP ( 'NONE', ( #32, #31, #17, #13 ) ) ;
#30 = ADVANCED_FACE ( 'NONE', ( #595 ), #592, .F. ) ;
#31 = ORIENTED_EDGE ( 'NONE', *, *, #15, .T. ) ;
#32 = ORIENTED_EDGE ( 'NONE', *, *, #33, .F. ) ;
#33 = EDGE_CURVE ( 'NONE', #34, #35, #618, .T. ) ;
#34 = VERTEX_POINT ( 'NONE', #617 ) ;
#35 = VERTEX_POINT ( 'NONE', #619 ) ;
#36 = ORIENTED_EDGE ( 'NONE', *, *, #2652, .T. ) ;
#37 = ORIENTED_EDGE ( 'NONE', *, *, #52, .T. ) ;
#38 = ORIENTED_EDGE ( 'NONE', *, *, #65, .F. ) ;
#39 = VERTEX_POINT ( 'NONE', #609 ) ;
#40 = EDGE_CURVE ( 'NONE', #39, #2643, #608, .T. ) ;
#41 = ORIENTED_EDGE ( 'NONE', *, *, #42, .F. ) ;
#42 = EDGE_CURVE ( 'NONE', #21, #107, #569, .T. ) ;
#43 = EDGE_LOOP ( 'NONE', ( #19, #5, #8, #11, #47, #105, #41 ) ) ;
#44 = EDGE_CURVE ( 'NONE', #46, #104, #565, .T. ) ;
#45 = EDGE_CURVE ( 'NONE', #10, #46, #564, .T. ) ;
#46 = VERTEX_POINT ( 'NONE', #563 ) ;
#47 = ORIENTED_EDGE ( 'NONE', *, *, #44, .T. ) ;
#48 = ADVANCED_FACE ( 'NONE', ( #492 ), #520, .T. ) ;
#49 = ORIENTED_EDGE ( 'NONE', *, *, #92, .T. ) ;
#50 = ADVANCED_FACE ( 'NONE', ( #560 ), #558, .F. ) ;
#51 = EDGE_LOOP ( 'NONE', ( #70, #113, #81, #26, #109, #87 ) ) ;
#52 = EDGE_CURVE ( 'NONE', #2650, #2612, #678, .T. ) ;
#53 = ORIENTED_EDGE ( 'NONE', *, *, #2672, .F. ) ;
#54 = ORIENTED_EDGE ( 'NONE', *, *, #55, .T. ) ;
#55 = EDGE_CURVE ( 'NONE', #2587, #93, #637, .T. ) ;
#56 = ORIENTED_EDGE ( 'NONE', *, *, #2648, .F. ) ;
#57 = MANIFOLD_SOLID_BREP ( 'NONE', #534 ) ;
#58 = ADVANCED_FACE ( 'NONE', ( #659 ), #676, .T. ) ;
#59 = ORIENTED_EDGE ( 'NONE', *, *, #114, .F. ) ;
#60 = ORIENTED_EDGE ( 'NONE', *, *, #72, .T. ) ;
#61 = EDGE_CURVE ( 'NONE', #88, #84, #670, .T. ) ;
#62 = EDGE_LOOP ( 'NONE', ( #59, #2591, #99, #83 ) ) ;
#63 = EDGE_CURVE ( 'NONE', #2571, #2673, #635, .T. ) ;
#64 = VERTEX_POINT ( 'NONE', #634 ) ;
#65 = EDGE_CURVE ( 'NONE', #39, #64, #692, .T. ) ;
#66 = ADVANCED_FACE ( 'NONE', ( #652 ), #687, .F. ) ;
#67 = ORIENTED_EDGE ( 'NONE', *, *, #2636, .F. ) ;
#68 = ORIENTED_EDGE ( 'NONE', *, *, #111, .T. ) ;
#69 = EDGE_CURVE ( 'NONE', #2581, #2637, #752, .T. ) ;
#70 = ORIENTED_EDGE ( 'NONE', *, *, #71, .F. ) ;
#71 = EDGE_CURVE ( 'NONE', #98, #73, #707, .T. ) ;
#72 = EDGE_CURVE ( 'NONE', #2685, #2678, #705, .T. ) ;
#73 = VERTEX_POINT ( 'NONE', #693 ) ;
#74 = EDGE_CURVE ( 'NONE', #73, #84, #772, .T. ) ;
#75 = ORIENTED_EDGE ( 'NONE', *, *, #2646, .T. ) ;
#76 = ORIENTED_EDGE ( 'NONE', *, *, #63, .T. ) ;
#77 = EDGE_LOOP ( 'NONE', ( #2601, #2592, #2594, #2595 ) ) ;
#78 = ORIENTED_EDGE ( 'NONE', *, *, #40, .T. ) ;
#79 = ADVANCED_FACE ( 'NONE', ( #768 ), #711, .T. ) ;
#80 = VERTEX_POINT ( 'NONE', #754 ) ;
#81 = ORIENTED_EDGE ( 'NONE', *, *, #103, .T. ) ;
#82 = EDGE_CURVE ( 'NONE', #84, #80, #791, .T. ) ;
#83 = ORIENTED_EDGE ( 'NONE', *, *, #82, .T. ) ;
#84 = VERTEX_POINT ( 'NONE', #790 ) ;
#85 = ORIENTED_EDGE ( 'NONE', *, *, #2677, .T. ) ;
#86 = EDGE_CURVE ( 'NONE', #2, #88, #789, .T. ) ;
#87 = ORIENTED_EDGE ( 'NONE', *, *, #74, .F. ) ;
#88 = VERTEX_POINT ( 'NONE', #728 ) ;
#89 = ORIENTED_EDGE ( 'NONE', *, *, #2640, .T. ) ;
#90 = ORIENTED_EDGE ( 'NONE', *, *, #2657, .T. ) ;
#91 = ORIENTED_EDGE ( 'NONE', *, *, #69, .T. ) ;
#92 = EDGE_CURVE ( 'NONE', #93, #94, #750, .T. ) ;
#93 = VERTEX_POINT ( 'NONE', #749 ) ;
#94 = VERTEX_POINT ( 'NONE', #751 ) ;
#95 = ORIENTED_EDGE ( 'NONE', *, *, #96, .T. ) ;
#96 = EDGE_CURVE ( 'NONE', #94, #97, #788, .T. ) ;
#97 = VERTEX_POINT ( 'NONE', #721 ) ;
#98 = VERTEX_POINT ( 'NONE', #720 ) ;
#99 = ORIENTED_EDGE ( 'NONE', *, *, #74, .T. ) ;
#100 = EDGE_LOOP ( 'NONE', ( #38, #78, #89, #60, #85, #115 ) ) ;
#101 = EDGE_CURVE ( 'NONE', #2638, #2633, #719, .T. ) ;
#102 = EDGE_LOOP ( 'NONE', ( #67, #68, #90, #91 ) ) ;
#103 = EDGE_CURVE ( 'NONE', #80, #2, #796, .T. ) ;
#104 = VERTEX_POINT ( 'NONE', #792 ) ;
#105 = ORIENTED_EDGE ( 'NONE', *, *, #106, .T. ) ;
#106 = EDGE_CURVE ( 'NONE', #104, #107, #784, .T. ) ;
#107 = VERTEX_POINT ( 'NONE', #783 ) ;
#108 = EDGE_CURVE ( 'NONE', #73, #98, #782, .T. ) ;
#109 = ORIENTED_EDGE ( 'NONE', *, *, #61, .T. ) ;
#110 = ADVANCED_FACE ( 'NONE', ( #737 ), #736, .T. ) ;
#111 = EDGE_CURVE ( 'NONE', #2634, #2567, #775, .T. ) ;
#112 = ADVANCED_FACE ( 'NONE', ( #777 ), #776, .T. ) ;
#113 = ORIENTED_EDGE ( 'NONE', *, *, #114, .T. ) ;
#114 = EDGE_CURVE ( 'NONE', #98, #80, #716, .T. ) ;
#115 = ORIENTED_EDGE ( 'NONE', *, *, #1, .F. ) ;
#116 = EDGE_CURVE ( 'NONE', #457, #16, #712, .T. ) ;
#117 = ADVANCED_FACE ( 'NONE', ( #951 ), #882, .F. ) ;
#118 = EDGE_LOOP ( 'NONE', ( #170, #121, #202, #123 ) ) ;
#119 = ORIENTED_EDGE ( 'NONE', *, *, #362, .T. ) ;
#120 = ADVANCED_FACE ( 'NONE', ( #907 ), #887, .F. ) ;
#121 = ORIENTED_EDGE ( 'NONE', *, *, #201, .F. ) ;
#122 = EDGE_LOOP ( 'NONE', ( #166, #168, #152, #279 ) ) ;
#123 = ORIENTED_EDGE ( 'NONE', *, *, #171, .T. ) ;
#124 = EDGE_LOOP ( 'NONE', ( #130, #234, #162 ) ) ;
#125 = EDGE_LOOP ( 'NONE', ( #174, #272, #155, #156, #283 ) ) ;
#126 = ORIENTED_EDGE ( 'NONE', *, *, #169, .F. ) ;
#127 = ADVANCED_FACE ( 'NONE', ( #950 ), #949, .T. ) ;
#128 = VERTEX_POINT ( 'NONE', #816 ) ;
#129 = VERTEX_POINT ( 'NONE', #861 ) ;
#130 = ORIENTED_EDGE ( 'NONE', *, *, #131, .F. ) ;
#131 = EDGE_CURVE ( 'NONE', #208, #129, #860, .T. ) ;
#132 = EDGE_CURVE ( 'NONE', #129, #193, #954, .T. ) ;
#133 = ORIENTED_EDGE ( 'NONE', *, *, #116, .T. ) ;
#134 = ADVANCED_FACE ( 'NONE', ( #850 ), #944, .F. ) ;
#135 = EDGE_CURVE ( 'NONE', #429, #428, #921, .T. ) ;
#136 = ORIENTED_EDGE ( 'NONE', *, *, #108, .T. ) ;
#137 = ORIENTED_EDGE ( 'NONE', *, *, #71, .T. ) ;
#138 = EDGE_LOOP ( 'NONE', ( #139, #126 ) ) ;
#139 = ORIENTED_EDGE ( 'NONE', *, *, #230, .F. ) ;
#140 = VERTEX_POINT ( 'NONE', #849 ) ;
#141 = ORIENTED_EDGE ( 'NONE', *, *, #82, .F. ) ;
#142 = ORIENTED_EDGE ( 'NONE', *, *, #241, .T. ) ;
#143 = ORIENTED_EDGE ( 'NONE', *, *, #261, .T. ) ;
#144 = ORIENTED_EDGE ( 'NONE', *, *, #410, .T. ) ;
#145 = EDGE_LOOP ( 'NONE', ( #262, #265, #465, #435, #143, #144, #439, #471, #315, #151, #149, #150, #443, #436 ) ) ;
#146 = ORIENTED_EDGE ( 'NONE', *, *, #161, .T. ) ;
#147 = ORIENTED_EDGE ( 'NONE', *, *, #254, .T. ) ;
#148 = EDGE_LOOP ( 'NONE', ( #474, #266, #267, #268, #269 ) ) ;
#149 = ORIENTED_EDGE ( 'NONE', *, *, #281, .T. ) ;
#150 = ORIENTED_EDGE ( 'NONE', *, *, #33, .T. ) ;
#151 = ORIENTED_EDGE ( 'NONE', *, *, #411, .T. ) ;
#152 = ORIENTED_EDGE ( 'NONE', *, *, #169, .T. ) ;
#153 = VERTEX_POINT ( 'NONE', #859 ) ;
#154 = EDGE_LOOP ( 'NONE', ( #289, #213, #282, #160, #259 ) ) ;
#155 = ORIENTED_EDGE ( 'NONE', *, *, #209, .T. ) ;
#156 = ORIENTED_EDGE ( 'NONE', *, *, #219, .T. ) ;
#157 = EDGE_LOOP ( 'NONE', ( #158, #159, #274 ) ) ;
#158 = ORIENTED_EDGE ( 'NONE', *, *, #196, .F. ) ;
#159 = ORIENTED_EDGE ( 'NONE', *, *, #131, .T. ) ;
#160 = ORIENTED_EDGE ( 'NONE', *, *, #161, .F. ) ;
#161 = EDGE_CURVE ( 'NONE', #197, #229, #936, .T. ) ;
#162 = ORIENTED_EDGE ( 'NONE', *, *, #167, .T. ) ;
#163 = EDGE_CURVE ( 'NONE', #217, #246, #932, .T. ) ;
#164 = VERTEX_POINT ( 'NONE', #930 ) ;
#165 = ORIENTED_EDGE ( 'NONE', *, *, #178, .T. ) ;
#166 = ORIENTED_EDGE ( 'NONE', *, *, #167, .F. ) ;
#167 = EDGE_CURVE ( 'NONE', #128, #129, #929, .T. ) ;
#168 = ORIENTED_EDGE ( 'NONE', *, *, #277, .T. ) ;
#169 = EDGE_CURVE ( 'NONE', #200, #193, #928, .T. ) ;
#170 = ORIENTED_EDGE ( 'NONE', *, *, #310, .F. ) ;
#171 = EDGE_CURVE ( 'NONE', #306, #341, #919, .T. ) ;
#172 = EDGE_LOOP ( 'NONE', ( #253, #255, #256, #258, #141, #186, #187, #189, #190, #191, #180, #28, #376, #440, #264, #452 ) ) ;
#173 = VERTEX_POINT ( 'NONE', #920 ) ;
#174 = ORIENTED_EDGE ( 'NONE', *, *, #245, .F. ) ;
#175 = ADVANCED_FACE ( 'NONE', ( #958 ), #955, .F. ) ;
#176 = EDGE_LOOP ( 'NONE', ( #182, #185, #247 ) ) ;
#177 = ORIENTED_EDGE ( 'NONE', *, *, #288, .F. ) ;
#178 = EDGE_CURVE ( 'NONE', #164, #197, #872, .T. ) ;
#179 = ADVANCED_FACE ( 'NONE', ( #867, #866 ), #865, .T. ) ;
#180 = ORIENTED_EDGE ( 'NONE', *, *, #135, .F. ) ;
#181 = ORIENTED_EDGE ( 'NONE', *, *, #188, .F. ) ;
#182 = ORIENTED_EDGE ( 'NONE', *, *, #183, .F. ) ;
#183 = EDGE_CURVE ( 'NONE', #2, #184, #846, .T. ) ;
#184 = VERTEX_POINT ( 'NONE', #841 ) ;
#185 = ORIENTED_EDGE ( 'NONE', *, *, #103, .F. ) ;
#186 = ORIENTED_EDGE ( 'NONE', *, *, #61, .F. ) ;
#187 = ORIENTED_EDGE ( 'NONE', *, *, #366, .F. ) ;
#188 = EDGE_CURVE ( 'NONE', #140, #173, #840, .T. ) ;
#189 = ORIENTED_EDGE ( 'NONE', *, *, #18, .F. ) ;
#190 = ORIENTED_EDGE ( 'NONE', *, *, #116, .F. ) ;
#191 = ORIENTED_EDGE ( 'NONE', *, *, #458, .F. ) ;
#192 = ORIENTED_EDGE ( 'NONE', *, *, #2629, .T. ) ;
#193 = VERTEX_POINT ( 'NONE', #836 ) ;
#194 = EDGE_CURVE ( 'NONE', #361, #303, #918, .T. ) ;
#195 = ORIENTED_EDGE ( 'NONE', *, *, #210, .F. ) ;
#196 = EDGE_CURVE ( 'NONE', #208, #128, #910, .T. ) ;
#197 = VERTEX_POINT ( 'NONE', #903 ) ;
#198 = VERTEX_POINT ( 'NONE', #902 ) ;
#199 = ORIENTED_EDGE ( 'NONE', *, *, #203, .T. ) ;
#200 = VERTEX_POINT ( 'NONE', #901 ) ;
#201 = EDGE_CURVE ( 'NONE', #356, #357, #900, .T. ) ;
#202 = ORIENTED_EDGE ( 'NONE', *, *, #338, .T. ) ;
#203 = EDGE_CURVE ( 'NONE', #2627, #305, #891, .T. ) ;
#204 = ORIENTED_EDGE ( 'NONE', *, *, #188, .T. ) ;
#205 = EDGE_LOOP ( 'NONE', ( #206, #207 ) ) ;
#206 = ORIENTED_EDGE ( 'NONE', *, *, #163, .T. ) ;
#207 = ORIENTED_EDGE ( 'NONE', *, *, #238, .T. ) ;
#208 = VERTEX_POINT ( 'NONE', #892 ) ;
#209 = EDGE_CURVE ( 'NONE', #153, #164, #811, .T. ) ;
#210 = EDGE_CURVE ( 'NONE', #285, #242, #835, .T. ) ;
#211 = ORIENTED_EDGE ( 'NONE', *, *, #226, .F. ) ;
#212 = ADVANCED_FACE ( 'NONE', ( #827 ), #826, .F. ) ;
#213 = ORIENTED_EDGE ( 'NONE', *, *, #214, .F. ) ;
#214 = EDGE_CURVE ( 'NONE', #215, #153, #685, .T. ) ;
#215 = VERTEX_POINT ( 'NONE', #1178 ) ;
#216 = ADVANCED_FACE ( 'NONE', ( #996 ), #1167, .F. ) ;
#217 = VERTEX_POINT ( 'NONE', #1048 ) ;
#218 = ORIENTED_EDGE ( 'NONE', *, *, #219, .F. ) ;
#219 = EDGE_CURVE ( 'NONE', #164, #217, #995, .T. ) ;
#220 = EDGE_LOOP ( 'NONE', ( #221, #222, #223, #224 ) ) ;
#221 = ORIENTED_EDGE ( 'NONE', *, *, #277, .F. ) ;
#222 = ORIENTED_EDGE ( 'NONE', *, *, #275, .F. ) ;
#223 = ORIENTED_EDGE ( 'NONE', *, *, #132, .T. ) ;
#224 = ORIENTED_EDGE ( 'NONE', *, *, #230, .T. ) ;
#225 = EDGE_LOOP ( 'NONE', ( #136, #137 ) ) ;
#226 = EDGE_CURVE ( 'NONE', #173, #287, #1101, .T. ) ;
#227 = ORIENTED_EDGE ( 'NONE', *, *, #286, .F. ) ;
#228 = EDGE_CURVE ( 'NONE', #229, #215, #1043, .T. ) ;
#229 = VERTEX_POINT ( 'NONE', #1042 ) ;
#230 = EDGE_CURVE ( 'NONE', #193, #200, #1046, .T. ) ;
#231 = ADVANCED_FACE ( 'NONE', ( #1047, #1149 ), #1166, .T. ) ;
#232 = ORIENTED_EDGE ( 'NONE', *, *, #135, .T. ) ;
#233 = ORIENTED_EDGE ( 'NONE', *, *, #163, .F. ) ;
#234 = ORIENTED_EDGE ( 'NONE', *, *, #196, .T. ) ;
#235 = ORIENTED_EDGE ( 'NONE', *, *, #340, .F. ) ;
#236 = ORIENTED_EDGE ( 'NONE', *, *, #261, .F. ) ;
#237 = EDGE_LOOP ( 'NONE', ( #235, #236, #192, #199 ) ) ;
#238 = EDGE_CURVE ( 'NONE', #246, #217, #1090, .T. ) ;
#239 = EDGE_LOOP ( 'NONE', ( #240, #195, #227, #211, #181, #177 ) ) ;
#240 = ORIENTED_EDGE ( 'NONE', *, *, #241, .F. ) ;
#241 = EDGE_CURVE ( 'NONE', #242, #243, #989, .T. ) ;
#242 = VERTEX_POINT ( 'NONE', #1010 ) ;
#243 = VERTEX_POINT ( 'NONE', #997 ) ;
#244 = ORIENTED_EDGE ( 'NONE', *, *, #245, .T. ) ;
#245 = EDGE_CURVE ( 'NONE', #198, #246, #1009, .T. ) ;
#246 = VERTEX_POINT ( 'NONE', #1005 ) ;
#247 = ORIENTED_EDGE ( 'NONE', *, *, #248, .F. ) ;
#248 = EDGE_CURVE ( 'NONE', #184, #80, #994, .T. ) ;
#249 = ADVANCED_FACE ( 'NONE', ( #999 ), #1096, .F. ) ;
#250 = EDGE_LOOP ( 'NONE', ( #251, #244, #233, #218, #165 ) ) ;
#251 = ORIENTED_EDGE ( 'NONE', *, *, #252, .T. ) ;
#252 = EDGE_CURVE ( 'NONE', #197, #198, #1414, .T. ) ;
#253 = ORIENTED_EDGE ( 'NONE', *, *, #254, .F. ) ;
#254 = EDGE_CURVE ( 'NONE', #229, #2624, #1195, .T. ) ;
#255 = ORIENTED_EDGE ( 'NONE', *, *, #228, .T. ) ;
#256 = ORIENTED_EDGE ( 'NONE', *, *, #257, .T. ) ;
#257 = EDGE_CURVE ( 'NONE', #215, #184, #1407, .T. ) ;
#258 = ORIENTED_EDGE ( 'NONE', *, *, #248, .T. ) ;
#259 = ORIENTED_EDGE ( 'NONE', *, *, #178, .F. ) ;
#260 = ORIENTED_EDGE ( 'NONE', *, *, #342, .F. ) ;
#261 = EDGE_CURVE ( 'NONE', #2621, #309, #1408, .T. ) ;
#262 = ORIENTED_EDGE ( 'NONE', *, *, #257, .F. ) ;
#263 = EDGE_LOOP ( 'NONE', ( #433, #146, #147 ) ) ;
#264 = ORIENTED_EDGE ( 'NONE', *, *, #203, .F. ) ;
#265 = ORIENTED_EDGE ( 'NONE', *, *, #214, .T. ) ;
#266 = ORIENTED_EDGE ( 'NONE', *, *, #330, .F. ) ;
#267 = ORIENTED_EDGE ( 'NONE', *, *, #273, .F. ) ;
#268 = ORIENTED_EDGE ( 'NONE', *, *, #252, .F. ) ;
#269 = ORIENTED_EDGE ( 'NONE', *, *, #468, .F. ) ;
#270 = ADVANCED_FACE ( 'NONE', ( #1410 ), #1409, .F. ) ;
#271 = EDGE_LOOP ( 'NONE', ( #142, #331, #348, #352 ) ) ;
#272 = ORIENTED_EDGE ( 'NONE', *, *, #273, .T. ) ;
#273 = EDGE_CURVE ( 'NONE', #198, #153, #1379, .T. ) ;
#274 = ORIENTED_EDGE ( 'NONE', *, *, #275, .T. ) ;
#275 = EDGE_CURVE ( 'NONE', #129, #128, #1370, .T. ) ;
#276 = ADVANCED_FACE ( 'NONE', ( #1365 ), #1364, .F. ) ;
#277 = EDGE_CURVE ( 'NONE', #128, #200, #1359, .T. ) ;
#278 = ORIENTED_EDGE ( 'NONE', *, *, #194, .F. ) ;
#279 = ORIENTED_EDGE ( 'NONE', *, *, #132, .F. ) ;
#280 = ORIENTED_EDGE ( 'NONE', *, *, #459, .T. ) ;
#281 = EDGE_CURVE ( 'NONE', #431, #34, #1402, .T. ) ;
#282 = ORIENTED_EDGE ( 'NONE', *, *, #228, .F. ) ;
#283 = ORIENTED_EDGE ( 'NONE', *, *, #238, .F. ) ;
#284 = ADVANCED_FACE ( 'NONE', ( #1404 ), #1403, .F. ) ;
#285 = VERTEX_POINT ( 'NONE', #1392 ) ;
#286 = EDGE_CURVE ( 'NONE', #287, #285, #1389, .T. ) ;
#287 = VERTEX_POINT ( 'NONE', #1385 ) ;
#288 = EDGE_CURVE ( 'NONE', #243, #140, #1383, .T. ) ;
#289 = ORIENTED_EDGE ( 'NONE', *, *, #209, .F. ) ;
#290 = ADVANCED_FACE ( 'NONE', ( #1384 ), #1270, .F. ) ;
#291 = EDGE_LOOP ( 'NONE', ( #260, #278, #119, #232 ) ) ;
#292 = EDGE_LOOP ( 'NONE', ( #293, #294, #298, #299, #300 ) ) ;
#293 = ORIENTED_EDGE ( 'NONE', *, *, #40, .F. ) ;
#294 = ORIENTED_EDGE ( 'NONE', *, *, #328, .F. ) ;
#295 = ORIENTED_EDGE ( 'NONE', *, *, #2700, .F. ) ;
#296 = ORIENTED_EDGE ( 'NONE', *, *, #111, .F. ) ;
#297 = ADVANCED_FACE ( 'NONE', ( #1268 ), #1261, .F. ) ;
#298 = ORIENTED_EDGE ( 'NONE', *, *, #1, .T. ) ;
#299 = ORIENTED_EDGE ( 'NONE', *, *, #2667, .T. ) ;
#300 = ORIENTED_EDGE ( 'NONE', *, *, #2574, .T. ) ;
#301 = ADVANCED_FACE ( 'NONE', ( #1484 ), #1506, .T. ) ;
#302 = EDGE_LOOP ( 'NONE', ( #535, #584, #551, #552 ) ) ;
#303 = VERTEX_POINT ( 'NONE', #1508 ) ;
#304 = ORIENTED_EDGE ( 'NONE', *, *, #411, .F. ) ;
#305 = VERTEX_POINT ( 'NONE', #1507 ) ;
#306 = VERTEX_POINT ( 'NONE', #1586 ) ;
#307 = ADVANCED_FACE ( 'NONE', ( #1585 ), #1584, .F. ) ;
#308 = ORIENTED_EDGE ( 'NONE', *, *, #410, .F. ) ;
#309 = VERTEX_POINT ( 'NONE', #1567 ) ;
#310 = EDGE_CURVE ( 'NONE', #357, #341, #1441, .T. ) ;
#311 = EDGE_CURVE ( 'NONE', #341, #429, #1415, .T. ) ;
#312 = VERTEX_POINT ( 'NONE', #1417 ) ;
#313 = ORIENTED_EDGE ( 'NONE', *, *, #413, .F. ) ;
#314 = ADVANCED_FACE ( 'NONE', ( #1557 ), #1416, .F. ) ;
#315 = ORIENTED_EDGE ( 'NONE', *, *, #194, .T. ) ;
#316 = EDGE_LOOP ( 'NONE', ( #317, #405, #538 ) ) ;
#317 = ORIENTED_EDGE ( 'NONE', *, *, #318, .F. ) ;
#318 = EDGE_CURVE ( 'NONE', #412, #2584, #1552, .T. ) ;
#319 = VERTEX_POINT ( 'NONE', #1423 ) ;
#320 = ORIENTED_EDGE ( 'NONE', *, *, #473, .F. ) ;
#321 = EDGE_CURVE ( 'NONE', #378, #173, #1421, .T. ) ;
#322 = ORIENTED_EDGE ( 'NONE', *, *, #106, .F. ) ;
#323 = ORIENTED_EDGE ( 'NONE', *, *, #63, .F. ) ;
#324 = EDGE_CURVE ( 'NONE', #104, #140, #1422, .T. ) ;
#325 = ORIENTED_EDGE ( 'NONE', *, *, #2693, .F. ) ;
#326 = ORIENTED_EDGE ( 'NONE', *, *, #2604, .F. ) ;
#327 = ORIENTED_EDGE ( 'NONE', *, *, #2660, .F. ) ;
#328 = EDGE_CURVE ( 'NONE', #64, #39, #1429, .T. ) ;
#329 = ORIENTED_EDGE ( 'NONE', *, *, #65, .T. ) ;
#330 = EDGE_CURVE ( 'NONE', #153, #2620, #1490, .T. ) ;
#331 = ORIENTED_EDGE ( 'NONE', *, *, #332, .F. ) ;
#332 = EDGE_CURVE ( 'NONE', #46, #243, #1579, .T. ) ;
#333 = ORIENTED_EDGE ( 'NONE', *, *, #417, .T. ) ;
#334 = ORIENTED_EDGE ( 'NONE', *, *, #52, .F. ) ;
#335 = ORIENTED_EDGE ( 'NONE', *, *, #2649, .F. ) ;
#336 = ORIENTED_EDGE ( 'NONE', *, *, #69, .F. ) ;
#337 = ORIENTED_EDGE ( 'NONE', *, *, #338, .F. ) ;
#338 = EDGE_CURVE ( 'NONE', #356, #306, #1575, .T. ) ;
#339 = ORIENTED_EDGE ( 'NONE', *, *, #340, .T. ) ;
#340 = EDGE_CURVE ( 'NONE', #309, #305, #1532, .T. ) ;
#341 = VERTEX_POINT ( 'NONE', #1528 ) ;
#342 = EDGE_CURVE ( 'NONE', #303, #428, #1527, .T. ) ;
#343 = ADVANCED_FACE ( 'NONE', ( #1523 ), #1521, .F. ) ;
#344 = EDGE_LOOP ( 'NONE', ( #351, #416, #313, #467 ) ) ;
#345 = ORIENTED_EDGE ( 'NONE', *, *, #346, .T. ) ;
#346 = EDGE_CURVE ( 'NONE', #2571, #412, #1522, .T. ) ;
#347 = ADVANCED_FACE ( 'NONE', ( #1513 ), #1551, .T. ) ;
#348 = ORIENTED_EDGE ( 'NONE', *, *, #45, .F. ) ;
#349 = EDGE_LOOP ( 'NONE', ( #350, #421, #320 ) ) ;
#350 = ORIENTED_EDGE ( 'NONE', *, *, #72, .F. ) ;
#351 = ORIENTED_EDGE ( 'NONE', *, *, #226, .T. ) ;
#352 = ORIENTED_EDGE ( 'NONE', *, *, #461, .T. ) ;
#353 = EDGE_CURVE ( 'NONE', #305, #306, #1546, .T. ) ;
#354 = EDGE_LOOP ( 'NONE', ( #455, #456, #364, #365 ) ) ;
#355 = EDGE_CURVE ( 'NONE', #357, #361, #1460, .T. ) ;
#356 = VERTEX_POINT ( 'NONE', #1608 ) ;
#357 = VERTEX_POINT ( 'NONE', #1724 ) ;
#358 = ORIENTED_EDGE ( 'NONE', *, *, #458, .T. ) ;
#359 = EDGE_LOOP ( 'NONE', ( #360, #329 ) ) ;
#360 = ORIENTED_EDGE ( 'NONE', *, *, #328, .T. ) ;
#361 = VERTEX_POINT ( 'NONE', #1607 ) ;
#362 = EDGE_CURVE ( 'NONE', #361, #429, #1646, .T. ) ;
#363 = EDGE_CURVE ( 'NONE', #35, #2, #1612, .T. ) ;
#364 = ORIENTED_EDGE ( 'NONE', *, *, #14, .T. ) ;
#365 = ORIENTED_EDGE ( 'NONE', *, *, #366, .T. ) ;
#366 = EDGE_CURVE ( 'NONE', #12, #88, #1647, .T. ) ;
#367 = ORIENTED_EDGE ( 'NONE', *, *, #2642, .F. ) ;
#368 = ORIENTED_EDGE ( 'NONE', *, *, #2596, .F. ) ;
#369 = ORIENTED_EDGE ( 'NONE', *, *, #2670, .F. ) ;
#370 = ADVANCED_FACE ( 'NONE', ( #1649 ), #1648, .F. ) ;
#371 = ORIENTED_EDGE ( 'NONE', *, *, #355, .F. ) ;
#372 = EDGE_LOOP ( 'NONE', ( #304, #430, #358, #427 ) ) ;
#373 = EDGE_LOOP ( 'NONE', ( #308, #339, #375, #337 ) ) ;
#374 = ORIENTED_EDGE ( 'NONE', *, *, #362, .F. ) ;
#375 = ORIENTED_EDGE ( 'NONE', *, *, #353, .T. ) ;
#376 = ORIENTED_EDGE ( 'NONE', *, *, #171, .F. ) ;
#377 = ORIENTED_EDGE ( 'NONE', *, *, #9, .F. ) ;
#378 = VERTEX_POINT ( 'NONE', #1795 ) ;
#379 = ORIENTED_EDGE ( 'NONE', *, *, #390, .T. ) ;
#380 = ORIENTED_EDGE ( 'NONE', *, *, #2656, .F. ) ;
#381 = ORIENTED_EDGE ( 'NONE', *, *, #318, .T. ) ;
#382 = ORIENTED_EDGE ( 'NONE', *, *, #24, .F. ) ;
#383 = ORIENTED_EDGE ( 'NONE', *, *, #2686, .F. ) ;
#384 = EDGE_LOOP ( 'NONE', ( #521, #572, #406, #381, #581, #408, #571, #580, #536, #380, #296, #577, #385, #295, #382, #383 ) ) ;
#385 = ORIENTED_EDGE ( 'NONE', *, *, #101, .F. ) ;
#386 = EDGE_LOOP ( 'NONE', ( #387, #388 ) ) ;
#387 = ORIENTED_EDGE ( 'NONE', *, *, #20, .F. ) ;
#388 = ORIENTED_EDGE ( 'NONE', *, *, #389, .F. ) ;
#389 = EDGE_CURVE ( 'NONE', #4, #21, #1730, .T. ) ;
#390 = EDGE_CURVE ( 'NONE', #447, #285, #1725, .T. ) ;
#391 = ORIENTED_EDGE ( 'NONE', *, *, #321, .F. ) ;
#392 = ADVANCED_FACE ( 'NONE', ( #1694 ), #1712, .F. ) ;
#393 = EDGE_LOOP ( 'NONE', ( #394, #448, #449, #450, #325, #326, #327, #334, #335, #336, #367, #368, #369, #323, #345 ) ) ;
#394 = ORIENTED_EDGE ( 'NONE', *, *, #395, .F. ) ;
#395 = EDGE_CURVE ( 'NONE', #319, #412, #1875, .T. ) ;
#396 = ORIENTED_EDGE ( 'NONE', *, *, #324, .T. ) ;
#397 = ORIENTED_EDGE ( 'NONE', *, *, #210, .T. ) ;
#398 = ORIENTED_EDGE ( 'NONE', *, *, #461, .F. ) ;
#399 = ADVANCED_FACE ( 'NONE', ( #1894 ), #1893, .F. ) ;
#400 = EDGE_LOOP ( 'NONE', ( #371, #460, #409, #374 ) ) ;
#401 = EDGE_LOOP ( 'NONE', ( #445, #446, #280, #133 ) ) ;
#402 = ADVANCED_FACE ( 'NONE', ( #1891 ), #1888, .T. ) ;
#403 = EDGE_LOOP ( 'NONE', ( #404, #582, #583, #522, #523, #549, #550 ) ) ;
#404 = ORIENTED_EDGE ( 'NONE', *, *, #6, .F. ) ;
#405 = ORIENTED_EDGE ( 'NONE', *, *, #346, .F. ) ;
#406 = ORIENTED_EDGE ( 'NONE', *, *, #395, .T. ) ;
#407 = EDGE_CURVE ( 'NONE', #94, #2584, #1866, .T. ) ;
#408 = ORIENTED_EDGE ( 'NONE', *, *, #92, .F. ) ;
#409 = ORIENTED_EDGE ( 'NONE', *, *, #311, .T. ) ;
#410 = EDGE_CURVE ( 'NONE', #309, #356, #1613, .T. ) ;
#411 = EDGE_CURVE ( 'NONE', #303, #431, #1714, .T. ) ;
#412 = VERTEX_POINT ( 'NONE', #1905 ) ;
#413 = EDGE_CURVE ( 'NONE', #378, #312, #1929, .T. ) ;
#414 = EDGE_LOOP ( 'NONE', ( #469, #470, #424, #333 ) ) ;
#415 = ORIENTED_EDGE ( 'NONE', *, *, #419, .F. ) ;
#416 = ORIENTED_EDGE ( 'NONE', *, *, #417, .F. ) ;
#417 = EDGE_CURVE ( 'NONE', #312, #287, #2022, .T. ) ;
#418 = ORIENTED_EDGE ( 'NONE', *, *, #332, .T. ) ;
#419 = EDGE_CURVE ( 'NONE', #447, #7, #2023, .T. ) ;
#420 = EDGE_CURVE ( 'NONE', #107, #378, #2009, .T. ) ;
#421 = ORIENTED_EDGE ( 'NONE', *, *, #422, .F. ) ;
#422 = EDGE_CURVE ( 'NONE', #319, #2685, #2032, .T. ) ;
#423 = ORIENTED_EDGE ( 'NONE', *, *, #420, .F. ) ;
#424 = ORIENTED_EDGE ( 'NONE', *, *, #425, .F. ) ;
#425 = EDGE_CURVE ( 'NONE', #312, #447, #1968, .T. ) ;
#426 = ADVANCED_FACE ( 'NONE', ( #1967 ), #2031, .F. ) ;
#427 = ORIENTED_EDGE ( 'NONE', *, *, #459, .F. ) ;
#428 = VERTEX_POINT ( 'NONE', #1958 ) ;
#429 = VERTEX_POINT ( 'NONE', #1957 ) ;
#430 = ORIENTED_EDGE ( 'NONE', *, *, #342, .T. ) ;
#431 = VERTEX_POINT ( 'NONE', #1952 ) ;
#432 = ADVANCED_FACE ( 'NONE', ( #1951 ), #1950, .F. ) ;
#433 = ORIENTED_EDGE ( 'NONE', *, *, #468, .T. ) ;
#434 = ADVANCED_FACE ( 'NONE', ( #1949 ), #1920, .F. ) ;
#435 = ORIENTED_EDGE ( 'NONE', *, *, #2619, .T. ) ;
#436 = ORIENTED_EDGE ( 'NONE', *, *, #183, .T. ) ;
#437 = ADVANCED_FACE ( 'NONE', ( #2098 ), #2097, .F. ) ;
#438 = EDGE_LOOP ( 'NONE', ( #462, #463, #444, #418 ) ) ;
#439 = ORIENTED_EDGE ( 'NONE', *, *, #201, .T. ) ;
#440 = ORIENTED_EDGE ( 'NONE', *, *, #353, .F. ) ;
#441 = ADVANCED_FACE ( 'NONE', ( #2227 ), #2093, .F. ) ;
#442 = ADVANCED_FACE ( 'NONE', ( #2095 ), #2094, .F. ) ;
#443 = ORIENTED_EDGE ( 'NONE', *, *, #363, .T. ) ;
#444 = ORIENTED_EDGE ( 'NONE', *, *, #44, .F. ) ;
#445 = ORIENTED_EDGE ( 'NONE', *, *, #15, .F. ) ;
#446 = ORIENTED_EDGE ( 'NONE', *, *, #281, .F. ) ;
#447 = VERTEX_POINT ( 'NONE', #2253 ) ;
#448 = ORIENTED_EDGE ( 'NONE', *, *, #422, .T. ) ;
#449 = ORIENTED_EDGE ( 'NONE', *, *, #2684, .F. ) ;
#450 = ORIENTED_EDGE ( 'NONE', *, *, #25, .F. ) ;
#451 = ADVANCED_FACE ( 'NONE', ( #2252 ), #2080, .T. ) ;
#452 = ORIENTED_EDGE ( 'NONE', *, *, #2626, .F. ) ;
#453 = EDGE_LOOP ( 'NONE', ( #204, #391, #423, #322, #396 ) ) ;
#454 = ADVANCED_FACE ( 'NONE', ( #2079 ), #2074, .F. ) ;
#455 = ORIENTED_EDGE ( 'NONE', *, *, #86, .F. ) ;
#456 = ORIENTED_EDGE ( 'NONE', *, *, #363, .F. ) ;
#457 = VERTEX_POINT ( 'NONE', #2260 ) ;
#458 = EDGE_CURVE ( 'NONE', #428, #457, #2256, .T. ) ;
#459 = EDGE_CURVE ( 'NONE', #431, #457, #2248, .T. ) ;
#460 = ORIENTED_EDGE ( 'NONE', *, *, #310, .T. ) ;
#461 = EDGE_CURVE ( 'NONE', #10, #242, #2244, .T. ) ;
#462 = ORIENTED_EDGE ( 'NONE', *, *, #288, .T. ) ;
#463 = ORIENTED_EDGE ( 'NONE', *, *, #324, .F. ) ;
#464 = ADVANCED_FACE ( 'NONE', ( #2211 ), #2210, .F. ) ;
#465 = ORIENTED_EDGE ( 'NONE', *, *, #330, .T. ) ;
#466 = ADVANCED_FACE ( 'NONE', ( #2204 ), #2208, .F. ) ;
#467 = ORIENTED_EDGE ( 'NONE', *, *, #321, .T. ) ;
#468 = EDGE_CURVE ( 'NONE', #2624, #197, #2199, .T. ) ;
#469 = ORIENTED_EDGE ( 'NONE', *, *, #286, .T. ) ;
#470 = ORIENTED_EDGE ( 'NONE', *, *, #390, .F. ) ;
#471 = ORIENTED_EDGE ( 'NONE', *, *, #355, .T. ) ;
#472 = EDGE_LOOP ( 'NONE', ( #397, #398, #377, #415, #379 ) ) ;
#473 = EDGE_CURVE ( 'NONE', #2678, #319, #2195, .T. ) ;
#474 = ORIENTED_EDGE ( 'NONE', *, *, #2623, .F. ) ;
#475 = CARTESIAN_POINT ( 'NONE',  ( 0.05600000000000000800, 0.1214999999999997600, -2.606721262454759000E-016 ) ) ;
#476 = CARTESIAN_POINT ( 'NONE',  ( 4.883881567620599500E-018, 0.2500000000000000600, 0.0000000000000000000 ) ) ;
#477 = AXIS2_PLACEMENT_3D ( 'NONE', #476, #504, #503 ) ;
#478 = CIRCLE ( 'NONE', #477, 0.1230000000000000000 ) ;
#479 = CARTESIAN_POINT ( 'NONE',  ( 0.05600000000000000800, 0.1214999999999997600, -2.606721262454759000E-016 ) ) ;
#480 = CARTESIAN_POINT ( 'NONE',  ( 0.05600000000000012600, 0.1194166666666664900, -0.03233161507461911100 ) ) ;
#481 = CARTESIAN_POINT ( 'NONE',  ( 0.02799999999999983100, 0.1173333333333331100, -0.04849742261192866600 ) ) ;
#482 = EDGE_CURVE ( 'NONE', #97, #2611, #2193, .T. ) ;
#483 = DIRECTION ( 'NONE',  ( -1.953552627048239500E-017, -1.000000000000000000, -0.0000000000000000000 ) ) ;
#484 = VECTOR ( 'NONE', #483, 39.37007874015748100 ) ;
#485 = CARTESIAN_POINT ( 'NONE',  ( -0.05599999999999999400, 1.093989471147014100E-018, 6.857795581405312100E-018 ) ) ;
#486 = LINE ( 'NONE', #485, #484 ) ;
#487 = CARTESIAN_POINT ( 'NONE',  ( -0.05600000000000000800, 0.1089999999999997900, 5.486236465124250300E-017 ) ) ;
#488 = CARTESIAN_POINT ( 'NONE',  ( 0.06038178224392884400, 0.2427620302821978900, 0.1250000000000001400 ) ) ;
#489 = CARTESIAN_POINT ( 'NONE',  ( 0.04836396258422103600, 0.2450672861148040500, 0.1250000000000001100 ) ) ;
#490 = CARTESIAN_POINT ( 'NONE',  ( 0.02415988082230489200, 0.2482276621250441000, 0.1250000000000001400 ) ) ;
#491 = DIRECTION ( 'NONE',  ( -1.953552627048239500E-017, -1.000000000000000000, -0.0000000000000000000 ) ) ;
#492 = FACE_OUTER_BOUND ( 'NONE', #22, .T. ) ;
#493 = CARTESIAN_POINT ( 'NONE',  ( 0.08405789069662476800, 0.2455719130874710900, 0.1044074625363748300 ) ) ;
#494 = CARTESIAN_POINT ( 'NONE',  ( 0.07216878364870325800, 0.2399999999999999600, 0.1250000000000001100 ) ) ;
#495 = CARTESIAN_POINT ( 'NONE',  ( 0.07216878364870323000, 0.2399999999999999600, -0.1250000000000001400 ) ) ;
#496 = CARTESIAN_POINT ( 'NONE',  ( 0.07813500411303560300, 0.2427961109067289000, -0.1146662030266193400 ) ) ;
#497 = CARTESIAN_POINT ( 'NONE',  ( 0.08414604774524889200, 0.2450948258883842400, -0.1042547700491125400 ) ) ;
#498 = CARTESIAN_POINT ( 'NONE',  ( 0.09629791586714117600, 0.2482520972750545100, -0.08320711705511846200 ) ) ;
#499 = CARTESIAN_POINT ( 'NONE',  ( 0.1023764434437663400, 0.2490770399469907900, -0.07267879845719516000 ) ) ;
#500 = CARTESIAN_POINT ( 'NONE',  ( 0.1204886491401383500, 0.2490333974669373400, -0.04130753795394044600 ) ) ;
#501 =( BOUNDED_CURVE ( )  B_SPLINE_CURVE ( 2, ( #604, #603, #602, #601, #600, #599, #598 ),
 .UNSPECIFIED., .F., .T. ) 
 B_SPLINE_CURVE_WITH_KNOTS ( ( 3, 2, 2, 3 ),
 ( 0.1428571428571397700, 0.1666666666666646000, 0.1904761904761894400, 0.2142857142857142700 ),
 .UNSPECIFIED. ) 
 CURVE ( )  GEOMETRIC_REPRESENTATION_ITEM ( )  RATIONAL_B_SPLINE_CURVE ( ( 1.000000000000017300, 0.8660254037844215000, 1.000000000000000000, 0.8660254037844387100, 1.000000000000000000, 0.8660254037844387100, 1.000000000000000000 ) ) 
 REPRESENTATION_ITEM ( '' )  );
#502 = CARTESIAN_POINT ( 'NONE',  ( 0.0000000000000000000, 0.2500000000000000600, -0.1230000000000000100 ) ) ;
#503 = DIRECTION ( 'NONE',  ( 1.000000000000000000, 0.0000000000000000000, 0.0000000000000000000 ) ) ;
#504 = DIRECTION ( 'NONE',  ( -1.953552627048239500E-017, -1.000000000000000000, -0.0000000000000000000 ) ) ;
#505 = CARTESIAN_POINT ( 'NONE',  ( -1.849966409033924800E-016, 0.1152499999999997800, -0.06466323014923808200 ) ) ;
#506 = CARTESIAN_POINT ( 'NONE',  ( -0.02800000000000011500, 0.1131666666666664600, -0.04849742261192851300 ) ) ;
#507 = CARTESIAN_POINT ( 'NONE',  ( -0.05599999999999979300, 0.1110833333333331300, -0.03233161507461911100 ) ) ;
#508 = CARTESIAN_POINT ( 'NONE',  ( -0.05600000000000000800, 0.1089999999999997900, 5.486236465124250300E-017 ) ) ;
#509 = ADVANCED_FACE ( 'NONE', ( #2194 ), #2120, .T. ) ;
#510 = CARTESIAN_POINT ( 'NONE',  ( 1.506265815201524200E-017, 0.2500000000000000600, 0.1230000000000000100 ) ) ;
#511 = CARTESIAN_POINT ( 'NONE',  ( -0.05599999999999999400, 0.1409999999999996800, -4.294649705305353600E-015 ) ) ;
#512 = AXIS2_PLACEMENT_3D ( 'NONE', #519, #491, #559 ) ;
#513 = CARTESIAN_POINT ( 'NONE',  ( 0.1443375672974065200, 0.2399999999999999600, 0.0000000000000000000 ) ) ;
#514 = CARTESIAN_POINT ( 'NONE',  ( 0.1383713468330741700, 0.2427961109067288700, 0.01033379697338079200 ) ) ;
#515 = CARTESIAN_POINT ( 'NONE',  ( 0.1323603032008608700, 0.2450948258883842700, 0.02074522995088762300 ) ) ;
#516 = CARTESIAN_POINT ( 'NONE',  ( 0.1202084350789686000, 0.2482520972750545100, 0.04179288294488169000 ) ) ;
#517 = CARTESIAN_POINT ( 'NONE',  ( 0.1141299075023434600, 0.2490770399469909600, 0.05232120154280497900 ) ) ;
#518 = CARTESIAN_POINT ( 'NONE',  ( 0.09601770180597142500, 0.2490333974669373700, 0.08369246204605963700 ) ) ;
#519 = CARTESIAN_POINT ( 'NONE',  ( 0.0000000000000000000, 0.0000000000000000000, 0.0000000000000000000 ) ) ;
#520 = CYLINDRICAL_SURFACE ( 'NONE', #512, 0.04649999999999995800 ) ;
#521 = ORIENTED_EDGE ( 'NONE', *, *, #2680, .F. ) ;
#522 = ORIENTED_EDGE ( 'NONE', *, *, #420, .T. ) ;
#523 = ORIENTED_EDGE ( 'NONE', *, *, #413, .T. ) ;
#524 = DIRECTION ( 'NONE',  ( 0.0000000000000000000, -0.8385205389618046700, -0.5448699897582951500 ) ) ;
#525 = VECTOR ( 'NONE', #524, 39.37007874015748900 ) ;
#526 = CARTESIAN_POINT ( 'NONE',  ( -0.04649999999999995100, 0.4177500000000000700, 0.0000000000000000000 ) ) ;
#527 = CARTESIAN_POINT ( 'NONE',  ( -0.04650000000000344800, 0.4156666666666670200, -0.02684678751731553800 ) ) ;
#528 = CARTESIAN_POINT ( 'NONE',  ( -0.02324999999999997600, 0.4135833333333334100, -0.04027018127597636200 ) ) ;
#529 = CARTESIAN_POINT ( 'NONE',  ( 5.873899563307582400E-018, 0.4115000000000000300, -0.05369357503463514200 ) ) ;
#530 = CARTESIAN_POINT ( 'NONE',  ( 0.02324999999999997900, 0.4094166666666667100, -0.04027018127597636200 ) ) ;
#531 = CARTESIAN_POINT ( 'NONE',  ( 0.04649999999999995100, 0.4073333333333333800, -0.02684678751731759500 ) ) ;
#532 = CARTESIAN_POINT ( 'NONE',  ( 0.07216878364870325800, 0.2399999999999999600, 0.1250000000000001100 ) ) ;
#533 = B_SPLINE_CURVE_WITH_KNOTS ( 'NONE', 3,
 ( #579, #578, #490, #489, #488, #545 ),
 .UNSPECIFIED., .F., .F.,
 ( 4, 2, 4 ),
 ( 0.005036377409857371000, 0.005961785203229617900, 0.006887192996601863800 ),
 .UNSPECIFIED. ) ;
#534 = CLOSED_SHELL ( 'NONE', ( #58, #48, #2585, #2641, #2697, #2563, #2653, #2564, #2668, #2606, #2605, #112, #2600, #110, #79, #2616, #50, #66, #30, #426, #370, #307, #454, #399, #27, #134, #290, #117, #120, #216, #179, #212, #175, #284, #276, #231, #127, #249, #434, #441, #442, #270, #432, #437, #466, #343, #464, #314, #451, #392, #347, #297, #509, #301, #621, #402 ) ) ;
#535 = ORIENTED_EDGE ( 'NONE', *, *, #96, .F. ) ;
#536 = ORIENTED_EDGE ( 'NONE', *, *, #2593, .F. ) ;
#537 = ORIENTED_EDGE ( 'NONE', *, *, #482, .T. ) ;
#538 = ORIENTED_EDGE ( 'NONE', *, *, #2589, .F. ) ;
#539 = CARTESIAN_POINT ( 'NONE',  ( 8.537024980200822600E-018, 0.4243985509530391300, -0.04649999999999995800 ) ) ;
#540 = LINE ( 'NONE', #539, #525 ) ;
#541 = DIRECTION ( 'NONE',  ( -1.953552627048239500E-017, -1.000000000000000000, -0.0000000000000000000 ) ) ;
#542 = VECTOR ( 'NONE', #541, 39.37007874015748100 ) ;
#543 = CARTESIAN_POINT ( 'NONE',  ( 0.05599999999999999400, -1.093989471147014100E-018, 0.0000000000000000000 ) ) ;
#544 = LINE ( 'NONE', #543, #542 ) ;
#545 = CARTESIAN_POINT ( 'NONE',  ( 0.07216878364870325800, 0.2399999999999999600, 0.1250000000000001100 ) ) ;
#546 = CARTESIAN_POINT ( 'NONE',  ( 1.530554690599408900E-017, 0.2490626860259543000, 0.1250000000000001100 ) ) ;
#547 = DIRECTION ( 'NONE',  ( 1.108870400091478200E-016, -0.4243648247321467600, 0.9054913006374243300 ) ) ;
#548 = VECTOR ( 'NONE', #547, 39.37007874015748100 ) ;
#549 = ORIENTED_EDGE ( 'NONE', *, *, #425, .T. ) ;
#550 = ORIENTED_EDGE ( 'NONE', *, *, #419, .T. ) ;
#551 = ORIENTED_EDGE ( 'NONE', *, *, #2590, .T. ) ;
#552 = ORIENTED_EDGE ( 'NONE', *, *, #482, .F. ) ;
#553 = CARTESIAN_POINT ( 'NONE',  ( -0.02799999999999996900, 0.1548333333333330500, 0.04849742261192858900 ) ) ;
#554 = DIRECTION ( 'NONE',  ( 1.000000000000000000, -1.953552627048239800E-017, 0.0000000000000000000 ) ) ;
#555 = DIRECTION ( 'NONE',  ( -1.953552627048239500E-017, -1.000000000000000000, -0.0000000000000000000 ) ) ;
#556 = AXIS2_PLACEMENT_3D ( 'NONE', #557, #555, #554 ) ;
#557 = CARTESIAN_POINT ( 'NONE',  ( 0.0000000000000000000, 0.0000000000000000000, 0.0000000000000000000 ) ) ;
#558 = CYLINDRICAL_SURFACE ( 'NONE', #556, 0.05599999999999999400 ) ;
#559 = DIRECTION ( 'NONE',  ( 1.000000000000000000, -1.953552627048239800E-017, 0.0000000000000000000 ) ) ;
#560 = FACE_OUTER_BOUND ( 'NONE', #51, .T. ) ;
#561 = CARTESIAN_POINT ( 'NONE',  ( 0.1324484602494850100, 0.2455719130874711400, -0.02059253746362529500 ) ) ;
#562 = CARTESIAN_POINT ( 'NONE',  ( 0.1443375672974065200, 0.2399999999999999600, 0.0000000000000000000 ) ) ;
#563 = CARTESIAN_POINT ( 'NONE',  ( 0.1443375672974065200, 0.2399999999999999600, 0.0000000000000000000 ) ) ;
#564 = B_SPLINE_CURVE_WITH_KNOTS ( 'NONE', 3,
 ( #494, #493, #518, #517, #516, #515, #514, #513 ),
 .UNSPECIFIED., .F., .F.,
 ( 4, 2, 2, 4 ),
 ( 2.340414941694047300E-007, 0.001836465338699383700, 0.002754580987301990600, 0.003672696635904597700 ),
 .UNSPECIFIED. ) ;
#565 = B_SPLINE_CURVE_WITH_KNOTS ( 'NONE', 3,
 ( #562, #561, #500, #499, #498, #497, #496, #495 ),
 .UNSPECIFIED., .F., .F.,
 ( 4, 2, 2, 4 ),
 ( 2.340414941691546900E-007, 0.001836465338699383000, 0.002754580987301991000, 0.003672696635904598500 ),
 .UNSPECIFIED. ) ;
#566 = DIRECTION ( 'NONE',  ( 0.0000000000000000000, -0.4243648247321467600, -0.9054913006374243300 ) ) ;
#567 = VECTOR ( 'NONE', #566, 39.37007874015748100 ) ;
#568 = CARTESIAN_POINT ( 'NONE',  ( 0.0000000000000000000, 0.2399999999999999900, -0.1443375672974065200 ) ) ;
#569 = LINE ( 'NONE', #568, #567 ) ;
#570 = DIRECTION ( 'NONE',  ( 6.672512514651419100E-017, -0.8385205389618046700, 0.5448699897582951500 ) ) ;
#571 = ORIENTED_EDGE ( 'NONE', *, *, #55, .F. ) ;
#572 = ORIENTED_EDGE ( 'NONE', *, *, #473, .T. ) ;
#573 = CARTESIAN_POINT ( 'NONE',  ( 1.767567020076690100E-017, 0.2399999999999999900, 0.1443375672974065200 ) ) ;
#574 = LINE ( 'NONE', #573, #548 ) ;
#575 = EDGE_LOOP ( 'NONE', ( #576, #537 ) ) ;
#576 = ORIENTED_EDGE ( 'NONE', *, *, #2648, .T. ) ;
#577 = ORIENTED_EDGE ( 'NONE', *, *, #2632, .F. ) ;
#578 = CARTESIAN_POINT ( 'NONE',  ( 0.01207200422788152200, 0.2490626860259542700, 0.1250000000000001100 ) ) ;
#579 = CARTESIAN_POINT ( 'NONE',  ( 1.530554690599408900E-017, 0.2490626860259543000, 0.1250000000000001100 ) ) ;
#580 = ORIENTED_EDGE ( 'NONE', *, *, #2580, .F. ) ;
#581 = ORIENTED_EDGE ( 'NONE', *, *, #407, .F. ) ;
#582 = ORIENTED_EDGE ( 'NONE', *, *, #389, .T. ) ;
#583 = ORIENTED_EDGE ( 'NONE', *, *, #42, .T. ) ;
#584 = ORIENTED_EDGE ( 'NONE', *, *, #407, .T. ) ;
#585 = CARTESIAN_POINT ( 'NONE',  ( 0.04649999999999996500, 0.4052500000000000500, -5.694419545274049300E-018 ) ) ;
#586 =( BOUNDED_CURVE ( )  B_SPLINE_CURVE ( 2, ( #585, #531, #530, #529, #528, #527, #526 ),
 .UNSPECIFIED., .F., .T. ) 
 B_SPLINE_CURVE_WITH_KNOTS ( ( 3, 2, 2, 3 ),
 ( 0.7142857142857141900, 0.7380952380952390300, 0.7619047619047639700, 0.7857142857142887000 ),
 .UNSPECIFIED. ) 
 CURVE ( )  GEOMETRIC_REPRESENTATION_ITEM ( )  RATIONAL_B_SPLINE_CURVE ( ( 1.000000000000000000, 0.8660254037844387100, 1.000000000000000000, 0.8660254037844387100, 1.000000000000000000, 0.8660254037844211700, 1.000000000000017500 ) ) 
 REPRESENTATION_ITEM ( '' )  );
#587 = CYLINDRICAL_SURFACE ( 'NONE', #597, 0.05599999999999999400 ) ;
#588 = FACE_OUTER_BOUND ( 'NONE', #291, .T. ) ;
#589 = DIRECTION ( 'NONE',  ( -1.953552627048239500E-017, -1.000000000000000000, -0.0000000000000000000 ) ) ;
#590 = AXIS2_PLACEMENT_3D ( 'NONE', #591, #589, #620 ) ;
#591 = CARTESIAN_POINT ( 'NONE',  ( 0.0000000000000000000, 0.0000000000000000000, 0.0000000000000000000 ) ) ;
#592 = CYLINDRICAL_SURFACE ( 'NONE', #590, 0.05599999999999999400 ) ;
#593 = DIRECTION ( 'NONE',  ( 1.000000000000000000, -1.953552627048239800E-017, 0.0000000000000000000 ) ) ;
#594 = DIRECTION ( 'NONE',  ( -1.953552627048239500E-017, -1.000000000000000000, -0.0000000000000000000 ) ) ;
#595 = FACE_OUTER_BOUND ( 'NONE', #29, .T. ) ;
#596 = CARTESIAN_POINT ( 'NONE',  ( 0.0000000000000000000, 0.0000000000000000000, 0.0000000000000000000 ) ) ;
#597 = AXIS2_PLACEMENT_3D ( 'NONE', #596, #594, #593 ) ;
#598 = CARTESIAN_POINT ( 'NONE',  ( 0.04649999999999996500, 0.3937500000000000400, -5.694419545274049300E-018 ) ) ;
#599 = CARTESIAN_POINT ( 'NONE',  ( 0.04649999999999995100, 0.3958333333333333700, -0.02684678751731759500 ) ) ;
#600 = CARTESIAN_POINT ( 'NONE',  ( 0.02324999999999997900, 0.3979166666666667000, -0.04027018127597636200 ) ) ;
#601 = CARTESIAN_POINT ( 'NONE',  ( 6.155559024686727800E-018, 0.4000000000000000800, -0.05369357503463514200 ) ) ;
#602 = CARTESIAN_POINT ( 'NONE',  ( -0.02324999999999997600, 0.4020833333333334000, -0.04027018127597636200 ) ) ;
#603 = CARTESIAN_POINT ( 'NONE',  ( -0.04650000000000342700, 0.4041666666666669500, -0.02684678751731555900 ) ) ;
#604 = CARTESIAN_POINT ( 'NONE',  ( -0.04649999999999995100, 0.4062500000000000600, 0.0000000000000000000 ) ) ;
#605 =( BOUNDED_CURVE ( )  B_SPLINE_CURVE ( 2, ( #508, #507, #506, #505, #481, #480, #479 ),
 .UNSPECIFIED., .F., .T. ) 
 B_SPLINE_CURVE_WITH_KNOTS ( ( 3, 2, 2, 3 ),
 ( 0.6666666666666668500, 0.6944444444444446400, 0.7222222222222224300, 0.7500000000000002200 ),
 .UNSPECIFIED. ) 
 CURVE ( )  GEOMETRIC_REPRESENTATION_ITEM ( )  RATIONAL_B_SPLINE_CURVE ( ( 0.9999999999999988900, 0.8660254037844398200, 1.000000000000000000, 0.8660254037844387100, 1.000000000000000000, 0.8660254037844376000, 1.000000000000001100 ) ) 
 REPRESENTATION_ITEM ( '' )  );
#606 = VECTOR ( 'NONE', #570, 39.37007874015748900 ) ;
#607 = CARTESIAN_POINT ( 'NONE',  ( 1.423144452547487300E-017, 0.4243985509530391300, 0.04649999999999995800 ) ) ;
#608 = LINE ( 'NONE', #607, #606 ) ;
#609 = CARTESIAN_POINT ( 'NONE',  ( 1.373006547414778600E-017, 0.4370000000000000600, 0.03831158827467899500 ) ) ;
#610 = CARTESIAN_POINT ( 'NONE',  ( 0.05600000000000000800, 0.1284999999999997300, -2.743877174082865100E-016 ) ) ;
#611 = CARTESIAN_POINT ( 'NONE',  ( 0.05599999999999972400, 0.1264166666666663700, -0.03233161507461924200 ) ) ;
#612 = CARTESIAN_POINT ( 'NONE',  ( 0.02799999999999982000, 0.1243333333333330600, -0.04849742261192867300 ) ) ;
#613 = CARTESIAN_POINT ( 'NONE',  ( -4.307354285594378400E-016, 0.1222499999999997300, -0.06466323014923808200 ) ) ;
#614 = CARTESIAN_POINT ( 'NONE',  ( -0.02800000000000012500, 0.1201666666666663900, -0.04849742261192849900 ) ) ;
#615 = CARTESIAN_POINT ( 'NONE',  ( -0.05600000000000031300, 0.1180833333333331000, -0.03233161507461879100 ) ) ;
#616 = CARTESIAN_POINT ( 'NONE',  ( -0.05600000000000000800, 0.1159999999999997300, 2.675299218268812100E-016 ) ) ;
#617 = CARTESIAN_POINT ( 'NONE',  ( -0.05600000000000000800, 0.1159999999999997300, 2.675299218268812100E-016 ) ) ;
#618 =( BOUNDED_CURVE ( )  B_SPLINE_CURVE ( 2, ( #616, #615, #614, #613, #612, #611, #610 ),
 .UNSPECIFIED., .F., .T. ) 
 B_SPLINE_CURVE_WITH_KNOTS ( ( 3, 2, 2, 3 ),
 ( 0.8333333333333330400, 0.8611111111111108300, 0.8888888888888886200, 0.9166666666666664100 ),
 .UNSPECIFIED. ) 
 CURVE ( )  GEOMETRIC_REPRESENTATION_ITEM ( )  RATIONAL_B_SPLINE_CURVE ( ( 1.000000000000001100, 0.8660254037844376000, 1.000000000000000000, 0.8660254037844387100, 1.000000000000000000, 0.8660254037844398200, 0.9999999999999988900 ) ) 
 REPRESENTATION_ITEM ( '' )  );
#619 = CARTESIAN_POINT ( 'NONE',  ( 0.05600000000000000800, 0.1284999999999997300, -2.743877174082865100E-016 ) ) ;
#620 = DIRECTION ( 'NONE',  ( 1.000000000000000000, -1.953552627048239800E-017, 0.0000000000000000000 ) ) ;
#621 = ADVANCED_FACE ( 'NONE', ( #2115, #2114 ), #2113, .T. ) ;
#622 = COLOUR_RGB ( '',0.7019607843137254400, 0.6666666666666666300, 0.6666666666666666300 ) ;
#623 = UNCERTAINTY_MEASURE_WITH_UNIT (LENGTH_MEASURE( 1.000000000000000100E-005 ), #658, 'distance_accuracy_value', 'NONE');
#624 = CARTESIAN_POINT ( 'NONE',  ( 0.05600000000000000800, 0.1464999999999997100, -2.743877174082865100E-016 ) ) ;
#625 = CARTESIAN_POINT ( 'NONE',  ( 0.05599999999999972400, 0.1444166666666663600, -0.03233161507461924200 ) ) ;
#626 = CARTESIAN_POINT ( 'NONE',  ( 0.02799999999999982000, 0.1423333333333330600, -0.04849742261192867300 ) ) ;
#627 = CARTESIAN_POINT ( 'NONE',  ( -4.311762868468139200E-016, 0.1402499999999997400, -0.06466323014923808200 ) ) ;
#628 = CARTESIAN_POINT ( 'NONE',  ( -0.02800000000000012500, 0.1381666666666664100, -0.04849742261192849900 ) ) ;
#629 = STYLED_ITEM ( 'NONE', ( #630 ), #57 ) ;
#630 = PRESENTATION_STYLE_ASSIGNMENT (( #631 ) ) ;
#631 = SURFACE_STYLE_USAGE ( .BOTH. , #632 ) ;
#632 = SURFACE_SIDE_STYLE ('',( #668 ) ) ;
#633 = DIMENSIONAL_EXPONENTS ( 1.000000000000000000, 0.0000000000000000000, 0.0000000000000000000, 0.0000000000000000000, 0.0000000000000000000, 0.0000000000000000000, 0.0000000000000000000 ) ;
#634 = CARTESIAN_POINT ( 'NONE',  ( 8.537024980200822600E-018, 0.4370000000000000600, -0.03831158827467899500 ) ) ;
#635 =( BOUNDED_CURVE ( )  B_SPLINE_CURVE ( 2, ( #673, #672, #671, #656, #655, #654, #653 ),
 .UNSPECIFIED., .F., .T. ) 
 B_SPLINE_CURVE_WITH_KNOTS ( ( 3, 2, 2, 3 ),
 ( 0.0000000000000000000, 0.02380952380952383600, 0.04761904761904756100, 0.07142857142857139700 ),
 .UNSPECIFIED. ) 
 CURVE ( )  GEOMETRIC_REPRESENTATION_ITEM ( )  RATIONAL_B_SPLINE_CURVE ( ( 1.000000000000000000, 0.8660254037844387100, 1.000000000000000000, 0.8660254037844387100, 1.000000000000000000, 0.8660254037844387100, 1.000000000000000000 ) ) 
 REPRESENTATION_ITEM ( '' )  );
#636 = CARTESIAN_POINT ( 'NONE',  ( 0.04649999999999996500, 0.3552500000000000700, -5.694419545274049300E-018 ) ) ;
#637 =( BOUNDED_CURVE ( )  B_SPLINE_CURVE ( 2, ( #657, #646, #645, #644, #643, #639, #638 ),
 .UNSPECIFIED., .F., .T. ) 
 B_SPLINE_CURVE_WITH_KNOTS ( ( 3, 2, 2, 3 ),
 ( 0.7142857142857141900, 0.7380952380952390300, 0.7619047619047639700, 0.7857142857142888100 ),
 .UNSPECIFIED. ) 
 CURVE ( )  GEOMETRIC_REPRESENTATION_ITEM ( )  RATIONAL_B_SPLINE_CURVE ( ( 1.000000000000000000, 0.8660254037844387100, 1.000000000000000000, 0.8660254037844387100, 1.000000000000000000, 0.8660254037844211700, 1.000000000000017500 ) ) 
 REPRESENTATION_ITEM ( '' )  );
#638 = CARTESIAN_POINT ( 'NONE',  ( 0.04649999999999996500, 0.2937500000000000700, -5.694419545274049300E-018 ) ) ;
#639 = CARTESIAN_POINT ( 'NONE',  ( 0.04650000000000344800, 0.2958333333333331700, -0.02684678751731556900 ) ) ;
#640 =( LENGTH_UNIT ( ) NAMED_UNIT ( * ) SI_UNIT ( $, .METRE. ) );
#641 = CARTESIAN_POINT ( 'NONE',  ( -0.02324999999999997600, 0.3635833333333334200, -0.04027018127597636200 ) ) ;
#642 = CARTESIAN_POINT ( 'NONE',  ( 7.098505917129959900E-018, 0.3615000000000001000, -0.05369357503463514200 ) ) ;
#643 = CARTESIAN_POINT ( 'NONE',  ( 0.02324999999999998200, 0.2979166666666667700, -0.04027018127597636200 ) ) ;
#644 = CARTESIAN_POINT ( 'NONE',  ( 8.604771732331483400E-018, 0.3000000000000001000, -0.05369357503463514200 ) ) ;
#645 = CARTESIAN_POINT ( 'NONE',  ( -0.02324999999999997200, 0.3020833333333334300, -0.04027018127597636200 ) ) ;
#646 = CARTESIAN_POINT ( 'NONE',  ( -0.04649999999999995100, 0.3041666666666667000, -0.02684678751731756800 ) ) ;
#647 = CARTESIAN_POINT ( 'NONE',  ( -0.05600000000000031300, 0.1360833333333330800, -0.03233161507461879100 ) ) ;
#648 = CARTESIAN_POINT ( 'NONE',  ( -0.05600000000000000800, 0.1339999999999997300, 2.675299218268812100E-016 ) ) ;
#649 = DIRECTION ( 'NONE',  ( 0.0000000000000000000, 0.0000000000000000000, -1.000000000000000000 ) ) ;
#650 = DIRECTION ( 'NONE',  ( -0.0000000000000000000, -1.000000000000000000, -0.0000000000000000000 ) ) ;
#651 = FILL_AREA_STYLE_COLOUR ( '', #622 ) ;
#652 = FACE_OUTER_BOUND ( 'NONE', #62, .T. ) ;
#653 = CARTESIAN_POINT ( 'NONE',  ( -0.04649999999999995100, 0.2927500000000000700, 0.0000000000000000000 ) ) ;
#654 = CARTESIAN_POINT ( 'NONE',  ( -0.04649999999999995100, 0.2906666666666666800, -0.02684678751731756800 ) ) ;
#655 = CARTESIAN_POINT ( 'NONE',  ( -0.02324999999999997200, 0.2885833333333334100, -0.04027018127597636200 ) ) ;
#656 = CARTESIAN_POINT ( 'NONE',  ( 8.935415447863525200E-018, 0.2865000000000000900, -0.05369357503463514200 ) ) ;
#657 = CARTESIAN_POINT ( 'NONE',  ( -0.04649999999999995100, 0.3062500000000000800, 0.0000000000000000000 ) ) ;
#658 =( CONVERSION_BASED_UNIT ( 'INCH', #677 ) LENGTH_UNIT ( ) NAMED_UNIT ( #633 ) );
#659 = FACE_OUTER_BOUND ( 'NONE', #43, .T. ) ;
#660 =( GEOMETRIC_REPRESENTATION_CONTEXT ( 3 ) GLOBAL_UNCERTAINTY_ASSIGNED_CONTEXT ( ( #623 ) ) GLOBAL_UNIT_ASSIGNED_CONTEXT ( ( #658, #679, #661 ) ) REPRESENTATION_CONTEXT ( 'NONE', 'WORKASPACE' ) );
#661 =( NAMED_UNIT ( * ) SI_UNIT ( $, .STERADIAN. ) SOLID_ANGLE_UNIT ( ) );
#662 = MECHANICAL_DESIGN_GEOMETRIC_PRESENTATION_REPRESENTATION (  '', ( #629 ), #660 ) ;
#663 = PRESENTATION_LAYER_ASSIGNMENT (  '', '', ( #629 ) ) ;
#664 = CARTESIAN_POINT ( 'NONE',  ( -0.04649999999999995100, 0.3677500000000000800, 0.0000000000000000000 ) ) ;
#665 = CARTESIAN_POINT ( 'NONE',  ( -0.04649999999999995100, 0.3656666666666667500, -0.02684678751731756800 ) ) ;
#666 = CARTESIAN_POINT ( 'NONE',  ( 0.02324999999999997900, 0.3594166666666667700, -0.04027018127597636200 ) ) ;
#667 = CARTESIAN_POINT ( 'NONE',  ( 0.04649999999999995100, 0.3573333333333334500, -0.02684678751731759500 ) ) ;
#668 = SURFACE_STYLE_FILL_AREA ( #669 ) ;
#669 = FILL_AREA_STYLE ('',( #651 ) ) ;
#670 =( BOUNDED_CURVE ( )  B_SPLINE_CURVE ( 2, ( #648, #647, #628, #627, #626, #625, #624 ),
 .UNSPECIFIED., .F., .T. ) 
 B_SPLINE_CURVE_WITH_KNOTS ( ( 3, 2, 2, 3 ),
 ( 0.8333333333333330400, 0.8611111111111108300, 0.8888888888888886200, 0.9166666666666664100 ),
 .UNSPECIFIED. ) 
 CURVE ( )  GEOMETRIC_REPRESENTATION_ITEM ( )  RATIONAL_B_SPLINE_CURVE ( ( 1.000000000000001100, 0.8660254037844376000, 1.000000000000000000, 0.8660254037844387100, 1.000000000000000000, 0.8660254037844398200, 0.9999999999999988900 ) ) 
 REPRESENTATION_ITEM ( '' )  );
#671 = CARTESIAN_POINT ( 'NONE',  ( 0.02324999999999998200, 0.2844166666666667600, -0.04027018127597636200 ) ) ;
#672 = CARTESIAN_POINT ( 'NONE',  ( 0.04649999999999995100, 0.2823333333333333800, -0.02684678751731759500 ) ) ;
#673 = CARTESIAN_POINT ( 'NONE',  ( 0.04649999999999996500, 0.2802500000000000500, -5.694419545274049300E-018 ) ) ;
#674 = CARTESIAN_POINT ( 'NONE',  ( 0.0000000000000000000, 0.2399999999999999900, 0.0000000000000000000 ) ) ;
#675 = AXIS2_PLACEMENT_3D ( 'NONE', #674, #650, #649 ) ;
#676 = CONICAL_SURFACE ( 'NONE', #675, 0.1443375672974065200, 1.132536026899409400 ) ;
#677 = LENGTH_MEASURE_WITH_UNIT ( LENGTH_MEASURE( 0.02539999999999999900 ), #640 );
#678 =( BOUNDED_CURVE ( )  B_SPLINE_CURVE ( 2, ( #636, #667, #666, #642, #641, #665, #664 ),
 .UNSPECIFIED., .F., .F. ) 
 B_SPLINE_CURVE_WITH_KNOTS ( ( 3, 2, 2, 3 ),
 ( 0.4285714285714284900, 0.4523809523809523300, 0.4761904761904761600, 0.4999999999999999400 ),
 .UNSPECIFIED. ) 
 CURVE ( )  GEOMETRIC_REPRESENTATION_ITEM ( )  RATIONAL_B_SPLINE_CURVE ( ( 1.000000000000000000, 0.8660254037844387100, 1.000000000000000000, 0.8660254037844387100, 1.000000000000000000, 0.8660254037844387100, 1.000000000000000000 ) ) 
 REPRESENTATION_ITEM ( '' )  );
#679 =( NAMED_UNIT ( * ) PLANE_ANGLE_UNIT ( ) SI_UNIT ( $, .RADIAN. ) );
#680 = CARTESIAN_POINT ( 'NONE',  ( -0.05600000000000000800, 0.1589999999999997000, 0.0000000000000000000 ) ) ;
#681 = CARTESIAN_POINT ( 'NONE',  ( -0.05599999999999998700, 0.1569166666666663700, 0.03233161507461907600 ) ) ;
#682 = DIRECTION ( 'NONE',  ( 1.000000000000000000, -1.953552627048239800E-017, 0.0000000000000000000 ) ) ;
#683 = DIRECTION ( 'NONE',  ( -1.953552627048239500E-017, -1.000000000000000000, -0.0000000000000000000 ) ) ;
#684 = AXIS2_PLACEMENT_3D ( 'NONE', #686, #683, #682 ) ;
#685 = B_SPLINE_CURVE_WITH_KNOTS ( 'NONE', 3,
 ( #821, #1148, #1150, #1168, #1054, #1165, #1100, #1147, #1000, #1041, #1044, #1040 ),
 .UNSPECIFIED., .F., .F.,
 ( 4, 2, 2, 2, 2, 4 ),
 ( 1.305552300251628000E-018, 0.0007342911879815067500, 0.001468582375963012200, 0.002202873563944517500, 0.002570019157935270100, 0.002937164751926022200 ),
 .UNSPECIFIED. ) ;
#686 = CARTESIAN_POINT ( 'NONE',  ( 0.0000000000000000000, 0.0000000000000000000, 0.0000000000000000000 ) ) ;
#687 = CYLINDRICAL_SURFACE ( 'NONE', #684, 0.05599999999999999400 ) ;
#688 = DIRECTION ( 'NONE',  ( 0.0000000000000000000, 0.0000000000000000000, 1.000000000000000000 ) ) ;
#689 = DIRECTION ( 'NONE',  ( -0.0000000000000000000, 1.000000000000000000, -0.0000000000000000000 ) ) ;
#690 = CARTESIAN_POINT ( 'NONE',  ( 8.537024980200822600E-018, 0.4370000000000000600, 0.0000000000000000000 ) ) ;
#691 = AXIS2_PLACEMENT_3D ( 'NONE', #690, #689, #688 ) ;
#692 = CIRCLE ( 'NONE', #691, 0.03831158827467899500 ) ;
#693 = CARTESIAN_POINT ( 'NONE',  ( 0.05599999999999999400, 0.1611532124826826100, 0.0000000000000000000 ) ) ;
#694 = DIRECTION ( 'NONE',  ( 0.0000000000000000000, 0.0000000000000000000, 1.000000000000000000 ) ) ;
#695 = DIRECTION ( 'NONE',  ( -0.0000000000000000000, 1.000000000000000000, -0.0000000000000000000 ) ) ;
#696 = CARTESIAN_POINT ( 'NONE',  ( 8.537024980200822600E-018, 0.4243985509530391300, 0.0000000000000000000 ) ) ;
#697 = AXIS2_PLACEMENT_3D ( 'NONE', #696, #695, #694 ) ;
#698 = CARTESIAN_POINT ( 'NONE',  ( -0.05600000000000000800, 0.1089999999999997900, 5.486236465124250300E-017 ) ) ;
#699 = CARTESIAN_POINT ( 'NONE',  ( -0.05600000000000014000, 0.1069166666666664800, 0.03233161507461911100 ) ) ;
#700 = CARTESIAN_POINT ( 'NONE',  ( -0.02799999999999984400, 0.1048333333333331400, 0.04849742261192866600 ) ) ;
#701 = CARTESIAN_POINT ( 'NONE',  ( 1.717386569507833300E-016, 0.1027499999999998100, 0.06466323014923808200 ) ) ;
#702 = CARTESIAN_POINT ( 'NONE',  ( 0.02800000000000009800, 0.1006666666666664700, 0.04849742261192851300 ) ) ;
#703 = CARTESIAN_POINT ( 'NONE',  ( 0.05600000000000031300, 0.09858333333333314800, 0.03233161507461881900 ) ) ;
#704 = CARTESIAN_POINT ( 'NONE',  ( 0.05600000000000000800, 0.09649999999999980800, -4.800456906983719600E-017 ) ) ;
#705 = CIRCLE ( 'NONE', #697, 0.04649999999999995800 ) ;
#706 = AXIS2_PLACEMENT_3D ( 'NONE', #748, #785, #727 ) ;
#707 = CIRCLE ( 'NONE', #706, 0.05599999999999999400 ) ;
#708 = DIRECTION ( 'NONE',  ( 0.0000000000000000000, -1.000000000000000000, 0.0000000000000000000 ) ) ;
#709 = AXIS2_PLACEMENT_3D ( 'NONE', #710, #708, #753 ) ;
#710 = CARTESIAN_POINT ( 'NONE',  ( 8.537024980200822600E-018, 0.4243985509530391300, 0.0000000000000000000 ) ) ;
#711 = CONICAL_SURFACE ( 'NONE', #709, 0.04649999999999995800, 0.5762340597481794300 ) ;
#712 =( BOUNDED_CURVE ( )  B_SPLINE_CURVE ( 2, ( #704, #703, #702, #701, #700, #699, #698 ),
 .UNSPECIFIED., .F., .T. ) 
 B_SPLINE_CURVE_WITH_KNOTS ( ( 3, 2, 2, 3 ),
 ( 0.5833333333333330400, 0.6111111111111109400, 0.6388888888888889500, 0.6666666666666668500 ),
 .UNSPECIFIED. ) 
 CURVE ( )  GEOMETRIC_REPRESENTATION_ITEM ( )  RATIONAL_B_SPLINE_CURVE ( ( 1.000000000000001100, 0.8660254037844376000, 1.000000000000000000, 0.8660254037844387100, 1.000000000000000000, 0.8660254037844376000, 1.000000000000001100 ) ) 
 REPRESENTATION_ITEM ( '' )  );
#713 = DIRECTION ( 'NONE',  ( -1.953552627048239500E-017, -1.000000000000000000, -0.0000000000000000000 ) ) ;
#714 = VECTOR ( 'NONE', #713, 39.37007874015748100 ) ;
#715 = CARTESIAN_POINT ( 'NONE',  ( -0.05599999999999999400, 1.093989471147014100E-018, 6.857795581405312100E-018 ) ) ;
#716 = LINE ( 'NONE', #715, #714 ) ;
#717 = DIRECTION ( 'NONE',  ( 1.000000000000000000, -1.953552627048239800E-017, 0.0000000000000000000 ) ) ;
#718 = DIRECTION ( 'NONE',  ( -1.953552627048239500E-017, -1.000000000000000000, -0.0000000000000000000 ) ) ;
#719 =( BOUNDED_CURVE ( )  B_SPLINE_CURVE ( 2, ( #803, #802, #801, #800, #799, #798, #797 ),
 .UNSPECIFIED., .F., .F. ) 
 B_SPLINE_CURVE_WITH_KNOTS ( ( 3, 2, 2, 3 ),
 ( 0.2857142857142857000, 0.3095238095238057600, 0.3333333333333257100, 0.3571428571428457200 ),
 .UNSPECIFIED. ) 
 CURVE ( )  GEOMETRIC_REPRESENTATION_ITEM ( )  RATIONAL_B_SPLINE_CURVE ( ( 1.000000000000000000, 0.8660254037844387100, 1.000000000000000000, 0.8660254037844387100, 1.000000000000000000, 0.8660254037845027700, 0.9999999999999359400 ) ) 
 REPRESENTATION_ITEM ( '' )  );
#720 = CARTESIAN_POINT ( 'NONE',  ( -0.05599999999999999400, 0.1611532124826826100, 6.857795581405312100E-018 ) ) ;
#721 = CARTESIAN_POINT ( 'NONE',  ( -0.04649999999999995100, 0.2500000000000000600, 5.694419545274049300E-018 ) ) ;
#722 = DIRECTION ( 'NONE',  ( -1.953552627048239500E-017, -1.000000000000000000, -0.0000000000000000000 ) ) ;
#723 = CARTESIAN_POINT ( 'NONE',  ( 0.05600000000000000800, 0.1464999999999997100, -2.743877174082865100E-016 ) ) ;
#724 = CARTESIAN_POINT ( 'NONE',  ( 0.02324999999999998200, 0.3344166666666667500, -0.04027018127597636200 ) ) ;
#725 = CARTESIAN_POINT ( 'NONE',  ( 0.04649999999999995100, 0.3323333333333334200, -0.02684678751731759500 ) ) ;
#726 = CARTESIAN_POINT ( 'NONE',  ( 0.04649999999999996500, 0.3302500000000000400, -5.694419545274049300E-018 ) ) ;
#727 = DIRECTION ( 'NONE',  ( 1.000000000000000000, 0.0000000000000000000, 0.0000000000000000000 ) ) ;
#728 = CARTESIAN_POINT ( 'NONE',  ( -0.05600000000000000800, 0.1339999999999997300, 2.675299218268812100E-016 ) ) ;
#729 = DIRECTION ( 'NONE',  ( -1.953552627048239500E-017, -1.000000000000000000, -0.0000000000000000000 ) ) ;
#730 = VECTOR ( 'NONE', #729, 39.37007874015748100 ) ;
#731 = CARTESIAN_POINT ( 'NONE',  ( -0.05599999999999999400, 1.093989471147014100E-018, 6.857795581405312100E-018 ) ) ;
#732 = DIRECTION ( 'NONE',  ( 1.000000000000000000, -1.953552627048239800E-017, 0.0000000000000000000 ) ) ;
#733 = DIRECTION ( 'NONE',  ( -1.953552627048239500E-017, -1.000000000000000000, -0.0000000000000000000 ) ) ;
#734 = AXIS2_PLACEMENT_3D ( 'NONE', #735, #733, #732 ) ;
#735 = CARTESIAN_POINT ( 'NONE',  ( 0.0000000000000000000, 0.0000000000000000000, 0.0000000000000000000 ) ) ;
#736 = CYLINDRICAL_SURFACE ( 'NONE', #734, 0.04649999999999995800 ) ;
#737 = FACE_OUTER_BOUND ( 'NONE', #3, .T. ) ;
#738 = DIRECTION ( 'NONE',  ( 1.000000000000000000, 0.0000000000000000000, 0.0000000000000000000 ) ) ;
#739 = DIRECTION ( 'NONE',  ( -1.953552627048239500E-017, -1.000000000000000000, -0.0000000000000000000 ) ) ;
#740 = CARTESIAN_POINT ( 'NONE',  ( 3.148212816028077100E-018, 0.1611532124826826100, 0.0000000000000000000 ) ) ;
#741 = AXIS2_PLACEMENT_3D ( 'NONE', #740, #739, #738 ) ;
#742 = CARTESIAN_POINT ( 'NONE',  ( -2.032519129501700700E-021, 0.2490626860259542700, -0.1250000000000001400 ) ) ;
#743 = CARTESIAN_POINT ( 'NONE',  ( 0.01207200422788150100, 0.2490626860259542700, -0.1250000000000001400 ) ) ;
#744 = CARTESIAN_POINT ( 'NONE',  ( 0.02415988082230485400, 0.2482276621250440200, -0.1250000000000001400 ) ) ;
#745 = CARTESIAN_POINT ( 'NONE',  ( 0.04836396258422099400, 0.2450672861148041100, -0.1250000000000001900 ) ) ;
#746 = CARTESIAN_POINT ( 'NONE',  ( 0.06038178224392881000, 0.2427620302821979200, -0.1250000000000001400 ) ) ;
#747 = CARTESIAN_POINT ( 'NONE',  ( 0.07216878364870323000, 0.2399999999999999600, -0.1250000000000001400 ) ) ;
#748 = CARTESIAN_POINT ( 'NONE',  ( 3.148212816028077100E-018, 0.1611532124826826100, 0.0000000000000000000 ) ) ;
#749 = CARTESIAN_POINT ( 'NONE',  ( 0.04649999999999996500, 0.2937500000000000700, -5.694419545274049300E-018 ) ) ;
#750 =( BOUNDED_CURVE ( )  B_SPLINE_CURVE ( 2, ( #810, #809, #808, #807, #806, #805, #804 ),
 .UNSPECIFIED., .F., .T. ) 
 B_SPLINE_CURVE_WITH_KNOTS ( ( 3, 2, 2, 3 ),
 ( 0.7857142857142888100, 0.8095238095238116400, 0.8333333333333342600, 0.8571428571428571000 ),
 .UNSPECIFIED. ) 
 CURVE ( )  GEOMETRIC_REPRESENTATION_ITEM ( )  RATIONAL_B_SPLINE_CURVE ( ( 0.9999999999999824600, 0.8660254037844562500, 1.000000000000000000, 0.8660254037844387100, 1.000000000000000000, 0.8660254037844387100, 1.000000000000000000 ) ) 
 REPRESENTATION_ITEM ( '' )  );
#751 = CARTESIAN_POINT ( 'NONE',  ( -0.04649999999999995100, 0.2812500000000000600, 0.0000000000000000000 ) ) ;
#752 =( BOUNDED_CURVE ( )  B_SPLINE_CURVE ( 2, ( #726, #725, #724, #781, #780, #779, #778 ),
 .UNSPECIFIED., .F., .T. ) 
 B_SPLINE_CURVE_WITH_KNOTS ( ( 3, 2, 2, 3 ),
 ( 0.2857142857142857000, 0.3095238095238056500, 0.3333333333333256500, 0.3571428571428457200 ),
 .UNSPECIFIED. ) 
 CURVE ( )  GEOMETRIC_REPRESENTATION_ITEM ( )  RATIONAL_B_SPLINE_CURVE ( ( 1.000000000000000000, 0.8660254037844387100, 1.000000000000000000, 0.8660254037844387100, 1.000000000000000000, 0.8660254037845027700, 0.9999999999999359400 ) ) 
 REPRESENTATION_ITEM ( '' )  );
#753 = DIRECTION ( 'NONE',  ( 0.0000000000000000000, 0.0000000000000000000, -1.000000000000000000 ) ) ;
#754 = CARTESIAN_POINT ( 'NONE',  ( -0.05600000000000000800, 0.1589999999999997000, 0.0000000000000000000 ) ) ;
#755 = CARTESIAN_POINT ( 'NONE',  ( 0.0000000000000000000, 0.0000000000000000000, 0.0000000000000000000 ) ) ;
#756 = AXIS2_PLACEMENT_3D ( 'NONE', #755, #718, #717 ) ;
#757 = CARTESIAN_POINT ( 'NONE',  ( 0.04649999999999996500, 0.3437500000000000600, -5.694419545274049300E-018 ) ) ;
#758 = CARTESIAN_POINT ( 'NONE',  ( 0.04649999999999995100, 0.3458333333333334400, -0.02684678751731759500 ) ) ;
#759 = CARTESIAN_POINT ( 'NONE',  ( 0.02324999999999997900, 0.3479166666666667600, -0.04027018127597636200 ) ) ;
#760 = CARTESIAN_POINT ( 'NONE',  ( 7.380165378509106000E-018, 0.3500000000000000300, -0.05369357503463514200 ) ) ;
#761 = CARTESIAN_POINT ( 'NONE',  ( -0.02324999999999997600, 0.3520833333333334100, -0.04027018127597636200 ) ) ;
#762 = CARTESIAN_POINT ( 'NONE',  ( -0.05600000000000000800, 0.1589999999999997000, 0.0000000000000000000 ) ) ;
#763 = CARTESIAN_POINT ( 'NONE',  ( -0.05599999999999986200, 0.1569166666666663700, 0.03233161507461929100 ) ) ;
#764 = CARTESIAN_POINT ( 'NONE',  ( -0.02799999999999964700, 0.1548333333333330500, 0.04849742261192877700 ) ) ;
#765 = CARTESIAN_POINT ( 'NONE',  ( 2.021888515967352300E-016, 0.1527499999999997200, 0.06466323014923808200 ) ) ;
#766 = CARTESIAN_POINT ( 'NONE',  ( 0.02800000000000029900, 0.1506666666666663900, 0.04849742261192840200 ) ) ;
#767 = CARTESIAN_POINT ( 'NONE',  ( 0.05600000000000032700, 0.1485833333333330400, 0.03233161507461879100 ) ) ;
#768 = FACE_OUTER_BOUND ( 'NONE', #100, .T. ) ;
#769 = DIRECTION ( 'NONE',  ( -1.953552627048239500E-017, -1.000000000000000000, -0.0000000000000000000 ) ) ;
#770 = VECTOR ( 'NONE', #769, 39.37007874015748100 ) ;
#771 = CARTESIAN_POINT ( 'NONE',  ( 0.05599999999999999400, -1.093989471147014100E-018, 0.0000000000000000000 ) ) ;
#772 = LINE ( 'NONE', #771, #770 ) ;
#773 = CARTESIAN_POINT ( 'NONE',  ( -0.04649999999999995100, 0.3541666666666667400, -0.02684678751731756800 ) ) ;
#774 = CARTESIAN_POINT ( 'NONE',  ( -0.04649999999999995100, 0.3562500000000000700, 0.0000000000000000000 ) ) ;
#775 =( BOUNDED_CURVE ( )  B_SPLINE_CURVE ( 2, ( #774, #773, #761, #760, #759, #758, #757 ),
 .UNSPECIFIED., .F., .F. ) 
 B_SPLINE_CURVE_WITH_KNOTS ( ( 3, 2, 2, 3 ),
 ( 0.4285714285714285500, 0.4523809523809523300, 0.4761904761904761600, 0.5000000000000000000 ),
 .UNSPECIFIED. ) 
 CURVE ( )  GEOMETRIC_REPRESENTATION_ITEM ( )  RATIONAL_B_SPLINE_CURVE ( ( 1.000000000000000000, 0.8660254037844387100, 1.000000000000000000, 0.8660254037844387100, 1.000000000000000000, 0.8660254037844387100, 1.000000000000000000 ) ) 
 REPRESENTATION_ITEM ( '' )  );
#776 = CYLINDRICAL_SURFACE ( 'NONE', #756, 0.04649999999999995800 ) ;
#777 = FACE_OUTER_BOUND ( 'NONE', #102, .T. ) ;
#778 = CARTESIAN_POINT ( 'NONE',  ( -0.04649999999999995100, 0.3427500000000000500, 0.0000000000000000000 ) ) ;
#779 = CARTESIAN_POINT ( 'NONE',  ( -0.04649999999998712100, 0.3406666666666655600, -0.02684678751732496800 ) ) ;
#780 = CARTESIAN_POINT ( 'NONE',  ( -0.02324999999999997200, 0.3385833333333334000, -0.04027018127597636200 ) ) ;
#781 = CARTESIAN_POINT ( 'NONE',  ( 7.710809094041147800E-018, 0.3365000000000000800, -0.05369357503463514200 ) ) ;
#782 = CIRCLE ( 'NONE', #741, 0.05599999999999999400 ) ;
#783 = CARTESIAN_POINT ( 'NONE',  ( -2.032519129501700700E-021, 0.2490626860259542700, -0.1250000000000001400 ) ) ;
#784 = B_SPLINE_CURVE_WITH_KNOTS ( 'NONE', 3,
 ( #747, #746, #745, #744, #743, #742 ),
 .UNSPECIFIED., .F., .F.,
 ( 4, 2, 4 ),
 ( 0.006012055765822949000, 0.006929348715756972000, 0.007846641665690995100 ),
 .UNSPECIFIED. ) ;
#785 = DIRECTION ( 'NONE',  ( -1.953552627048239500E-017, -1.000000000000000000, -0.0000000000000000000 ) ) ;
#786 = VECTOR ( 'NONE', #722, 39.37007874015748100 ) ;
#787 = CARTESIAN_POINT ( 'NONE',  ( -0.04649999999999995800, 9.084019715774306600E-019, 5.694419545274049300E-018 ) ) ;
#788 = LINE ( 'NONE', #787, #786 ) ;
#789 = LINE ( 'NONE', #731, #730 ) ;
#790 = CARTESIAN_POINT ( 'NONE',  ( 0.05600000000000000800, 0.1464999999999997100, -2.743877174082865100E-016 ) ) ;
#791 =( BOUNDED_CURVE ( )  B_SPLINE_CURVE ( 2, ( #723, #767, #766, #765, #764, #763, #762 ),
 .UNSPECIFIED., .F., .T. ) 
 B_SPLINE_CURVE_WITH_KNOTS ( ( 3, 2, 2, 3 ),
 ( 0.9166666666666664100, 0.9444444444444443100, 0.9722222222222221000, 1.000000000000000000 ),
 .UNSPECIFIED. ) 
 CURVE ( )  GEOMETRIC_REPRESENTATION_ITEM ( )  RATIONAL_B_SPLINE_CURVE ( ( 1.000000000000001100, 0.8660254037844376000, 1.000000000000000000, 0.8660254037844387100, 1.000000000000000000, 0.8660254037844387100, 1.000000000000000000 ) ) 
 REPRESENTATION_ITEM ( '' )  );
#792 = CARTESIAN_POINT ( 'NONE',  ( 0.07216878364870323000, 0.2399999999999999600, -0.1250000000000001400 ) ) ;
#793 = DIRECTION ( 'NONE',  ( 0.0000000000000000000, -1.000000000000000000, -1.878305470199405800E-030 ) ) ;
#794 = VECTOR ( 'NONE', #793, 39.37007874015748100 ) ;
#795 = CARTESIAN_POINT ( 'NONE',  ( -0.05600000000000000800, 0.1409999999999999900, -4.294649705305353600E-015 ) ) ;
#796 = LINE ( 'NONE', #795, #794 ) ;
#797 = CARTESIAN_POINT ( 'NONE',  ( 0.04649999999999996500, 0.3687500000000000800, -5.694419545274049300E-018 ) ) ;
#798 = CARTESIAN_POINT ( 'NONE',  ( 0.04649999999998712100, 0.3708333333333345700, -0.02684678751732499900 ) ) ;
#799 = CARTESIAN_POINT ( 'NONE',  ( 0.02324999999999997900, 0.3729166666666667900, -0.04027018127597636200 ) ) ;
#800 = CARTESIAN_POINT ( 'NONE',  ( 6.767862201597918000E-018, 0.3750000000000001100, -0.05369357503463514200 ) ) ;
#801 = CARTESIAN_POINT ( 'NONE',  ( -0.02324999999999997600, 0.3770833333333334400, -0.04027018127597636200 ) ) ;
#802 = CARTESIAN_POINT ( 'NONE',  ( -0.04649999999999995100, 0.3791666666666667600, -0.02684678751731756800 ) ) ;
#803 = CARTESIAN_POINT ( 'NONE',  ( -0.04649999999999995100, 0.3812500000000000900, 0.0000000000000000000 ) ) ;
#804 = CARTESIAN_POINT ( 'NONE',  ( -0.04649999999999995100, 0.2812500000000000600, 0.0000000000000000000 ) ) ;
#805 = CARTESIAN_POINT ( 'NONE',  ( -0.04649999999999993700, 0.2833333333333334400, 0.02684678751731759900 ) ) ;
#806 = CARTESIAN_POINT ( 'NONE',  ( -0.02324999999999993700, 0.2854166666666667600, 0.04027018127597638300 ) ) ;
#807 = CARTESIAN_POINT ( 'NONE',  ( 2.206162195015762800E-017, 0.2875000000000000900, 0.05369357503463514200 ) ) ;
#808 = CARTESIAN_POINT ( 'NONE',  ( 0.02325000000000001400, 0.2895833333333334100, 0.04027018127597634800 ) ) ;
#809 = CARTESIAN_POINT ( 'NONE',  ( 0.04649999999999646800, 0.2916666666666664100, 0.02684678751731958300 ) ) ;
#810 = CARTESIAN_POINT ( 'NONE',  ( 0.04649999999999996500, 0.2937500000000000700, -5.694419545274049300E-018 ) ) ;
#811 = CIRCLE ( 'NONE', #834, 0.05600000000000000800 ) ;
#812 = CARTESIAN_POINT ( 'NONE',  ( -0.05600000000000000800, 0.03399999999999994700, 1.371559116281062600E-017 ) ) ;
#813 = CARTESIAN_POINT ( 'NONE',  ( -0.05600000000000024400, 0.03191666666666664200, 0.03233161507461893000 ) ) ;
#814 = CARTESIAN_POINT ( 'NONE',  ( -0.02799999999999996600, 0.02983333333333328500, 0.04849742261192858900 ) ) ;
#815 = CARTESIAN_POINT ( 'NONE',  ( 1.119839384854393400E-017, 0.02774999999999995500, 0.06466323014923808200 ) ) ;
#816 = CARTESIAN_POINT ( 'NONE',  ( -0.04650000000000001400, 0.1911532124826826300, 5.694419545274055500E-018 ) ) ;
#817 = DIRECTION ( 'NONE',  ( -1.000000000000000000, 0.0000000000000000000, -7.669017330902416800E-014 ) ) ;
#818 = DIRECTION ( 'NONE',  ( 7.669017330902416800E-014, 1.878305470199405800E-030, -1.000000000000000000 ) ) ;
#819 = DIRECTION ( 'NONE',  ( 1.000000000000000000, -1.953552627048239800E-017, 0.0000000000000000000 ) ) ;
#820 = DIRECTION ( 'NONE',  ( -1.953552627048239500E-017, -1.000000000000000000, -0.0000000000000000000 ) ) ;
#821 = CARTESIAN_POINT ( 'NONE',  ( 0.02683257148966114800, 0.008700974136442879800, -0.03736325878790853300 ) ) ;
#822 = DIRECTION ( 'NONE',  ( 0.0000000000000000000, 0.0000000000000000000, 1.000000000000000000 ) ) ;
#823 = DIRECTION ( 'NONE',  ( -0.0000000000000000000, 1.000000000000000000, 0.0000000000000000000 ) ) ;
#824 = CARTESIAN_POINT ( 'NONE',  ( -0.05600000000000000800, 0.008700974136442881500, 0.0000000000000000000 ) ) ;
#825 = AXIS2_PLACEMENT_3D ( 'NONE', #824, #823, #822 ) ;
#826 = PLANE ( 'NONE',  #825 ) ;
#827 = FACE_OUTER_BOUND ( 'NONE', #154, .T. ) ;
#828 = DIRECTION ( 'NONE',  ( 1.000000000000000000, 0.0000000000000000000, 0.0000000000000000000 ) ) ;
#829 = VECTOR ( 'NONE', #828, 39.37007874015748100 ) ;
#830 = CARTESIAN_POINT ( 'NONE',  ( -0.07216878364870325800, 0.0000000000000000000, 0.1250000000000001100 ) ) ;
#831 = DIRECTION ( 'NONE',  ( 0.0000000000000000000, 0.0000000000000000000, 1.000000000000000000 ) ) ;
#832 = DIRECTION ( 'NONE',  ( -0.0000000000000000000, 1.000000000000000000, -0.0000000000000000000 ) ) ;
#833 = CARTESIAN_POINT ( 'NONE',  ( 0.0000000000000000000, 0.008700974136442881500, 0.0000000000000000000 ) ) ;
#834 = AXIS2_PLACEMENT_3D ( 'NONE', #833, #832, #831 ) ;
#835 = LINE ( 'NONE', #830, #829 ) ;
#836 = CARTESIAN_POINT ( 'NONE',  ( 0.04649999999999999300, 0.1611532124826826300, 0.0000000000000000000 ) ) ;
#837 = DIRECTION ( 'NONE',  ( -1.000000000000000000, 0.0000000000000000000, 2.365849761790801000E-016 ) ) ;
#838 = VECTOR ( 'NONE', #837, 39.37007874015748100 ) ;
#839 = CARTESIAN_POINT ( 'NONE',  ( 0.07216878364870323000, 0.0000000000000000000, -0.1250000000000001400 ) ) ;
#840 = LINE ( 'NONE', #839, #838 ) ;
#841 = CARTESIAN_POINT ( 'NONE',  ( -0.04599999999999999900, 0.1499999999999998600, -1.730074850742058000E-015 ) ) ;
#842 = DIRECTION ( 'NONE',  ( 0.7432941462471663900, 0.6689647316224494000, 5.700335689527834100E-014 ) ) ;
#843 = VECTOR ( 'NONE', #842, 39.37007874015748900 ) ;
#844 = CARTESIAN_POINT ( 'NONE',  ( -0.05600000000000000800, 0.1409999999999999900, -4.294649705305353600E-015 ) ) ;
#845 = DIRECTION ( 'NONE',  ( 1.000000000000000000, -1.953552627048239500E-017, 0.0000000000000000000 ) ) ;
#846 = LINE ( 'NONE', #844, #843 ) ;
#847 = CARTESIAN_POINT ( 'NONE',  ( 0.05600000000000000800, 2.171812240344578300E-017, 0.0000000000000000000 ) ) ;
#848 = AXIS2_PLACEMENT_3D ( 'NONE', #847, #864, #845 ) ;
#849 = CARTESIAN_POINT ( 'NONE',  ( 0.07216878364870323000, 0.0000000000000000000, -0.1250000000000001400 ) ) ;
#850 = FACE_OUTER_BOUND ( 'NONE', #118, .T. ) ;
#851 = DIRECTION ( 'NONE',  ( -1.953552627048239500E-017, -1.000000000000000000, -0.0000000000000000000 ) ) ;
#852 = VECTOR ( 'NONE', #851, 39.37007874015748100 ) ;
#853 = CARTESIAN_POINT ( 'NONE',  ( -0.05600000000000020900, 0.05691666666666658800, 0.03233161507461898600 ) ) ;
#854 = CARTESIAN_POINT ( 'NONE',  ( -0.02799999999999995200, 0.05483333333333323400, 0.04849742261192859600 ) ) ;
#855 = CARTESIAN_POINT ( 'NONE',  ( 2.642349117151987400E-017, 0.05274999999999990100, 0.06466323014923808200 ) ) ;
#856 = CARTESIAN_POINT ( 'NONE',  ( 0.02800000000000007700, 0.05066666666666658200, 0.04849742261192852700 ) ) ;
#857 = CARTESIAN_POINT ( 'NONE',  ( 0.05599999999999977200, 0.04858333333333325600, 0.03233161507461913800 ) ) ;
#858 = CARTESIAN_POINT ( 'NONE',  ( 0.05600000000000000800, 0.04649999999999991600, -2.057338674421594100E-017 ) ) ;
#859 = CARTESIAN_POINT ( 'NONE',  ( 0.01409890760620718100, 0.008700974136442881500, 0.05419613274313616500 ) ) ;
#860 = LINE ( 'NONE', #948, #947 ) ;
#861 = CARTESIAN_POINT ( 'NONE',  ( 0.04650000000000001400, 0.1911532124826826300, 0.0000000000000000000 ) ) ;
#862 = CARTESIAN_POINT ( 'NONE',  ( -0.04599999999999999900, 0.1499999999999999900, -3.527747972215111700E-015 ) ) ;
#863 = AXIS2_PLACEMENT_3D ( 'NONE', #862, #818, #817 ) ;
#864 = DIRECTION ( 'NONE',  ( -1.953552627048239500E-017, -1.000000000000000000, 0.0000000000000000000 ) ) ;
#865 = PLANE ( 'NONE',  #848 ) ;
#866 = FACE_OUTER_BOUND ( 'NONE', #239, .T. ) ;
#867 = FACE_BOUND ( 'NONE', #205, .T. ) ;
#868 = DIRECTION ( 'NONE',  ( 0.0000000000000000000, 0.0000000000000000000, 1.000000000000000000 ) ) ;
#869 = DIRECTION ( 'NONE',  ( -0.0000000000000000000, 1.000000000000000000, -0.0000000000000000000 ) ) ;
#870 = CARTESIAN_POINT ( 'NONE',  ( 0.0000000000000000000, 0.008700974136442881500, 0.0000000000000000000 ) ) ;
#871 = AXIS2_PLACEMENT_3D ( 'NONE', #870, #869, #868 ) ;
#872 = CIRCLE ( 'NONE', #871, 0.05600000000000000800 ) ;
#873 = DIRECTION ( 'NONE',  ( 0.0000000000000000000, 0.0000000000000000000, -1.000000000000000000 ) ) ;
#874 = DIRECTION ( 'NONE',  ( 0.0000000000000000000, -1.000000000000000000, 0.0000000000000000000 ) ) ;
#875 = CARTESIAN_POINT ( 'NONE',  ( -0.02799999999999985500, 0.07983333333333320100, 0.04849742261192865900 ) ) ;
#876 = CARTESIAN_POINT ( 'NONE',  ( 1.565135596278073900E-016, 0.07774999999999986100, 0.06466323014923808200 ) ) ;
#877 = CARTESIAN_POINT ( 'NONE',  ( 0.02800000000000008700, 0.07566666666666652100, 0.04849742261192852000 ) ) ;
#878 = CARTESIAN_POINT ( 'NONE',  ( 0.05600000000000030600, 0.07358333333333318100, 0.03233161507461882600 ) ) ;
#879 = CARTESIAN_POINT ( 'NONE',  ( 0.0000000000000000000, 0.0000000000000000000, 0.0000000000000000000 ) ) ;
#880 = CARTESIAN_POINT ( 'NONE',  ( -0.05600000000000000800, 0.08399999999999983900, 4.114677348843188200E-017 ) ) ;
#881 = CARTESIAN_POINT ( 'NONE',  ( -0.05599999999999960600, 0.08191666666666651300, 0.03233161507461939500 ) ) ;
#882 = CYLINDRICAL_SURFACE ( 'NONE', #945, 0.04650000000000000000 ) ;
#883 = CARTESIAN_POINT ( 'NONE',  ( -7.648564627723417200E-016, -39.15207874015747800, 0.0000000000000000000 ) ) ;
#884 = AXIS2_PLACEMENT_3D ( 'NONE', #883, #886, #952 ) ;
#885 = CARTESIAN_POINT ( 'NONE',  ( 0.05600000000000000800, 0.07149999999999986900, -1.337649609134406000E-016 ) ) ;
#886 = DIRECTION ( 'NONE',  ( -1.953552627048239500E-017, -1.000000000000000000, -0.0000000000000000000 ) ) ;
#887 = CONICAL_SURFACE ( 'NONE', #884, 68.19097667594046200, 1.047197551196600300 ) ;
#888 = CARTESIAN_POINT ( 'NONE',  ( 0.02800000000000002800, 0.02566666666666662900, 0.04849742261192855500 ) ) ;
#889 = CARTESIAN_POINT ( 'NONE',  ( 0.05599999999999975800, 0.02358333333333331700, 0.03233161507461916600 ) ) ;
#890 = CARTESIAN_POINT ( 'NONE',  ( 0.05600000000000000800, 0.02149999999999997100, -6.857795581405312900E-018 ) ) ;
#891 =( BOUNDED_CURVE ( )  B_SPLINE_CURVE ( 2, ( #890, #889, #888, #815, #814, #813, #812 ),
 .UNSPECIFIED., .F., .T. ) 
 B_SPLINE_CURVE_WITH_KNOTS ( ( 3, 2, 2, 3 ),
 ( 0.08333333333333353700, 0.1111111111111113300, 0.1388888888888891200, 0.1666666666666668800 ),
 .UNSPECIFIED. ) 
 CURVE ( )  GEOMETRIC_REPRESENTATION_ITEM ( )  RATIONAL_B_SPLINE_CURVE ( ( 0.9999999999999988900, 0.8660254037844397100, 1.000000000000000000, 0.8660254037844387100, 1.000000000000000000, 0.8660254037844376000, 1.000000000000001100 ) ) 
 REPRESENTATION_ITEM ( '' )  );
#892 = CARTESIAN_POINT ( 'NONE',  ( 6.515120971463920700E-017, 0.2180000000000000300, 0.0000000000000000000 ) ) ;
#893 = CARTESIAN_POINT ( 'NONE',  ( -0.05600000000000000800, 0.06599999999999983700, 4.114677348843188200E-017 ) ) ;
#894 = CARTESIAN_POINT ( 'NONE',  ( -0.05599999999999960600, 0.06391666666666648300, 0.03233161507461939500 ) ) ;
#895 = CARTESIAN_POINT ( 'NONE',  ( -0.02799999999999985500, 0.06183333333333319200, 0.04849742261192865900 ) ) ;
#896 = CARTESIAN_POINT ( 'NONE',  ( 1.569544179151834500E-016, 0.05974999999999986600, 0.06466323014923808200 ) ) ;
#897 = CARTESIAN_POINT ( 'NONE',  ( 0.02800000000000008700, 0.05766666666666653300, 0.04849742261192852000 ) ) ;
#898 = CARTESIAN_POINT ( 'NONE',  ( 0.05600000000000030600, 0.05558333333333317200, 0.03233161507461882600 ) ) ;
#899 = CARTESIAN_POINT ( 'NONE',  ( 0.05600000000000000800, 0.05349999999999986700, -1.337649609134406000E-016 ) ) ;
#900 =( BOUNDED_CURVE ( )  B_SPLINE_CURVE ( 2, ( #899, #898, #897, #896, #895, #894, #893 ),
 .UNSPECIFIED., .F., .T. ) 
 B_SPLINE_CURVE_WITH_KNOTS ( ( 3, 2, 2, 3 ),
 ( 0.4166666666666664100, 0.4444444444444442000, 0.4722222222222219900, 0.4999999999999997800 ),
 .UNSPECIFIED. ) 
 CURVE ( )  GEOMETRIC_REPRESENTATION_ITEM ( )  RATIONAL_B_SPLINE_CURVE ( ( 1.000000000000001100, 0.8660254037844376000, 1.000000000000000000, 0.8660254037844387100, 1.000000000000000000, 0.8660254037844398200, 0.9999999999999988900 ) ) 
 REPRESENTATION_ITEM ( '' )  );
#901 = CARTESIAN_POINT ( 'NONE',  ( -0.04649999999999999300, 0.1611532124826826300, 5.694419545274053200E-018 ) ) ;
#902 = CARTESIAN_POINT ( 'NONE',  ( 7.390558992001916200E-018, 0.008700974136442881500, 0.05600000000000000800 ) ) ;
#903 = CARTESIAN_POINT ( 'NONE',  ( -0.05600000000000000800, 0.008700974136442881500, 0.0000000000000000000 ) ) ;
#904 = DIRECTION ( 'NONE',  ( -0.8660254037844398200, -0.4999999999999977200, 1.060540212046015100E-016 ) ) ;
#905 = VECTOR ( 'NONE', #904, 39.37007874015748100 ) ;
#906 = CARTESIAN_POINT ( 'NONE',  ( -5.663372026070886900E-017, 0.2180000000000000300, 7.456929952381227600E-033 ) ) ;
#907 = FACE_OUTER_BOUND ( 'NONE', #124, .T. ) ;
#908 = CARTESIAN_POINT ( 'NONE',  ( 0.0000000000000000000, 0.0000000000000000000, 0.0000000000000000000 ) ) ;
#909 = AXIS2_PLACEMENT_3D ( 'NONE', #908, #820, #819 ) ;
#910 = LINE ( 'NONE', #906, #905 ) ;
#911 = CARTESIAN_POINT ( 'NONE',  ( -0.05600000000000000800, 0.09099999999999978900, 5.486236465124250300E-017 ) ) ;
#912 = CARTESIAN_POINT ( 'NONE',  ( -0.05600000000000014000, 0.08891666666666647700, 0.03233161507461911100 ) ) ;
#913 = CARTESIAN_POINT ( 'NONE',  ( -0.02799999999999984400, 0.08683333333333313800, 0.04849742261192866600 ) ) ;
#914 = CARTESIAN_POINT ( 'NONE',  ( 1.721795152381594100E-016, 0.08474999999999981200, 0.06466323014923808200 ) ) ;
#915 = CARTESIAN_POINT ( 'NONE',  ( 0.02800000000000009800, 0.08266666666666647200, 0.04849742261192851300 ) ) ;
#916 = CARTESIAN_POINT ( 'NONE',  ( 0.05600000000000031300, 0.08058333333333311800, 0.03233161507461881900 ) ) ;
#917 = CARTESIAN_POINT ( 'NONE',  ( 0.05600000000000000800, 0.07849999999999980600, -4.800456906983719600E-017 ) ) ;
#918 =( BOUNDED_CURVE ( )  B_SPLINE_CURVE ( 2, ( #917, #916, #915, #914, #913, #912, #911 ),
 .UNSPECIFIED., .F., .T. ) 
 B_SPLINE_CURVE_WITH_KNOTS ( ( 3, 2, 2, 3 ),
 ( 0.5833333333333330400, 0.6111111111111109400, 0.6388888888888889500, 0.6666666666666668500 ),
 .UNSPECIFIED. ) 
 CURVE ( )  GEOMETRIC_REPRESENTATION_ITEM ( )  RATIONAL_B_SPLINE_CURVE ( ( 1.000000000000001100, 0.8660254037844376000, 1.000000000000000000, 0.8660254037844387100, 1.000000000000000000, 0.8660254037844376000, 1.000000000000001100 ) ) 
 REPRESENTATION_ITEM ( '' )  );
#919 =( BOUNDED_CURVE ( )  B_SPLINE_CURVE ( 2, ( #858, #857, #856, #855, #854, #853, #959 ),
 .UNSPECIFIED., .F., .T. ) 
 B_SPLINE_CURVE_WITH_KNOTS ( ( 3, 2, 2, 3 ),
 ( 0.2500000000000002200, 0.2777777777777780100, 0.3055555555555557500, 0.3333333333333335400 ),
 .UNSPECIFIED. ) 
 CURVE ( )  GEOMETRIC_REPRESENTATION_ITEM ( )  RATIONAL_B_SPLINE_CURVE ( ( 0.9999999999999988900, 0.8660254037844398200, 1.000000000000000000, 0.8660254037844387100, 1.000000000000000000, 0.8660254037844376000, 1.000000000000001100 ) ) 
 REPRESENTATION_ITEM ( '' )  );
#920 = CARTESIAN_POINT ( 'NONE',  ( -0.07216878364870328600, 0.0000000000000000000, -0.1250000000000001100 ) ) ;
#921 =( BOUNDED_CURVE ( )  B_SPLINE_CURVE ( 2, ( #885, #878, #877, #876, #875, #881, #880 ),
 .UNSPECIFIED., .F., .T. ) 
 B_SPLINE_CURVE_WITH_KNOTS ( ( 3, 2, 2, 3 ),
 ( 0.4166666666666664100, 0.4444444444444442000, 0.4722222222222219900, 0.4999999999999997800 ),
 .UNSPECIFIED. ) 
 CURVE ( )  GEOMETRIC_REPRESENTATION_ITEM ( )  RATIONAL_B_SPLINE_CURVE ( ( 1.000000000000001100, 0.8660254037844376000, 1.000000000000000000, 0.8660254037844387100, 1.000000000000000000, 0.8660254037844398200, 0.9999999999999988900 ) ) 
 REPRESENTATION_ITEM ( '' )  );
#922 = DIRECTION ( 'NONE',  ( 1.000000000000000000, -1.953552627048239800E-017, 0.0000000000000000000 ) ) ;
#923 = DIRECTION ( 'NONE',  ( -1.953552627048239500E-017, -1.000000000000000000, -0.0000000000000000000 ) ) ;
#924 = DIRECTION ( 'NONE',  ( 1.000000000000000000, 0.0000000000000000000, 0.0000000000000000000 ) ) ;
#925 = DIRECTION ( 'NONE',  ( -1.953552627048239500E-017, -1.000000000000000000, -0.0000000000000000000 ) ) ;
#926 = CARTESIAN_POINT ( 'NONE',  ( 3.148212816028078300E-018, 0.1611532124826826300, 0.0000000000000000000 ) ) ;
#927 = AXIS2_PLACEMENT_3D ( 'NONE', #926, #925, #924 ) ;
#928 = CIRCLE ( 'NONE', #927, 0.04649999999999999300 ) ;
#929 = CIRCLE ( 'NONE', #943, 0.04650000000000000000 ) ;
#930 = CARTESIAN_POINT ( 'NONE',  ( 0.0000000000000000000, 0.008700974136442881500, -0.05600000000000000800 ) ) ;
#931 = DIRECTION ( 'NONE',  ( 0.0000000000000000000, 0.0000000000000000000, 1.000000000000000000 ) ) ;
#932 = CIRCLE ( 'NONE', #939, 0.06470097413644283800 ) ;
#933 = DIRECTION ( 'NONE',  ( 1.000000000000000000, 0.0000000000000000000, 0.0000000000000000000 ) ) ;
#934 = VECTOR ( 'NONE', #933, 39.37007874015748100 ) ;
#935 = CARTESIAN_POINT ( 'NONE',  ( -0.04599999999999999900, 0.008700974136442881500, 0.0000000000000000000 ) ) ;
#936 = LINE ( 'NONE', #935, #934 ) ;
#937 = DIRECTION ( 'NONE',  ( -0.0000000000000000000, 1.000000000000000000, -0.0000000000000000000 ) ) ;
#938 = CARTESIAN_POINT ( 'NONE',  ( 0.0000000000000000000, 1.920830620545185200E-017, 0.0000000000000000000 ) ) ;
#939 = AXIS2_PLACEMENT_3D ( 'NONE', #938, #937, #931 ) ;
#940 = DIRECTION ( 'NONE',  ( 1.000000000000000000, 0.0000000000000000000, 0.0000000000000000000 ) ) ;
#941 = DIRECTION ( 'NONE',  ( -1.953552627048239500E-017, -1.000000000000000000, -0.0000000000000000000 ) ) ;
#942 = CARTESIAN_POINT ( 'NONE',  ( 3.734278604142550100E-018, 0.1911532124826826300, 0.0000000000000000000 ) ) ;
#943 = AXIS2_PLACEMENT_3D ( 'NONE', #942, #941, #940 ) ;
#944 = CYLINDRICAL_SURFACE ( 'NONE', #909, 0.05599999999999999400 ) ;
#945 = AXIS2_PLACEMENT_3D ( 'NONE', #879, #923, #922 ) ;
#946 = DIRECTION ( 'NONE',  ( 0.8660254037844398200, -0.4999999999999977200, 0.0000000000000000000 ) ) ;
#947 = VECTOR ( 'NONE', #946, 39.37007874015748100 ) ;
#948 = CARTESIAN_POINT ( 'NONE',  ( 6.515120971463920700E-017, 0.2180000000000000300, 0.0000000000000000000 ) ) ;
#949 = PLANE ( 'NONE',  #863 ) ;
#950 = FACE_OUTER_BOUND ( 'NONE', #176, .T. ) ;
#951 = FACE_OUTER_BOUND ( 'NONE', #122, .T. ) ;
#952 = DIRECTION ( 'NONE',  ( 1.000000000000000000, 0.0000000000000000000, 0.0000000000000000000 ) ) ;
#953 = CARTESIAN_POINT ( 'NONE',  ( 0.04650000000000000000, -9.084019715774314300E-019, 0.0000000000000000000 ) ) ;
#954 = LINE ( 'NONE', #953, #852 ) ;
#955 = CONICAL_SURFACE ( 'NONE', #957, 0.05600000000000000800, 0.7853981633974461700 ) ;
#956 = CARTESIAN_POINT ( 'NONE',  ( 0.0000000000000000000, 0.008700974136442881500, 0.0000000000000000000 ) ) ;
#957 = AXIS2_PLACEMENT_3D ( 'NONE', #956, #874, #873 ) ;
#958 = FACE_OUTER_BOUND ( 'NONE', #125, .T. ) ;
#959 = CARTESIAN_POINT ( 'NONE',  ( -0.05600000000000000800, 0.05899999999999989300, 2.743118232562125200E-017 ) ) ;
#960 = VECTOR ( 'NONE', #1099, 39.37007874015748100 ) ;
#961 = CARTESIAN_POINT ( 'NONE',  ( 0.0000000000000000000, 0.008700974136442881500, -0.05600000000000000800 ) ) ;
#962 = CARTESIAN_POINT ( 'NONE',  ( -0.05600000000000000100, 0.08608333333333316500, -0.03233161507461903400 ) ) ;
#963 = CARTESIAN_POINT ( 'NONE',  ( -0.05600000000000000800, 0.08399999999999983900, 0.0000000000000000000 ) ) ;
#964 = CARTESIAN_POINT ( 'NONE',  ( -0.05599999999999998700, 0.08191666666666651300, 0.03233161507461907600 ) ) ;
#965 = CARTESIAN_POINT ( 'NONE',  ( -0.02799999999999996600, 0.07983333333333320100, 0.04849742261192858900 ) ) ;
#966 = CARTESIAN_POINT ( 'NONE',  ( 9.973787494721558300E-018, 0.07774999999999986100, 0.06466323014923809600 ) ) ;
#967 = CARTESIAN_POINT ( 'NONE',  ( 0.02800000000000002800, 0.07566666666666652100, 0.04849742261192855500 ) ) ;
#968 = CARTESIAN_POINT ( 'NONE',  ( 0.05600000000000000100, 0.07358333333333319500, 0.03233161507461902700 ) ) ;
#969 = CARTESIAN_POINT ( 'NONE',  ( 0.05600000000000000800, 0.07149999999999986900, -6.857795581405312900E-018 ) ) ;
#970 = CARTESIAN_POINT ( 'NONE',  ( 0.05599999999999998700, 0.06941666666666654300, -0.03233161507461906900 ) ) ;
#971 = CARTESIAN_POINT ( 'NONE',  ( 0.02799999999999999000, 0.06733333333333321700, -0.04849742261192856900 ) ) ;
#972 = CARTESIAN_POINT ( 'NONE',  ( -5.557461416709982700E-018, 0.06524999999999987800, -0.06466323014923809600 ) ) ;
#973 = CARTESIAN_POINT ( 'NONE',  ( -0.02800000000000000800, 0.06316666666666655200, -0.04849742261192856200 ) ) ;
#974 = CARTESIAN_POINT ( 'NONE',  ( -0.05600000000000000100, 0.06108333333333322600, -0.03233161507461903400 ) ) ;
#975 = CARTESIAN_POINT ( 'NONE',  ( -0.05600000000000000800, 0.05899999999999989300, 0.0000000000000000000 ) ) ;
#976 = CARTESIAN_POINT ( 'NONE',  ( -0.05599999999999998700, 0.05691666666666656000, 0.03233161507461907600 ) ) ;
#977 = CARTESIAN_POINT ( 'NONE',  ( -0.02799999999999996600, 0.05483333333333323400, 0.04849742261192858900 ) ) ;
#978 = CARTESIAN_POINT ( 'NONE',  ( 1.058609067163274500E-017, 0.05274999999999990100, 0.06466323014923809600 ) ) ;
#979 = CARTESIAN_POINT ( 'NONE',  ( 0.02800000000000002800, 0.05066666666666658200, 0.04849742261192855500 ) ) ;
#980 = CARTESIAN_POINT ( 'NONE',  ( 0.05600000000000000100, 0.04858333333333324900, 0.03233161507461902700 ) ) ;
#981 = CARTESIAN_POINT ( 'NONE',  ( 0.05600000000000000800, 0.04649999999999991600, -6.857795581405312900E-018 ) ) ;
#982 = CARTESIAN_POINT ( 'NONE',  ( 0.05599999999999998700, 0.04441666666666659700, -0.03233161507461906900 ) ) ;
#983 = CARTESIAN_POINT ( 'NONE',  ( 0.02799999999999999000, 0.04233333333333326500, -0.04849742261192856900 ) ) ;
#984 = CARTESIAN_POINT ( 'NONE',  ( -4.945158239798794800E-018, 0.04024999999999993200, -0.06466323014923809600 ) ) ;
#985 = CARTESIAN_POINT ( 'NONE',  ( -0.02800000000000000800, 0.03816666666666659900, -0.04849742261192856200 ) ) ;
#986 = CARTESIAN_POINT ( 'NONE',  ( -0.05600000000000000100, 0.03608333333333327300, -0.03233161507461903400 ) ) ;
#987 = CARTESIAN_POINT ( 'NONE',  ( -0.05600000000000000800, 0.03399999999999994700, 0.0000000000000000000 ) ) ;
#988 = CARTESIAN_POINT ( 'NONE',  ( -0.05599999999999998700, 0.03191666666666661400, 0.03233161507461907600 ) ) ;
#989 = LINE ( 'NONE', #1091, #1012 ) ;
#990 = DIRECTION ( 'NONE',  ( 0.0000000000000000000, 0.0000000000000000000, 1.000000000000000000 ) ) ;
#991 = DIRECTION ( 'NONE',  ( -0.7432941462471665000, 0.6689647316224494000, -5.700335689527835300E-014 ) ) ;
#992 = VECTOR ( 'NONE', #991, 39.37007874015748900 ) ;
#993 = CARTESIAN_POINT ( 'NONE',  ( -0.05600000000000000800, 0.1590000000000000000, -4.294649705305353600E-015 ) ) ;
#994 = LINE ( 'NONE', #993, #992 ) ;
#995 = LINE ( 'NONE', #961, #960 ) ;
#996 = FACE_OUTER_BOUND ( 'NONE', #250, .T. ) ;
#997 = CARTESIAN_POINT ( 'NONE',  ( 0.1443375672974065200, 0.0000000000000000000, -3.414809992080329000E-017 ) ) ;
#998 = CARTESIAN_POINT ( 'NONE',  ( 5.543255847775539800E-018, 0.4250000000000001000, -0.05369357503463514200 ) ) ;
#999 = FACE_OUTER_BOUND ( 'NONE', #172, .T. ) ;
#1000 = CARTESIAN_POINT ( 'NONE',  ( 0.03106758171745925200, 0.008700974136443056700, 0.04507396793565896000 ) ) ;
#1001 = DIRECTION ( 'NONE',  ( 1.000000000000000000, -1.953552627048239500E-017, 0.0000000000000000000 ) ) ;
#1002 = DIRECTION ( 'NONE',  ( -1.953552627048239500E-017, -1.000000000000000000, 0.0000000000000000000 ) ) ;
#1003 = CARTESIAN_POINT ( 'NONE',  ( 0.05599999999999999400, 0.1611532124826826100, 0.0000000000000000000 ) ) ;
#1004 = AXIS2_PLACEMENT_3D ( 'NONE', #1003, #1002, #1001 ) ;
#1005 = CARTESIAN_POINT ( 'NONE',  ( 7.923322402598518800E-018, 1.920830620545185200E-017, 0.06470097413644283800 ) ) ;
#1006 = DIRECTION ( 'NONE',  ( 8.659274570719336900E-017, -0.7071067811865490200, 0.7071067811865460200 ) ) ;
#1007 = VECTOR ( 'NONE', #1006, 39.37007874015748100 ) ;
#1008 = CARTESIAN_POINT ( 'NONE',  ( 6.857795581405312900E-018, 0.008700974136442881500, 0.05600000000000000800 ) ) ;
#1009 = LINE ( 'NONE', #1008, #1007 ) ;
#1010 = CARTESIAN_POINT ( 'NONE',  ( 0.07216878364870325800, 0.0000000000000000000, 0.1250000000000001100 ) ) ;
#1011 = DIRECTION ( 'NONE',  ( 0.4999999999999998300, 0.0000000000000000000, -0.8660254037844388200 ) ) ;
#1012 = VECTOR ( 'NONE', #1011, 39.37007874015748900 ) ;
#1013 = CARTESIAN_POINT ( 'NONE',  ( -5.242308641902466600E-018, 0.08124999999999982200, -0.05311622476544556500 ) ) ;
#1014 = CARTESIAN_POINT ( 'NONE',  ( -0.02300000000000000300, 0.07916666666666651000, -0.03983716857408417500 ) ) ;
#1015 = CARTESIAN_POINT ( 'NONE',  ( -0.04599999999999999900, 0.07708333333333317100, -0.02655811238272277900 ) ) ;
#1016 = CARTESIAN_POINT ( 'NONE',  ( -0.04599999999999999900, 0.07499999999999984500, 0.0000000000000000000 ) ) ;
#1017 = CARTESIAN_POINT ( 'NONE',  ( -0.04599999999999997800, 0.07291666666666651900, 0.02655811238272280700 ) ) ;
#1018 = CARTESIAN_POINT ( 'NONE',  ( -0.02299999999999997200, 0.07083333333333319300, 0.03983716857408419600 ) ) ;
#1019 = CARTESIAN_POINT ( 'NONE',  ( 8.073136214317556600E-018, 0.06874999999999986700, 0.05311622476544556500 ) ) ;
#1020 = CARTESIAN_POINT ( 'NONE',  ( 0.02300000000000002000, 0.06666666666666652700, 0.03983716857408416100 ) ) ;
#1021 = CARTESIAN_POINT ( 'NONE',  ( 0.04599999999999999900, 0.06458333333333320100, 0.02655811238272277200 ) ) ;
#1022 = CARTESIAN_POINT ( 'NONE',  ( 0.04599999999999999900, 0.06249999999999986800, -5.633189227582935500E-018 ) ) ;
#1023 = CARTESIAN_POINT ( 'NONE',  ( 0.04599999999999997800, 0.06041666666666654200, -0.02655811238272280700 ) ) ;
#1024 = CARTESIAN_POINT ( 'NONE',  ( 0.02299999999999999300, 0.05833333333333321600, -0.03983716857408418200 ) ) ;
#1025 = CARTESIAN_POINT ( 'NONE',  ( -4.630005464991280200E-018, 0.05624999999999988300, -0.05311622476544556500 ) ) ;
#1026 = CARTESIAN_POINT ( 'NONE',  ( -0.02300000000000000300, 0.05416666666666655700, -0.03983716857408417500 ) ) ;
#1027 = CARTESIAN_POINT ( 'NONE',  ( -0.04599999999999999900, 0.05208333333333323200, -0.02655811238272277900 ) ) ;
#1028 = CARTESIAN_POINT ( 'NONE',  ( -0.04599999999999999900, 0.04999999999999989200, 0.0000000000000000000 ) ) ;
#1029 = CARTESIAN_POINT ( 'NONE',  ( -0.04599999999999997800, 0.04791666666666657300, 0.02655811238272280700 ) ) ;
#1030 = CARTESIAN_POINT ( 'NONE',  ( -0.02299999999999997200, 0.04583333333333324000, 0.03983716857408419600 ) ) ;
#1031 = CARTESIAN_POINT ( 'NONE',  ( 8.685439391228744500E-018, 0.04374999999999991400, 0.05311622476544556500 ) ) ;
#1032 = CARTESIAN_POINT ( 'NONE',  ( 0.02300000000000002000, 0.04166666666666658800, 0.03983716857408416100 ) ) ;
#1033 = CARTESIAN_POINT ( 'NONE',  ( 0.04599999999999999900, 0.03958333333333326200, 0.02655811238272277200 ) ) ;
#1034 = CARTESIAN_POINT ( 'NONE',  ( 0.04599999999999999900, 0.03749999999999992200, -5.633189227582935500E-018 ) ) ;
#1035 = CARTESIAN_POINT ( 'NONE',  ( 0.04599999999999997800, 0.03541666666666659600, -0.02655811238272280700 ) ) ;
#1036 = CARTESIAN_POINT ( 'NONE',  ( 0.02299999999999999300, 0.03333333333333326300, -0.03983716857408418200 ) ) ;
#1037 = CARTESIAN_POINT ( 'NONE',  ( -4.017702288080092200E-018, 0.03124999999999993100, -0.05311622476544556500 ) ) ;
#1038 = CARTESIAN_POINT ( 'NONE',  ( -0.02300000000000000300, 0.02916666666666660500, -0.03983716857408417500 ) ) ;
#1039 = CARTESIAN_POINT ( 'NONE',  ( -0.04599999999999999900, 0.02708333333333327200, -0.02655811238272277900 ) ) ;
#1040 = CARTESIAN_POINT ( 'NONE',  ( 0.01409890760620718100, 0.008700974136442881500, 0.05419613274313616500 ) ) ;
#1041 = CARTESIAN_POINT ( 'NONE',  ( 0.02301402026696648000, 0.008700974136443056700, 0.05044814694576846300 ) ) ;
#1042 = CARTESIAN_POINT ( 'NONE',  ( -0.05566774904049209800, 0.008700974136442881500, -2.840477799284569200E-021 ) ) ;
#1043 = B_SPLINE_CURVE_WITH_KNOTS ( 'NONE', 3,
 ( #1180, #1179, #1172, #1171, #1177, #1176, #1182, #1181, #1073, #1072 ),
 .UNSPECIFIED., .F., .F.,
 ( 4, 2, 2, 2, 4 ),
 ( 0.0000000000000000000, 0.0007095657933674645000, 0.001419131586734929000, 0.002128697380102393700, 0.002838263173469858000 ),
 .UNSPECIFIED. ) ;
#1044 = CARTESIAN_POINT ( 'NONE',  ( 0.01870210907914818300, 0.008700974136442879800, 0.05259704763806872400 ) ) ;
#1045 = CARTESIAN_POINT ( 'NONE',  ( 3.148212816028078300E-018, 0.1611532124826826300, 0.0000000000000000000 ) ) ;
#1046 = CIRCLE ( 'NONE', #1175, 0.04649999999999999300 ) ;
#1047 = FACE_OUTER_BOUND ( 'NONE', #225, .T. ) ;
#1048 = CARTESIAN_POINT ( 'NONE',  ( 0.0000000000000000000, 1.920830620545185200E-017, -0.06470097413644283800 ) ) ;
#1049 = DIRECTION ( 'NONE',  ( 0.0000000000000000000, 0.0000000000000000000, -1.000000000000000000 ) ) ;
#1050 = AXIS2_PLACEMENT_3D ( 'NONE', #1170, #1169, #1049 ) ;
#1051 = DIRECTION ( 'NONE',  ( -0.4999999999999998300, 0.0000000000000000000, 0.8660254037844388200 ) ) ;
#1052 = VECTOR ( 'NONE', #1051, 39.37007874015748900 ) ;
#1053 = CARTESIAN_POINT ( 'NONE',  ( -0.07216878364870328600, 0.0000000000000000000, -0.1250000000000001100 ) ) ;
#1054 = CARTESIAN_POINT ( 'NONE',  ( 0.05124576928551378300, 0.008700974136442990800, 0.002604464300020900400 ) ) ;
#1055 = CARTESIAN_POINT ( 'NONE',  ( 8.136877963987996000E-018, 0.1527499999999996900, 0.06466323014923809600 ) ) ;
#1056 = CARTESIAN_POINT ( 'NONE',  ( 0.02800000000000002500, 0.1506666666666663900, 0.04849742261192855500 ) ) ;
#1057 = CARTESIAN_POINT ( 'NONE',  ( 0.05600000000000000100, 0.1485833333333330700, 0.03233161507461902700 ) ) ;
#1058 = CARTESIAN_POINT ( 'NONE',  ( 0.05600000000000000800, 0.1464999999999997100, -6.857795581405312900E-018 ) ) ;
#1059 = CARTESIAN_POINT ( 'NONE',  ( 0.05599999999999998700, 0.1444166666666663900, -0.03233161507461906900 ) ) ;
#1060 = CARTESIAN_POINT ( 'NONE',  ( 0.02799999999999998700, 0.1423333333333330600, -0.04849742261192856900 ) ) ;
#1061 = CARTESIAN_POINT ( 'NONE',  ( -7.394370947443545800E-018, 0.1402499999999997400, -0.06466323014923809600 ) ) ;
#1062 = CARTESIAN_POINT ( 'NONE',  ( -0.02800000000000001100, 0.1381666666666664100, -0.04849742261192856200 ) ) ;
#1063 = CARTESIAN_POINT ( 'NONE',  ( -0.05600000000000000100, 0.1360833333333330800, -0.03233161507461903400 ) ) ;
#1064 = CARTESIAN_POINT ( 'NONE',  ( -0.05600000000000000800, 0.1339999999999997300, 0.0000000000000000000 ) ) ;
#1065 = CARTESIAN_POINT ( 'NONE',  ( -0.05599999999999998700, 0.1319166666666664000, 0.03233161507461907600 ) ) ;
#1066 = CARTESIAN_POINT ( 'NONE',  ( -0.02799999999999996900, 0.1298333333333330800, 0.04849742261192858900 ) ) ;
#1067 = CARTESIAN_POINT ( 'NONE',  ( 8.749181140899184000E-018, 0.1277499999999997800, 0.06466323014923809600 ) ) ;
#1068 = CARTESIAN_POINT ( 'NONE',  ( 0.02800000000000002500, 0.1256666666666664300, 0.04849742261192855500 ) ) ;
#1069 = CARTESIAN_POINT ( 'NONE',  ( 0.05600000000000000100, 0.1235833333333330900, 0.03233161507461902700 ) ) ;
#1070 = CARTESIAN_POINT ( 'NONE',  ( 0.05600000000000000800, 0.1214999999999997600, -6.857795581405312900E-018 ) ) ;
#1071 = CARTESIAN_POINT ( 'NONE',  ( 0.05599999999999998700, 0.1194166666666664500, -0.03233161507461906900 ) ) ;
#1072 = CARTESIAN_POINT ( 'NONE',  ( 0.02683257148966114800, 0.008700974136442879800, -0.03736325878790853300 ) ) ;
#1073 = CARTESIAN_POINT ( 'NONE',  ( 0.01971520278821839400, 0.008700974136442881500, -0.04353383332351383500 ) ) ;
#1074 = CARTESIAN_POINT ( 'NONE',  ( -0.04599999999999999900, 0.02499999999999994600, 0.0000000000000000000 ) ) ;
#1075 = CARTESIAN_POINT ( 'NONE',  ( -0.04599999999999997800, 0.02291666666666661600, 0.02655811238272280700 ) ) ;
#1076 = CARTESIAN_POINT ( 'NONE',  ( -0.02299999999999997200, 0.02083333333333329100, 0.03983716857408419600 ) ) ;
#1077 = CARTESIAN_POINT ( 'NONE',  ( 9.297742568139932500E-018, 0.01874999999999996100, 0.05311622476544556500 ) ) ;
#1078 = CARTESIAN_POINT ( 'NONE',  ( 0.02300000000000002000, 0.01666666666666663200, 0.03983716857408416100 ) ) ;
#1079 = CARTESIAN_POINT ( 'NONE',  ( 0.04599999999999999900, 0.01458333333333330200, 0.02655811238272277200 ) ) ;
#1080 = CARTESIAN_POINT ( 'NONE',  ( 0.04599999999999999900, 0.01249999999999997300, -5.633189227582935500E-018 ) ) ;
#1081 = CARTESIAN_POINT ( 'NONE',  ( 0.04599999999999997800, 0.01041666666666664500, -0.02655811238272280700 ) ) ;
#1082 = CARTESIAN_POINT ( 'NONE',  ( 0.02299999999999999300, 0.008333333333333314100, -0.03983716857408418200 ) ) ;
#1083 = CARTESIAN_POINT ( 'NONE',  ( -3.405399111168903900E-018, 0.006249999999999984700, -0.05311622476544556500 ) ) ;
#1084 = CARTESIAN_POINT ( 'NONE',  ( -0.02300000000000000300, 0.004166666666666654500, -0.03983716857408417500 ) ) ;
#1085 = CARTESIAN_POINT ( 'NONE',  ( -0.04599999999999999900, 0.002083333333333325100, -0.02655811238272277900 ) ) ;
#1086 = CARTESIAN_POINT ( 'NONE',  ( -0.04599999999999999900, -4.268512490100411300E-018, 0.0000000000000000000 ) ) ;
#1087 = DIRECTION ( 'NONE',  ( -0.0000000000000000000, 1.000000000000000000, -0.0000000000000000000 ) ) ;
#1088 = CARTESIAN_POINT ( 'NONE',  ( 0.0000000000000000000, 1.920830620545185200E-017, 0.0000000000000000000 ) ) ;
#1089 = AXIS2_PLACEMENT_3D ( 'NONE', #1088, #1087, #990 ) ;
#1090 = CIRCLE ( 'NONE', #1089, 0.06470097413644283800 ) ;
#1091 = CARTESIAN_POINT ( 'NONE',  ( 0.07216878364870325800, 0.0000000000000000000, 0.1250000000000001100 ) ) ;
#1092 = CARTESIAN_POINT ( 'NONE',  ( 1.900010606560168600E-017, 0.4125000000000001400, 0.05369357503463514200 ) ) ;
#1093 = CARTESIAN_POINT ( 'NONE',  ( 0.02325000000000001000, 0.4145833333333334100, 0.04027018127597634800 ) ) ;
#1094 = CARTESIAN_POINT ( 'NONE',  ( 0.04649999999999996500, 0.4166666666666668000, 0.02684678751731756100 ) ) ;
#1095 = CARTESIAN_POINT ( 'NONE',  ( 0.04649999999999996500, 0.4187500000000000700, -5.694419545274049300E-018 ) ) ;
#1096 =( BOUNDED_SURFACE ( )  B_SPLINE_SURFACE ( 1, 2, ( 
 ( #1086, #1085, #1084, #1083, #1082, #1081, #1080, #1079, #1078, #1077, #1076, #1075, #1074, #1039, #1038, #1037, #1036, #1035, #1034, #1033, #1032, #1031, #1030, #1029, #1028, #1027, #1026, #1025, #1024, #1023, #1022, #1021, #1020, #1019, #1018, #1017, #1016, #1015, #1014, #1013, #1131, #1130, #1129, #1128, #1127, #1126, #1125, #1124, #1123, #1122, #1121, #1120, #1119, #1118, #1117, #1116, #1115, #1114, #1113, #1112, #1111, #1110, #1109, #1108, #1107, #1106, #1105, #1104, #1103, #1102, #1164, #1163, #1162 ),
 ( #1161, #1160, #1159, #1158, #1157, #1156, #1155, #1154, #1153, #1152, #1151, #988, #987, #986, #985, #984, #983, #982, #981, #980, #979, #978, #977, #976, #975, #974, #973, #972, #971, #970, #969, #968, #967, #966, #965, #964, #963, #962, #1146, #1145, #1144, #1143, #1142, #1141, #1140, #1139, #1138, #1137, #1136, #1135, #1134, #1133, #1132, #1071, #1070, #1069, #1068, #1067, #1066, #1065, #1064, #1063, #1062, #1061, #1060, #1059, #1058, #1057, #1056, #1055, #553, #681, #680 ) ),
 .UNSPECIFIED., .F., .F., .T. ) 
 B_SPLINE_SURFACE_WITH_KNOTS ( ( 2, 2 ),
 ( 3, 2, 2, 2, 2, 2, 2, 2, 2, 2, 2, 2, 2, 2, 2, 2, 2, 2, 2, 2, 2, 2, 2, 2, 2, 2, 2, 2, 2, 2, 2, 2, 2, 2, 2, 2, 3 ),
 ( 0.0000000000000000000, 1.000000000000000000 ),
 ( 0.0000000000000000000, 0.02777777777777777600, 0.05555555555555555200, 0.08333333333333332900, 0.1111111111111111000, 0.1388888888888889000, 0.1666666666666666600, 0.1944444444444444200, 0.2222222222222222100, 0.2500000000000000000, 0.2777777777777777900, 0.3055555555555555200, 0.3333333333333333100, 0.3611111111111111000, 0.3888888888888888400, 0.4166666666666666300, 0.4444444444444444200, 0.4722222222222222100, 0.5000000000000000000, 0.5277777777777777900, 0.5555555555555555800, 0.5833333333333332600, 0.6111111111111110500, 0.6388888888888888400, 0.6666666666666666300, 0.6944444444444444200, 0.7222222222222222100, 0.7500000000000000000, 0.7777777777777776800, 0.8055555555555554700, 0.8333333333333332600, 0.8611111111111110500, 0.8888888888888888400, 0.9166666666666666300, 0.9444444444444444200, 0.9722222222222222100, 1.000000000000000000 ),
 .UNSPECIFIED. ) 
 GEOMETRIC_REPRESENTATION_ITEM ( )  RATIONAL_B_SPLINE_SURFACE ( (
 ( 1.000000000000000000, 0.8660254037844387100, 1.000000000000000000, 0.8660254037844387100, 1.000000000000000000, 0.8660254037844387100, 1.000000000000000000, 0.8660254037844387100, 1.000000000000000000, 0.8660254037844387100, 1.000000000000000000, 0.8660254037844387100, 1.000000000000000000, 0.8660254037844387100, 1.000000000000000000, 0.8660254037844387100, 1.000000000000000000, 0.8660254037844387100, 1.000000000000000000, 0.8660254037844387100, 1.000000000000000000, 0.8660254037844387100, 1.000000000000000000, 0.8660254037844387100, 1.000000000000000000, 0.8660254037844387100, 1.000000000000000000, 0.8660254037844387100, 1.000000000000000000, 0.8660254037844387100, 1.000000000000000000, 0.8660254037844387100, 1.000000000000000000, 0.8660254037844387100, 1.000000000000000000, 0.8660254037844387100, 1.000000000000000000, 0.8660254037844387100, 1.000000000000000000, 0.8660254037844387100, 1.000000000000000000, 0.8660254037844387100, 1.000000000000000000, 0.8660254037844387100, 1.000000000000000000, 0.8660254037844387100, 1.000000000000000000, 0.8660254037844387100, 1.000000000000000000, 0.8660254037844387100, 1.000000000000000000, 0.8660254037844387100, 1.000000000000000000, 0.8660254037844387100, 1.000000000000000000, 0.8660254037844387100, 1.000000000000000000, 0.8660254037844387100, 1.000000000000000000, 0.8660254037844387100, 1.000000000000000000, 0.8660254037844387100, 1.000000000000000000, 0.8660254037844387100, 1.000000000000000000, 0.8660254037844387100, 1.000000000000000000, 0.8660254037844387100, 1.000000000000000000, 0.8660254037844387100, 1.000000000000000000, 0.8660254037844387100, 1.000000000000000000),
 ( 1.000000000000000000, 0.8660254037844387100, 1.000000000000000000, 0.8660254037844387100, 1.000000000000000000, 0.8660254037844387100, 1.000000000000000000, 0.8660254037844387100, 1.000000000000000000, 0.8660254037844387100, 1.000000000000000000, 0.8660254037844387100, 1.000000000000000000, 0.8660254037844387100, 1.000000000000000000, 0.8660254037844387100, 1.000000000000000000, 0.8660254037844387100, 1.000000000000000000, 0.8660254037844387100, 1.000000000000000000, 0.8660254037844387100, 1.000000000000000000, 0.8660254037844387100, 1.000000000000000000, 0.8660254037844387100, 1.000000000000000000, 0.8660254037844387100, 1.000000000000000000, 0.8660254037844387100, 1.000000000000000000, 0.8660254037844387100, 1.000000000000000000, 0.8660254037844387100, 1.000000000000000000, 0.8660254037844387100, 1.000000000000000000, 0.8660254037844387100, 1.000000000000000000, 0.8660254037844387100, 1.000000000000000000, 0.8660254037844387100, 1.000000000000000000, 0.8660254037844387100, 1.000000000000000000, 0.8660254037844387100, 1.000000000000000000, 0.8660254037844387100, 1.000000000000000000, 0.8660254037844387100, 1.000000000000000000, 0.8660254037844387100, 1.000000000000000000, 0.8660254037844387100, 1.000000000000000000, 0.8660254037844387100, 1.000000000000000000, 0.8660254037844387100, 1.000000000000000000, 0.8660254037844387100, 1.000000000000000000, 0.8660254037844387100, 1.000000000000000000, 0.8660254037844387100, 1.000000000000000000, 0.8660254037844387100, 1.000000000000000000, 0.8660254037844387100, 1.000000000000000000, 0.8660254037844387100, 1.000000000000000000, 0.8660254037844387100, 1.000000000000000000) ) ) 
 REPRESENTATION_ITEM ( '' )  SURFACE ( )  );
#1097 = CARTESIAN_POINT ( 'NONE',  ( 0.04649999999999995100, 0.4208333333333333900, -0.02684678751731759200 ) ) ;
#1098 = CARTESIAN_POINT ( 'NONE',  ( 0.02324999999999997900, 0.4229166666666667200, -0.04027018127597636200 ) ) ;
#1099 = DIRECTION ( 'NONE',  ( 0.0000000000000000000, -0.7071067811865490200, -0.7071067811865460200 ) ) ;
#1100 = CARTESIAN_POINT ( 'NONE',  ( 0.04409718020050057400, 0.008700974136442730600, 0.03085169802212970800 ) ) ;
#1101 = LINE ( 'NONE', #1053, #1052 ) ;
#1102 = CARTESIAN_POINT ( 'NONE',  ( 6.236226683583995000E-018, 0.1437499999999997100, 0.05311622476544556500 ) ) ;
#1103 = CARTESIAN_POINT ( 'NONE',  ( 0.02300000000000001700, 0.1416666666666663900, 0.03983716857408416100 ) ) ;
#1104 = CARTESIAN_POINT ( 'NONE',  ( 0.04599999999999999900, 0.1395833333333330300, 0.02655811238272277200 ) ) ;
#1105 = CARTESIAN_POINT ( 'NONE',  ( 0.04599999999999999900, 0.1374999999999997300, -5.633189227582935500E-018 ) ) ;
#1106 = CARTESIAN_POINT ( 'NONE',  ( 0.04599999999999997800, 0.1354166666666664100, -0.02655811238272280700 ) ) ;
#1107 = CARTESIAN_POINT ( 'NONE',  ( 0.02299999999999998900, 0.1333333333333330500, -0.03983716857408418200 ) ) ;
#1108 = CARTESIAN_POINT ( 'NONE',  ( -6.466914995724842500E-018, 0.1312499999999997300, -0.05311622476544556500 ) ) ;
#1109 = CARTESIAN_POINT ( 'NONE',  ( -0.02300000000000001000, 0.1291666666666664000, -0.03983716857408417500 ) ) ;
#1110 = CARTESIAN_POINT ( 'NONE',  ( -0.04599999999999999900, 0.1270833333333331000, -0.02655811238272277900 ) ) ;
#1111 = CARTESIAN_POINT ( 'NONE',  ( -0.04599999999999999900, 0.1249999999999997400, 0.0000000000000000000 ) ) ;
#1112 = CARTESIAN_POINT ( 'NONE',  ( -0.04599999999999997800, 0.1229166666666664200, 0.02655811238272280700 ) ) ;
#1113 = CARTESIAN_POINT ( 'NONE',  ( -0.02299999999999997500, 0.1208333333333331000, 0.03983716857408419600 ) ) ;
#1114 = CARTESIAN_POINT ( 'NONE',  ( 6.848529860495183000E-018, 0.1187499999999997600, 0.05311622476544556500 ) ) ;
#1115 = CARTESIAN_POINT ( 'NONE',  ( 0.02300000000000001700, 0.1166666666666664300, 0.03983716857408416100 ) ) ;
#1116 = CARTESIAN_POINT ( 'NONE',  ( 0.04599999999999999900, 0.1145833333333330900, 0.02655811238272277200 ) ) ;
#1117 = CARTESIAN_POINT ( 'NONE',  ( 0.04599999999999999900, 0.1124999999999997700, -5.633189227582935500E-018 ) ) ;
#1118 = CARTESIAN_POINT ( 'NONE',  ( 0.04599999999999997800, 0.1104166666666664500, -0.02655811238272280700 ) ) ;
#1119 = CARTESIAN_POINT ( 'NONE',  ( 0.02299999999999998900, 0.1083333333333331100, -0.03983716857408418200 ) ) ;
#1120 = CARTESIAN_POINT ( 'NONE',  ( -5.854611818813654600E-018, 0.1062499999999997900, -0.05311622476544556500 ) ) ;
#1121 = CARTESIAN_POINT ( 'NONE',  ( -0.02300000000000001000, 0.1041666666666664600, -0.03983716857408417500 ) ) ;
#1122 = CARTESIAN_POINT ( 'NONE',  ( -0.04599999999999999900, 0.1020833333333331400, -0.02655811238272277900 ) ) ;
#1123 = CARTESIAN_POINT ( 'NONE',  ( -0.04599999999999999900, 0.09999999999999979700, 0.0000000000000000000 ) ) ;
#1124 = CARTESIAN_POINT ( 'NONE',  ( -0.04599999999999997800, 0.09791666666666645800, 0.02655811238272280700 ) ) ;
#1125 = CARTESIAN_POINT ( 'NONE',  ( -0.02299999999999997500, 0.09583333333333314600, 0.03983716857408419600 ) ) ;
#1126 = CARTESIAN_POINT ( 'NONE',  ( 7.460833037406370200E-018, 0.09374999999999983300, 0.05311622476544556500 ) ) ;
#1127 = CARTESIAN_POINT ( 'NONE',  ( 0.02300000000000001700, 0.09166666666666648000, 0.03983716857408416100 ) ) ;
#1128 = CARTESIAN_POINT ( 'NONE',  ( 0.04599999999999999900, 0.08958333333333315400, 0.02655811238272277200 ) ) ;
#1129 = CARTESIAN_POINT ( 'NONE',  ( 0.04599999999999999900, 0.08749999999999981400, -5.633189227582935500E-018 ) ) ;
#1130 = CARTESIAN_POINT ( 'NONE',  ( 0.04599999999999997800, 0.08541666666666650200, -0.02655811238272280700 ) ) ;
#1131 = CARTESIAN_POINT ( 'NONE',  ( 0.02299999999999999300, 0.08333333333333317600, -0.03983716857408418200 ) ) ;
#1132 = CARTESIAN_POINT ( 'NONE',  ( 0.02799999999999998700, 0.1173333333333331100, -0.04849742261192856900 ) ) ;
#1133 = CARTESIAN_POINT ( 'NONE',  ( -6.782067770532358600E-018, 0.1152499999999997800, -0.06466323014923809600 ) ) ;
#1134 = CARTESIAN_POINT ( 'NONE',  ( -0.02800000000000001100, 0.1131666666666664600, -0.04849742261192856200 ) ) ;
#1135 = CARTESIAN_POINT ( 'NONE',  ( -0.05600000000000000100, 0.1110833333333331300, -0.03233161507461903400 ) ) ;
#1136 = CARTESIAN_POINT ( 'NONE',  ( -0.05600000000000000800, 0.1089999999999997900, 0.0000000000000000000 ) ) ;
#1137 = CARTESIAN_POINT ( 'NONE',  ( -0.05599999999999998700, 0.1069166666666664500, 0.03233161507461907600 ) ) ;
#1138 = CARTESIAN_POINT ( 'NONE',  ( -0.02799999999999996900, 0.1048333333333331400, 0.04849742261192858900 ) ) ;
#1139 = CARTESIAN_POINT ( 'NONE',  ( 9.361484317810371900E-018, 0.1027499999999998100, 0.06466323014923809600 ) ) ;
#1140 = CARTESIAN_POINT ( 'NONE',  ( 0.02800000000000002500, 0.1006666666666664700, 0.04849742261192855500 ) ) ;
#1141 = CARTESIAN_POINT ( 'NONE',  ( 0.05600000000000000100, 0.09858333333333314800, 0.03233161507461902700 ) ) ;
#1142 = CARTESIAN_POINT ( 'NONE',  ( 0.05600000000000000800, 0.09649999999999980800, -6.857795581405312900E-018 ) ) ;
#1143 = CARTESIAN_POINT ( 'NONE',  ( 0.05599999999999998700, 0.09441666666666649600, -0.03233161507461906900 ) ) ;
#1144 = CARTESIAN_POINT ( 'NONE',  ( 0.02799999999999999000, 0.09233333333333317000, -0.04849742261192856900 ) ) ;
#1145 = CARTESIAN_POINT ( 'NONE',  ( -6.169764593621170700E-018, 0.09024999999999981600, -0.06466323014923809600 ) ) ;
#1146 = CARTESIAN_POINT ( 'NONE',  ( -0.02800000000000000800, 0.08816666666666650400, -0.04849742261192856200 ) ) ;
#1147 = CARTESIAN_POINT ( 'NONE',  ( 0.03472040406012010700, 0.008700974136442730600, 0.04183220313469357400 ) ) ;
#1148 = CARTESIAN_POINT ( 'NONE',  ( 0.03524233747763203000, 0.008700974136442885000, -0.03242061473707720500 ) ) ;
#1149 = FACE_BOUND ( 'NONE', #138, .T. ) ;
#1150 = CARTESIAN_POINT ( 'NONE',  ( 0.04193406748596012500, 0.008700974136442874600, -0.02500023587255574900 ) ) ;
#1151 = CARTESIAN_POINT ( 'NONE',  ( -0.02799999999999996600, 0.02983333333333328500, 0.04849742261192858900 ) ) ;
#1152 = CARTESIAN_POINT ( 'NONE',  ( 1.119839384854393400E-017, 0.02774999999999995500, 0.06466323014923809600 ) ) ;
#1153 = CARTESIAN_POINT ( 'NONE',  ( 0.02800000000000002800, 0.02566666666666662900, 0.04849742261192855500 ) ) ;
#1154 = CARTESIAN_POINT ( 'NONE',  ( 0.05600000000000000100, 0.02358333333333330300, 0.03233161507461902700 ) ) ;
#1155 = CARTESIAN_POINT ( 'NONE',  ( 0.05600000000000000800, 0.02149999999999997100, -6.857795581405312900E-018 ) ) ;
#1156 = CARTESIAN_POINT ( 'NONE',  ( 0.05599999999999998700, 0.01941666666666664100, -0.03233161507461906900 ) ) ;
#1157 = CARTESIAN_POINT ( 'NONE',  ( 0.02799999999999999000, 0.01733333333333331200, -0.04849742261192856900 ) ) ;
#1158 = CARTESIAN_POINT ( 'NONE',  ( -4.332855062887608400E-018, 0.01524999999999998200, -0.06466323014923809600 ) ) ;
#1159 = CARTESIAN_POINT ( 'NONE',  ( -0.02800000000000000800, 0.01316666666666665100, -0.04849742261192856200 ) ) ;
#1160 = CARTESIAN_POINT ( 'NONE',  ( -0.05600000000000000100, 0.01108333333333332000, -0.03233161507461903400 ) ) ;
#1161 = CARTESIAN_POINT ( 'NONE',  ( -0.05600000000000000800, 0.008999999999999992400, 0.0000000000000000000 ) ) ;
#1162 = CARTESIAN_POINT ( 'NONE',  ( -0.04599999999999999900, 0.1499999999999996900, 0.0000000000000000000 ) ) ;
#1163 = CARTESIAN_POINT ( 'NONE',  ( -0.04599999999999997800, 0.1479166666666663600, 0.02655811238272280700 ) ) ;
#1164 = CARTESIAN_POINT ( 'NONE',  ( -0.02299999999999997500, 0.1458333333333330400, 0.03983716857408419600 ) ) ;
#1165 = CARTESIAN_POINT ( 'NONE',  ( 0.04830996964416840000, 0.008700974136442994300, 0.02167778148335561300 ) ) ;
#1166 = PLANE ( 'NONE',  #1004 ) ;
#1167 = CONICAL_SURFACE ( 'NONE', #1050, 0.05600000000000000800, 0.7853981633974461700 ) ;
#1168 = CARTESIAN_POINT ( 'NONE',  ( 0.05004571928751133000, 0.008700974136442874600, -0.007389503721809923000 ) ) ;
#1169 = DIRECTION ( 'NONE',  ( 0.0000000000000000000, -1.000000000000000000, 0.0000000000000000000 ) ) ;
#1170 = CARTESIAN_POINT ( 'NONE',  ( 0.0000000000000000000, 0.008700974136442881500, 0.0000000000000000000 ) ) ;
#1171 = CARTESIAN_POINT ( 'NONE',  ( -0.04136152661599704100, 0.008700974136442885000, -0.03380404332593355700 ) ) ;
#1172 = CARTESIAN_POINT ( 'NONE',  ( -0.05182041557032825800, 0.008700974136442885000, -0.01842959196799194900 ) ) ;
#1173 = DIRECTION ( 'NONE',  ( 1.000000000000000000, 0.0000000000000000000, 0.0000000000000000000 ) ) ;
#1174 = DIRECTION ( 'NONE',  ( -1.953552627048239500E-017, -1.000000000000000000, -0.0000000000000000000 ) ) ;
#1175 = AXIS2_PLACEMENT_3D ( 'NONE', #1045, #1174, #1173 ) ;
#1176 = CARTESIAN_POINT ( 'NONE',  ( -0.01725998691077797200, 0.008700974136440602100, -0.04816496744947432200 ) ) ;
#1177 = CARTESIAN_POINT ( 'NONE',  ( -0.03400213068287281200, 0.008700974136440607300, -0.04012844649055237500 ) ) ;
#1178 = CARTESIAN_POINT ( 'NONE',  ( 0.02683257148966114800, 0.008700974136442879800, -0.03736325878790853300 ) ) ;
#1179 = CARTESIAN_POINT ( 'NONE',  ( -0.05499227934283404400, 0.008700974136442883200, -0.009378484198112395700 ) ) ;
#1180 = CARTESIAN_POINT ( 'NONE',  ( -0.05566774904049209800, 0.008700974136442881500, -2.840477799284569200E-021 ) ) ;
#1181 = CARTESIAN_POINT ( 'NONE',  ( 0.01083192066197346400, 0.008700974136442879800, -0.04736763929753948900 ) ) ;
#1182 = CARTESIAN_POINT ( 'NONE',  ( -0.007741256297771673800, 0.008700974136442879800, -0.04973523473317762600 ) ) ;
#1183 = CARTESIAN_POINT ( 'NONE',  ( 0.04599999999999999900, 0.01249999999999997100, -5.633189227582935500E-018 ) ) ;
#1184 = CARTESIAN_POINT ( 'NONE',  ( 0.04599999999999999200, 0.01064886328690324600, -0.02359809449385939800 ) ) ;
#1185 = CARTESIAN_POINT ( 'NONE',  ( 0.02683257148966114800, 0.008700974136442879800, -0.03736325878790853300 ) ) ;
#1186 = CARTESIAN_POINT ( 'NONE',  ( 0.0000000000000000000, 0.008700974136442881500, 0.0000000000000000000 ) ) ;
#1187 = AXIS2_PLACEMENT_3D ( 'NONE', #1186, #1413, #1412 ) ;
#1188 = CARTESIAN_POINT ( 'NONE',  ( 0.02299999999999995500, 0.05833333333333321600, -0.03983716857408421000 ) ) ;
#1189 = CARTESIAN_POINT ( 'NONE',  ( -1.250019611457403200E-016, 0.05624999999999987000, -0.05311622476544557200 ) ) ;
#1190 = CARTESIAN_POINT ( 'NONE',  ( -0.02300000000000006900, 0.05416666666666654400, -0.03983716857408414100 ) ) ;
#1191 = CARTESIAN_POINT ( 'NONE',  ( -0.04600000000000003400, 0.05208333333333322500, -0.02655811238272273400 ) ) ;
#1192 = CARTESIAN_POINT ( 'NONE',  ( -0.04599999999999999900, 0.04999999999999989200, 2.253275691033174200E-017 ) ) ;
#1193 = CARTESIAN_POINT ( 'NONE',  ( -0.04599999999999995100, 0.04791666666666655200, 0.02655811238272286200 ) ) ;
#1194 = CARTESIAN_POINT ( 'NONE',  ( -0.02299999999999995800, 0.04583333333333323300, 0.03983716857408419600 ) ) ;
#1195 = LINE ( 'NONE', #1320, #1411 ) ;
#1196 = CARTESIAN_POINT ( 'NONE',  ( -0.04599999999999998500, 0.02291666666666661600, 0.02655811238272281000 ) ) ;
#1197 = CARTESIAN_POINT ( 'NONE',  ( -0.02299999999999997200, 0.02083333333333329100, 0.03983716857408419600 ) ) ;
#1198 = CARTESIAN_POINT ( 'NONE',  ( 9.297742568139932500E-018, 0.01874999999999995800, 0.05311622476544557200 ) ) ;
#1199 = CARTESIAN_POINT ( 'NONE',  ( -0.04599999999999999900, 0.1499999999999998600, -1.730074850742058000E-015 ) ) ;
#1200 = CARTESIAN_POINT ( 'NONE',  ( -0.04599999999999988100, 0.1479166666666663600, 0.02655811238272299000 ) ) ;
#1201 = CARTESIAN_POINT ( 'NONE',  ( -0.02299999999999971200, 0.1458333333333330400, 0.03983716857408434200 ) ) ;
#1202 = CARTESIAN_POINT ( 'NONE',  ( 1.656360621676263400E-016, 0.1437499999999997400, 0.05311622476544557200 ) ) ;
#1203 = CARTESIAN_POINT ( 'NONE',  ( 0.02300000000000023900, 0.1416666666666663900, 0.03983716857408403600 ) ) ;
#1204 = CARTESIAN_POINT ( 'NONE',  ( 0.04600000000000005500, 0.1395833333333330600, 0.02655811238272269200 ) ) ;
#1205 = CARTESIAN_POINT ( 'NONE',  ( 0.04599999999999999900, 0.1374999999999997300, -2.253899107282353300E-016 ) ) ;
#1206 = CARTESIAN_POINT ( 'NONE',  ( 0.04599999999999998500, 0.1354166666666663800, -0.02655811238272282000 ) ) ;
#1207 = CARTESIAN_POINT ( 'NONE',  ( 0.04599999999999988800, 0.1104166666666664700, -0.02655811238272296300 ) ) ;
#1208 = CARTESIAN_POINT ( 'NONE',  ( 0.02299999999999986100, 0.1083333333333331100, -0.03983716857408425800 ) ) ;
#1209 = CARTESIAN_POINT ( 'NONE',  ( -1.522451540350916100E-016, 0.1062499999999997900, -0.05311622476544557200 ) ) ;
#1210 = CARTESIAN_POINT ( 'NONE',  ( -0.02300000000000009000, 0.1041666666666664600, -0.03983716857408413400 ) ) ;
#1211 = CARTESIAN_POINT ( 'NONE',  ( -0.04600000000000004100, 0.1020833333333331200, -0.02655811238272270900 ) ) ;
#1212 = CARTESIAN_POINT ( 'NONE',  ( -0.04599999999999999900, 0.09999999999999979700, 4.506551382066348400E-017 ) ) ;
#1213 = CARTESIAN_POINT ( 'NONE',  ( -0.04599999999999988800, 0.09791666666666648500, 0.02655811238272296300 ) ) ;
#1214 = CARTESIAN_POINT ( 'NONE',  ( -0.02299999999999987100, 0.09583333333333314600, 0.03983716857408425800 ) ) ;
#1215 = CARTESIAN_POINT ( 'NONE',  ( 1.408420819859198700E-016, 0.09374999999999983300, 0.05311622476544557200 ) ) ;
#1216 = CARTESIAN_POINT ( 'NONE',  ( -0.05600000000000000800, 0.04099999999999989800, 2.743118232562125200E-017 ) ) ;
#1217 = CARTESIAN_POINT ( 'NONE',  ( -0.05600000000000020900, 0.03891666666666658600, 0.03233161507461898600 ) ) ;
#1218 = CARTESIAN_POINT ( 'NONE',  ( -0.02799999999999995200, 0.03683333333333323200, 0.04849742261192859600 ) ) ;
#1219 = CARTESIAN_POINT ( 'NONE',  ( 2.686434945889593400E-017, 0.03474999999999990600, 0.06466323014923808200 ) ) ;
#1220 = CARTESIAN_POINT ( 'NONE',  ( 0.02800000000000007700, 0.03266666666666658700, 0.04849742261192852700 ) ) ;
#1221 = CARTESIAN_POINT ( 'NONE',  ( 0.05599999999999977200, 0.03058333333333326100, 0.03233161507461913800 ) ) ;
#1222 = CARTESIAN_POINT ( 'NONE',  ( 0.05600000000000000800, 0.02849999999999992500, -2.057338674421594100E-017 ) ) ;
#1223 = CARTESIAN_POINT ( 'NONE',  ( 0.02300000000000007600, 0.09166666666666648000, 0.03983716857408413400 ) ) ;
#1224 = CARTESIAN_POINT ( 'NONE',  ( 0.04600000000000004100, 0.08958333333333315400, 0.02655811238272271600 ) ) ;
#1225 = CARTESIAN_POINT ( 'NONE',  ( 0.04599999999999999900, 0.08749999999999981400, -3.943232459308054900E-017 ) ) ;
#1226 = CARTESIAN_POINT ( 'NONE',  ( 0.04599999999999990900, 0.08541666666666650200, -0.02655811238272295900 ) ) ;
#1227 = CARTESIAN_POINT ( 'NONE',  ( 0.02299999999999987100, 0.08333333333333317600, -0.03983716857408425200 ) ) ;
#1228 = CARTESIAN_POINT ( 'NONE',  ( -1.386235575904159300E-016, 0.08124999999999983600, -0.05311622476544557200 ) ) ;
#1229 = CARTESIAN_POINT ( 'NONE',  ( -0.02300000000000007600, 0.07916666666666651000, -0.03983716857408413400 ) ) ;
#1230 = CARTESIAN_POINT ( 'NONE',  ( -0.04600000000000003400, 0.07708333333333317100, -0.02655811238272272000 ) ) ;
#1231 = CARTESIAN_POINT ( 'NONE',  ( -0.04599999999999999900, 0.07499999999999984500, 3.379913536549761400E-017 ) ) ;
#1232 = CARTESIAN_POINT ( 'NONE',  ( 5.343053826368009100E-018, 0.4057500000000000600, -0.06466323014923809600 ) ) ;
#1233 = CARTESIAN_POINT ( 'NONE',  ( -0.02800000000000000400, 0.4078333333333334400, -0.04849742261192856900 ) ) ;
#1234 = CARTESIAN_POINT ( 'NONE',  ( -0.05600000000000000100, 0.4099166666666667100, -0.03233161507461904800 ) ) ;
#1235 = CARTESIAN_POINT ( 'NONE',  ( -0.05600000000000000800, 0.4120000000000000900, 0.0000000000000000000 ) ) ;
#1236 = CARTESIAN_POINT ( 'NONE',  ( -0.05599999999999998700, 0.4140833333333334100, 0.03233161507461907600 ) ) ;
#1237 = CARTESIAN_POINT ( 'NONE',  ( -0.02799999999999995900, 0.4161666666666667400, 0.04849742261192859600 ) ) ;
#1238 = CARTESIAN_POINT ( 'NONE',  ( 2.087430273779955200E-017, 0.4182500000000001200, 0.06466323014923809600 ) ) ;
#1239 = CARTESIAN_POINT ( 'NONE',  ( 0.02800000000000004200, 0.4203333333333334500, 0.04849742261192856200 ) ) ;
#1240 = CARTESIAN_POINT ( 'NONE',  ( 0.05600000000000002200, 0.4224166666666667700, 0.03233161507461903400 ) ) ;
#1241 = CARTESIAN_POINT ( 'NONE',  ( 0.05600000000000002200, 0.4245000000000001000, -6.857795581405313700E-018 ) ) ;
#1242 = CARTESIAN_POINT ( 'NONE',  ( 0.05600000000000000100, 0.4265833333333334300, -0.03233161507461907600 ) ) ;
#1243 = CARTESIAN_POINT ( 'NONE',  ( 0.02800000000000000400, 0.4286666666666667000, -0.04849742261192858300 ) ) ;
#1244 = CARTESIAN_POINT ( 'NONE',  ( 4.730750649456820400E-018, 0.4307500000000000800, -0.06466323014923809600 ) ) ;
#1245 = CARTESIAN_POINT ( 'NONE',  ( -0.02800000000000000400, 0.4328333333333334600, -0.04849742261192856900 ) ) ;
#1246 = CARTESIAN_POINT ( 'NONE',  ( -0.05600000000000000100, 0.4349166666666666700, -0.03233161507461904800 ) ) ;
#1247 = CARTESIAN_POINT ( 'NONE',  ( -0.05600000000000000800, 0.4370000000000000600, 0.0000000000000000000 ) ) ;
#1248 = CARTESIAN_POINT ( 'NONE',  ( 0.02299999999999985000, 0.1333333333333330500, -0.03983716857408426500 ) ) ;
#1249 = CARTESIAN_POINT ( 'NONE',  ( -3.545734887702076800E-016, 0.1312499999999997600, -0.05311622476544557200 ) ) ;
#1250 = CARTESIAN_POINT ( 'NONE',  ( -0.02300000000000010400, 0.1291666666666664000, -0.03983716857408412000 ) ) ;
#1251 = CARTESIAN_POINT ( 'NONE',  ( -0.04600000000000004100, 0.1270833333333331000, -0.02655811238272269600 ) ) ;
#1252 = CARTESIAN_POINT ( 'NONE',  ( -0.04599999999999999900, 0.1249999999999997400, 2.197567215006523900E-016 ) ) ;
#1253 = CARTESIAN_POINT ( 'NONE',  ( -0.04599999999999988800, 0.1229166666666664200, 0.02655811238272297000 ) ) ;
#1254 = CARTESIAN_POINT ( 'NONE',  ( -0.02299999999999986400, 0.1208333333333331000, 0.03983716857408425800 ) ) ;
#1255 = CARTESIAN_POINT ( 'NONE',  ( 1.532390720767730900E-016, 0.1187499999999997600, 0.05311622476544557200 ) ) ;
#1256 = CARTESIAN_POINT ( 'NONE',  ( 0.02300000000000009000, 0.1166666666666664300, 0.03983716857408412000 ) ) ;
#1257 = CARTESIAN_POINT ( 'NONE',  ( 0.04600000000000004100, 0.1145833333333330900, 0.02655811238272270300 ) ) ;
#1258 = CARTESIAN_POINT ( 'NONE',  ( 0.04599999999999999900, 0.1124999999999997700, -2.141235322730694600E-016 ) ) ;
#1259 = CARTESIAN_POINT ( 'NONE',  ( 0.05600000000000000800, 0.07849999999999980600, -4.800456906983719600E-017 ) ) ;
#1260 = CARTESIAN_POINT ( 'NONE',  ( 0.05599999999999960600, 0.07641666666666646600, -0.03233161507461940200 ) ) ;
#1261 =( BOUNDED_SURFACE ( )  B_SPLINE_SURFACE ( 1, 2, ( 
 ( #1247, #1246, #1245, #1244, #1243, #1242, #1241, #1240, #1239, #1238, #1237, #1236, #1235, #1234, #1233, #1232, #1355, #1354, #1353, #1352, #1351, #1350, #1349, #1348, #1347, #1346, #1345, #1344, #1343, #1342, #1341, #1340, #1339, #1338, #1337, #1336, #1335, #1334, #1333, #1332, #1331, #1330, #1329, #1328, #1327, #1326, #1325, #1324, #1323, #1322, #1321, #1311, #1310, #1309, #1308, #1307, #1306, #1305, #1304, #1303, #1302, #1301, #1300, #1299, #1298, #1297, #1296, #1295, #1294, #1293, #1292, #1291, #1290, #1289, #1288, #1287, #1286, #1285, #1284 ),
 ( #1283, #1282, #1281, #998, #1098, #1097, #1095, #1094, #1093, #1092, #1471, #1562, #1470, #1545, #1583, #1510, #1451, #1580, #1509, #1561, #1560, #1559, #1558, #1534, #1533, #1473, #1472, #1582, #1581, #1512, #1511, #1450, #1449, #1448, #1499, #1498, #1481, #1480, #1479, #1454, #1453, #1452, #1457, #1456, #1455, #1544, #1543, #1542, #1571, #1570, #1569, #1568, #1497, #1496, #1495, #1494, #1493, #1447, #1446, #1445, #1444, #1443, #1442, #1478, #1477, #1476, #1475, #1474, #1505, #1504, #1503, #1502, #1501, #1500, #1437, #1436, #1435, #1434, #1433 ) ),
 .UNSPECIFIED., .F., .F., .F. ) 
 B_SPLINE_SURFACE_WITH_KNOTS ( ( 2, 2 ),
 ( 3, 2, 2, 2, 2, 2, 2, 2, 2, 2, 2, 2, 2, 2, 2, 2, 2, 2, 2, 2, 2, 2, 2, 2, 2, 2, 2, 2, 2, 2, 2, 2, 2, 2, 2, 2, 2, 2, 2, 3 ),
 ( 0.0000000000000000000, 0.3294235850181482200 ),
 ( 0.0000000000000000000, 0.02380952380952380800, 0.04761904761904761600, 0.07142857142857142500, 0.09523809523809523300, 0.1190476190476190400, 0.1428571428571428500, 0.1666666666666666600, 0.1904761904761904700, 0.2142857142857142700, 0.2380952380952380800, 0.2619047619047618600, 0.2857142857142857000, 0.3095238095238095300, 0.3333333333333333100, 0.3571428571428571000, 0.3809523809523809300, 0.4047619047619047700, 0.4285714285714285500, 0.4523809523809523300, 0.4761904761904761600, 0.5000000000000000000, 0.5238095238095237200, 0.5476190476190475600, 0.5714285714285714000, 0.5952380952380952300, 0.6190476190476190700, 0.6428571428571427900, 0.6666666666666666300, 0.6904761904761904700, 0.7142857142857141900, 0.7380952380952380300, 0.7619047619047618600, 0.7857142857142857000, 0.8095238095238095300, 0.8333333333333332600, 0.8571428571428571000, 0.8809523809523809300, 0.9047619047619046600, 0.9285714285714284900 ),
 .UNSPECIFIED. ) 
 GEOMETRIC_REPRESENTATION_ITEM ( )  RATIONAL_B_SPLINE_SURFACE ( (
 ( 1.000000000000000000, 0.8660254037844387100, 1.000000000000000000, 0.8660254037844387100, 1.000000000000000000, 0.8660254037844387100, 1.000000000000000000, 0.8660254037844387100, 1.000000000000000000, 0.8660254037844387100, 1.000000000000000000, 0.8660254037844387100, 1.000000000000000000, 0.8660254037844387100, 1.000000000000000000, 0.8660254037844387100, 1.000000000000000000, 0.8660254037844387100, 1.000000000000000000, 0.8660254037844387100, 1.000000000000000000, 0.8660254037844387100, 1.000000000000000000, 0.8660254037844387100, 1.000000000000000000, 0.8660254037844387100, 1.000000000000000000, 0.8660254037844387100, 1.000000000000000000, 0.8660254037844387100, 1.000000000000000000, 0.8660254037844387100, 1.000000000000000000, 0.8660254037844387100, 1.000000000000000000, 0.8660254037844387100, 1.000000000000000000, 0.8660254037844387100, 1.000000000000000000, 0.8660254037844387100, 1.000000000000000000, 0.8660254037844387100, 1.000000000000000000, 0.8660254037844387100, 1.000000000000000000, 0.8660254037844387100, 1.000000000000000000, 0.8660254037844387100, 1.000000000000000000, 0.8660254037844387100, 1.000000000000000000, 0.8660254037844387100, 1.000000000000000000, 0.8660254037844387100, 1.000000000000000000, 0.8660254037844387100, 1.000000000000000000, 0.8660254037844387100, 1.000000000000000000, 0.8660254037844387100, 1.000000000000000000, 0.8660254037844387100, 1.000000000000000000, 0.8660254037844387100, 1.000000000000000000, 0.8660254037844387100, 1.000000000000000000, 0.8660254037844387100, 1.000000000000000000, 0.8660254037844387100, 1.000000000000000000, 0.8660254037844387100, 1.000000000000000000, 0.8660254037844387100, 1.000000000000000000, 0.8660254037844387100, 1.000000000000000000, 0.8660254037844387100, 1.000000000000000000),
 ( 1.000000000000000000, 0.8660254037844387100, 1.000000000000000000, 0.8660254037844387100, 1.000000000000000000, 0.8660254037844387100, 1.000000000000000000, 0.8660254037844387100, 1.000000000000000000, 0.8660254037844387100, 1.000000000000000000, 0.8660254037844387100, 1.000000000000000000, 0.8660254037844387100, 1.000000000000000000, 0.8660254037844387100, 1.000000000000000000, 0.8660254037844387100, 1.000000000000000000, 0.8660254037844387100, 1.000000000000000000, 0.8660254037844387100, 1.000000000000000000, 0.8660254037844387100, 1.000000000000000000, 0.8660254037844387100, 1.000000000000000000, 0.8660254037844387100, 1.000000000000000000, 0.8660254037844387100, 1.000000000000000000, 0.8660254037844387100, 1.000000000000000000, 0.8660254037844387100, 1.000000000000000000, 0.8660254037844387100, 1.000000000000000000, 0.8660254037844387100, 1.000000000000000000, 0.8660254037844387100, 1.000000000000000000, 0.8660254037844387100, 1.000000000000000000, 0.8660254037844387100, 1.000000000000000000, 0.8660254037844387100, 1.000000000000000000, 0.8660254037844387100, 1.000000000000000000, 0.8660254037844387100, 1.000000000000000000, 0.8660254037844387100, 1.000000000000000000, 0.8660254037844387100, 1.000000000000000000, 0.8660254037844387100, 1.000000000000000000, 0.8660254037844387100, 1.000000000000000000, 0.8660254037844387100, 1.000000000000000000, 0.8660254037844387100, 1.000000000000000000, 0.8660254037844387100, 1.000000000000000000, 0.8660254037844387100, 1.000000000000000000, 0.8660254037844387100, 1.000000000000000000, 0.8660254037844387100, 1.000000000000000000, 0.8660254037844387100, 1.000000000000000000, 0.8660254037844387100, 1.000000000000000000, 0.8660254037844387100, 1.000000000000000000, 0.8660254037844387100, 1.000000000000000000) ) ) 
 REPRESENTATION_ITEM ( '' )  SURFACE ( )  );
#1262 = CARTESIAN_POINT ( 'NONE',  ( 0.02799999999999984800, 0.07433333333333316800, -0.04849742261192865900 ) ) ;
#1263 = CARTESIAN_POINT ( 'NONE',  ( -1.681060789392180500E-016, 0.07224999999999982800, -0.06466323014923808200 ) ) ;
#1264 = CARTESIAN_POINT ( 'NONE',  ( -0.02800000000000009800, 0.07016666666666650200, -0.04849742261192851300 ) ) ;
#1265 = DIRECTION ( 'NONE',  ( 1.000000000000000000, -1.953552627048239800E-017, 0.0000000000000000000 ) ) ;
#1266 = DIRECTION ( 'NONE',  ( -1.953552627048239500E-017, -1.000000000000000000, -0.0000000000000000000 ) ) ;
#1267 = AXIS2_PLACEMENT_3D ( 'NONE', #1269, #1266, #1265 ) ;
#1268 = FACE_OUTER_BOUND ( 'NONE', #384, .T. ) ;
#1269 = CARTESIAN_POINT ( 'NONE',  ( 0.0000000000000000000, 0.0000000000000000000, 0.0000000000000000000 ) ) ;
#1270 = CYLINDRICAL_SURFACE ( 'NONE', #1267, 0.05599999999999999400 ) ;
#1271 = CARTESIAN_POINT ( 'NONE',  ( 2.169473265899317100E-017, 0.04374999999999990000, 0.05311622476544557200 ) ) ;
#1272 = CARTESIAN_POINT ( 'NONE',  ( 0.02300000000000005900, 0.04166666666666658800, 0.03983716857408414100 ) ) ;
#1273 = CARTESIAN_POINT ( 'NONE',  ( 0.04600000000000002000, 0.03958333333333324800, 0.02655811238272273700 ) ) ;
#1274 = CARTESIAN_POINT ( 'NONE',  ( 0.04599999999999999900, 0.03749999999999992200, -1.689956768274880700E-017 ) ) ;
#1275 = CARTESIAN_POINT ( 'NONE',  ( 0.04599999999999995100, 0.03541666666666659600, -0.02655811238272285900 ) ) ;
#1276 = CARTESIAN_POINT ( 'NONE',  ( 0.02299999999999996500, 0.03333333333333326300, -0.03983716857408419600 ) ) ;
#1277 = CARTESIAN_POINT ( 'NONE',  ( -6.420368012845462500E-017, 0.03124999999999993100, -0.05311622476544557200 ) ) ;
#1278 = CARTESIAN_POINT ( 'NONE',  ( -0.02300000000000002700, 0.02916666666666660500, -0.03983716857408416100 ) ) ;
#1279 = CARTESIAN_POINT ( 'NONE',  ( -0.04600000000000002000, 0.02708333333333327200, -0.02655811238272274800 ) ) ;
#1280 = CARTESIAN_POINT ( 'NONE',  ( -0.04599999999999999900, 0.02499999999999994600, 1.126637845516587100E-017 ) ) ;
#1281 = CARTESIAN_POINT ( 'NONE',  ( -0.02324999999999997600, 0.4270833333333334300, -0.04027018127597636200 ) ) ;
#1282 = CARTESIAN_POINT ( 'NONE',  ( -0.04649999999999995100, 0.4291666666666667500, -0.02684678751731756800 ) ) ;
#1283 = CARTESIAN_POINT ( 'NONE',  ( -0.04649999999999995100, 0.4312500000000000800, 0.0000000000000000000 ) ) ;
#1284 = CARTESIAN_POINT ( 'NONE',  ( 0.05600000000000002200, 0.2745000000000000800, -6.857795581405313700E-018 ) ) ;
#1285 = CARTESIAN_POINT ( 'NONE',  ( 0.05600000000000000100, 0.2765833333333334000, -0.03233161507461907600 ) ) ;
#1286 = CARTESIAN_POINT ( 'NONE',  ( 0.02800000000000000800, 0.2786666666666667300, -0.04849742261192858300 ) ) ;
#1287 = CARTESIAN_POINT ( 'NONE',  ( 8.404569710923951900E-018, 0.2807500000000000600, -0.06466323014923809600 ) ) ;
#1288 = CARTESIAN_POINT ( 'NONE',  ( -0.02799999999999999700, 0.2828333333333333800, -0.04849742261192856900 ) ) ;
#1289 = CARTESIAN_POINT ( 'NONE',  ( -0.05600000000000000100, 0.2849166666666667100, -0.03233161507461904800 ) ) ;
#1290 = CARTESIAN_POINT ( 'NONE',  ( -0.05600000000000000800, 0.2870000000000000900, 0.0000000000000000000 ) ) ;
#1291 = CARTESIAN_POINT ( 'NONE',  ( -0.05599999999999998700, 0.2890833333333334700, 0.03233161507461907600 ) ) ;
#1292 = CARTESIAN_POINT ( 'NONE',  ( -0.02799999999999995500, 0.2911666666666667400, 0.04849742261192859600 ) ) ;
#1293 = CARTESIAN_POINT ( 'NONE',  ( 2.393581862235549700E-017, 0.2932500000000000700, 0.06466323014923809600 ) ) ;
#1294 = CARTESIAN_POINT ( 'NONE',  ( 0.02800000000000004600, 0.2953333333333333900, 0.04849742261192856200 ) ) ;
#1295 = CARTESIAN_POINT ( 'NONE',  ( 0.05600000000000002200, 0.2974166666666666600, 0.03233161507461903400 ) ) ;
#1296 = CARTESIAN_POINT ( 'NONE',  ( 0.05600000000000002200, 0.2995000000000001000, -6.857795581405313700E-018 ) ) ;
#1297 = CARTESIAN_POINT ( 'NONE',  ( 0.05600000000000000100, 0.3015833333333333700, -0.03233161507461907600 ) ) ;
#1298 = CARTESIAN_POINT ( 'NONE',  ( 0.02800000000000000800, 0.3036666666666667500, -0.04849742261192858300 ) ) ;
#1299 = CARTESIAN_POINT ( 'NONE',  ( 7.792266534012764000E-018, 0.3057500000000000800, -0.06466323014923809600 ) ) ;
#1300 = CARTESIAN_POINT ( 'NONE',  ( -0.02799999999999999700, 0.3078333333333334000, -0.04849742261192856900 ) ) ;
#1301 = CARTESIAN_POINT ( 'NONE',  ( -0.05600000000000000100, 0.3099166666666666700, -0.03233161507461904800 ) ) ;
#1302 = CARTESIAN_POINT ( 'NONE',  ( -0.05600000000000000800, 0.3120000000000001100, 0.0000000000000000000 ) ) ;
#1303 = CARTESIAN_POINT ( 'NONE',  ( -0.05599999999999998700, 0.3140833333333334400, 0.03233161507461907600 ) ) ;
#1304 = CARTESIAN_POINT ( 'NONE',  ( -0.02799999999999995500, 0.3161666666666667600, 0.04849742261192859600 ) ) ;
#1305 = CARTESIAN_POINT ( 'NONE',  ( 2.332351544544430400E-017, 0.3182500000000000900, 0.06466323014923809600 ) ) ;
#1306 = CARTESIAN_POINT ( 'NONE',  ( 0.02800000000000004600, 0.3203333333333334100, 0.04849742261192856200 ) ) ;
#1307 = CARTESIAN_POINT ( 'NONE',  ( 0.05600000000000002200, 0.3224166666666666800, 0.03233161507461903400 ) ) ;
#1308 = CARTESIAN_POINT ( 'NONE',  ( 0.05600000000000002200, 0.3245000000000000700, -6.857795581405313700E-018 ) ) ;
#1309 = CARTESIAN_POINT ( 'NONE',  ( 0.05600000000000000100, 0.3265833333333333900, -0.03233161507461907600 ) ) ;
#1310 = CARTESIAN_POINT ( 'NONE',  ( 0.02800000000000000800, 0.3286666666666667700, -0.04849742261192858300 ) ) ;
#1311 = CARTESIAN_POINT ( 'NONE',  ( 7.179963357101574500E-018, 0.3307500000000001000, -0.06466323014923809600 ) ) ;
#1312 = CARTESIAN_POINT ( 'NONE',  ( -0.04599999999999990900, 0.07291666666666650500, 0.02655811238272295200 ) ) ;
#1313 = CARTESIAN_POINT ( 'NONE',  ( -0.02299999999999987800, 0.07083333333333319300, 0.03983716857408425200 ) ) ;
#1314 = CARTESIAN_POINT ( 'NONE',  ( 1.284450918950666200E-016, 0.06874999999999985300, 0.05311622476544557200 ) ) ;
#1315 = CARTESIAN_POINT ( 'NONE',  ( 0.02300000000000007200, 0.06666666666666652700, 0.03983716857408414100 ) ) ;
#1316 = CARTESIAN_POINT ( 'NONE',  ( 0.04600000000000003400, 0.06458333333333320100, 0.02655811238272273000 ) ) ;
#1317 = CARTESIAN_POINT ( 'NONE',  ( 0.04599999999999999900, 0.06249999999999986800, -1.098783607503261900E-016 ) ) ;
#1318 = CARTESIAN_POINT ( 'NONE',  ( 0.04599999999999995100, 0.06041666666666654900, -0.02655811238272286600 ) ) ;
#1319 = DIRECTION ( 'NONE',  ( -0.7432941462471665000, 0.6689647316224494000, 0.0000000000000000000 ) ) ;
#1320 = CARTESIAN_POINT ( 'NONE',  ( -0.05600000000000000800, 0.008999999999999992400, 0.0000000000000000000 ) ) ;
#1321 = CARTESIAN_POINT ( 'NONE',  ( -0.02799999999999999700, 0.3328333333333334300, -0.04849742261192856900 ) ) ;
#1322 = CARTESIAN_POINT ( 'NONE',  ( -0.05600000000000000100, 0.3349166666666667500, -0.03233161507461904800 ) ) ;
#1323 = CARTESIAN_POINT ( 'NONE',  ( -0.05600000000000000800, 0.3370000000000000800, 0.0000000000000000000 ) ) ;
#1324 = CARTESIAN_POINT ( 'NONE',  ( -0.05599999999999998700, 0.3390833333333334600, 0.03233161507461907600 ) ) ;
#1325 = CARTESIAN_POINT ( 'NONE',  ( -0.02799999999999995500, 0.3411666666666667800, 0.04849742261192859600 ) ) ;
#1326 = CARTESIAN_POINT ( 'NONE',  ( 2.271121226853311800E-017, 0.3432500000000001100, 0.06466323014923809600 ) ) ;
#1327 = CARTESIAN_POINT ( 'NONE',  ( 0.02800000000000004600, 0.3453333333333334400, 0.04849742261192856200 ) ) ;
#1328 = CARTESIAN_POINT ( 'NONE',  ( 0.05600000000000002200, 0.3474166666666667100, 0.03233161507461903400 ) ) ;
#1329 = CARTESIAN_POINT ( 'NONE',  ( 0.05600000000000002200, 0.3495000000000000300, -6.857795581405313700E-018 ) ) ;
#1330 = CARTESIAN_POINT ( 'NONE',  ( 0.05600000000000000100, 0.3515833333333333600, -0.03233161507461907600 ) ) ;
#1331 = CARTESIAN_POINT ( 'NONE',  ( 0.02800000000000000400, 0.3536666666666666800, -0.04849742261192858300 ) ) ;
#1332 = CARTESIAN_POINT ( 'NONE',  ( 6.567660180190385800E-018, 0.3557500000000000700, -0.06466323014923809600 ) ) ;
#1333 = CARTESIAN_POINT ( 'NONE',  ( -0.02800000000000000400, 0.3578333333333333900, -0.04849742261192856900 ) ) ;
#1334 = CARTESIAN_POINT ( 'NONE',  ( -0.05600000000000000100, 0.3599166666666667200, -0.03233161507461904800 ) ) ;
#1335 = CARTESIAN_POINT ( 'NONE',  ( -0.05600000000000000800, 0.3620000000000000400, 0.0000000000000000000 ) ) ;
#1336 = CARTESIAN_POINT ( 'NONE',  ( -0.05599999999999998700, 0.3640833333333333700, 0.03233161507461907600 ) ) ;
#1337 = CARTESIAN_POINT ( 'NONE',  ( -0.02799999999999995900, 0.3661666666666667500, 0.04849742261192859600 ) ) ;
#1338 = CARTESIAN_POINT ( 'NONE',  ( 2.209890909162192500E-017, 0.3682500000000001300, 0.06466323014923809600 ) ) ;
#1339 = CARTESIAN_POINT ( 'NONE',  ( 0.02800000000000004200, 0.3703333333333334000, 0.04849742261192856200 ) ) ;
#1340 = CARTESIAN_POINT ( 'NONE',  ( 0.05600000000000002200, 0.3724166666666667300, 0.03233161507461903400 ) ) ;
#1341 = CARTESIAN_POINT ( 'NONE',  ( 0.05600000000000002200, 0.3745000000000000600, -6.857795581405313700E-018 ) ) ;
#1342 = CARTESIAN_POINT ( 'NONE',  ( 0.05600000000000000100, 0.3765833333333333800, -0.03233161507461907600 ) ) ;
#1343 = CARTESIAN_POINT ( 'NONE',  ( 0.02800000000000000400, 0.3786666666666667100, -0.04849742261192858300 ) ) ;
#1344 = CARTESIAN_POINT ( 'NONE',  ( 5.955357003279197800E-018, 0.3807500000000000900, -0.06466323014923809600 ) ) ;
#1345 = CARTESIAN_POINT ( 'NONE',  ( -0.02800000000000000400, 0.3828333333333334100, -0.04849742261192856900 ) ) ;
#1346 = CARTESIAN_POINT ( 'NONE',  ( -0.05600000000000000100, 0.3849166666666667400, -0.03233161507461904800 ) ) ;
#1347 = CARTESIAN_POINT ( 'NONE',  ( -0.05600000000000000800, 0.3870000000000000700, 0.0000000000000000000 ) ) ;
#1348 = CARTESIAN_POINT ( 'NONE',  ( -0.05599999999999998700, 0.3890833333333333400, 0.03233161507461907600 ) ) ;
#1349 = CARTESIAN_POINT ( 'NONE',  ( -0.02799999999999995900, 0.3911666666666667700, 0.04849742261192859600 ) ) ;
#1350 = CARTESIAN_POINT ( 'NONE',  ( 2.148660591471074200E-017, 0.3932500000000001500, 0.06466323014923809600 ) ) ;
#1351 = CARTESIAN_POINT ( 'NONE',  ( 0.02800000000000004200, 0.3953333333333334300, 0.04849742261192856200 ) ) ;
#1352 = CARTESIAN_POINT ( 'NONE',  ( 0.05600000000000002200, 0.3974166666666667500, 0.03233161507461903400 ) ) ;
#1353 = CARTESIAN_POINT ( 'NONE',  ( 0.05600000000000002200, 0.3995000000000000800, -6.857795581405313700E-018 ) ) ;
#1354 = CARTESIAN_POINT ( 'NONE',  ( 0.05600000000000000100, 0.4015833333333334000, -0.03233161507461907600 ) ) ;
#1355 = CARTESIAN_POINT ( 'NONE',  ( 0.02800000000000000400, 0.4036666666666667300, -0.04849742261192858300 ) ) ;
#1356 = DIRECTION ( 'NONE',  ( -1.953552627048239500E-017, -1.000000000000000000, -0.0000000000000000000 ) ) ;
#1357 = VECTOR ( 'NONE', #1356, 39.37007874015748100 ) ;
#1358 = CARTESIAN_POINT ( 'NONE',  ( -0.04650000000000000000, 9.084019715774314300E-019, 5.694419545274054000E-018 ) ) ;
#1359 = LINE ( 'NONE', #1358, #1357 ) ;
#1360 = DIRECTION ( 'NONE',  ( 1.000000000000000000, -1.953552627048239800E-017, 0.0000000000000000000 ) ) ;
#1361 = DIRECTION ( 'NONE',  ( -1.953552627048239500E-017, -1.000000000000000000, -0.0000000000000000000 ) ) ;
#1362 = AXIS2_PLACEMENT_3D ( 'NONE', #1363, #1361, #1360 ) ;
#1363 = CARTESIAN_POINT ( 'NONE',  ( 0.0000000000000000000, 0.0000000000000000000, 0.0000000000000000000 ) ) ;
#1364 = CYLINDRICAL_SURFACE ( 'NONE', #1362, 0.04650000000000000000 ) ;
#1365 = FACE_OUTER_BOUND ( 'NONE', #220, .T. ) ;
#1366 = DIRECTION ( 'NONE',  ( 1.000000000000000000, 0.0000000000000000000, 0.0000000000000000000 ) ) ;
#1367 = DIRECTION ( 'NONE',  ( -1.953552627048239500E-017, -1.000000000000000000, -0.0000000000000000000 ) ) ;
#1368 = CARTESIAN_POINT ( 'NONE',  ( 3.734278604142550100E-018, 0.1911532124826826300, 0.0000000000000000000 ) ) ;
#1369 = AXIS2_PLACEMENT_3D ( 'NONE', #1368, #1367, #1366 ) ;
#1370 = CIRCLE ( 'NONE', #1369, 0.04650000000000000000 ) ;
#1371 = DIRECTION ( 'NONE',  ( 0.0000000000000000000, 0.0000000000000000000, 1.000000000000000000 ) ) ;
#1372 = DIRECTION ( 'NONE',  ( -0.0000000000000000000, 1.000000000000000000, -0.0000000000000000000 ) ) ;
#1373 = CARTESIAN_POINT ( 'NONE',  ( 0.0000000000000000000, 0.008700974136442881500, 0.0000000000000000000 ) ) ;
#1374 = AXIS2_PLACEMENT_3D ( 'NONE', #1373, #1372, #1371 ) ;
#1375 = DIRECTION ( 'NONE',  ( -0.4999999999999997200, 0.0000000000000000000, 0.8660254037844388200 ) ) ;
#1376 = DIRECTION ( 'NONE',  ( -0.8660254037844388200, 0.0000000000000000000, -0.4999999999999997200 ) ) ;
#1377 = CARTESIAN_POINT ( 'NONE',  ( 0.07216878364870325800, 0.2399999999999999900, 0.1250000000000001100 ) ) ;
#1378 = AXIS2_PLACEMENT_3D ( 'NONE', #1377, #1376, #1375 ) ;
#1379 = CIRCLE ( 'NONE', #1374, 0.05600000000000000800 ) ;
#1380 = DIRECTION ( 'NONE',  ( -0.4999999999999998900, 0.0000000000000000000, -0.8660254037844386000 ) ) ;
#1381 = VECTOR ( 'NONE', #1380, 39.37007874015748900 ) ;
#1382 = CARTESIAN_POINT ( 'NONE',  ( 0.1443375672974065200, 0.0000000000000000000, -3.414809992080329000E-017 ) ) ;
#1383 = LINE ( 'NONE', #1382, #1381 ) ;
#1384 = FACE_OUTER_BOUND ( 'NONE', #237, .T. ) ;
#1385 = CARTESIAN_POINT ( 'NONE',  ( -0.1443375672974065400, 0.0000000000000000000, 3.414809992080329000E-017 ) ) ;
#1386 = DIRECTION ( 'NONE',  ( 0.5000000000000001100, 0.0000000000000000000, 0.8660254037844386000 ) ) ;
#1387 = VECTOR ( 'NONE', #1386, 39.37007874015748900 ) ;
#1388 = CARTESIAN_POINT ( 'NONE',  ( -0.1443375672974065400, 0.0000000000000000000, 3.414809992080329000E-017 ) ) ;
#1389 = LINE ( 'NONE', #1388, #1387 ) ;
#1390 = DIRECTION ( 'NONE',  ( 1.000000000000000000, 0.0000000000000000000, 0.0000000000000000000 ) ) ;
#1391 = DIRECTION ( 'NONE',  ( -1.953552627048239500E-017, -1.000000000000000000, -0.0000000000000000000 ) ) ;
#1392 = CARTESIAN_POINT ( 'NONE',  ( -0.07216878364870325800, 0.0000000000000000000, 0.1250000000000001100 ) ) ;
#1393 = CARTESIAN_POINT ( 'NONE',  ( -7.648564627723417200E-016, -39.15207874015747800, 0.0000000000000000000 ) ) ;
#1394 = AXIS2_PLACEMENT_3D ( 'NONE', #1393, #1391, #1390 ) ;
#1395 = CARTESIAN_POINT ( 'NONE',  ( -0.05600000000000000800, 0.1159999999999997300, 2.675299218268812100E-016 ) ) ;
#1396 = CARTESIAN_POINT ( 'NONE',  ( -0.05599999999999960600, 0.1139166666666663700, 0.03233161507461942300 ) ) ;
#1397 = CARTESIAN_POINT ( 'NONE',  ( -0.02799999999999983800, 0.1118333333333330900, 0.04849742261192866600 ) ) ;
#1398 = CARTESIAN_POINT ( 'NONE',  ( 1.874046125611353200E-016, 0.1097499999999997500, 0.06466323014923808200 ) ) ;
#1399 = CARTESIAN_POINT ( 'NONE',  ( 0.02800000000000010800, 0.1076666666666664200, 0.04849742261192849900 ) ) ;
#1400 = CARTESIAN_POINT ( 'NONE',  ( 0.05599999999999979300, 0.1055833333333330800, 0.03233161507461909700 ) ) ;
#1401 = CARTESIAN_POINT ( 'NONE',  ( 0.05600000000000000800, 0.1034999999999997600, -2.606721262454759000E-016 ) ) ;
#1402 =( BOUNDED_CURVE ( )  B_SPLINE_CURVE ( 2, ( #1401, #1400, #1399, #1398, #1397, #1396, #1395 ),
 .UNSPECIFIED., .F., .T. ) 
 B_SPLINE_CURVE_WITH_KNOTS ( ( 3, 2, 2, 3 ),
 ( 0.7500000000000002200, 0.7777777777777777900, 0.8055555555555553600, 0.8333333333333330400 ),
 .UNSPECIFIED. ) 
 CURVE ( )  GEOMETRIC_REPRESENTATION_ITEM ( )  RATIONAL_B_SPLINE_CURVE ( ( 0.9999999999999988900, 0.8660254037844398200, 1.000000000000000000, 0.8660254037844387100, 1.000000000000000000, 0.8660254037844398200, 0.9999999999999988900 ) ) 
 REPRESENTATION_ITEM ( '' )  );
#1403 = CONICAL_SURFACE ( 'NONE', #1394, 68.19097667594046200, 1.047197551196600300 ) ;
#1404 = FACE_OUTER_BOUND ( 'NONE', #157, .T. ) ;
#1405 = CARTESIAN_POINT ( 'NONE',  ( 0.02300000000000002000, 0.01666666666666662800, 0.03983716857408416100 ) ) ;
#1406 = CARTESIAN_POINT ( 'NONE',  ( 0.04599999999999999900, 0.01458333333333330100, 0.02655811238272276800 ) ) ;
#1407 =( BOUNDED_CURVE ( )  B_SPLINE_CURVE ( 2, ( #1185, #1184, #1183, #1406, #1405, #1198, #1197, #1196, #1280, #1279, #1278, #1277, #1276, #1275, #1274, #1273, #1272, #1271, #1194, #1193, #1192, #1191, #1190, #1189, #1188, #1318, #1317, #1316, #1315, #1314, #1313, #1312, #1231, #1230, #1229, #1228, #1227, #1226, #1225, #1224, #1223, #1215, #1214, #1213, #1212, #1211, #1210, #1209, #1208, #1207, #1258, #1257, #1256, #1255, #1254, #1253, #1252, #1251, #1250, #1249, #1248, #1206, #1205, #1204, #1203, #1202, #1201, #1200, #1199 ),
 .UNSPECIFIED., .F., .T. ) 
 B_SPLINE_CURVE_WITH_KNOTS ( ( 3, 2, 2, 2, 2, 2, 2, 2, 2, 2, 2, 2, 2, 2, 2, 2, 2, 2, 2, 2, 2, 2, 2, 2, 2, 2, 2, 2, 2, 2, 2, 2, 2, 2, 3 ),
 ( 0.05827737351568890900, 0.08333333333333332900, 0.1111111111111111000, 0.1388888888888889000, 0.1666666666666666600, 0.1944444444444444200, 0.2222222222222222100, 0.2500000000000000000, 0.2777777777777777900, 0.3055555555555555200, 0.3333333333333333100, 0.3611111111111111000, 0.3888888888888888400, 0.4166666666666666300, 0.4444444444444444200, 0.4722222222222222100, 0.5000000000000000000, 0.5277777777777779000, 0.5555555555555555800, 0.5833333333333332600, 0.6111111111111110500, 0.6388888888888888400, 0.6666666666666666300, 0.6944444444444444200, 0.7222222222222222100, 0.7500000000000001100, 0.7777777777777776800, 0.8055555555555554700, 0.8333333333333332600, 0.8611111111111110500, 0.8888888888888888400, 0.9166666666666666300, 0.9444444444444444200, 0.9722222222222222100, 1.000000000000000000 ),
 .UNSPECIFIED. ) 
 CURVE ( )  GEOMETRIC_REPRESENTATION_ITEM ( )  RATIONAL_B_SPLINE_CURVE ( ( 0.9763174985059026600, 0.8791529644229593200, 1.000000000000000000, 0.8660254037844387100, 1.000000000000000000, 0.8660254037844387100, 1.000000000000000000, 0.8660254037844387100, 1.000000000000000000, 0.8660254037844387100, 1.000000000000000000, 0.8660254037844387100, 1.000000000000000000, 0.8660254037844387100, 1.000000000000000000, 0.8660254037844387100, 1.000000000000000000, 0.8660254037844387100, 1.000000000000000000, 0.8660254037844387100, 1.000000000000000000, 0.8660254037844387100, 1.000000000000000000, 0.8660254037844387100, 1.000000000000000000, 0.8660254037844387100, 1.000000000000000000, 0.8660254037844387100, 1.000000000000000000, 0.8660254037844387100, 1.000000000000000000, 0.8660254037844387100, 1.000000000000000000, 0.8660254037844387100, 1.000000000000000000, 0.8660254037844387100, 1.000000000000000000, 0.8660254037844387100, 1.000000000000000000, 0.8660254037844387100, 1.000000000000000000, 0.8660254037844387100, 1.000000000000000000, 0.8660254037844387100, 1.000000000000000000, 0.8660254037844387100, 1.000000000000000000, 0.8660254037844387100, 1.000000000000000000, 0.8660254037844387100, 1.000000000000000000, 0.8660254037844387100, 1.000000000000000000, 0.8660254037844387100, 1.000000000000000000, 0.8660254037844387100, 1.000000000000000000, 0.8660254037844387100, 1.000000000000000000, 0.8660254037844387100, 1.000000000000000000, 0.8660254037844387100, 1.000000000000000000, 0.8660254037844387100, 1.000000000000000000, 0.8660254037844387100, 1.000000000000000000, 0.8660254037844387100, 1.000000000000000000 ) ) 
 REPRESENTATION_ITEM ( '' )  );
#1408 =( BOUNDED_CURVE ( )  B_SPLINE_CURVE ( 2, ( #1222, #1221, #1220, #1219, #1218, #1217, #1216 ),
 .UNSPECIFIED., .F., .T. ) 
 B_SPLINE_CURVE_WITH_KNOTS ( ( 3, 2, 2, 3 ),
 ( 0.2500000000000002200, 0.2777777777777780100, 0.3055555555555557500, 0.3333333333333335400 ),
 .UNSPECIFIED. ) 
 CURVE ( )  GEOMETRIC_REPRESENTATION_ITEM ( )  RATIONAL_B_SPLINE_CURVE ( ( 0.9999999999999988900, 0.8660254037844398200, 1.000000000000000000, 0.8660254037844387100, 1.000000000000000000, 0.8660254037844376000, 1.000000000000001100 ) ) 
 REPRESENTATION_ITEM ( '' )  );
#1409 = PLANE ( 'NONE',  #1378 ) ;
#1410 = FACE_OUTER_BOUND ( 'NONE', #271, .T. ) ;
#1411 = VECTOR ( 'NONE', #1319, 39.37007874015748900 ) ;
#1412 = DIRECTION ( 'NONE',  ( 0.0000000000000000000, 0.0000000000000000000, 1.000000000000000000 ) ) ;
#1413 = DIRECTION ( 'NONE',  ( -0.0000000000000000000, 1.000000000000000000, -0.0000000000000000000 ) ) ;
#1414 = CIRCLE ( 'NONE', #1187, 0.05600000000000000800 ) ;
#1415 =( BOUNDED_CURVE ( )  B_SPLINE_CURVE ( 2, ( #1541, #1540, #1539, #1538, #1537, #1536, #1535 ),
 .UNSPECIFIED., .F., .T. ) 
 B_SPLINE_CURVE_WITH_KNOTS ( ( 3, 2, 2, 3 ),
 ( 0.3333333333333335400, 0.3611111111111111600, 0.3888888888888887800, 0.4166666666666664100 ),
 .UNSPECIFIED. ) 
 CURVE ( )  GEOMETRIC_REPRESENTATION_ITEM ( )  RATIONAL_B_SPLINE_CURVE ( ( 0.9999999999999988900, 0.8660254037844398200, 1.000000000000000000, 0.8660254037844387100, 1.000000000000000000, 0.8660254037844398200, 0.9999999999999988900 ) ) 
 REPRESENTATION_ITEM ( '' )  );
#1416 = PLANE ( 'NONE',  #1556 ) ;
#1417 = CARTESIAN_POINT ( 'NONE',  ( -0.1443375672974065400, 0.2399999999999999600, 3.414809992080329000E-017 ) ) ;
#1418 = DIRECTION ( 'NONE',  ( -0.0000000000000000000, -1.000000000000000000, -0.0000000000000000000 ) ) ;
#1419 = VECTOR ( 'NONE', #1418, 39.37007874015748100 ) ;
#1420 = CARTESIAN_POINT ( 'NONE',  ( -0.07216878364870328600, 0.2399999999999999900, -0.1250000000000001100 ) ) ;
#1421 = LINE ( 'NONE', #1420, #1419 ) ;
#1422 = LINE ( 'NONE', #1432, #1431 ) ;
#1423 = CARTESIAN_POINT ( 'NONE',  ( 0.05597821622039421400, 0.4243985509530391300, 0.001561828666274434000 ) ) ;
#1424 = DIRECTION ( 'NONE',  ( -0.8555000790182342200, -0.5178026794057704100, 1.047650832461274900E-016 ) ) ;
#1425 = VECTOR ( 'NONE', #1424, 39.37007874015748100 ) ;
#1426 = CARTESIAN_POINT ( 'NONE',  ( 0.05124999999999999700, 0.2716250000000000600, -6.276107563339681500E-018 ) ) ;
#1427 = CARTESIAN_POINT ( 'NONE',  ( 8.537024980200822600E-018, 0.4370000000000000600, 0.0000000000000000000 ) ) ;
#1428 = AXIS2_PLACEMENT_3D ( 'NONE', #1427, #1492, #1491 ) ;
#1429 = CIRCLE ( 'NONE', #1428, 0.03831158827467899500 ) ;
#1430 = DIRECTION ( 'NONE',  ( -0.0000000000000000000, -1.000000000000000000, -0.0000000000000000000 ) ) ;
#1431 = VECTOR ( 'NONE', #1430, 39.37007874015748100 ) ;
#1432 = CARTESIAN_POINT ( 'NONE',  ( 0.07216878364870323000, 0.2399999999999999900, -0.1250000000000001400 ) ) ;
#1433 = CARTESIAN_POINT ( 'NONE',  ( 0.04649999999999996500, 0.2687500000000000400, -5.694419545274049300E-018 ) ) ;
#1434 = CARTESIAN_POINT ( 'NONE',  ( 0.04649999999999995100, 0.2708333333333333700, -0.02684678751731759200 ) ) ;
#1435 = CARTESIAN_POINT ( 'NONE',  ( 0.02324999999999998200, 0.2729166666666667500, -0.04027018127597636200 ) ) ;
#1436 = CARTESIAN_POINT ( 'NONE',  ( 9.217074909242671400E-018, 0.2750000000000000800, -0.05369357503463514200 ) ) ;
#1437 = CARTESIAN_POINT ( 'NONE',  ( -0.02324999999999997200, 0.2770833333333334000, -0.04027018127597636200 ) ) ;
#1438 = DIRECTION ( 'NONE',  ( -1.953552627048239500E-017, -1.000000000000000000, -0.0000000000000000000 ) ) ;
#1439 = VECTOR ( 'NONE', #1438, 39.37007874015748100 ) ;
#1440 = CARTESIAN_POINT ( 'NONE',  ( -0.05599999999999999400, 1.093989471147014100E-018, 6.857795581405312100E-018 ) ) ;
#1441 = LINE ( 'NONE', #1440, #1439 ) ;
#1442 = CARTESIAN_POINT ( 'NONE',  ( -0.02324999999999997200, 0.3020833333333334300, -0.04027018127597636200 ) ) ;
#1443 = CARTESIAN_POINT ( 'NONE',  ( -0.04649999999999995100, 0.3041666666666667000, -0.02684678751731756800 ) ) ;
#1444 = CARTESIAN_POINT ( 'NONE',  ( -0.04649999999999995100, 0.3062500000000000800, 0.0000000000000000000 ) ) ;
#1445 = CARTESIAN_POINT ( 'NONE',  ( -0.04649999999999993700, 0.3083333333333333500, 0.02684678751731759500 ) ) ;
#1446 = CARTESIAN_POINT ( 'NONE',  ( -0.02324999999999993700, 0.3104166666666667900, 0.04027018127597638300 ) ) ;
#1447 = CARTESIAN_POINT ( 'NONE',  ( 2.144931877324643800E-017, 0.3125000000000000600, 0.05369357503463514200 ) ) ;
#1448 = CARTESIAN_POINT ( 'NONE',  ( 2.022471241942406500E-017, 0.3625000000000000400, 0.05369357503463514200 ) ) ;
#1449 = CARTESIAN_POINT ( 'NONE',  ( 0.02325000000000001000, 0.3645833333333334300, 0.04027018127597634800 ) ) ;
#1450 = CARTESIAN_POINT ( 'NONE',  ( 0.04649999999999996500, 0.3666666666666667000, 0.02684678751731756100 ) ) ;
#1451 = CARTESIAN_POINT ( 'NONE',  ( 0.02324999999999997900, 0.3979166666666667000, -0.04027018127597636200 ) ) ;
#1452 = CARTESIAN_POINT ( 'NONE',  ( 0.04649999999999995100, 0.3458333333333334900, -0.02684678751731759200 ) ) ;
#1453 = CARTESIAN_POINT ( 'NONE',  ( 0.02324999999999997900, 0.3479166666666667600, -0.04027018127597636200 ) ) ;
#1454 = CARTESIAN_POINT ( 'NONE',  ( 7.380165378509104400E-018, 0.3500000000000001400, -0.05369357503463514200 ) ) ;
#1455 = CARTESIAN_POINT ( 'NONE',  ( 0.02325000000000001400, 0.3395833333333334000, 0.04027018127597634800 ) ) ;
#1456 = CARTESIAN_POINT ( 'NONE',  ( 0.04649999999999996500, 0.3416666666666667300, 0.02684678751731756100 ) ) ;
#1457 = CARTESIAN_POINT ( 'NONE',  ( 0.04649999999999996500, 0.3437500000000000600, -5.694419545274049300E-018 ) ) ;
#1458 = CARTESIAN_POINT ( 'NONE',  ( -0.05600000000000030600, 0.06808333333333314900, -0.03233161507461881900 ) ) ;
#1459 = CARTESIAN_POINT ( 'NONE',  ( -0.05600000000000000800, 0.06599999999999983700, 4.114677348843188200E-017 ) ) ;
#1460 =( BOUNDED_CURVE ( )  B_SPLINE_CURVE ( 2, ( #1459, #1458, #1264, #1263, #1262, #1260, #1259 ),
 .UNSPECIFIED., .F., .T. ) 
 B_SPLINE_CURVE_WITH_KNOTS ( ( 3, 2, 2, 3 ),
 ( 0.4999999999999997800, 0.5277777777777775700, 0.5555555555555553600, 0.5833333333333330400 ),
 .UNSPECIFIED. ) 
 CURVE ( )  GEOMETRIC_REPRESENTATION_ITEM ( )  RATIONAL_B_SPLINE_CURVE ( ( 1.000000000000001100, 0.8660254037844376000, 1.000000000000000000, 0.8660254037844387100, 1.000000000000000000, 0.8660254037844398200, 0.9999999999999988900 ) ) 
 REPRESENTATION_ITEM ( '' )  );
#1461 = CARTESIAN_POINT ( 'NONE',  ( 0.05600000000000000800, 0.1034999999999997600, -2.606721262454759000E-016 ) ) ;
#1462 = CARTESIAN_POINT ( 'NONE',  ( 0.05600000000000012600, 0.1014166666666664900, -0.03233161507461911100 ) ) ;
#1463 = CARTESIAN_POINT ( 'NONE',  ( 0.05600000000000000800, 0.04649999999999991600, -2.057338674421594100E-017 ) ) ;
#1464 = CARTESIAN_POINT ( 'NONE',  ( 0.05600000000000020900, 0.04441666666666661100, -0.03233161507461897900 ) ) ;
#1465 = CARTESIAN_POINT ( 'NONE',  ( 0.02799999999999995900, 0.04233333333333326500, -0.04849742261192859600 ) ) ;
#1466 = CARTESIAN_POINT ( 'NONE',  ( -7.821504430634171000E-017, 0.04024999999999993200, -0.06466323014923808200 ) ) ;
#1467 = CARTESIAN_POINT ( 'NONE',  ( -0.02800000000000003200, 0.03816666666666659900, -0.04849742261192855500 ) ) ;
#1468 = CARTESIAN_POINT ( 'NONE',  ( -0.05599999999999977200, 0.03608333333333328700, -0.03233161507461913800 ) ) ;
#1469 = CARTESIAN_POINT ( 'NONE',  ( -0.05600000000000000800, 0.03399999999999994700, 1.371559116281062600E-017 ) ) ;
#1470 = CARTESIAN_POINT ( 'NONE',  ( -0.04649999999999995100, 0.4062500000000000600, 0.0000000000000000000 ) ) ;
#1471 = CARTESIAN_POINT ( 'NONE',  ( -0.02324999999999994100, 0.4104166666666667100, 0.04027018127597638300 ) ) ;
#1472 = CARTESIAN_POINT ( 'NONE',  ( -0.02324999999999997600, 0.3770833333333334400, -0.04027018127597636200 ) ) ;
#1473 = CARTESIAN_POINT ( 'NONE',  ( -0.04649999999999995100, 0.3791666666666667600, -0.02684678751731756800 ) ) ;
#1474 = CARTESIAN_POINT ( 'NONE',  ( 0.04649999999999996500, 0.2916666666666667400, 0.02684678751731756100 ) ) ;
#1475 = CARTESIAN_POINT ( 'NONE',  ( 0.04649999999999996500, 0.2937500000000000700, -5.694419545274049300E-018 ) ) ;
#1476 = CARTESIAN_POINT ( 'NONE',  ( 0.04649999999999995100, 0.2958333333333333900, -0.02684678751731759200 ) ) ;
#1477 = CARTESIAN_POINT ( 'NONE',  ( 0.02324999999999998200, 0.2979166666666667700, -0.04027018127597636200 ) ) ;
#1478 = CARTESIAN_POINT ( 'NONE',  ( 8.604771732331481900E-018, 0.3000000000000001000, -0.05369357503463514200 ) ) ;
#1479 = CARTESIAN_POINT ( 'NONE',  ( -0.02324999999999997600, 0.3520833333333334100, -0.04027018127597636200 ) ) ;
#1480 = CARTESIAN_POINT ( 'NONE',  ( -0.04649999999999995100, 0.3541666666666666900, -0.02684678751731756800 ) ) ;
#1481 = CARTESIAN_POINT ( 'NONE',  ( -0.04649999999999995100, 0.3562500000000000700, 0.0000000000000000000 ) ) ;
#1482 = CARTESIAN_POINT ( 'NONE',  ( 0.0000000000000000000, 0.0000000000000000000, 0.0000000000000000000 ) ) ;
#1483 = AXIS2_PLACEMENT_3D ( 'NONE', #1482, #1588, #1587 ) ;
#1484 = FACE_OUTER_BOUND ( 'NONE', #302, .T. ) ;
#1485 = CARTESIAN_POINT ( 'NONE',  ( -0.05600000000000000800, 0.01599999999999994500, 1.371559116281062600E-017 ) ) ;
#1486 = CARTESIAN_POINT ( 'NONE',  ( -0.05600000000000024400, 0.01391666666666663600, 0.03233161507461893000 ) ) ;
#1487 = CARTESIAN_POINT ( 'NONE',  ( -0.02799999999999996600, 0.01183333333333328800, 0.04849742261192858900 ) ) ;
#1488 = CARTESIAN_POINT ( 'NONE',  ( -0.008118630554569942000, 0.01035406477340545900, 0.05997593661310600400 ) ) ;
#1489 = CARTESIAN_POINT ( 'NONE',  ( 0.01409890760620718100, 0.008700974136442881500, 0.05419613274313617200 ) ) ;
#1490 =( BOUNDED_CURVE ( )  B_SPLINE_CURVE ( 2, ( #1489, #1488, #1487, #1486, #1485 ),
 .UNSPECIFIED., .F., .T. ) 
 B_SPLINE_CURVE_WITH_KNOTS ( ( 3, 2, 3 ),
 ( 0.1183681581336742800, 0.1388888888888889800, 0.1666666666666668800 ),
 .UNSPECIFIED. ) 
 CURVE ( )  GEOMETRIC_REPRESENTATION_ITEM ( )  RATIONAL_B_SPLINE_CURVE ( ( 0.9482857520554637300, 0.9010267617887874900, 1.000000000000000000, 0.8660254037844376000, 1.000000000000001100 ) ) 
 REPRESENTATION_ITEM ( '' )  );
#1491 = DIRECTION ( 'NONE',  ( 0.0000000000000000000, 0.0000000000000000000, 1.000000000000000000 ) ) ;
#1492 = DIRECTION ( 'NONE',  ( -0.0000000000000000000, 1.000000000000000000, -0.0000000000000000000 ) ) ;
#1493 = CARTESIAN_POINT ( 'NONE',  ( 0.02325000000000001400, 0.3145833333333333800, 0.04027018127597634800 ) ) ;
#1494 = CARTESIAN_POINT ( 'NONE',  ( 0.04649999999999996500, 0.3166666666666667100, 0.02684678751731756100 ) ) ;
#1495 = CARTESIAN_POINT ( 'NONE',  ( 0.04649999999999996500, 0.3187500000000000300, -5.694419545274049300E-018 ) ) ;
#1496 = CARTESIAN_POINT ( 'NONE',  ( 0.04649999999999995100, 0.3208333333333334700, -0.02684678751731759200 ) ) ;
#1497 = CARTESIAN_POINT ( 'NONE',  ( 0.02324999999999998200, 0.3229166666666667400, -0.04027018127597636200 ) ) ;
#1498 = CARTESIAN_POINT ( 'NONE',  ( -0.04649999999999993700, 0.3583333333333333900, 0.02684678751731759500 ) ) ;
#1499 = CARTESIAN_POINT ( 'NONE',  ( -0.02324999999999994100, 0.3604166666666667200, 0.04027018127597638300 ) ) ;
#1500 = CARTESIAN_POINT ( 'NONE',  ( -0.04649999999999995100, 0.2791666666666667300, -0.02684678751731756800 ) ) ;
#1501 = CARTESIAN_POINT ( 'NONE',  ( -0.04649999999999995100, 0.2812500000000000600, 0.0000000000000000000 ) ) ;
#1502 = CARTESIAN_POINT ( 'NONE',  ( -0.04649999999999993700, 0.2833333333333334400, 0.02684678751731759500 ) ) ;
#1503 = CARTESIAN_POINT ( 'NONE',  ( -0.02324999999999993700, 0.2854166666666667600, 0.04027018127597638300 ) ) ;
#1504 = CARTESIAN_POINT ( 'NONE',  ( 2.206162195015762800E-017, 0.2875000000000000900, 0.05369357503463514200 ) ) ;
#1505 = CARTESIAN_POINT ( 'NONE',  ( 0.02325000000000001400, 0.2895833333333334100, 0.04027018127597634800 ) ) ;
#1506 = CYLINDRICAL_SURFACE ( 'NONE', #1483, 0.04649999999999995800 ) ;
#1507 = CARTESIAN_POINT ( 'NONE',  ( -0.05600000000000000800, 0.03399999999999994700, 1.371559116281062600E-017 ) ) ;
#1508 = CARTESIAN_POINT ( 'NONE',  ( -0.05600000000000000800, 0.09099999999999978900, 5.486236465124250300E-017 ) ) ;
#1509 = CARTESIAN_POINT ( 'NONE',  ( 0.04649999999999996500, 0.3937500000000000400, -5.694419545274049300E-018 ) ) ;
#1510 = CARTESIAN_POINT ( 'NONE',  ( 6.155559024686728500E-018, 0.4000000000000000800, -0.05369357503463514200 ) ) ;
#1511 = CARTESIAN_POINT ( 'NONE',  ( 0.04649999999999996500, 0.3687500000000000800, -5.694419545274049300E-018 ) ) ;
#1512 = CARTESIAN_POINT ( 'NONE',  ( 0.04649999999999995100, 0.3708333333333333500, -0.02684678751731759200 ) ) ;
#1513 = FACE_OUTER_BOUND ( 'NONE', #316, .T. ) ;
#1514 = DIRECTION ( 'NONE',  ( 0.8555000790182342200, -0.5178026794057704100, -1.047650832461274900E-016 ) ) ;
#1515 = VECTOR ( 'NONE', #1514, 39.37007874015748100 ) ;
#1516 = CARTESIAN_POINT ( 'NONE',  ( 0.05124999999999999700, 0.2773750000000000900, -6.276107563339683000E-018 ) ) ;
#1517 = DIRECTION ( 'NONE',  ( -0.5000000000000001100, 0.0000000000000000000, -0.8660254037844384900 ) ) ;
#1518 = DIRECTION ( 'NONE',  ( 0.8660254037844386000, 0.0000000000000000000, -0.5000000000000002200 ) ) ;
#1519 = CARTESIAN_POINT ( 'NONE',  ( -0.1443375672974065400, 0.2399999999999999900, 3.414809992080329000E-017 ) ) ;
#1520 = AXIS2_PLACEMENT_3D ( 'NONE', #1519, #1518, #1517 ) ;
#1521 = PLANE ( 'NONE',  #1520 ) ;
#1522 = LINE ( 'NONE', #1516, #1515 ) ;
#1523 = FACE_OUTER_BOUND ( 'NONE', #414, .T. ) ;
#1524 = DIRECTION ( 'NONE',  ( -1.953552627048239500E-017, -1.000000000000000000, -0.0000000000000000000 ) ) ;
#1525 = VECTOR ( 'NONE', #1524, 39.37007874015748100 ) ;
#1526 = CARTESIAN_POINT ( 'NONE',  ( -0.05599999999999999400, 1.093989471147014100E-018, 6.857795581405312100E-018 ) ) ;
#1527 = LINE ( 'NONE', #1526, #1525 ) ;
#1528 = CARTESIAN_POINT ( 'NONE',  ( -0.05600000000000000800, 0.05899999999999989300, 2.743118232562125200E-017 ) ) ;
#1529 = DIRECTION ( 'NONE',  ( -1.953552627048239500E-017, -1.000000000000000000, -0.0000000000000000000 ) ) ;
#1530 = VECTOR ( 'NONE', #1529, 39.37007874015748100 ) ;
#1531 = CARTESIAN_POINT ( 'NONE',  ( -0.05599999999999999400, 1.093989471147014100E-018, 6.857795581405312100E-018 ) ) ;
#1532 = LINE ( 'NONE', #1531, #1530 ) ;
#1533 = CARTESIAN_POINT ( 'NONE',  ( -0.04649999999999995100, 0.3812500000000000900, 0.0000000000000000000 ) ) ;
#1534 = CARTESIAN_POINT ( 'NONE',  ( -0.04649999999999993700, 0.3833333333333334100, 0.02684678751731759500 ) ) ;
#1535 = CARTESIAN_POINT ( 'NONE',  ( 0.05600000000000000800, 0.07149999999999986900, -1.337649609134406000E-016 ) ) ;
#1536 = CARTESIAN_POINT ( 'NONE',  ( 0.05599999999999968900, 0.06941666666666651600, -0.03233161507461929100 ) ) ;
#1537 = CARTESIAN_POINT ( 'NONE',  ( 0.02799999999999994900, 0.06733333333333321700, -0.04849742261192860300 ) ) ;
#1538 = CARTESIAN_POINT ( 'NONE',  ( -1.520972335497958300E-016, 0.06524999999999987800, -0.06466323014923808200 ) ) ;
#1539 = CARTESIAN_POINT ( 'NONE',  ( -0.02800000000000008400, 0.06316666666666655200, -0.04849742261192852000 ) ) ;
#1540 = CARTESIAN_POINT ( 'NONE',  ( -0.05599999999999978600, 0.06108333333333322600, -0.03233161507461913100 ) ) ;
#1541 = CARTESIAN_POINT ( 'NONE',  ( -0.05600000000000000800, 0.05899999999999989300, 2.743118232562125200E-017 ) ) ;
#1542 = CARTESIAN_POINT ( 'NONE',  ( -0.04649999999999993700, 0.3333333333333333700, 0.02684678751731759500 ) ) ;
#1543 = CARTESIAN_POINT ( 'NONE',  ( -0.02324999999999993700, 0.3354166666666667500, 0.04027018127597638300 ) ) ;
#1544 = CARTESIAN_POINT ( 'NONE',  ( 2.083701559633524900E-017, 0.3375000000000001300, 0.05369357503463514200 ) ) ;
#1545 = CARTESIAN_POINT ( 'NONE',  ( -0.04649999999999995100, 0.4041666666666667300, -0.02684678751731756800 ) ) ;
#1546 =( BOUNDED_CURVE ( )  B_SPLINE_CURVE ( 2, ( #1469, #1468, #1467, #1466, #1465, #1464, #1463 ),
 .UNSPECIFIED., .F., .T. ) 
 B_SPLINE_CURVE_WITH_KNOTS ( ( 3, 2, 2, 3 ),
 ( 0.1666666666666668800, 0.1944444444444446400, 0.2222222222222224300, 0.2500000000000002200 ),
 .UNSPECIFIED. ) 
 CURVE ( )  GEOMETRIC_REPRESENTATION_ITEM ( )  RATIONAL_B_SPLINE_CURVE ( ( 0.9999999999999988900, 0.8660254037844398200, 1.000000000000000000, 0.8660254037844387100, 1.000000000000000000, 0.8660254037844376000, 1.000000000000001100 ) ) 
 REPRESENTATION_ITEM ( '' )  );
#1547 = DIRECTION ( 'NONE',  ( 1.000000000000000000, 0.0000000000000000000, -1.224606353822377000E-016 ) ) ;
#1548 = DIRECTION ( 'NONE',  ( 1.224606353822377000E-016, -0.0000000000000000000, 1.000000000000000000 ) ) ;
#1549 = CARTESIAN_POINT ( 'NONE',  ( 0.05124999999999999700, 0.2716250000000000600, -6.276107563339681500E-018 ) ) ;
#1550 = AXIS2_PLACEMENT_3D ( 'NONE', #1549, #1548, #1547 ) ;
#1551 = PLANE ( 'NONE',  #1550 ) ;
#1552 = LINE ( 'NONE', #1426, #1425 ) ;
#1553 = DIRECTION ( 'NONE',  ( 0.0000000000000000000, -0.0000000000000000000, -1.000000000000000000 ) ) ;
#1554 = DIRECTION ( 'NONE',  ( 0.0000000000000000000, -1.000000000000000000, 0.0000000000000000000 ) ) ;
#1555 = CARTESIAN_POINT ( 'NONE',  ( -0.04649999999999995100, 0.4243985509530391300, 0.0000000000000000000 ) ) ;
#1556 = AXIS2_PLACEMENT_3D ( 'NONE', #1555, #1554, #1553 ) ;
#1557 = FACE_OUTER_BOUND ( 'NONE', #349, .T. ) ;
#1558 = CARTESIAN_POINT ( 'NONE',  ( -0.02324999999999994100, 0.3854166666666666900, 0.04027018127597638300 ) ) ;
#1559 = CARTESIAN_POINT ( 'NONE',  ( 1.961240924251287600E-017, 0.3875000000000001200, 0.05369357503463514200 ) ) ;
#1560 = CARTESIAN_POINT ( 'NONE',  ( 0.02325000000000001000, 0.3895833333333334500, 0.04027018127597634800 ) ) ;
#1561 = CARTESIAN_POINT ( 'NONE',  ( 0.04649999999999996500, 0.3916666666666666600, 0.02684678751731756100 ) ) ;
#1562 = CARTESIAN_POINT ( 'NONE',  ( -0.04649999999999993700, 0.4083333333333333800, 0.02684678751731759500 ) ) ;
#1563 = DIRECTION ( 'NONE',  ( 1.000000000000000000, -1.953552627048239800E-017, 0.0000000000000000000 ) ) ;
#1564 = DIRECTION ( 'NONE',  ( -1.953552627048239500E-017, -1.000000000000000000, -0.0000000000000000000 ) ) ;
#1565 = CARTESIAN_POINT ( 'NONE',  ( 0.0000000000000000000, 0.0000000000000000000, 0.0000000000000000000 ) ) ;
#1566 = AXIS2_PLACEMENT_3D ( 'NONE', #1565, #1564, #1563 ) ;
#1567 = CARTESIAN_POINT ( 'NONE',  ( -0.05600000000000000800, 0.04099999999999989800, 2.743118232562125200E-017 ) ) ;
#1568 = CARTESIAN_POINT ( 'NONE',  ( 7.992468555420293900E-018, 0.3250000000000000700, -0.05369357503463514200 ) ) ;
#1569 = CARTESIAN_POINT ( 'NONE',  ( -0.02324999999999997200, 0.3270833333333333900, -0.04027018127597636200 ) ) ;
#1570 = CARTESIAN_POINT ( 'NONE',  ( -0.04649999999999995100, 0.3291666666666667200, -0.02684678751731756800 ) ) ;
#1571 = CARTESIAN_POINT ( 'NONE',  ( -0.04649999999999995100, 0.3312500000000000400, 0.0000000000000000000 ) ) ;
#1572 = DIRECTION ( 'NONE',  ( -1.953552627048239500E-017, -1.000000000000000000, -0.0000000000000000000 ) ) ;
#1573 = VECTOR ( 'NONE', #1572, 39.37007874015748100 ) ;
#1574 = CARTESIAN_POINT ( 'NONE',  ( 0.05599999999999999400, -1.093989471147014100E-018, 0.0000000000000000000 ) ) ;
#1575 = LINE ( 'NONE', #1574, #1573 ) ;
#1576 = DIRECTION ( 'NONE',  ( -0.0000000000000000000, -1.000000000000000000, -0.0000000000000000000 ) ) ;
#1577 = VECTOR ( 'NONE', #1576, 39.37007874015748100 ) ;
#1578 = CARTESIAN_POINT ( 'NONE',  ( 0.1443375672974065200, 0.2399999999999999900, -3.414809992080329000E-017 ) ) ;
#1579 = LINE ( 'NONE', #1578, #1577 ) ;
#1580 = CARTESIAN_POINT ( 'NONE',  ( 0.04649999999999995100, 0.3958333333333333700, -0.02684678751731759200 ) ) ;
#1581 = CARTESIAN_POINT ( 'NONE',  ( 0.02324999999999997900, 0.3729166666666667900, -0.04027018127597636200 ) ) ;
#1582 = CARTESIAN_POINT ( 'NONE',  ( 6.767862201597917200E-018, 0.3750000000000001100, -0.05369357503463514200 ) ) ;
#1583 = CARTESIAN_POINT ( 'NONE',  ( -0.02324999999999997600, 0.4020833333333334000, -0.04027018127597636200 ) ) ;
#1584 = CYLINDRICAL_SURFACE ( 'NONE', #1566, 0.05599999999999999400 ) ;
#1585 = FACE_OUTER_BOUND ( 'NONE', #373, .T. ) ;
#1586 = CARTESIAN_POINT ( 'NONE',  ( 0.05600000000000000800, 0.04649999999999991600, -2.057338674421594100E-017 ) ) ;
#1587 = DIRECTION ( 'NONE',  ( 1.000000000000000000, -1.953552627048239800E-017, 0.0000000000000000000 ) ) ;
#1588 = DIRECTION ( 'NONE',  ( -1.953552627048239500E-017, -1.000000000000000000, -0.0000000000000000000 ) ) ;
#1589 = CARTESIAN_POINT ( 'NONE',  ( 0.04649999999999996500, 0.3302500000000000400, -5.694419545274049300E-018 ) ) ;
#1590 = CARTESIAN_POINT ( 'NONE',  ( 0.04649999999999995100, 0.3323333333333334200, -0.02684678751731759200 ) ) ;
#1591 = CARTESIAN_POINT ( 'NONE',  ( 0.02324999999999998200, 0.3344166666666667500, -0.04027018127597636200 ) ) ;
#1592 = CARTESIAN_POINT ( 'NONE',  ( 7.710809094041147800E-018, 0.3365000000000000800, -0.05369357503463514200 ) ) ;
#1593 = CARTESIAN_POINT ( 'NONE',  ( -0.02324999999999997200, 0.3385833333333334000, -0.04027018127597636200 ) ) ;
#1594 = CARTESIAN_POINT ( 'NONE',  ( -0.04649999999999995100, 0.3406666666666667300, -0.02684678751731756800 ) ) ;
#1595 = CARTESIAN_POINT ( 'NONE',  ( -0.04649999999999995100, 0.3427500000000000500, 0.0000000000000000000 ) ) ;
#1596 = CARTESIAN_POINT ( 'NONE',  ( -0.04649999999999993700, 0.3448333333333334400, 0.02684678751731759500 ) ) ;
#1597 = CARTESIAN_POINT ( 'NONE',  ( -0.02324999999999993700, 0.3469166666666667600, 0.04027018127597638300 ) ) ;
#1598 = CARTESIAN_POINT ( 'NONE',  ( 2.055535613495610300E-017, 0.3490000000000000300, 0.05369357503463514200 ) ) ;
#1599 = CARTESIAN_POINT ( 'NONE',  ( 0.02325000000000001400, 0.3510833333333334100, 0.04027018127597634800 ) ) ;
#1600 = CARTESIAN_POINT ( 'NONE',  ( 0.04649999999999996500, 0.3531666666666666800, 0.02684678751731756100 ) ) ;
#1601 = CARTESIAN_POINT ( 'NONE',  ( 0.04649999999999996500, 0.3552500000000000700, -5.694419545274049300E-018 ) ) ;
#1602 = CARTESIAN_POINT ( 'NONE',  ( 0.04649999999999995100, 0.3573333333333333900, -0.02684678751731759200 ) ) ;
#1603 = CARTESIAN_POINT ( 'NONE',  ( 0.02324999999999997900, 0.3594166666666667700, -0.04027018127597636200 ) ) ;
#1604 = CARTESIAN_POINT ( 'NONE',  ( 7.098505917129959900E-018, 0.3615000000000000400, -0.05369357503463514200 ) ) ;
#1605 = CARTESIAN_POINT ( 'NONE',  ( -0.02324999999999997600, 0.3635833333333334200, -0.04027018127597636200 ) ) ;
#1606 = CARTESIAN_POINT ( 'NONE',  ( -0.04649999999999995100, 0.3656666666666667500, -0.02684678751731756800 ) ) ;
#1607 = CARTESIAN_POINT ( 'NONE',  ( 0.05600000000000000800, 0.07849999999999980600, -4.800456906983719600E-017 ) ) ;
#1608 = CARTESIAN_POINT ( 'NONE',  ( 0.05600000000000000800, 0.05349999999999986700, -1.337649609134406000E-016 ) ) ;
#1609 = CARTESIAN_POINT ( 'NONE',  ( -0.05600000000000000800, 0.1339999999999997300, 2.675299218268812100E-016 ) ) ;
#1610 = CARTESIAN_POINT ( 'NONE',  ( -0.05599999999999960600, 0.1319166666666664000, 0.03233161507461942300 ) ) ;
#1611 = CARTESIAN_POINT ( 'NONE',  ( -0.02799999999999983800, 0.1298333333333330800, 0.04849742261192866600 ) ) ;
#1612 =( BOUNDED_CURVE ( )  B_SPLINE_CURVE ( 2, ( #1707, #1706, #1705, #1704, #1703, #1702, #1701 ),
 .UNSPECIFIED., .F., .T. ) 
 B_SPLINE_CURVE_WITH_KNOTS ( ( 3, 2, 2, 3 ),
 ( 0.9166666666666664100, 0.9444444444444443100, 0.9722222222222221000, 1.000000000000000000 ),
 .UNSPECIFIED. ) 
 CURVE ( )  GEOMETRIC_REPRESENTATION_ITEM ( )  RATIONAL_B_SPLINE_CURVE ( ( 1.000000000000001100, 0.8660254037844376000, 1.000000000000000000, 0.8660254037844387100, 1.000000000000000000, 0.8660254037844387100, 1.000000000000000000 ) ) 
 REPRESENTATION_ITEM ( '' )  );
#1613 =( BOUNDED_CURVE ( )  B_SPLINE_CURVE ( 2, ( #1723, #1722, #1721, #1720, #1719, #1718, #1717 ),
 .UNSPECIFIED., .F., .T. ) 
 B_SPLINE_CURVE_WITH_KNOTS ( ( 3, 2, 2, 3 ),
 ( 0.3333333333333335400, 0.3611111111111111600, 0.3888888888888887800, 0.4166666666666664100 ),
 .UNSPECIFIED. ) 
 CURVE ( )  GEOMETRIC_REPRESENTATION_ITEM ( )  RATIONAL_B_SPLINE_CURVE ( ( 0.9999999999999988900, 0.8660254037844398200, 1.000000000000000000, 0.8660254037844387100, 1.000000000000000000, 0.8660254037844398200, 0.9999999999999988900 ) ) 
 REPRESENTATION_ITEM ( '' )  );
#1614 = CARTESIAN_POINT ( 'NONE',  ( 0.05600000000000002200, 0.2745000000000000800, -6.857795581405313700E-018 ) ) ;
#1615 = CARTESIAN_POINT ( 'NONE',  ( 0.05600000000000000100, 0.2765833333333334000, -0.03233161507461907600 ) ) ;
#1616 = CARTESIAN_POINT ( 'NONE',  ( 0.02800000000000000800, 0.2786666666666667300, -0.04849742261192858300 ) ) ;
#1617 = CARTESIAN_POINT ( 'NONE',  ( 8.404569710923951900E-018, 0.2807500000000000600, -0.06466323014923809600 ) ) ;
#1618 = CARTESIAN_POINT ( 'NONE',  ( -0.02799999999999999700, 0.2828333333333333800, -0.04849742261192856900 ) ) ;
#1619 = CARTESIAN_POINT ( 'NONE',  ( -0.05600000000000000100, 0.2849166666666667100, -0.03233161507461904800 ) ) ;
#1620 = CARTESIAN_POINT ( 'NONE',  ( -0.05600000000000000800, 0.2870000000000000900, 0.0000000000000000000 ) ) ;
#1621 = CARTESIAN_POINT ( 'NONE',  ( -0.05599999999999998700, 0.2890833333333334700, 0.03233161507461907600 ) ) ;
#1622 = CARTESIAN_POINT ( 'NONE',  ( -0.02799999999999995500, 0.2911666666666667400, 0.04849742261192859600 ) ) ;
#1623 = CARTESIAN_POINT ( 'NONE',  ( 2.393581862235549700E-017, 0.2932500000000000700, 0.06466323014923809600 ) ) ;
#1624 = CARTESIAN_POINT ( 'NONE',  ( 0.02800000000000004600, 0.2953333333333333900, 0.04849742261192856200 ) ) ;
#1625 = CARTESIAN_POINT ( 'NONE',  ( 0.05600000000000002200, 0.2974166666666666600, 0.03233161507461903400 ) ) ;
#1626 = CARTESIAN_POINT ( 'NONE',  ( 0.05600000000000002200, 0.2995000000000001000, -6.857795581405313700E-018 ) ) ;
#1627 = CARTESIAN_POINT ( 'NONE',  ( 0.05600000000000000100, 0.3015833333333333700, -0.03233161507461907600 ) ) ;
#1628 = CARTESIAN_POINT ( 'NONE',  ( 0.02800000000000000800, 0.3036666666666667500, -0.04849742261192858300 ) ) ;
#1629 = CARTESIAN_POINT ( 'NONE',  ( 7.792266534012764000E-018, 0.3057500000000000800, -0.06466323014923809600 ) ) ;
#1630 = CARTESIAN_POINT ( 'NONE',  ( -0.02799999999999999700, 0.3078333333333334000, -0.04849742261192856900 ) ) ;
#1631 = CARTESIAN_POINT ( 'NONE',  ( -0.05600000000000000100, 0.3099166666666666700, -0.03233161507461904800 ) ) ;
#1632 = CARTESIAN_POINT ( 'NONE',  ( -0.05600000000000000800, 0.3120000000000001100, 0.0000000000000000000 ) ) ;
#1633 = CARTESIAN_POINT ( 'NONE',  ( -0.05599999999999998700, 0.3140833333333334400, 0.03233161507461907600 ) ) ;
#1634 = CARTESIAN_POINT ( 'NONE',  ( -0.02799999999999995500, 0.3161666666666667600, 0.04849742261192859600 ) ) ;
#1635 = CARTESIAN_POINT ( 'NONE',  ( 2.332351544544430400E-017, 0.3182500000000000900, 0.06466323014923809600 ) ) ;
#1636 = CARTESIAN_POINT ( 'NONE',  ( 0.02800000000000004600, 0.3203333333333334100, 0.04849742261192856200 ) ) ;
#1637 = CARTESIAN_POINT ( 'NONE',  ( 0.05600000000000002200, 0.3224166666666666800, 0.03233161507461903400 ) ) ;
#1638 = CARTESIAN_POINT ( 'NONE',  ( 0.05600000000000002200, 0.3245000000000000700, -6.857795581405313700E-018 ) ) ;
#1639 = CARTESIAN_POINT ( 'NONE',  ( 0.05600000000000000100, 0.3265833333333333900, -0.03233161507461907600 ) ) ;
#1640 = CARTESIAN_POINT ( 'NONE',  ( 0.02800000000000000800, 0.3286666666666667700, -0.04849742261192858300 ) ) ;
#1641 = CARTESIAN_POINT ( 'NONE',  ( 7.179963357101574500E-018, 0.3307500000000001000, -0.06466323014923809600 ) ) ;
#1642 = CARTESIAN_POINT ( 'NONE',  ( -0.02799999999999999700, 0.3328333333333334300, -0.04849742261192856900 ) ) ;
#1643 = CARTESIAN_POINT ( 'NONE',  ( -0.05600000000000000100, 0.3349166666666667500, -0.03233161507461904800 ) ) ;
#1644 = CARTESIAN_POINT ( 'NONE',  ( -0.05600000000000000800, 0.3370000000000000800, 0.0000000000000000000 ) ) ;
#1645 = CARTESIAN_POINT ( 'NONE',  ( -0.05599999999999998700, 0.3390833333333334600, 0.03233161507461907600 ) ) ;
#1646 = LINE ( 'NONE', #1700, #1699 ) ;
#1647 =( BOUNDED_CURVE ( )  B_SPLINE_CURVE ( 2, ( #1711, #1710, #1709, #1708, #1611, #1610, #1609 ),
 .UNSPECIFIED., .F., .T. ) 
 B_SPLINE_CURVE_WITH_KNOTS ( ( 3, 2, 2, 3 ),
 ( 0.7500000000000002200, 0.7777777777777777900, 0.8055555555555553600, 0.8333333333333330400 ),
 .UNSPECIFIED. ) 
 CURVE ( )  GEOMETRIC_REPRESENTATION_ITEM ( )  RATIONAL_B_SPLINE_CURVE ( ( 0.9999999999999988900, 0.8660254037844398200, 1.000000000000000000, 0.8660254037844387100, 1.000000000000000000, 0.8660254037844398200, 0.9999999999999988900 ) ) 
 REPRESENTATION_ITEM ( '' )  );
#1648 = CYLINDRICAL_SURFACE ( 'NONE', #1799, 0.05599999999999999400 ) ;
#1649 = FACE_OUTER_BOUND ( 'NONE', #400, .T. ) ;
#1650 = CARTESIAN_POINT ( 'NONE',  ( 0.05600000000000002200, 0.3995000000000000800, -6.857795581405313700E-018 ) ) ;
#1651 = CARTESIAN_POINT ( 'NONE',  ( 0.05600000000000000100, 0.4015833333333334000, -0.03233161507461907600 ) ) ;
#1652 = CARTESIAN_POINT ( 'NONE',  ( 0.02800000000000000400, 0.4036666666666667300, -0.04849742261192858300 ) ) ;
#1653 = CARTESIAN_POINT ( 'NONE',  ( 5.343053826368009100E-018, 0.4057500000000000600, -0.06466323014923809600 ) ) ;
#1654 = CARTESIAN_POINT ( 'NONE',  ( -0.02800000000000000400, 0.4078333333333334400, -0.04849742261192856900 ) ) ;
#1655 = CARTESIAN_POINT ( 'NONE',  ( -0.05600000000000000100, 0.4099166666666667100, -0.03233161507461904800 ) ) ;
#1656 = CARTESIAN_POINT ( 'NONE',  ( -0.05600000000000000800, 0.4120000000000000900, 0.0000000000000000000 ) ) ;
#1657 = CARTESIAN_POINT ( 'NONE',  ( -0.05599999999999998700, 0.4140833333333334100, 0.03233161507461907600 ) ) ;
#1658 = CARTESIAN_POINT ( 'NONE',  ( -0.02799999999999995900, 0.4161666666666667400, 0.04849742261192859600 ) ) ;
#1659 = CARTESIAN_POINT ( 'NONE',  ( 2.087430273779955200E-017, 0.4182500000000001200, 0.06466323014923809600 ) ) ;
#1660 = CARTESIAN_POINT ( 'NONE',  ( 0.02800000000000004200, 0.4203333333333334500, 0.04849742261192856200 ) ) ;
#1661 = CARTESIAN_POINT ( 'NONE',  ( 0.05600000000000002200, 0.4224166666666667700, 0.03233161507461903400 ) ) ;
#1662 = CARTESIAN_POINT ( 'NONE',  ( 0.05600000000000002200, 0.4245000000000001000, -6.857795581405313700E-018 ) ) ;
#1663 = CARTESIAN_POINT ( 'NONE',  ( 0.05600000000000000100, 0.4265833333333334300, -0.03233161507461907600 ) ) ;
#1664 = CARTESIAN_POINT ( 'NONE',  ( 0.02800000000000000400, 0.4286666666666667000, -0.04849742261192858300 ) ) ;
#1665 = CARTESIAN_POINT ( 'NONE',  ( 4.730750649456820400E-018, 0.4307500000000000800, -0.06466323014923809600 ) ) ;
#1666 = CARTESIAN_POINT ( 'NONE',  ( -0.02800000000000000400, 0.4328333333333334600, -0.04849742261192856900 ) ) ;
#1667 = CARTESIAN_POINT ( 'NONE',  ( -0.05600000000000000100, 0.4349166666666666700, -0.03233161507461904800 ) ) ;
#1668 = CARTESIAN_POINT ( 'NONE',  ( -0.05600000000000000800, 0.4370000000000000600, 0.0000000000000000000 ) ) ;
#1669 = CARTESIAN_POINT ( 'NONE',  ( 0.04649999999999996500, 0.2802500000000000500, -5.694419545274049300E-018 ) ) ;
#1670 = CARTESIAN_POINT ( 'NONE',  ( 0.04649999999999995100, 0.2823333333333333800, -0.02684678751731759200 ) ) ;
#1671 = CARTESIAN_POINT ( 'NONE',  ( 0.02324999999999998200, 0.2844166666666667600, -0.04027018127597636200 ) ) ;
#1672 = CARTESIAN_POINT ( 'NONE',  ( 8.935415447863526800E-018, 0.2865000000000000900, -0.05369357503463514200 ) ) ;
#1673 = CARTESIAN_POINT ( 'NONE',  ( -0.02324999999999997200, 0.2885833333333334100, -0.04027018127597636200 ) ) ;
#1674 = CARTESIAN_POINT ( 'NONE',  ( -0.04649999999999995100, 0.2906666666666667400, -0.02684678751731756800 ) ) ;
#1675 = CARTESIAN_POINT ( 'NONE',  ( 0.04649999999999996500, 0.4052500000000000500, -5.694419545274049300E-018 ) ) ;
#1676 = CARTESIAN_POINT ( 'NONE',  ( 0.04649999999999995100, 0.4073333333333333800, -0.02684678751731759200 ) ) ;
#1677 = CARTESIAN_POINT ( 'NONE',  ( 0.02324999999999997900, 0.4094166666666667100, -0.04027018127597636200 ) ) ;
#1678 = CARTESIAN_POINT ( 'NONE',  ( 5.873899563307582400E-018, 0.4115000000000000900, -0.05369357503463514200 ) ) ;
#1679 = CARTESIAN_POINT ( 'NONE',  ( -0.02324999999999997600, 0.4135833333333334100, -0.04027018127597636200 ) ) ;
#1680 = CARTESIAN_POINT ( 'NONE',  ( -0.04649999999999995100, 0.4156666666666667400, -0.02684678751731756800 ) ) ;
#1681 = CARTESIAN_POINT ( 'NONE',  ( -0.04649999999999995100, 0.4177500000000000700, 0.0000000000000000000 ) ) ;
#1682 = CARTESIAN_POINT ( 'NONE',  ( -0.04649999999999993700, 0.4198333333333333900, 0.02684678751731759500 ) ) ;
#1683 = CARTESIAN_POINT ( 'NONE',  ( -0.02324999999999994100, 0.4219166666666667200, 0.04027018127597638300 ) ) ;
#1684 = CARTESIAN_POINT ( 'NONE',  ( 1.871844660422253700E-017, 0.4240000000000001000, 0.05369357503463514200 ) ) ;
#1685 = CARTESIAN_POINT ( 'NONE',  ( 0.02325000000000001000, 0.4260833333333334200, 0.04027018127597634800 ) ) ;
#1686 = CARTESIAN_POINT ( 'NONE',  ( 0.04649999999999996500, 0.4281666666666667500, 0.02684678751731756100 ) ) ;
#1687 = CARTESIAN_POINT ( 'NONE',  ( 0.04649999999999996500, 0.4302500000000000800, -5.694419545274049300E-018 ) ) ;
#1688 = CARTESIAN_POINT ( 'NONE',  ( 0.04649999999999995100, 0.4323333333333334600, -0.02684678751731759200 ) ) ;
#1689 = CARTESIAN_POINT ( 'NONE',  ( 0.02324999999999997900, 0.4344166666666667300, -0.04027018127597636200 ) ) ;
#1690 = CARTESIAN_POINT ( 'NONE',  ( 5.261596386396393700E-018, 0.4365000000000001700, -0.05369357503463514200 ) ) ;
#1691 = CARTESIAN_POINT ( 'NONE',  ( -0.02324999999999997600, 0.4385833333333334400, -0.04027018127597636200 ) ) ;
#1692 = CARTESIAN_POINT ( 'NONE',  ( -0.04649999999999995100, 0.4406666666666668200, -0.02684678751731756800 ) ) ;
#1693 = CARTESIAN_POINT ( 'NONE',  ( -0.04649999999999995100, 0.4427500000000000900, 0.0000000000000000000 ) ) ;
#1694 = FACE_OUTER_BOUND ( 'NONE', #393, .T. ) ;
#1695 = DIRECTION ( 'NONE',  ( -0.0000000000000000000, -1.000000000000000000, -0.0000000000000000000 ) ) ;
#1696 = VECTOR ( 'NONE', #1695, 39.37007874015748100 ) ;
#1697 = CARTESIAN_POINT ( 'NONE',  ( -0.07216878364870325800, 0.2399999999999999900, 0.1250000000000001100 ) ) ;
#1698 = DIRECTION ( 'NONE',  ( -1.953552627048239500E-017, -1.000000000000000000, -0.0000000000000000000 ) ) ;
#1699 = VECTOR ( 'NONE', #1698, 39.37007874015748100 ) ;
#1700 = CARTESIAN_POINT ( 'NONE',  ( 0.05599999999999999400, -1.093989471147014100E-018, 0.0000000000000000000 ) ) ;
#1701 = CARTESIAN_POINT ( 'NONE',  ( -0.05599999999999999400, 0.1409999999999996800, -4.294649705305353600E-015 ) ) ;
#1702 = CARTESIAN_POINT ( 'NONE',  ( -0.05599999999999986200, 0.1389166666666663600, 0.03233161507461929100 ) ) ;
#1703 = CARTESIAN_POINT ( 'NONE',  ( -0.02799999999999964700, 0.1368333333333330300, 0.04849742261192877700 ) ) ;
#1704 = CARTESIAN_POINT ( 'NONE',  ( 2.026297098841112800E-016, 0.1347499999999997300, 0.06466323014923808200 ) ) ;
#1705 = CARTESIAN_POINT ( 'NONE',  ( 0.02800000000000029900, 0.1326666666666663800, 0.04849742261192840200 ) ) ;
#1706 = CARTESIAN_POINT ( 'NONE',  ( 0.05600000000000032700, 0.1305833333333330500, 0.03233161507461879100 ) ) ;
#1707 = CARTESIAN_POINT ( 'NONE',  ( 0.05600000000000000800, 0.1284999999999997300, -2.743877174082865100E-016 ) ) ;
#1708 = CARTESIAN_POINT ( 'NONE',  ( 1.869637542737592700E-016, 0.1277499999999997800, 0.06466323014923808200 ) ) ;
#1709 = CARTESIAN_POINT ( 'NONE',  ( 0.02800000000000010800, 0.1256666666666664300, 0.04849742261192849900 ) ) ;
#1710 = CARTESIAN_POINT ( 'NONE',  ( 0.05599999999999979300, 0.1235833333333331000, 0.03233161507461909700 ) ) ;
#1711 = CARTESIAN_POINT ( 'NONE',  ( 0.05600000000000000800, 0.1214999999999997600, -2.606721262454759000E-016 ) ) ;
#1712 =( BOUNDED_SURFACE ( )  B_SPLINE_SURFACE ( 1, 2, ( 
 ( #1693, #1692, #1691, #1690, #1689, #1688, #1687, #1686, #1685, #1684, #1683, #1682, #1681, #1680, #1679, #1678, #1677, #1676, #1675, #1794, #1793, #1792, #1791, #1790, #1789, #1788, #1787, #1786, #1785, #1784, #1783, #1782, #1781, #1780, #1779, #1778, #1777, #1606, #1605, #1604, #1603, #1602, #1601, #1600, #1599, #1598, #1597, #1596, #1595, #1594, #1593, #1592, #1591, #1590, #1589, #1776, #1775, #1774, #1773, #1772, #1771, #1770, #1769, #1768, #1767, #1766, #1765, #1764, #1763, #1762, #1761, #1760, #1759, #1674, #1673, #1672, #1671, #1670, #1669 ),
 ( #1668, #1667, #1666, #1665, #1664, #1663, #1662, #1661, #1660, #1659, #1658, #1657, #1656, #1655, #1654, #1653, #1652, #1651, #1650, #1758, #1757, #1756, #1755, #1754, #1753, #1752, #1751, #1750, #1749, #1748, #1747, #1746, #1745, #1744, #1743, #1742, #1741, #1740, #1739, #1738, #1737, #1736, #1735, #1734, #1733, #1732, #1731, #1645, #1644, #1643, #1642, #1641, #1640, #1639, #1638, #1637, #1636, #1635, #1634, #1633, #1632, #1631, #1630, #1629, #1628, #1627, #1626, #1625, #1624, #1623, #1622, #1621, #1620, #1619, #1618, #1617, #1616, #1615, #1614 ) ),
 .UNSPECIFIED., .F., .F., .T. ) 
 B_SPLINE_SURFACE_WITH_KNOTS ( ( 2, 2 ),
 ( 3, 2, 2, 2, 2, 2, 2, 2, 2, 2, 2, 2, 2, 2, 2, 2, 2, 2, 2, 2, 2, 2, 2, 2, 2, 2, 2, 2, 2, 2, 2, 2, 2, 2, 2, 2, 2, 2, 2, 3 ),
 ( 0.6705764149818517200, 1.000000000000000000 ),
 ( 0.0000000000000000000, 0.02380952380952380800, 0.04761904761904761600, 0.07142857142857142500, 0.09523809523809523300, 0.1190476190476190400, 0.1428571428571428500, 0.1666666666666666600, 0.1904761904761904700, 0.2142857142857142700, 0.2380952380952380800, 0.2619047619047618600, 0.2857142857142857000, 0.3095238095238095300, 0.3333333333333333100, 0.3571428571428571000, 0.3809523809523809300, 0.4047619047619047700, 0.4285714285714285500, 0.4523809523809523300, 0.4761904761904761600, 0.5000000000000000000, 0.5238095238095237200, 0.5476190476190475600, 0.5714285714285714000, 0.5952380952380952300, 0.6190476190476190700, 0.6428571428571427900, 0.6666666666666666300, 0.6904761904761904700, 0.7142857142857141900, 0.7380952380952380300, 0.7619047619047618600, 0.7857142857142857000, 0.8095238095238095300, 0.8333333333333332600, 0.8571428571428571000, 0.8809523809523809300, 0.9047619047619046600, 0.9285714285714284900 ),
 .UNSPECIFIED. ) 
 GEOMETRIC_REPRESENTATION_ITEM ( )  RATIONAL_B_SPLINE_SURFACE ( (
 ( 1.000000000000000000, 0.8660254037844387100, 1.000000000000000000, 0.8660254037844387100, 1.000000000000000000, 0.8660254037844387100, 1.000000000000000000, 0.8660254037844387100, 1.000000000000000000, 0.8660254037844387100, 1.000000000000000000, 0.8660254037844387100, 1.000000000000000000, 0.8660254037844387100, 1.000000000000000000, 0.8660254037844387100, 1.000000000000000000, 0.8660254037844387100, 1.000000000000000000, 0.8660254037844387100, 1.000000000000000000, 0.8660254037844387100, 1.000000000000000000, 0.8660254037844387100, 1.000000000000000000, 0.8660254037844387100, 1.000000000000000000, 0.8660254037844387100, 1.000000000000000000, 0.8660254037844387100, 1.000000000000000000, 0.8660254037844387100, 1.000000000000000000, 0.8660254037844387100, 1.000000000000000000, 0.8660254037844387100, 1.000000000000000000, 0.8660254037844387100, 1.000000000000000000, 0.8660254037844387100, 1.000000000000000000, 0.8660254037844387100, 1.000000000000000000, 0.8660254037844387100, 1.000000000000000000, 0.8660254037844387100, 1.000000000000000000, 0.8660254037844387100, 1.000000000000000000, 0.8660254037844387100, 1.000000000000000000, 0.8660254037844387100, 1.000000000000000000, 0.8660254037844387100, 1.000000000000000000, 0.8660254037844387100, 1.000000000000000000, 0.8660254037844387100, 1.000000000000000000, 0.8660254037844387100, 1.000000000000000000, 0.8660254037844387100, 1.000000000000000000, 0.8660254037844387100, 1.000000000000000000, 0.8660254037844387100, 1.000000000000000000, 0.8660254037844387100, 1.000000000000000000, 0.8660254037844387100, 1.000000000000000000, 0.8660254037844387100, 1.000000000000000000, 0.8660254037844387100, 1.000000000000000000, 0.8660254037844387100, 1.000000000000000000, 0.8660254037844387100, 1.000000000000000000),
 ( 1.000000000000000000, 0.8660254037844387100, 1.000000000000000000, 0.8660254037844387100, 1.000000000000000000, 0.8660254037844387100, 1.000000000000000000, 0.8660254037844387100, 1.000000000000000000, 0.8660254037844387100, 1.000000000000000000, 0.8660254037844387100, 1.000000000000000000, 0.8660254037844387100, 1.000000000000000000, 0.8660254037844387100, 1.000000000000000000, 0.8660254037844387100, 1.000000000000000000, 0.8660254037844387100, 1.000000000000000000, 0.8660254037844387100, 1.000000000000000000, 0.8660254037844387100, 1.000000000000000000, 0.8660254037844387100, 1.000000000000000000, 0.8660254037844387100, 1.000000000000000000, 0.8660254037844387100, 1.000000000000000000, 0.8660254037844387100, 1.000000000000000000, 0.8660254037844387100, 1.000000000000000000, 0.8660254037844387100, 1.000000000000000000, 0.8660254037844387100, 1.000000000000000000, 0.8660254037844387100, 1.000000000000000000, 0.8660254037844387100, 1.000000000000000000, 0.8660254037844387100, 1.000000000000000000, 0.8660254037844387100, 1.000000000000000000, 0.8660254037844387100, 1.000000000000000000, 0.8660254037844387100, 1.000000000000000000, 0.8660254037844387100, 1.000000000000000000, 0.8660254037844387100, 1.000000000000000000, 0.8660254037844387100, 1.000000000000000000, 0.8660254037844387100, 1.000000000000000000, 0.8660254037844387100, 1.000000000000000000, 0.8660254037844387100, 1.000000000000000000, 0.8660254037844387100, 1.000000000000000000, 0.8660254037844387100, 1.000000000000000000, 0.8660254037844387100, 1.000000000000000000, 0.8660254037844387100, 1.000000000000000000, 0.8660254037844387100, 1.000000000000000000, 0.8660254037844387100, 1.000000000000000000, 0.8660254037844387100, 1.000000000000000000, 0.8660254037844387100, 1.000000000000000000) ) ) 
 REPRESENTATION_ITEM ( '' )  SURFACE ( )  );
#1713 = CARTESIAN_POINT ( 'NONE',  ( -0.02300000000000000300, 0.02916666666666660100, -0.03983716857408417500 ) ) ;
#1714 =( BOUNDED_CURVE ( )  B_SPLINE_CURVE ( 2, ( #1876, #1880, #1879, #1878, #1877, #1462, #1461 ),
 .UNSPECIFIED., .F., .T. ) 
 B_SPLINE_CURVE_WITH_KNOTS ( ( 3, 2, 2, 3 ),
 ( 0.6666666666666668500, 0.6944444444444446400, 0.7222222222222224300, 0.7500000000000002200 ),
 .UNSPECIFIED. ) 
 CURVE ( )  GEOMETRIC_REPRESENTATION_ITEM ( )  RATIONAL_B_SPLINE_CURVE ( ( 0.9999999999999988900, 0.8660254037844398200, 1.000000000000000000, 0.8660254037844387100, 1.000000000000000000, 0.8660254037844376000, 1.000000000000001100 ) ) 
 REPRESENTATION_ITEM ( '' )  );
#1715 = CARTESIAN_POINT ( 'NONE',  ( 0.02299999999999999300, 0.03333333333333325700, -0.03983716857408418200 ) ) ;
#1716 = CARTESIAN_POINT ( 'NONE',  ( -4.017702288080092200E-018, 0.03124999999999992700, -0.05311622476544556500 ) ) ;
#1717 = CARTESIAN_POINT ( 'NONE',  ( 0.05600000000000000800, 0.05349999999999986700, -1.337649609134406000E-016 ) ) ;
#1718 = CARTESIAN_POINT ( 'NONE',  ( 0.05599999999999968900, 0.05141666666666651300, -0.03233161507461929100 ) ) ;
#1719 = CARTESIAN_POINT ( 'NONE',  ( 0.02799999999999994900, 0.04933333333333321500, -0.04849742261192860300 ) ) ;
#1720 = CARTESIAN_POINT ( 'NONE',  ( -1.516563752624197500E-016, 0.04724999999999986800, -0.06466323014923808200 ) ) ;
#1721 = CARTESIAN_POINT ( 'NONE',  ( -0.02800000000000008400, 0.04516666666666654300, -0.04849742261192852000 ) ) ;
#1722 = CARTESIAN_POINT ( 'NONE',  ( -0.05599999999999978600, 0.04308333333333323700, -0.03233161507461913100 ) ) ;
#1723 = CARTESIAN_POINT ( 'NONE',  ( -0.05600000000000000800, 0.04099999999999989800, 2.743118232562125200E-017 ) ) ;
#1724 = CARTESIAN_POINT ( 'NONE',  ( -0.05600000000000000800, 0.06599999999999983700, 4.114677348843188200E-017 ) ) ;
#1725 = LINE ( 'NONE', #1697, #1696 ) ;
#1726 = DIRECTION ( 'NONE',  ( 1.000000000000000000, 0.0000000000000000000, 0.0000000000000000000 ) ) ;
#1727 = DIRECTION ( 'NONE',  ( -1.953552627048239500E-017, -1.000000000000000000, -0.0000000000000000000 ) ) ;
#1728 = CARTESIAN_POINT ( 'NONE',  ( 4.883881567620599500E-018, 0.2500000000000000600, 0.0000000000000000000 ) ) ;
#1729 = AXIS2_PLACEMENT_3D ( 'NONE', #1728, #1727, #1726 ) ;
#1730 = CIRCLE ( 'NONE', #1729, 0.1230000000000000000 ) ;
#1731 = CARTESIAN_POINT ( 'NONE',  ( -0.02799999999999995500, 0.3411666666666667800, 0.04849742261192859600 ) ) ;
#1732 = CARTESIAN_POINT ( 'NONE',  ( 2.271121226853311800E-017, 0.3432500000000001100, 0.06466323014923809600 ) ) ;
#1733 = CARTESIAN_POINT ( 'NONE',  ( 0.02800000000000004600, 0.3453333333333334400, 0.04849742261192856200 ) ) ;
#1734 = CARTESIAN_POINT ( 'NONE',  ( 0.05600000000000002200, 0.3474166666666667100, 0.03233161507461903400 ) ) ;
#1735 = CARTESIAN_POINT ( 'NONE',  ( 0.05600000000000002200, 0.3495000000000000300, -6.857795581405313700E-018 ) ) ;
#1736 = CARTESIAN_POINT ( 'NONE',  ( 0.05600000000000000100, 0.3515833333333333600, -0.03233161507461907600 ) ) ;
#1737 = CARTESIAN_POINT ( 'NONE',  ( 0.02800000000000000400, 0.3536666666666666800, -0.04849742261192858300 ) ) ;
#1738 = CARTESIAN_POINT ( 'NONE',  ( 6.567660180190385800E-018, 0.3557500000000000700, -0.06466323014923809600 ) ) ;
#1739 = CARTESIAN_POINT ( 'NONE',  ( -0.02800000000000000400, 0.3578333333333333900, -0.04849742261192856900 ) ) ;
#1740 = CARTESIAN_POINT ( 'NONE',  ( -0.05600000000000000100, 0.3599166666666667200, -0.03233161507461904800 ) ) ;
#1741 = CARTESIAN_POINT ( 'NONE',  ( -0.05600000000000000800, 0.3620000000000000400, 0.0000000000000000000 ) ) ;
#1742 = CARTESIAN_POINT ( 'NONE',  ( -0.05599999999999998700, 0.3640833333333333700, 0.03233161507461907600 ) ) ;
#1743 = CARTESIAN_POINT ( 'NONE',  ( -0.02799999999999995900, 0.3661666666666667500, 0.04849742261192859600 ) ) ;
#1744 = CARTESIAN_POINT ( 'NONE',  ( 2.209890909162192500E-017, 0.3682500000000001300, 0.06466323014923809600 ) ) ;
#1745 = CARTESIAN_POINT ( 'NONE',  ( 0.02800000000000004200, 0.3703333333333334000, 0.04849742261192856200 ) ) ;
#1746 = CARTESIAN_POINT ( 'NONE',  ( 0.05600000000000002200, 0.3724166666666667300, 0.03233161507461903400 ) ) ;
#1747 = CARTESIAN_POINT ( 'NONE',  ( 0.05600000000000002200, 0.3745000000000000600, -6.857795581405313700E-018 ) ) ;
#1748 = CARTESIAN_POINT ( 'NONE',  ( 0.05600000000000000100, 0.3765833333333333800, -0.03233161507461907600 ) ) ;
#1749 = CARTESIAN_POINT ( 'NONE',  ( 0.02800000000000000400, 0.3786666666666667100, -0.04849742261192858300 ) ) ;
#1750 = CARTESIAN_POINT ( 'NONE',  ( 5.955357003279197800E-018, 0.3807500000000000900, -0.06466323014923809600 ) ) ;
#1751 = CARTESIAN_POINT ( 'NONE',  ( -0.02800000000000000400, 0.3828333333333334100, -0.04849742261192856900 ) ) ;
#1752 = CARTESIAN_POINT ( 'NONE',  ( -0.05600000000000000100, 0.3849166666666667400, -0.03233161507461904800 ) ) ;
#1753 = CARTESIAN_POINT ( 'NONE',  ( -0.05600000000000000800, 0.3870000000000000700, 0.0000000000000000000 ) ) ;
#1754 = CARTESIAN_POINT ( 'NONE',  ( -0.05599999999999998700, 0.3890833333333333400, 0.03233161507461907600 ) ) ;
#1755 = CARTESIAN_POINT ( 'NONE',  ( -0.02799999999999995900, 0.3911666666666667700, 0.04849742261192859600 ) ) ;
#1756 = CARTESIAN_POINT ( 'NONE',  ( 2.148660591471074200E-017, 0.3932500000000001500, 0.06466323014923809600 ) ) ;
#1757 = CARTESIAN_POINT ( 'NONE',  ( 0.02800000000000004200, 0.3953333333333334300, 0.04849742261192856200 ) ) ;
#1758 = CARTESIAN_POINT ( 'NONE',  ( 0.05600000000000002200, 0.3974166666666667500, 0.03233161507461903400 ) ) ;
#1759 = CARTESIAN_POINT ( 'NONE',  ( -0.04649999999999995100, 0.2927500000000000700, 0.0000000000000000000 ) ) ;
#1760 = CARTESIAN_POINT ( 'NONE',  ( -0.04649999999999993700, 0.2948333333333334500, 0.02684678751731759500 ) ) ;
#1761 = CARTESIAN_POINT ( 'NONE',  ( -0.02324999999999993700, 0.2969166666666667700, 0.04027018127597638300 ) ) ;
#1762 = CARTESIAN_POINT ( 'NONE',  ( 2.177996248877848200E-017, 0.2990000000000001000, 0.05369357503463514200 ) ) ;
#1763 = CARTESIAN_POINT ( 'NONE',  ( 0.02325000000000001400, 0.3010833333333334200, 0.04027018127597634800 ) ) ;
#1764 = CARTESIAN_POINT ( 'NONE',  ( 0.04649999999999996500, 0.3031666666666667000, 0.02684678751731756100 ) ) ;
#1765 = CARTESIAN_POINT ( 'NONE',  ( 0.04649999999999996500, 0.3052500000000000800, -5.694419545274049300E-018 ) ) ;
#1766 = CARTESIAN_POINT ( 'NONE',  ( 0.04649999999999995100, 0.3073333333333333500, -0.02684678751731759200 ) ) ;
#1767 = CARTESIAN_POINT ( 'NONE',  ( 0.02324999999999998200, 0.3094166666666667300, -0.04027018127597636200 ) ) ;
#1768 = CARTESIAN_POINT ( 'NONE',  ( 8.323112270952337300E-018, 0.3115000000000000500, -0.05369357503463514200 ) ) ;
#1769 = CARTESIAN_POINT ( 'NONE',  ( -0.02324999999999997200, 0.3135833333333333800, -0.04027018127597636200 ) ) ;
#1770 = CARTESIAN_POINT ( 'NONE',  ( -0.04649999999999995100, 0.3156666666666667100, -0.02684678751731756800 ) ) ;
#1771 = CARTESIAN_POINT ( 'NONE',  ( -0.04649999999999995100, 0.3177500000000000300, 0.0000000000000000000 ) ) ;
#1772 = CARTESIAN_POINT ( 'NONE',  ( -0.04649999999999993700, 0.3198333333333334100, 0.02684678751731759500 ) ) ;
#1773 = CARTESIAN_POINT ( 'NONE',  ( -0.02324999999999993700, 0.3219166666666667400, 0.04027018127597638300 ) ) ;
#1774 = CARTESIAN_POINT ( 'NONE',  ( 2.116765931186729200E-017, 0.3240000000000000700, 0.05369357503463514200 ) ) ;
#1775 = CARTESIAN_POINT ( 'NONE',  ( 0.02325000000000001400, 0.3260833333333333900, 0.04027018127597634800 ) ) ;
#1776 = CARTESIAN_POINT ( 'NONE',  ( 0.04649999999999996500, 0.3281666666666667200, 0.02684678751731756100 ) ) ;
#1777 = CARTESIAN_POINT ( 'NONE',  ( -0.04649999999999995100, 0.3677500000000000800, 0.0000000000000000000 ) ) ;
#1778 = CARTESIAN_POINT ( 'NONE',  ( -0.04649999999999993700, 0.3698333333333334000, 0.02684678751731759500 ) ) ;
#1779 = CARTESIAN_POINT ( 'NONE',  ( -0.02324999999999994100, 0.3719166666666667300, 0.04027018127597638300 ) ) ;
#1780 = CARTESIAN_POINT ( 'NONE',  ( 1.994305295804491600E-017, 0.3740000000000001100, 0.05369357503463514200 ) ) ;
#1781 = CARTESIAN_POINT ( 'NONE',  ( 0.02325000000000001000, 0.3760833333333334400, 0.04027018127597634800 ) ) ;
#1782 = CARTESIAN_POINT ( 'NONE',  ( 0.04649999999999996500, 0.3781666666666667600, 0.02684678751731756100 ) ) ;
#1783 = CARTESIAN_POINT ( 'NONE',  ( 0.04649999999999996500, 0.3802500000000000900, -5.694419545274049300E-018 ) ) ;
#1784 = CARTESIAN_POINT ( 'NONE',  ( 0.04649999999999995100, 0.3823333333333334100, -0.02684678751731759200 ) ) ;
#1785 = CARTESIAN_POINT ( 'NONE',  ( 0.02324999999999997900, 0.3844166666666668000, -0.04027018127597636200 ) ) ;
#1786 = CARTESIAN_POINT ( 'NONE',  ( 6.486202740218771100E-018, 0.3865000000000000700, -0.05369357503463514200 ) ) ;
#1787 = CARTESIAN_POINT ( 'NONE',  ( -0.02324999999999997600, 0.3885833333333334500, -0.04027018127597636200 ) ) ;
#1788 = CARTESIAN_POINT ( 'NONE',  ( -0.04649999999999995100, 0.3906666666666667700, -0.02684678751731756800 ) ) ;
#1789 = CARTESIAN_POINT ( 'NONE',  ( -0.04649999999999995100, 0.3927500000000000400, 0.0000000000000000000 ) ) ;
#1790 = CARTESIAN_POINT ( 'NONE',  ( -0.04649999999999993700, 0.3948333333333333700, 0.02684678751731759500 ) ) ;
#1791 = CARTESIAN_POINT ( 'NONE',  ( -0.02324999999999994100, 0.3969166666666667000, 0.04027018127597638300 ) ) ;
#1792 = CARTESIAN_POINT ( 'NONE',  ( 1.933074978113372700E-017, 0.3990000000000000800, 0.05369357503463514200 ) ) ;
#1793 = CARTESIAN_POINT ( 'NONE',  ( 0.02325000000000001000, 0.4010833333333334000, 0.04027018127597634800 ) ) ;
#1794 = CARTESIAN_POINT ( 'NONE',  ( 0.04649999999999996500, 0.4031666666666667300, 0.02684678751731756100 ) ) ;
#1795 = CARTESIAN_POINT ( 'NONE',  ( -0.07216878364870328600, 0.2399999999999999600, -0.1250000000000001100 ) ) ;
#1796 = DIRECTION ( 'NONE',  ( 1.000000000000000000, -1.953552627048239800E-017, 0.0000000000000000000 ) ) ;
#1797 = DIRECTION ( 'NONE',  ( -1.953552627048239500E-017, -1.000000000000000000, -0.0000000000000000000 ) ) ;
#1798 = CARTESIAN_POINT ( 'NONE',  ( 0.0000000000000000000, 0.0000000000000000000, 0.0000000000000000000 ) ) ;
#1799 = AXIS2_PLACEMENT_3D ( 'NONE', #1798, #1797, #1796 ) ;
#1800 = CARTESIAN_POINT ( 'NONE',  ( 0.05510530703760584100, 0.4223500972498219800, 0.03284816629729937800 ) ) ;
#1801 = CARTESIAN_POINT ( 'NONE',  ( 5.343053826368007600E-018, 0.4057500000000001100, -0.06466323014923809600 ) ) ;
#1802 = CARTESIAN_POINT ( 'NONE',  ( -0.02800000000000000400, 0.4078333333333334400, -0.04849742261192856900 ) ) ;
#1803 = CARTESIAN_POINT ( 'NONE',  ( 0.05600000000000000800, 0.2765833333333334000, -0.03233161507461907600 ) ) ;
#1804 = CARTESIAN_POINT ( 'NONE',  ( 0.02800000000000000800, 0.2786666666666667300, -0.04849742261192858300 ) ) ;
#1805 = CARTESIAN_POINT ( 'NONE',  ( 8.404569710923951900E-018, 0.2807500000000000600, -0.06466323014923809600 ) ) ;
#1806 = CARTESIAN_POINT ( 'NONE',  ( -0.02799999999999999700, 0.2828333333333333800, -0.04849742261192856900 ) ) ;
#1807 = CARTESIAN_POINT ( 'NONE',  ( -0.05600000000000000800, 0.2849166666666667100, -0.03233161507461904100 ) ) ;
#1808 = CARTESIAN_POINT ( 'NONE',  ( -0.05600000000000000800, 0.2870000000000000900, 0.0000000000000000000 ) ) ;
#1809 = CARTESIAN_POINT ( 'NONE',  ( -0.05599999999999998700, 0.2890833333333334100, 0.03233161507461907600 ) ) ;
#1810 = CARTESIAN_POINT ( 'NONE',  ( -0.02799999999999995500, 0.2911666666666667400, 0.04849742261192859600 ) ) ;
#1811 = CARTESIAN_POINT ( 'NONE',  ( 2.393581862235549700E-017, 0.2932500000000000700, 0.06466323014923809600 ) ) ;
#1812 = CARTESIAN_POINT ( 'NONE',  ( 0.02800000000000004600, 0.2953333333333333900, 0.04849742261192856200 ) ) ;
#1813 = CARTESIAN_POINT ( 'NONE',  ( 0.05600000000000002200, 0.2974166666666666600, 0.03233161507461903400 ) ) ;
#1814 = CARTESIAN_POINT ( 'NONE',  ( 0.05600000000000002200, 0.2995000000000001000, -6.857795581405313700E-018 ) ) ;
#1815 = CARTESIAN_POINT ( 'NONE',  ( 0.05600000000000000800, 0.3015833333333333700, -0.03233161507461907600 ) ) ;
#1816 = CARTESIAN_POINT ( 'NONE',  ( 0.02800000000000000800, 0.3036666666666667500, -0.04849742261192858300 ) ) ;
#1817 = CARTESIAN_POINT ( 'NONE',  ( 7.792266534012764000E-018, 0.3057500000000000800, -0.06466323014923809600 ) ) ;
#1818 = CARTESIAN_POINT ( 'NONE',  ( -0.02799999999999999700, 0.3078333333333334000, -0.04849742261192856900 ) ) ;
#1819 = CARTESIAN_POINT ( 'NONE',  ( -0.05600000000000000800, 0.3099166666666667300, -0.03233161507461904100 ) ) ;
#1820 = CARTESIAN_POINT ( 'NONE',  ( -0.05600000000000000800, 0.3120000000000001100, 0.0000000000000000000 ) ) ;
#1821 = CARTESIAN_POINT ( 'NONE',  ( -0.05599999999999998700, 0.3140833333333334400, 0.03233161507461907600 ) ) ;
#1822 = CARTESIAN_POINT ( 'NONE',  ( -0.02799999999999995500, 0.3161666666666667600, 0.04849742261192859600 ) ) ;
#1823 = CARTESIAN_POINT ( 'NONE',  ( 2.332351544544430400E-017, 0.3182500000000000900, 0.06466323014923809600 ) ) ;
#1824 = CARTESIAN_POINT ( 'NONE',  ( 0.02800000000000004600, 0.3203333333333334100, 0.04849742261192856200 ) ) ;
#1825 = CARTESIAN_POINT ( 'NONE',  ( 0.05600000000000002200, 0.3224166666666667400, 0.03233161507461903400 ) ) ;
#1826 = CARTESIAN_POINT ( 'NONE',  ( 0.05600000000000002200, 0.3245000000000000700, -6.857795581405313700E-018 ) ) ;
#1827 = CARTESIAN_POINT ( 'NONE',  ( 0.05600000000000000800, 0.3265833333333333900, -0.03233161507461907600 ) ) ;
#1828 = CARTESIAN_POINT ( 'NONE',  ( 0.02800000000000000800, 0.3286666666666667700, -0.04849742261192858300 ) ) ;
#1829 = CARTESIAN_POINT ( 'NONE',  ( 7.179963357101574500E-018, 0.3307500000000001000, -0.06466323014923809600 ) ) ;
#1830 = CARTESIAN_POINT ( 'NONE',  ( -0.02799999999999999700, 0.3328333333333334300, -0.04849742261192856900 ) ) ;
#1831 = CARTESIAN_POINT ( 'NONE',  ( -0.05600000000000000800, 0.3349166666666667500, -0.03233161507461904100 ) ) ;
#1832 = CARTESIAN_POINT ( 'NONE',  ( -0.02799999999999995900, 0.4161666666666667400, 0.04849742261192859600 ) ) ;
#1833 = CARTESIAN_POINT ( 'NONE',  ( -0.05600000000000000800, 0.3370000000000000800, 0.0000000000000000000 ) ) ;
#1834 = CARTESIAN_POINT ( 'NONE',  ( -0.05599999999999998700, 0.3390833333333334600, 0.03233161507461907600 ) ) ;
#1835 = CARTESIAN_POINT ( 'NONE',  ( -0.02799999999999995500, 0.3411666666666667800, 0.04849742261192859600 ) ) ;
#1836 = CARTESIAN_POINT ( 'NONE',  ( 2.271121226853311800E-017, 0.3432500000000001100, 0.06466323014923809600 ) ) ;
#1837 = CARTESIAN_POINT ( 'NONE',  ( 0.02800000000000004600, 0.3453333333333334400, 0.04849742261192856200 ) ) ;
#1838 = CARTESIAN_POINT ( 'NONE',  ( 0.05600000000000002200, 0.3474166666666667100, 0.03233161507461903400 ) ) ;
#1839 = CARTESIAN_POINT ( 'NONE',  ( 0.05600000000000002200, 0.3495000000000000300, -6.857795581405313700E-018 ) ) ;
#1840 = CARTESIAN_POINT ( 'NONE',  ( 0.05600000000000000800, 0.3515833333333333600, -0.03233161507461907600 ) ) ;
#1841 = CARTESIAN_POINT ( 'NONE',  ( 0.02800000000000000400, 0.3536666666666666800, -0.04849742261192858300 ) ) ;
#1842 = CARTESIAN_POINT ( 'NONE',  ( 6.567660180190385800E-018, 0.3557500000000000700, -0.06466323014923809600 ) ) ;
#1843 = CARTESIAN_POINT ( 'NONE',  ( -0.02800000000000000400, 0.3578333333333333900, -0.04849742261192856900 ) ) ;
#1844 = CARTESIAN_POINT ( 'NONE',  ( -0.05600000000000000800, 0.3599166666666667200, -0.03233161507461904100 ) ) ;
#1845 = CARTESIAN_POINT ( 'NONE',  ( -0.05600000000000000800, 0.3620000000000000400, 0.0000000000000000000 ) ) ;
#1846 = CARTESIAN_POINT ( 'NONE',  ( 5.955357003279197800E-018, 0.3807500000000000900, -0.06466323014923809600 ) ) ;
#1847 = CARTESIAN_POINT ( 'NONE',  ( -0.02800000000000000400, 0.3828333333333334100, -0.04849742261192856900 ) ) ;
#1848 = CARTESIAN_POINT ( 'NONE',  ( -0.05600000000000000800, 0.3849166666666667400, -0.03233161507461904100 ) ) ;
#1849 = CARTESIAN_POINT ( 'NONE',  ( -0.05599999999999998700, 0.3640833333333333700, 0.03233161507461907600 ) ) ;
#1850 = CARTESIAN_POINT ( 'NONE',  ( -0.02799999999999995900, 0.3661666666666667500, 0.04849742261192859600 ) ) ;
#1851 = CARTESIAN_POINT ( 'NONE',  ( 2.209890909162192500E-017, 0.3682500000000000800, 0.06466323014923809600 ) ) ;
#1852 = CARTESIAN_POINT ( 'NONE',  ( 0.02800000000000004200, 0.3703333333333334000, 0.04849742261192856200 ) ) ;
#1853 = CARTESIAN_POINT ( 'NONE',  ( 0.05600000000000002200, 0.3724166666666666700, 0.03233161507461903400 ) ) ;
#1854 = CARTESIAN_POINT ( 'NONE',  ( 0.05600000000000002200, 0.3745000000000000600, -6.857795581405313700E-018 ) ) ;
#1855 = CARTESIAN_POINT ( 'NONE',  ( 0.05600000000000000800, 0.3765833333333333800, -0.03233161507461907600 ) ) ;
#1856 = CARTESIAN_POINT ( 'NONE',  ( 0.02800000000000000400, 0.3786666666666667100, -0.04849742261192858300 ) ) ;
#1857 = DIRECTION ( 'NONE',  ( -1.953552627048239500E-017, -1.000000000000000000, -0.0000000000000000000 ) ) ;
#1858 = CARTESIAN_POINT ( 'NONE',  ( -0.05600000000000000800, 0.4099166666666667600, -0.03233161507461904100 ) ) ;
#1859 = CARTESIAN_POINT ( 'NONE',  ( 0.05597821622039421400, 0.4243985509530391300, 0.001561828666274434000 ) ) ;
#1860 = CARTESIAN_POINT ( 'NONE',  ( 0.05600000000000002200, 0.3995000000000000800, -6.857795581405313700E-018 ) ) ;
#1861 = CARTESIAN_POINT ( 'NONE',  ( 0.05600000000000000800, 0.4015833333333334600, -0.03233161507461907600 ) ) ;
#1862 = CARTESIAN_POINT ( 'NONE',  ( 0.02800000000000000400, 0.4036666666666667300, -0.04849742261192858300 ) ) ;
#1863 = CARTESIAN_POINT ( 'NONE',  ( -0.02324999999999997200, 0.2770833333333334000, -0.04027018127597636200 ) ) ;
#1864 = CARTESIAN_POINT ( 'NONE',  ( -0.04649999999999995100, 0.2791666666666667300, -0.02684678751731756800 ) ) ;
#1865 = CARTESIAN_POINT ( 'NONE',  ( -0.04649999999999995100, 0.2812500000000000600, 0.0000000000000000000 ) ) ;
#1866 =( BOUNDED_CURVE ( )  B_SPLINE_CURVE ( 2, ( #1865, #1864, #1863, #1884, #1883, #1882, #1881 ),
 .UNSPECIFIED., .F., .F. ) 
 B_SPLINE_CURVE_WITH_KNOTS ( ( 3, 2, 2, 3 ),
 ( 0.8571428571428571000, 0.8809523809523809300, 0.9047619047619046600, 0.9285714285714284900 ),
 .UNSPECIFIED. ) 
 CURVE ( )  GEOMETRIC_REPRESENTATION_ITEM ( )  RATIONAL_B_SPLINE_CURVE ( ( 1.000000000000000000, 0.8660254037844387100, 1.000000000000000000, 0.8660254037844387100, 1.000000000000000000, 0.8660254037844387100, 1.000000000000000000 ) ) 
 REPRESENTATION_ITEM ( '' )  );
#1867 = CARTESIAN_POINT ( 'NONE',  ( -0.05600000000000000800, 0.3870000000000000700, 0.0000000000000000000 ) ) ;
#1868 = CARTESIAN_POINT ( 'NONE',  ( -0.05599999999999998700, 0.3890833333333333400, 0.03233161507461907600 ) ) ;
#1869 = CARTESIAN_POINT ( 'NONE',  ( -0.02799999999999995900, 0.3911666666666667700, 0.04849742261192859600 ) ) ;
#1870 = CARTESIAN_POINT ( 'NONE',  ( 2.148660591471074200E-017, 0.3932500000000000400, 0.06466323014923809600 ) ) ;
#1871 = CARTESIAN_POINT ( 'NONE',  ( 0.02800000000000004200, 0.3953333333333334300, 0.04849742261192856200 ) ) ;
#1872 = CARTESIAN_POINT ( 'NONE',  ( 0.05600000000000002200, 0.3974166666666667500, 0.03233161507461903400 ) ) ;
#1873 = CARTESIAN_POINT ( 'NONE',  ( -0.05600000000000000800, 0.4120000000000000900, 0.0000000000000000000 ) ) ;
#1874 = CARTESIAN_POINT ( 'NONE',  ( -0.05599999999999998700, 0.4140833333333334100, 0.03233161507461907600 ) ) ;
#1875 =( BOUNDED_CURVE ( )  B_SPLINE_CURVE ( 2, ( #1859, #1800, #1897, #1896, #1832, #1874, #1873, #1858, #1802, #1801, #1862, #1861, #1860, #1872, #1871, #1870, #1869, #1868, #1867, #1848, #1847, #1846, #1856, #1855, #1854, #1853, #1852, #1851, #1850, #1849, #1845, #1844, #1843, #1842, #1841, #1840, #1839, #1838, #1837, #1836, #1835, #1834, #1833, #1831, #1830, #1829, #1828, #1827, #1826, #1825, #1824, #1823, #1822, #1821, #1820, #1819, #1818, #1817, #1816, #1815, #1814, #1813, #1812, #1811, #1810, #1809, #1808, #1807, #1806, #1805, #1804, #1803, #1895 ),
 .UNSPECIFIED., .F., .F. ) 
 B_SPLINE_CURVE_WITH_KNOTS ( ( 3, 2, 2, 2, 2, 2, 2, 2, 2, 2, 2, 2, 2, 2, 2, 2, 2, 2, 2, 2, 2, 2, 2, 2, 2, 2, 2, 2, 2, 2, 2, 2, 2, 2, 2, 2, 3 ),
 ( 0.07209027047341153000, 0.09523809523809523300, 0.1190476190476190400, 0.1428571428571428500, 0.1666666666666666900, 0.1904761904761904700, 0.2142857142857143000, 0.2380952380952380800, 0.2619047619047618600, 0.2857142857142857000, 0.3095238095238095300, 0.3333333333333333100, 0.3571428571428571000, 0.3809523809523809300, 0.4047619047619047700, 0.4285714285714285500, 0.4523809523809523300, 0.4761904761904761600, 0.5000000000000000000, 0.5238095238095237200, 0.5476190476190475600, 0.5714285714285714000, 0.5952380952380952300, 0.6190476190476190700, 0.6428571428571427900, 0.6666666666666665200, 0.6904761904761904700, 0.7142857142857141900, 0.7380952380952381400, 0.7619047619047618600, 0.7857142857142857000, 0.8095238095238094200, 0.8333333333333332600, 0.8571428571428571000, 0.8809523809523808200, 0.9047619047619046600, 0.9285714285714284900 ),
 .UNSPECIFIED. ) 
 CURVE ( )  GEOMETRIC_REPRESENTATION_ITEM ( )  RATIONAL_B_SPLINE_CURVE ( ( 0.9927602807163489200, 0.8697487400030831100, 1.000000000000000000, 0.8660254037844387100, 1.000000000000000000, 0.8660254037844387100, 1.000000000000000000, 0.8660254037844387100, 1.000000000000000000, 0.8660254037844387100, 1.000000000000000000, 0.8660254037844387100, 1.000000000000000000, 0.8660254037844387100, 1.000000000000000000, 0.8660254037844387100, 1.000000000000000000, 0.8660254037844387100, 1.000000000000000000, 0.8660254037844387100, 1.000000000000000000, 0.8660254037844387100, 1.000000000000000000, 0.8660254037844387100, 1.000000000000000000, 0.8660254037844387100, 1.000000000000000000, 0.8660254037844387100, 1.000000000000000000, 0.8660254037844387100, 1.000000000000000000, 0.8660254037844387100, 1.000000000000000000, 0.8660254037844387100, 1.000000000000000000, 0.8660254037844387100, 1.000000000000000000, 0.8660254037844387100, 1.000000000000000000, 0.8660254037844387100, 1.000000000000000000, 0.8660254037844387100, 1.000000000000000000, 0.8660254037844387100, 1.000000000000000000, 0.8660254037844387100, 1.000000000000000000, 0.8660254037844387100, 1.000000000000000000, 0.8660254037844387100, 1.000000000000000000, 0.8660254037844387100, 1.000000000000000000, 0.8660254037844387100, 1.000000000000000000, 0.8660254037844387100, 1.000000000000000000, 0.8660254037844387100, 1.000000000000000000, 0.8660254037844387100, 1.000000000000000000, 0.8660254037844387100, 1.000000000000000000, 0.8660254037844387100, 1.000000000000000000, 0.8660254037844387100, 1.000000000000000000, 0.8660254037844387100, 1.000000000000000000, 0.8660254037844387100, 1.000000000000000000, 0.8660254037844387100, 1.000000000000000000 ) ) 
 REPRESENTATION_ITEM ( '' )  );
#1876 = CARTESIAN_POINT ( 'NONE',  ( -0.05600000000000000800, 0.09099999999999978900, 5.486236465124250300E-017 ) ) ;
#1877 = CARTESIAN_POINT ( 'NONE',  ( 0.02799999999999983100, 0.09933333333333310700, -0.04849742261192866600 ) ) ;
#1878 = CARTESIAN_POINT ( 'NONE',  ( -1.845557826160163700E-016, 0.09724999999999979500, -0.06466323014923808200 ) ) ;
#1879 = CARTESIAN_POINT ( 'NONE',  ( -0.02800000000000011500, 0.09516666666666645500, -0.04849742261192851300 ) ) ;
#1880 = CARTESIAN_POINT ( 'NONE',  ( -0.05599999999999979300, 0.09308333333333311500, -0.03233161507461911100 ) ) ;
#1881 = CARTESIAN_POINT ( 'NONE',  ( 0.04649999999999996500, 0.2687500000000000400, -5.694419545274049300E-018 ) ) ;
#1882 = CARTESIAN_POINT ( 'NONE',  ( 0.04649999999999995100, 0.2708333333333333700, -0.02684678751731759500 ) ) ;
#1883 = CARTESIAN_POINT ( 'NONE',  ( 0.02324999999999998200, 0.2729166666666667500, -0.04027018127597636200 ) ) ;
#1884 = CARTESIAN_POINT ( 'NONE',  ( 9.217074909242671400E-018, 0.2750000000000000800, -0.05369357503463514200 ) ) ;
#1885 = DIRECTION ( 'NONE',  ( 0.0000000000000000000, 0.0000000000000000000, -1.000000000000000000 ) ) ;
#1886 = AXIS2_PLACEMENT_3D ( 'NONE', #1887, #1890, #1885 ) ;
#1887 = CARTESIAN_POINT ( 'NONE',  ( 0.0000000000000000000, 0.2399999999999999900, 0.0000000000000000000 ) ) ;
#1888 = CONICAL_SURFACE ( 'NONE', #1886, 0.1443375672974065200, 1.132536026899409400 ) ;
#1889 = AXIS2_PLACEMENT_3D ( 'NONE', #1892, #1857, #1898 ) ;
#1890 = DIRECTION ( 'NONE',  ( -0.0000000000000000000, -1.000000000000000000, -0.0000000000000000000 ) ) ;
#1891 = FACE_OUTER_BOUND ( 'NONE', #403, .T. ) ;
#1892 = CARTESIAN_POINT ( 'NONE',  ( 0.0000000000000000000, 0.0000000000000000000, 0.0000000000000000000 ) ) ;
#1893 = CYLINDRICAL_SURFACE ( 'NONE', #1889, 0.05599999999999999400 ) ;
#1894 = FACE_OUTER_BOUND ( 'NONE', #401, .T. ) ;
#1895 = CARTESIAN_POINT ( 'NONE',  ( 0.05600000000000002200, 0.2745000000000000800, -6.857795581405313700E-018 ) ) ;
#1896 = CARTESIAN_POINT ( 'NONE',  ( 2.087430273779955600E-017, 0.4182500000000001200, 0.06466323014923809600 ) ) ;
#1897 = CARTESIAN_POINT ( 'NONE',  ( 0.02800000000000004200, 0.4203333333333334500, 0.04849742261192856200 ) ) ;
#1898 = DIRECTION ( 'NONE',  ( 1.000000000000000000, -1.953552627048239800E-017, 0.0000000000000000000 ) ) ;
#1899 = CARTESIAN_POINT ( 'NONE',  ( 0.02300000000000002000, 0.04166666666666658100, 0.03983716857408416100 ) ) ;
#1900 = CARTESIAN_POINT ( 'NONE',  ( 0.04599999999999999900, 0.03958333333333324100, 0.02655811238272277200 ) ) ;
#1901 = CARTESIAN_POINT ( 'NONE',  ( 0.04599999999999999900, 0.03749999999999992200, -5.633189227582935500E-018 ) ) ;
#1902 = CARTESIAN_POINT ( 'NONE',  ( 0.04599999999999997800, 0.03541666666666659600, -0.02655811238272280700 ) ) ;
#1903 = CARTESIAN_POINT ( 'NONE',  ( 8.685439391228744500E-018, 0.04374999999999990000, 0.05311622476544556500 ) ) ;
#1904 = CARTESIAN_POINT ( 'NONE',  ( -0.02299999999999997200, 0.04583333333333323300, 0.03983716857408419600 ) ) ;
#1905 = CARTESIAN_POINT ( 'NONE',  ( 0.05600000000000002200, 0.2745000000000000800, -6.857795581405313700E-018 ) ) ;
#1906 = CARTESIAN_POINT ( 'NONE',  ( -0.04599999999999999900, 0.05208333333333322500, -0.02655811238272277900 ) ) ;
#1907 = CARTESIAN_POINT ( 'NONE',  ( -0.04599999999999999900, 0.04999999999999989200, 0.0000000000000000000 ) ) ;
#1908 = CARTESIAN_POINT ( 'NONE',  ( -0.04599999999999997800, 0.04791666666666655200, 0.02655811238272280700 ) ) ;
#1909 = CARTESIAN_POINT ( 'NONE',  ( -4.630005464991280200E-018, 0.05624999999999987600, -0.05311622476544556500 ) ) ;
#1910 = CARTESIAN_POINT ( 'NONE',  ( 0.02299999999999999300, 0.05833333333333320900, -0.03983716857408418200 ) ) ;
#1911 = CARTESIAN_POINT ( 'NONE',  ( 0.04599999999999999900, 0.06249999999999986100, -5.633189227582935500E-018 ) ) ;
#1912 = CARTESIAN_POINT ( 'NONE',  ( 8.073136214317556600E-018, 0.06874999999999985300, 0.05311622476544556500 ) ) ;
#1913 = CARTESIAN_POINT ( 'NONE',  ( 0.02300000000000002000, 0.06666666666666652700, 0.03983716857408416100 ) ) ;
#1914 = CARTESIAN_POINT ( 'NONE',  ( 0.04599999999999999900, 0.06458333333333318700, 0.02655811238272277200 ) ) ;
#1915 = CARTESIAN_POINT ( 'NONE',  ( -0.04599999999999999900, 0.07499999999999984500, 0.0000000000000000000 ) ) ;
#1916 = CARTESIAN_POINT ( 'NONE',  ( -0.04599999999999997800, 0.07291666666666650500, 0.02655811238272280700 ) ) ;
#1917 = CARTESIAN_POINT ( 'NONE',  ( -0.02299999999999997200, 0.07083333333333319300, 0.03983716857408419600 ) ) ;
#1918 = CARTESIAN_POINT ( 'NONE',  ( -0.02300000000000000300, 0.05416666666666654400, -0.03983716857408417500 ) ) ;
#1919 = CARTESIAN_POINT ( 'NONE',  ( 0.04599999999999997800, 0.06041666666666653500, -0.02655811238272280700 ) ) ;
#1920 =( BOUNDED_SURFACE ( )  B_SPLINE_SURFACE ( 1, 2, ( 
 ( #2008, #2007, #2006, #2005, #2004, #2003, #2002, #2001, #2000, #1999, #1998, #1997, #1996, #1995, #1994, #1993, #1992, #1991, #1990, #1989, #1988, #1987, #1986, #1985, #1984, #1983, #1982, #1981, #1980, #1979, #1978, #1977, #1976, #1975, #1974, #1973, #1972, #2045, #2044, #2043, #2042, #2041, #2040, #2039, #2038, #2037, #2036, #2035, #2034, #2033, #1947, #1946, #1945, #1944, #1943, #1942, #1941, #1940, #1939, #1938, #1937, #1936, #1935, #1934, #2071, #2070, #2069, #2068, #2067, #2066, #2065, #2064, #2063 ),
 ( #2062, #2061, #2060, #2059, #2058, #2057, #2056, #2055, #2054, #2053, #2052, #2051, #2050, #2049, #1713, #1716, #1715, #1902, #1901, #1900, #1899, #1903, #1904, #1908, #1907, #1906, #1918, #1909, #1910, #1919, #1911, #1914, #1913, #1912, #1917, #1916, #1915, #2072, #2262, #2086, #2240, #2239, #2100, #2099, #2249, #2242, #2241, #2261, #2238, #2237, #2236, #2235, #2102, #2101, #2088, #2087, #2132, #2131, #2130, #2129, #2128, #2127, #2105, #2104, #2103, #2085, #2084, #2083, #2082, #2081, #2216, #2215, #2214 ) ),
 .UNSPECIFIED., .F., .F., .T. ) 
 B_SPLINE_SURFACE_WITH_KNOTS ( ( 2, 2 ),
 ( 3, 2, 2, 2, 2, 2, 2, 2, 2, 2, 2, 2, 2, 2, 2, 2, 2, 2, 2, 2, 2, 2, 2, 2, 2, 2, 2, 2, 2, 2, 2, 2, 2, 2, 2, 2, 3 ),
 ( 0.0000000000000000000, 1.000000000000000000 ),
 ( 0.0000000000000000000, 0.02777777777777777600, 0.05555555555555555200, 0.08333333333333332900, 0.1111111111111111000, 0.1388888888888889000, 0.1666666666666666600, 0.1944444444444444200, 0.2222222222222222100, 0.2500000000000000000, 0.2777777777777777900, 0.3055555555555555200, 0.3333333333333333100, 0.3611111111111111000, 0.3888888888888888400, 0.4166666666666666300, 0.4444444444444444200, 0.4722222222222222100, 0.5000000000000000000, 0.5277777777777777900, 0.5555555555555555800, 0.5833333333333332600, 0.6111111111111110500, 0.6388888888888888400, 0.6666666666666666300, 0.6944444444444444200, 0.7222222222222222100, 0.7500000000000000000, 0.7777777777777776800, 0.8055555555555554700, 0.8333333333333332600, 0.8611111111111110500, 0.8888888888888888400, 0.9166666666666666300, 0.9444444444444444200, 0.9722222222222222100, 1.000000000000000000 ),
 .UNSPECIFIED. ) 
 GEOMETRIC_REPRESENTATION_ITEM ( )  RATIONAL_B_SPLINE_SURFACE ( (
 ( 1.000000000000000000, 0.8660254037844387100, 1.000000000000000000, 0.8660254037844387100, 1.000000000000000000, 0.8660254037844387100, 1.000000000000000000, 0.8660254037844387100, 1.000000000000000000, 0.8660254037844387100, 1.000000000000000000, 0.8660254037844387100, 1.000000000000000000, 0.8660254037844387100, 1.000000000000000000, 0.8660254037844387100, 1.000000000000000000, 0.8660254037844387100, 1.000000000000000000, 0.8660254037844387100, 1.000000000000000000, 0.8660254037844387100, 1.000000000000000000, 0.8660254037844387100, 1.000000000000000000, 0.8660254037844387100, 1.000000000000000000, 0.8660254037844387100, 1.000000000000000000, 0.8660254037844387100, 1.000000000000000000, 0.8660254037844387100, 1.000000000000000000, 0.8660254037844387100, 1.000000000000000000, 0.8660254037844387100, 1.000000000000000000, 0.8660254037844387100, 1.000000000000000000, 0.8660254037844387100, 1.000000000000000000, 0.8660254037844387100, 1.000000000000000000, 0.8660254037844387100, 1.000000000000000000, 0.8660254037844387100, 1.000000000000000000, 0.8660254037844387100, 1.000000000000000000, 0.8660254037844387100, 1.000000000000000000, 0.8660254037844387100, 1.000000000000000000, 0.8660254037844387100, 1.000000000000000000, 0.8660254037844387100, 1.000000000000000000, 0.8660254037844387100, 1.000000000000000000, 0.8660254037844387100, 1.000000000000000000, 0.8660254037844387100, 1.000000000000000000, 0.8660254037844387100, 1.000000000000000000, 0.8660254037844387100, 1.000000000000000000, 0.8660254037844387100, 1.000000000000000000, 0.8660254037844387100, 1.000000000000000000, 0.8660254037844387100, 1.000000000000000000),
 ( 1.000000000000000000, 0.8660254037844387100, 1.000000000000000000, 0.8660254037844387100, 1.000000000000000000, 0.8660254037844387100, 1.000000000000000000, 0.8660254037844387100, 1.000000000000000000, 0.8660254037844387100, 1.000000000000000000, 0.8660254037844387100, 1.000000000000000000, 0.8660254037844387100, 1.000000000000000000, 0.8660254037844387100, 1.000000000000000000, 0.8660254037844387100, 1.000000000000000000, 0.8660254037844387100, 1.000000000000000000, 0.8660254037844387100, 1.000000000000000000, 0.8660254037844387100, 1.000000000000000000, 0.8660254037844387100, 1.000000000000000000, 0.8660254037844387100, 1.000000000000000000, 0.8660254037844387100, 1.000000000000000000, 0.8660254037844387100, 1.000000000000000000, 0.8660254037844387100, 1.000000000000000000, 0.8660254037844387100, 1.000000000000000000, 0.8660254037844387100, 1.000000000000000000, 0.8660254037844387100, 1.000000000000000000, 0.8660254037844387100, 1.000000000000000000, 0.8660254037844387100, 1.000000000000000000, 0.8660254037844387100, 1.000000000000000000, 0.8660254037844387100, 1.000000000000000000, 0.8660254037844387100, 1.000000000000000000, 0.8660254037844387100, 1.000000000000000000, 0.8660254037844387100, 1.000000000000000000, 0.8660254037844387100, 1.000000000000000000, 0.8660254037844387100, 1.000000000000000000, 0.8660254037844387100, 1.000000000000000000, 0.8660254037844387100, 1.000000000000000000, 0.8660254037844387100, 1.000000000000000000, 0.8660254037844387100, 1.000000000000000000, 0.8660254037844387100, 1.000000000000000000, 0.8660254037844387100, 1.000000000000000000, 0.8660254037844387100, 1.000000000000000000) ) ) 
 REPRESENTATION_ITEM ( '' )  SURFACE ( )  );
#1921 =( BOUNDED_CURVE ( )  B_SPLINE_CURVE ( 2, ( #2306, #2305, #2304, #2303, #2449, #2326, #2448 ),
 .UNSPECIFIED., .F., .T. ) 
 B_SPLINE_CURVE_WITH_KNOTS ( ( 3, 2, 2, 3 ),
 ( 0.1666666666666668800, 0.1944444444444446400, 0.2222222222222224300, 0.2500000000000002200 ),
 .UNSPECIFIED. ) 
 CURVE ( )  GEOMETRIC_REPRESENTATION_ITEM ( )  RATIONAL_B_SPLINE_CURVE ( ( 0.9999999999999988900, 0.8660254037844398200, 1.000000000000000000, 0.8660254037844387100, 1.000000000000000000, 0.8660254037844376000, 1.000000000000001100 ) ) 
 REPRESENTATION_ITEM ( '' )  );
#1922 = DIRECTION ( 'NONE',  ( 0.5000000000000000000, 0.0000000000000000000, 0.8660254037844386000 ) ) ;
#1923 = DIRECTION ( 'NONE',  ( -0.8660254037844387100, 0.0000000000000000000, 0.5000000000000001100 ) ) ;
#1924 = CARTESIAN_POINT ( 'NONE',  ( 0.1443375672974065200, 0.2399999999999999900, -3.414809992080329000E-017 ) ) ;
#1925 = CARTESIAN_POINT ( 'NONE',  ( -0.1443375672974065400, 0.2399999999999999600, 3.414809992080329000E-017 ) ) ;
#1926 = CARTESIAN_POINT ( 'NONE',  ( -0.1383713468330742000, 0.2427961109067288700, -0.01033379697338076900 ) ) ;
#1927 = CARTESIAN_POINT ( 'NONE',  ( -0.1323603032008609200, 0.2450948258883842700, -0.02074522995088760900 ) ) ;
#1928 = CARTESIAN_POINT ( 'NONE',  ( -0.1202084350789686000, 0.2482520972750544800, -0.04179288294488167600 ) ) ;
#1929 = B_SPLINE_CURVE_WITH_KNOTS ( 'NONE', 3,
 ( #1931, #1930, #2014, #2013, #1928, #1927, #1926, #1925 ),
 .UNSPECIFIED., .F., .F.,
 ( 4, 2, 2, 4 ),
 ( 2.340414941694047000E-007, 0.001836465338699384100, 0.002754580987301990600, 0.003672696635904597700 ),
 .UNSPECIFIED. ) ;
#1930 = CARTESIAN_POINT ( 'NONE',  ( -0.08405789069662478200, 0.2455719130874711200, -0.1044074625363748500 ) ) ;
#1931 = CARTESIAN_POINT ( 'NONE',  ( -0.07216878364870328600, 0.2399999999999999600, -0.1250000000000001100 ) ) ;
#1932 = DIRECTION ( 'NONE',  ( -0.0000000000000000000, -1.000000000000000000, -0.0000000000000000000 ) ) ;
#1933 = VECTOR ( 'NONE', #1932, 39.37007874015748100 ) ;
#1934 = CARTESIAN_POINT ( 'NONE',  ( -6.953512660067490600E-018, 0.1222499999999997300, -0.06466323014923809600 ) ) ;
#1935 = CARTESIAN_POINT ( 'NONE',  ( -0.02800000000000001100, 0.1201666666666663900, -0.04849742261192856200 ) ) ;
#1936 = CARTESIAN_POINT ( 'NONE',  ( -0.05600000000000000100, 0.1180833333333330800, -0.03233161507461903400 ) ) ;
#1937 = CARTESIAN_POINT ( 'NONE',  ( -0.05600000000000000800, 0.1159999999999997300, 0.0000000000000000000 ) ) ;
#1938 = CARTESIAN_POINT ( 'NONE',  ( -0.05599999999999998700, 0.1139166666666664200, 0.03233161507461907600 ) ) ;
#1939 = CARTESIAN_POINT ( 'NONE',  ( -0.02799999999999996900, 0.1118333333333330900, 0.04849742261192858900 ) ) ;
#1940 = CARTESIAN_POINT ( 'NONE',  ( 9.190039428275239200E-018, 0.1097499999999997500, 0.06466323014923809600 ) ) ;
#1941 = CARTESIAN_POINT ( 'NONE',  ( 0.02800000000000002500, 0.1076666666666664200, 0.04849742261192855500 ) ) ;
#1942 = CARTESIAN_POINT ( 'NONE',  ( 0.05600000000000000100, 0.1055833333333330700, 0.03233161507461902700 ) ) ;
#1943 = CARTESIAN_POINT ( 'NONE',  ( 0.05600000000000000800, 0.1034999999999997600, -6.857795581405312900E-018 ) ) ;
#1944 = CARTESIAN_POINT ( 'NONE',  ( 0.05599999999999998700, 0.1014166666666664500, -0.03233161507461906900 ) ) ;
#1945 = CARTESIAN_POINT ( 'NONE',  ( 0.02799999999999998700, 0.09933333333333310700, -0.04849742261192856900 ) ) ;
#1946 = CARTESIAN_POINT ( 'NONE',  ( -6.341209483156302600E-018, 0.09724999999999976700, -0.06466323014923809600 ) ) ;
#1947 = CARTESIAN_POINT ( 'NONE',  ( -0.02800000000000001100, 0.09516666666666645500, -0.04849742261192856200 ) ) ;
#1948 = AXIS2_PLACEMENT_3D ( 'NONE', #1924, #1923, #1922 ) ;
#1949 = FACE_OUTER_BOUND ( 'NONE', #145, .T. ) ;
#1950 = PLANE ( 'NONE',  #1948 ) ;
#1951 = FACE_OUTER_BOUND ( 'NONE', #438, .T. ) ;
#1952 = CARTESIAN_POINT ( 'NONE',  ( 0.05600000000000000800, 0.1034999999999997600, -2.606721262454759000E-016 ) ) ;
#1953 = DIRECTION ( 'NONE',  ( 1.000000000000000000, -1.953552627048239800E-017, 0.0000000000000000000 ) ) ;
#1954 = DIRECTION ( 'NONE',  ( -1.953552627048239500E-017, -1.000000000000000000, -0.0000000000000000000 ) ) ;
#1955 = CARTESIAN_POINT ( 'NONE',  ( 0.0000000000000000000, 0.0000000000000000000, 0.0000000000000000000 ) ) ;
#1956 = AXIS2_PLACEMENT_3D ( 'NONE', #1955, #1954, #1953 ) ;
#1957 = CARTESIAN_POINT ( 'NONE',  ( 0.05600000000000000800, 0.07149999999999986900, -1.337649609134406000E-016 ) ) ;
#1958 = CARTESIAN_POINT ( 'NONE',  ( -0.05600000000000000800, 0.08399999999999983900, 4.114677348843188200E-017 ) ) ;
#1959 = CARTESIAN_POINT ( 'NONE',  ( -0.07216878364870325800, 0.2399999999999999900, 0.1250000000000001100 ) ) ;
#1960 = CARTESIAN_POINT ( 'NONE',  ( -0.07813500411303560300, 0.2427961109067288700, 0.1146662030266192800 ) ) ;
#1961 = CARTESIAN_POINT ( 'NONE',  ( -0.08414604774524892000, 0.2450948258883842700, 0.1042547700491125000 ) ) ;
#1962 = CARTESIAN_POINT ( 'NONE',  ( -0.09629791586714124600, 0.2482520972750545100, 0.08320711705511843500 ) ) ;
#1963 = CARTESIAN_POINT ( 'NONE',  ( -0.1023764434437663800, 0.2490770399469908200, 0.07267879845719511800 ) ) ;
#1964 = CARTESIAN_POINT ( 'NONE',  ( -0.1204886491401383200, 0.2490333974669372600, 0.04130753795394043200 ) ) ;
#1965 = CARTESIAN_POINT ( 'NONE',  ( -0.1324484602494850100, 0.2455719130874710900, 0.02059253746362531300 ) ) ;
#1966 = CARTESIAN_POINT ( 'NONE',  ( -0.1443375672974065400, 0.2399999999999999600, 3.414809992080329000E-017 ) ) ;
#1967 = FACE_OUTER_BOUND ( 'NONE', #372, .T. ) ;
#1968 = B_SPLINE_CURVE_WITH_KNOTS ( 'NONE', 3,
 ( #1966, #1965, #1964, #1963, #1962, #1961, #1960, #1959 ),
 .UNSPECIFIED., .F., .F.,
 ( 4, 2, 2, 4 ),
 ( 2.340414941692298900E-007, 0.001836465338699383000, 0.002754580987301989700, 0.003672696635904596800 ),
 .UNSPECIFIED. ) ;
#1969 = CARTESIAN_POINT ( 'NONE',  ( 0.004447828635915199000, 0.4243985509530390800, 0.04628678883251169400 ) ) ;
#1970 = CARTESIAN_POINT ( 'NONE',  ( 0.01073425789338189500, 0.4243985509530390800, 0.04660460990836004500 ) ) ;
#1971 = CARTESIAN_POINT ( 'NONE',  ( 0.01693641895796645100, 0.4243985509530382400, 0.04562085423068114300 ) ) ;
#1972 = CARTESIAN_POINT ( 'NONE',  ( -0.05600000000000000800, 0.06599999999999983700, 0.0000000000000000000 ) ) ;
#1973 = CARTESIAN_POINT ( 'NONE',  ( -0.05599999999999998700, 0.06391666666666651100, 0.03233161507461907600 ) ) ;
#1974 = CARTESIAN_POINT ( 'NONE',  ( -0.02799999999999996600, 0.06183333333333319200, 0.04849742261192858900 ) ) ;
#1975 = CARTESIAN_POINT ( 'NONE',  ( 1.041464578209761400E-017, 0.05974999999999985900, 0.06466323014923809600 ) ) ;
#1976 = CARTESIAN_POINT ( 'NONE',  ( 0.02800000000000002800, 0.05766666666666653300, 0.04849742261192855500 ) ) ;
#1977 = CARTESIAN_POINT ( 'NONE',  ( 0.05600000000000000100, 0.05558333333333320000, 0.03233161507461902700 ) ) ;
#1978 = CARTESIAN_POINT ( 'NONE',  ( 0.05600000000000000800, 0.05349999999999986700, -6.857795581405312900E-018 ) ) ;
#1979 = CARTESIAN_POINT ( 'NONE',  ( 0.05599999999999998700, 0.05141666666666654800, -0.03233161507461906900 ) ) ;
#1980 = CARTESIAN_POINT ( 'NONE',  ( 0.02799999999999999000, 0.04933333333333321500, -0.04849742261192856900 ) ) ;
#1981 = CARTESIAN_POINT ( 'NONE',  ( -5.116603129333927500E-018, 0.04724999999999988200, -0.06466323014923809600 ) ) ;
#1982 = CARTESIAN_POINT ( 'NONE',  ( -0.02800000000000000800, 0.04516666666666654300, -0.04849742261192856200 ) ) ;
#1983 = CARTESIAN_POINT ( 'NONE',  ( -0.05600000000000000100, 0.04308333333333321700, -0.03233161507461903400 ) ) ;
#1984 = CARTESIAN_POINT ( 'NONE',  ( -0.05600000000000000800, 0.04099999999999989800, 0.0000000000000000000 ) ) ;
#1985 = CARTESIAN_POINT ( 'NONE',  ( -0.05599999999999998700, 0.03891666666666655800, 0.03233161507461907600 ) ) ;
#1986 = CARTESIAN_POINT ( 'NONE',  ( -0.02799999999999996600, 0.03683333333333323200, 0.04849742261192858900 ) ) ;
#1987 = CARTESIAN_POINT ( 'NONE',  ( 1.102694895900879800E-017, 0.03474999999999990600, 0.06466323014923809600 ) ) ;
#1988 = CARTESIAN_POINT ( 'NONE',  ( 0.02800000000000002800, 0.03266666666666658700, 0.04849742261192855500 ) ) ;
#1989 = CARTESIAN_POINT ( 'NONE',  ( 0.05600000000000000100, 0.03058333333333325400, 0.03233161507461902700 ) ) ;
#1990 = CARTESIAN_POINT ( 'NONE',  ( 0.05600000000000000800, 0.02849999999999992500, -6.857795581405312900E-018 ) ) ;
#1991 = CARTESIAN_POINT ( 'NONE',  ( 0.05599999999999998700, 0.02641666666666659200, -0.03233161507461906900 ) ) ;
#1992 = CARTESIAN_POINT ( 'NONE',  ( 0.02799999999999999000, 0.02433333333333326200, -0.04849742261192856900 ) ) ;
#1993 = CARTESIAN_POINT ( 'NONE',  ( -4.504299952422740300E-018, 0.02224999999999993000, -0.06466323014923809600 ) ) ;
#1994 = CARTESIAN_POINT ( 'NONE',  ( -0.02800000000000000800, 0.02016666666666660400, -0.04849742261192856200 ) ) ;
#1995 = CARTESIAN_POINT ( 'NONE',  ( -0.05600000000000000100, 0.01808333333333327100, -0.03233161507461903400 ) ) ;
#1996 = CARTESIAN_POINT ( 'NONE',  ( -0.05600000000000000800, 0.01599999999999994500, 0.0000000000000000000 ) ) ;
#1997 = CARTESIAN_POINT ( 'NONE',  ( -0.05599999999999998700, 0.01391666666666661400, 0.03233161507461907600 ) ) ;
#1998 = CARTESIAN_POINT ( 'NONE',  ( -0.02799999999999996600, 0.01183333333333328800, 0.04849742261192858900 ) ) ;
#1999 = CARTESIAN_POINT ( 'NONE',  ( 1.163925213591998800E-017, 0.009749999999999956600, 0.06466323014923809600 ) ) ;
#2000 = CARTESIAN_POINT ( 'NONE',  ( 0.02800000000000002800, 0.007666666666666629800, 0.04849742261192855500 ) ) ;
#2001 = CARTESIAN_POINT ( 'NONE',  ( 0.05600000000000000100, 0.005583333333333301300, 0.03233161507461902700 ) ) ;
#2002 = CARTESIAN_POINT ( 'NONE',  ( 0.05600000000000000800, 0.003499999999999971900, -6.857795581405312900E-018 ) ) ;
#2003 = CARTESIAN_POINT ( 'NONE',  ( 0.05599999999999998700, 0.001416666666666643100, -0.03233161507461906900 ) ) ;
#2004 = CARTESIAN_POINT ( 'NONE',  ( 0.02799999999999999000, -0.0006666666666666878900, -0.04849742261192856900 ) ) ;
#2005 = CARTESIAN_POINT ( 'NONE',  ( -3.891996775511551600E-018, -0.002750000000000016800, -0.06466323014923809600 ) ) ;
#2006 = CARTESIAN_POINT ( 'NONE',  ( -0.02800000000000000800, -0.004833333333333347500, -0.04849742261192856200 ) ) ;
#2007 = CARTESIAN_POINT ( 'NONE',  ( -0.05600000000000000100, -0.006916666666666676900, -0.03233161507461903400 ) ) ;
#2008 = CARTESIAN_POINT ( 'NONE',  ( -0.05600000000000000800, -0.009000000000000006300, 0.0000000000000000000 ) ) ;
#2009 = B_SPLINE_CURVE_WITH_KNOTS ( 'NONE', 3,
 ( #2020, #2019, #2018, #2017, #2016, #2015 ),
 .UNSPECIFIED., .F., .F.,
 ( 4, 2, 4 ),
 ( 0.007846641665690995100, 0.008764404319859451400, 0.009682166974027909400 ),
 .UNSPECIFIED. ) ;
#2010 = CARTESIAN_POINT ( 'NONE',  ( 1.530554690599408900E-017, 0.2490626860259543000, 0.1250000000000001100 ) ) ;
#2011 = CARTESIAN_POINT ( 'NONE',  ( -0.01207818575528162200, 0.2490626860259543300, 0.1250000000000001400 ) ) ;
#2012 = CARTESIAN_POINT ( 'NONE',  ( -0.02414049148897501000, 0.2482272594033260200, 0.1250000000000001100 ) ) ;
#2013 = CARTESIAN_POINT ( 'NONE',  ( -0.1141299075023434300, 0.2490770399469907400, -0.05232120154280495200 ) ) ;
#2014 = CARTESIAN_POINT ( 'NONE',  ( -0.09601770180597146700, 0.2490333974669373400, -0.08369246204605965100 ) ) ;
#2015 = CARTESIAN_POINT ( 'NONE',  ( -0.07216878364870328600, 0.2399999999999999600, -0.1250000000000001100 ) ) ;
#2016 = CARTESIAN_POINT ( 'NONE',  ( -0.06030514493356301000, 0.2427799885876827700, -0.1250000000000001400 ) ) ;
#2017 = CARTESIAN_POINT ( 'NONE',  ( -0.04823716748849912700, 0.2450867586869809000, -0.1250000000000001100 ) ) ;
#2018 = CARTESIAN_POINT ( 'NONE',  ( -0.02414049148897501300, 0.2482272594033260200, -0.1250000000000001100 ) ) ;
#2019 = CARTESIAN_POINT ( 'NONE',  ( -0.01207818575528166200, 0.2490626860259542400, -0.1250000000000001400 ) ) ;
#2020 = CARTESIAN_POINT ( 'NONE',  ( -2.032519129501700700E-021, 0.2490626860259542700, -0.1250000000000001400 ) ) ;
#2021 = CARTESIAN_POINT ( 'NONE',  ( -0.1443375672974065400, 0.2399999999999999900, 3.414809992080329000E-017 ) ) ;
#2022 = LINE ( 'NONE', #2021, #1933 ) ;
#2023 = B_SPLINE_CURVE_WITH_KNOTS ( 'NONE', 3,
 ( #2048, #2047, #2046, #2012, #2011, #2010 ),
 .UNSPECIFIED., .F., .F.,
 ( 4, 2, 4 ),
 ( 0.003184614104155361500, 0.004110495757006366000, 0.005036377409857371000 ),
 .UNSPECIFIED. ) ;
#2024 = CARTESIAN_POINT ( 'NONE',  ( 0.02859665140496934000, 0.4243985509530380800, 0.04124381876815048200 ) ) ;
#2025 = CARTESIAN_POINT ( 'NONE',  ( 0.03399152735124496400, 0.4243985509530392400, 0.03796189155816885600 ) ) ;
#2026 = CARTESIAN_POINT ( 'NONE',  ( 0.04338416447416005400, 0.4243985509530393600, 0.02969678384758390300 ) ) ;
#2027 = CARTESIAN_POINT ( 'NONE',  ( 0.04728088742131723900, 0.4243985509530389100, 0.02478562327668883500 ) ) ;
#2028 = CARTESIAN_POINT ( 'NONE',  ( 0.05320324939558064600, 0.4243985509530390800, 0.01372758619316214100 ) ) ;
#2029 = CARTESIAN_POINT ( 'NONE',  ( 0.05512779563170881100, 0.4243985509530391900, 0.007794514032130123000 ) ) ;
#2030 = CARTESIAN_POINT ( 'NONE',  ( 0.05597821622039421400, 0.4243985509530391300, 0.001561828666274434000 ) ) ;
#2031 = CYLINDRICAL_SURFACE ( 'NONE', #1956, 0.05599999999999999400 ) ;
#2032 = B_SPLINE_CURVE_WITH_KNOTS ( 'NONE', 3,
 ( #2030, #2029, #2028, #2027, #2026, #2025, #2024, #1971, #1970, #1969 ),
 .UNSPECIFIED., .F., .F.,
 ( 4, 2, 2, 2, 4 ),
 ( 0.0000000000000000000, 0.0004725293093175884900, 0.0009450586186351769700, 0.001417587927952765500, 0.001890117237270353900 ),
 .UNSPECIFIED. ) ;
#2033 = CARTESIAN_POINT ( 'NONE',  ( -0.05600000000000000100, 0.09308333333333312900, -0.03233161507461903400 ) ) ;
#2034 = CARTESIAN_POINT ( 'NONE',  ( -0.05600000000000000800, 0.09099999999999978900, 0.0000000000000000000 ) ) ;
#2035 = CARTESIAN_POINT ( 'NONE',  ( -0.05599999999999998700, 0.08891666666666645000, 0.03233161507461907600 ) ) ;
#2036 = CARTESIAN_POINT ( 'NONE',  ( -0.02799999999999996900, 0.08683333333333313800, 0.04849742261192858900 ) ) ;
#2037 = CARTESIAN_POINT ( 'NONE',  ( 9.802342605186425600E-018, 0.08474999999999981200, 0.06466323014923809600 ) ) ;
#2038 = CARTESIAN_POINT ( 'NONE',  ( 0.02800000000000002500, 0.08266666666666647200, 0.04849742261192855500 ) ) ;
#2039 = CARTESIAN_POINT ( 'NONE',  ( 0.05600000000000000100, 0.08058333333333314600, 0.03233161507461902700 ) ) ;
#2040 = CARTESIAN_POINT ( 'NONE',  ( 0.05600000000000000800, 0.07849999999999980600, -6.857795581405312900E-018 ) ) ;
#2041 = CARTESIAN_POINT ( 'NONE',  ( 0.05599999999999998700, 0.07641666666666649400, -0.03233161507461906900 ) ) ;
#2042 = CARTESIAN_POINT ( 'NONE',  ( 0.02799999999999999000, 0.07433333333333316800, -0.04849742261192856900 ) ) ;
#2043 = CARTESIAN_POINT ( 'NONE',  ( -5.728906306245114700E-018, 0.07224999999999982800, -0.06466323014923809600 ) ) ;
#2044 = CARTESIAN_POINT ( 'NONE',  ( -0.02800000000000000800, 0.07016666666666650200, -0.04849742261192856200 ) ) ;
#2045 = CARTESIAN_POINT ( 'NONE',  ( -0.05600000000000000100, 0.06808333333333316300, -0.03233161507461903400 ) ) ;
#2046 = CARTESIAN_POINT ( 'NONE',  ( -0.04823716748849912700, 0.2450867586869808500, 0.1250000000000001400 ) ) ;
#2047 = CARTESIAN_POINT ( 'NONE',  ( -0.06030514493356294700, 0.2427799885876827700, 0.1250000000000001100 ) ) ;
#2048 = CARTESIAN_POINT ( 'NONE',  ( -0.07216878364870325800, 0.2399999999999999900, 0.1250000000000001100 ) ) ;
#2049 = CARTESIAN_POINT ( 'NONE',  ( -0.04599999999999999900, 0.02708333333333326800, -0.02655811238272277900 ) ) ;
#2050 = CARTESIAN_POINT ( 'NONE',  ( -0.04599999999999999900, 0.02499999999999994200, 0.0000000000000000000 ) ) ;
#2051 = CARTESIAN_POINT ( 'NONE',  ( -0.04599999999999997800, 0.02291666666666661300, 0.02655811238272280700 ) ) ;
#2052 = CARTESIAN_POINT ( 'NONE',  ( -0.02299999999999997200, 0.02083333333333328400, 0.03983716857408419600 ) ) ;
#2053 = CARTESIAN_POINT ( 'NONE',  ( 9.297742568139932500E-018, 0.01874999999999995800, 0.05311622476544556500 ) ) ;
#2054 = CARTESIAN_POINT ( 'NONE',  ( 0.02300000000000002000, 0.01666666666666662800, 0.03983716857408416100 ) ) ;
#2055 = CARTESIAN_POINT ( 'NONE',  ( 0.04599999999999999900, 0.01458333333333329700, 0.02655811238272277200 ) ) ;
#2056 = CARTESIAN_POINT ( 'NONE',  ( 0.04599999999999999900, 0.01249999999999996900, -5.633189227582935500E-018 ) ) ;
#2057 = CARTESIAN_POINT ( 'NONE',  ( 0.04599999999999997800, 0.01041666666666664000, -0.02655811238272280700 ) ) ;
#2058 = CARTESIAN_POINT ( 'NONE',  ( 0.02299999999999999300, 0.008333333333333310700, -0.03983716857408418200 ) ) ;
#2059 = CARTESIAN_POINT ( 'NONE',  ( -3.405399111168903900E-018, 0.006249999999999980400, -0.05311622476544556500 ) ) ;
#2060 = CARTESIAN_POINT ( 'NONE',  ( -0.02300000000000000300, 0.004166666666666650100, -0.03983716857408417500 ) ) ;
#2061 = CARTESIAN_POINT ( 'NONE',  ( -0.04599999999999999900, 0.002083333333333320700, -0.02655811238272277900 ) ) ;
#2062 = CARTESIAN_POINT ( 'NONE',  ( -0.04599999999999999900, -8.537024980200822600E-018, 0.0000000000000000000 ) ) ;
#2063 = CARTESIAN_POINT ( 'NONE',  ( -0.05600000000000000800, 0.1409999999999996800, 0.0000000000000000000 ) ) ;
#2064 = CARTESIAN_POINT ( 'NONE',  ( -0.05599999999999998700, 0.1389166666666663800, 0.03233161507461907600 ) ) ;
#2065 = CARTESIAN_POINT ( 'NONE',  ( -0.02799999999999996900, 0.1368333333333330300, 0.04849742261192858900 ) ) ;
#2066 = CARTESIAN_POINT ( 'NONE',  ( 8.577736251364049700E-018, 0.1347499999999997300, 0.06466323014923809600 ) ) ;
#2067 = CARTESIAN_POINT ( 'NONE',  ( 0.02800000000000002500, 0.1326666666666663800, 0.04849742261192855500 ) ) ;
#2068 = CARTESIAN_POINT ( 'NONE',  ( 0.05600000000000000100, 0.1305833333333330200, 0.03233161507461902700 ) ) ;
#2069 = CARTESIAN_POINT ( 'NONE',  ( 0.05600000000000000800, 0.1284999999999997300, -6.857795581405312900E-018 ) ) ;
#2070 = CARTESIAN_POINT ( 'NONE',  ( 0.05599999999999998700, 0.1264166666666664000, -0.03233161507461906900 ) ) ;
#2071 = CARTESIAN_POINT ( 'NONE',  ( 0.02799999999999998700, 0.1243333333333330600, -0.04849742261192856900 ) ) ;
#2072 = CARTESIAN_POINT ( 'NONE',  ( -0.04599999999999999900, 0.07708333333333317100, -0.02655811238272277900 ) ) ;
#2073 = AXIS2_PLACEMENT_3D ( 'NONE', #2259, #2258, #2257 ) ;
#2074 = CYLINDRICAL_SURFACE ( 'NONE', #2073, 0.05599999999999999400 ) ;
#2075 = DIRECTION ( 'NONE',  ( -1.000000000000000000, 1.953552627048239500E-017, 0.0000000000000000000 ) ) ;
#2076 = DIRECTION ( 'NONE',  ( 1.953552627048239500E-017, 1.000000000000000000, 0.0000000000000000000 ) ) ;
#2077 = CARTESIAN_POINT ( 'NONE',  ( 0.04649999999999996500, 0.4370000000000000600, 0.0000000000000000000 ) ) ;
#2078 = AXIS2_PLACEMENT_3D ( 'NONE', #2077, #2076, #2075 ) ;
#2079 = FACE_OUTER_BOUND ( 'NONE', #354, .T. ) ;
#2080 = PLANE ( 'NONE',  #2078 ) ;
#2081 = CARTESIAN_POINT ( 'NONE',  ( 6.236226683583995000E-018, 0.1437499999999997100, 0.05311622476544556500 ) ) ;
#2082 = CARTESIAN_POINT ( 'NONE',  ( 0.02300000000000001700, 0.1416666666666663900, 0.03983716857408416100 ) ) ;
#2083 = CARTESIAN_POINT ( 'NONE',  ( 0.04599999999999999900, 0.1395833333333330300, 0.02655811238272277200 ) ) ;
#2084 = CARTESIAN_POINT ( 'NONE',  ( 0.04599999999999999900, 0.1374999999999997300, -5.633189227582935500E-018 ) ) ;
#2085 = CARTESIAN_POINT ( 'NONE',  ( 0.04599999999999997800, 0.1354166666666664100, -0.02655811238272280700 ) ) ;
#2086 = CARTESIAN_POINT ( 'NONE',  ( -5.242308641902466600E-018, 0.08124999999999982200, -0.05311622476544556500 ) ) ;
#2087 = CARTESIAN_POINT ( 'NONE',  ( 0.04599999999999999900, 0.1145833333333330900, 0.02655811238272277200 ) ) ;
#2088 = CARTESIAN_POINT ( 'NONE',  ( 0.04599999999999999900, 0.1124999999999997700, -5.633189227582935500E-018 ) ) ;
#2089 = DIRECTION ( 'NONE',  ( -1.000000000000000000, 0.0000000000000000000, -0.0000000000000000000 ) ) ;
#2090 = DIRECTION ( 'NONE',  ( 0.0000000000000000000, 0.0000000000000000000, -1.000000000000000000 ) ) ;
#2091 = CARTESIAN_POINT ( 'NONE',  ( -0.04599999999999999900, -4.268512490100411300E-018, 0.0000000000000000000 ) ) ;
#2092 = AXIS2_PLACEMENT_3D ( 'NONE', #2091, #2090, #2089 ) ;
#2093 = PLANE ( 'NONE',  #2092 ) ;
#2094 = CYLINDRICAL_SURFACE ( 'NONE', #2255, 0.05599999999999999400 ) ;
#2095 = FACE_OUTER_BOUND ( 'NONE', #148, .T. ) ;
#2096 = AXIS2_PLACEMENT_3D ( 'NONE', #2226, #2225, #2224 ) ;
#2097 = PLANE ( 'NONE',  #2096 ) ;
#2098 = FACE_OUTER_BOUND ( 'NONE', #453, .T. ) ;
#2099 = CARTESIAN_POINT ( 'NONE',  ( 0.04599999999999999900, 0.08958333333333315400, 0.02655811238272277200 ) ) ;
#2100 = CARTESIAN_POINT ( 'NONE',  ( 0.04599999999999999900, 0.08749999999999981400, -5.633189227582935500E-018 ) ) ;
#2101 = CARTESIAN_POINT ( 'NONE',  ( 0.04599999999999997800, 0.1104166666666664500, -0.02655811238272280700 ) ) ;
#2102 = CARTESIAN_POINT ( 'NONE',  ( 0.02299999999999998900, 0.1083333333333331100, -0.03983716857408418200 ) ) ;
#2103 = CARTESIAN_POINT ( 'NONE',  ( 0.02299999999999998900, 0.1333333333333330500, -0.03983716857408418200 ) ) ;
#2104 = CARTESIAN_POINT ( 'NONE',  ( -6.466914995724842500E-018, 0.1312499999999997300, -0.05311622476544556500 ) ) ;
#2105 = CARTESIAN_POINT ( 'NONE',  ( -0.02300000000000001000, 0.1291666666666664000, -0.03983716857408417500 ) ) ;
#2106 = CARTESIAN_POINT ( 'NONE',  ( 0.0000000000000000000, 0.0000000000000000000, 0.0000000000000000000 ) ) ;
#2107 = CYLINDRICAL_SURFACE ( 'NONE', #2139, 0.04649999999999995800 ) ;
#2108 = DIRECTION ( 'NONE',  ( -1.000000000000000000, 1.953552627048239500E-017, 0.0000000000000000000 ) ) ;
#2109 = DIRECTION ( 'NONE',  ( 1.953552627048239500E-017, 1.000000000000000000, 0.0000000000000000000 ) ) ;
#2110 = CARTESIAN_POINT ( 'NONE',  ( 0.1230000000000000000, 0.2500000000000000600, 0.0000000000000000000 ) ) ;
#2111 = FACE_OUTER_BOUND ( 'NONE', #2579, .T. ) ;
#2112 = AXIS2_PLACEMENT_3D ( 'NONE', #2110, #2109, #2108 ) ;
#2113 = PLANE ( 'NONE',  #2112 ) ;
#2114 = FACE_OUTER_BOUND ( 'NONE', #386, .T. ) ;
#2115 = FACE_BOUND ( 'NONE', #575, .T. ) ;
#2116 = DIRECTION ( 'NONE',  ( 0.0000000000000000000, 0.0000000000000000000, -1.000000000000000000 ) ) ;
#2117 = DIRECTION ( 'NONE',  ( 0.0000000000000000000, -1.000000000000000000, 0.0000000000000000000 ) ) ;
#2118 = CARTESIAN_POINT ( 'NONE',  ( 8.537024980200822600E-018, 0.4243985509530391300, 0.0000000000000000000 ) ) ;
#2119 = AXIS2_PLACEMENT_3D ( 'NONE', #2118, #2117, #2116 ) ;
#2120 = CONICAL_SURFACE ( 'NONE', #2119, 0.04649999999999995800, 0.5762340597481794300 ) ;
#2121 = DIRECTION ( 'NONE',  ( 1.000000000000000000, 0.0000000000000000000, 0.0000000000000000000 ) ) ;
#2122 = DIRECTION ( 'NONE',  ( -1.953552627048239500E-017, -1.000000000000000000, -0.0000000000000000000 ) ) ;
#2123 = CARTESIAN_POINT ( 'NONE',  ( 4.883881567620599500E-018, 0.2500000000000000600, 0.0000000000000000000 ) ) ;
#2124 = CARTESIAN_POINT ( 'NONE',  ( 0.05597821622039421400, 0.4243985509530391300, 0.001561828666274434000 ) ) ;
#2125 = CARTESIAN_POINT ( 'NONE',  ( 0.05547563965345143900, 0.4243985509530390800, -0.004721084591515767300 ) ) ;
#2126 = CARTESIAN_POINT ( 'NONE',  ( 0.05386749306650463800, 0.4243985509530394700, -0.01088695476398340200 ) ) ;
#2127 = CARTESIAN_POINT ( 'NONE',  ( -0.04599999999999999900, 0.1270833333333331000, -0.02655811238272277900 ) ) ;
#2128 = CARTESIAN_POINT ( 'NONE',  ( -0.04599999999999999900, 0.1249999999999997200, 0.0000000000000000000 ) ) ;
#2129 = CARTESIAN_POINT ( 'NONE',  ( -0.04599999999999997800, 0.1229166666666664100, 0.02655811238272280700 ) ) ;
#2130 = CARTESIAN_POINT ( 'NONE',  ( -0.02299999999999997500, 0.1208333333333331000, 0.03983716857408419600 ) ) ;
#2131 = CARTESIAN_POINT ( 'NONE',  ( 6.848529860495183000E-018, 0.1187499999999997600, 0.05311622476544556500 ) ) ;
#2132 = CARTESIAN_POINT ( 'NONE',  ( 0.02300000000000001700, 0.1166666666666664300, 0.03983716857408416100 ) ) ;
#2133 = DIRECTION ( 'NONE',  ( -1.953552627048239500E-017, -1.000000000000000000, -0.0000000000000000000 ) ) ;
#2134 = CYLINDRICAL_SURFACE ( 'NONE', #2136, 0.04649999999999995800 ) ;
#2135 = CARTESIAN_POINT ( 'NONE',  ( 0.0000000000000000000, 0.0000000000000000000, 0.0000000000000000000 ) ) ;
#2136 = AXIS2_PLACEMENT_3D ( 'NONE', #2135, #2133, #2183 ) ;
#2137 = DIRECTION ( 'NONE',  ( 1.000000000000000000, -1.953552627048239800E-017, 0.0000000000000000000 ) ) ;
#2138 = DIRECTION ( 'NONE',  ( -1.953552627048239500E-017, -1.000000000000000000, -0.0000000000000000000 ) ) ;
#2139 = AXIS2_PLACEMENT_3D ( 'NONE', #2106, #2138, #2137 ) ;
#2140 = FACE_OUTER_BOUND ( 'NONE', #2614, .T. ) ;
#2141 =( BOUNDED_CURVE ( )  B_SPLINE_CURVE ( 2, ( #2234, #2233, #2232, #2231, #2230, #2229, #2228 ),
 .UNSPECIFIED., .F., .T. ) 
 B_SPLINE_CURVE_WITH_KNOTS ( ( 3, 2, 2, 3 ),
 ( 0.5714285714285827200, 0.5952380952381027800, 0.6190476190476228400, 0.6428571428571427900 ),
 .UNSPECIFIED. ) 
 CURVE ( )  GEOMETRIC_REPRESENTATION_ITEM ( )  RATIONAL_B_SPLINE_CURVE ( ( 0.9999999999999362700, 0.8660254037845024300, 1.000000000000000000, 0.8660254037844387100, 1.000000000000000000, 0.8660254037844387100, 1.000000000000000000 ) ) 
 REPRESENTATION_ITEM ( '' )  );
#2142 = DIRECTION ( 'NONE',  ( -1.953552627048239500E-017, -1.000000000000000000, -0.0000000000000000000 ) ) ;
#2143 = VECTOR ( 'NONE', #2142, 39.37007874015748100 ) ;
#2144 = CARTESIAN_POINT ( 'NONE',  ( 0.04649999999999995800, -9.084019715774306600E-019, 0.0000000000000000000 ) ) ;
#2145 = LINE ( 'NONE', #2144, #2143 ) ;
#2146 = DIRECTION ( 'NONE',  ( 0.0000000000000000000, 1.000000000000000000, 0.0000000000000000000 ) ) ;
#2147 = VECTOR ( 'NONE', #2146, 39.37007874015748100 ) ;
#2148 = CARTESIAN_POINT ( 'NONE',  ( 0.04649999999999996500, 0.2687499999999422600, 7.450189275741354500E-013 ) ) ;
#2149 = LINE ( 'NONE', #2148, #2147 ) ;
#2150 = DIRECTION ( 'NONE',  ( 1.000000000000000000, -1.953552627048239800E-017, 0.0000000000000000000 ) ) ;
#2151 = DIRECTION ( 'NONE',  ( -1.953552627048239500E-017, -1.000000000000000000, -0.0000000000000000000 ) ) ;
#2152 = AXIS2_PLACEMENT_3D ( 'NONE', #2154, #2151, #2150 ) ;
#2153 = CARTESIAN_POINT ( 'NONE',  ( -0.04649999999999995100, 0.3062500000000000800, 0.0000000000000000000 ) ) ;
#2154 = CARTESIAN_POINT ( 'NONE',  ( 0.0000000000000000000, 0.0000000000000000000, 0.0000000000000000000 ) ) ;
#2155 = CYLINDRICAL_SURFACE ( 'NONE', #2152, 0.04649999999999995800 ) ;
#2156 = FACE_OUTER_BOUND ( 'NONE', #2647, .T. ) ;
#2157 = CARTESIAN_POINT ( 'NONE',  ( 0.04649999999999996500, 0.2687500000000000400, -5.694419545274049300E-018 ) ) ;
#2158 = DIRECTION ( 'NONE',  ( -1.953552627048239500E-017, -1.000000000000000000, -0.0000000000000000000 ) ) ;
#2159 = VECTOR ( 'NONE', #2158, 39.37007874015748100 ) ;
#2160 = CARTESIAN_POINT ( 'NONE',  ( 0.04649999999999995800, -9.084019715774306600E-019, 0.0000000000000000000 ) ) ;
#2161 = LINE ( 'NONE', #2160, #2159 ) ;
#2162 = CARTESIAN_POINT ( 'NONE',  ( 0.04649999999999996500, 0.3302500000000000400, -5.694419545274049300E-018 ) ) ;
#2163 = CARTESIAN_POINT ( 'NONE',  ( -0.04649999999999995100, 0.3062500000000000800, 0.0000000000000000000 ) ) ;
#2164 = CARTESIAN_POINT ( 'NONE',  ( -0.04649999999999993700, 0.3083333333333333500, 0.02684678751731759900 ) ) ;
#2165 = CARTESIAN_POINT ( 'NONE',  ( -0.02324999999999993700, 0.3104166666666667900, 0.04027018127597638300 ) ) ;
#2166 = CARTESIAN_POINT ( 'NONE',  ( 2.144931877324643800E-017, 0.3125000000000000600, 0.05369357503463514200 ) ) ;
#2167 = CARTESIAN_POINT ( 'NONE',  ( 0.02325000000000001400, 0.3145833333333333800, 0.04027018127597634800 ) ) ;
#2168 = CARTESIAN_POINT ( 'NONE',  ( 0.04649999999999996500, 0.3166666666666667100, 0.02684678751731756100 ) ) ;
#2169 = CARTESIAN_POINT ( 'NONE',  ( 0.04649999999999996500, 0.3187500000000000300, -5.694419545274049300E-018 ) ) ;
#2170 =( BOUNDED_CURVE ( )  B_SPLINE_CURVE ( 2, ( #2169, #2168, #2167, #2166, #2165, #2164, #2163 ),
 .UNSPECIFIED., .F., .T. ) 
 B_SPLINE_CURVE_WITH_KNOTS ( ( 3, 2, 2, 3 ),
 ( 0.6428571428571427900, 0.6666666666666666300, 0.6904761904761904700, 0.7142857142857141900 ),
 .UNSPECIFIED. ) 
 CURVE ( )  GEOMETRIC_REPRESENTATION_ITEM ( )  RATIONAL_B_SPLINE_CURVE ( ( 1.000000000000000000, 0.8660254037844387100, 1.000000000000000000, 0.8660254037844387100, 1.000000000000000000, 0.8660254037844387100, 1.000000000000000000 ) ) 
 REPRESENTATION_ITEM ( '' )  );
#2171 = DIRECTION ( 'NONE',  ( 0.0000000000000000000, 0.0000000000000000000, 1.000000000000000000 ) ) ;
#2172 = DIRECTION ( 'NONE',  ( -0.0000000000000000000, 1.000000000000000000, -0.0000000000000000000 ) ) ;
#2173 = CARTESIAN_POINT ( 'NONE',  ( 8.537024980200822600E-018, 0.4243985509530391300, 0.0000000000000000000 ) ) ;
#2174 = AXIS2_PLACEMENT_3D ( 'NONE', #2173, #2172, #2171 ) ;
#2175 = CIRCLE ( 'NONE', #2174, 0.04649999999999995800 ) ;
#2176 = CARTESIAN_POINT ( 'NONE',  ( 0.04649999999999996500, 0.2802500000000000500, -5.694419545274049300E-018 ) ) ;
#2177 = DIRECTION ( 'NONE',  ( -1.953552627048239500E-017, -1.000000000000000000, -0.0000000000000000000 ) ) ;
#2178 = VECTOR ( 'NONE', #2177, 39.37007874015748100 ) ;
#2179 = CARTESIAN_POINT ( 'NONE',  ( -0.04649999999999995800, 9.084019715774306600E-019, 5.694419545274049300E-018 ) ) ;
#2180 = LINE ( 'NONE', #2179, #2178 ) ;
#2181 = CARTESIAN_POINT ( 'NONE',  ( -0.04649999999999995100, 0.3312500000000000400, 0.0000000000000000000 ) ) ;
#2182 = CARTESIAN_POINT ( 'NONE',  ( 0.04649999999999996500, 0.3437500000000000600, -5.694419545274049300E-018 ) ) ;
#2183 = DIRECTION ( 'NONE',  ( 1.000000000000000000, -1.953552627048239800E-017, 0.0000000000000000000 ) ) ;
#2184 = CARTESIAN_POINT ( 'NONE',  ( 0.04649999999999996500, 0.3802500000000000900, -5.694419545274049300E-018 ) ) ;
#2185 = CARTESIAN_POINT ( 'NONE',  ( 0.04860160488264884900, 0.4243985509530392400, -0.02217514053101131400 ) ) ;
#2186 = CARTESIAN_POINT ( 'NONE',  ( 0.04491182070350135300, 0.4243985509530383600, -0.02738234040442349600 ) ) ;
#2187 = CARTESIAN_POINT ( 'NONE',  ( 0.03600320367243158000, 0.4243985509530385200, -0.03608777344262239400 ) ) ;
#2188 = CARTESIAN_POINT ( 'NONE',  ( 0.03070535578732899000, 0.4243985509530392400, -0.03966155787579996000 ) ) ;
#2189 = CARTESIAN_POINT ( 'NONE',  ( 0.01928082508270335600, 0.4243985509530392400, -0.04467104580635553700 ) ) ;
#2190 = CARTESIAN_POINT ( 'NONE',  ( 0.01302790288432457300, 0.4243985509530391900, -0.04601682950067525300 ) ) ;
#2191 = CARTESIAN_POINT ( 'NONE',  ( 0.006712171364083110300, 0.4243985509530391300, -0.04601300637405883500 ) ) ;
#2192 = AXIS2_PLACEMENT_3D ( 'NONE', #2123, #2122, #2121 ) ;
#2193 = CIRCLE ( 'NONE', #2192, 0.04649999999999995800 ) ;
#2194 = FACE_OUTER_BOUND ( 'NONE', #292, .T. ) ;
#2195 = B_SPLINE_CURVE_WITH_KNOTS ( 'NONE', 3,
 ( #2191, #2190, #2189, #2188, #2187, #2186, #2185, #2126, #2125, #2124 ),
 .UNSPECIFIED., .F., .F.,
 ( 4, 2, 2, 2, 4 ),
 ( 0.0000000000000000000, 0.0004766280323925703300, 0.0009532560647851406700, 0.001429884097177710700, 0.001906512129570280900 ),
 .UNSPECIFIED. ) ;
#2196 = DIRECTION ( 'NONE',  ( 0.0000000000000000000, -1.000000000000000000, -0.0000000000000000000 ) ) ;
#2197 = VECTOR ( 'NONE', #2196, 39.37007874015748100 ) ;
#2198 = CARTESIAN_POINT ( 'NONE',  ( -0.05600000000000000800, -0.009000000000000006300, 0.0000000000000000000 ) ) ;
#2199 = LINE ( 'NONE', #2198, #2197 ) ;
#2200 = DIRECTION ( 'NONE',  ( 0.4999999999999997200, 0.0000000000000000000, -0.8660254037844388200 ) ) ;
#2201 = DIRECTION ( 'NONE',  ( 0.8660254037844388200, -0.0000000000000000000, 0.4999999999999997200 ) ) ;
#2202 = CARTESIAN_POINT ( 'NONE',  ( -0.07216878364870328600, 0.2399999999999999900, -0.1250000000000001100 ) ) ;
#2203 = AXIS2_PLACEMENT_3D ( 'NONE', #2202, #2201, #2200 ) ;
#2204 = FACE_OUTER_BOUND ( 'NONE', #344, .T. ) ;
#2205 = DIRECTION ( 'NONE',  ( -1.000000000000000000, 0.0000000000000000000, -0.0000000000000000000 ) ) ;
#2206 = DIRECTION ( 'NONE',  ( 0.0000000000000000000, 0.0000000000000000000, -1.000000000000000000 ) ) ;
#2207 = CARTESIAN_POINT ( 'NONE',  ( -0.07216878364870325800, 0.2399999999999999900, 0.1250000000000001100 ) ) ;
#2208 = PLANE ( 'NONE',  #2203 ) ;
#2209 = AXIS2_PLACEMENT_3D ( 'NONE', #2207, #2206, #2205 ) ;
#2210 = PLANE ( 'NONE',  #2209 ) ;
#2211 = FACE_OUTER_BOUND ( 'NONE', #472, .T. ) ;
#2212 = DIRECTION ( 'NONE',  ( -0.0000000000000000000, -1.000000000000000000, -0.0000000000000000000 ) ) ;
#2213 = VECTOR ( 'NONE', #2212, 39.37007874015748100 ) ;
#2214 = CARTESIAN_POINT ( 'NONE',  ( -0.04599999999999999900, 0.1499999999999996900, 0.0000000000000000000 ) ) ;
#2215 = CARTESIAN_POINT ( 'NONE',  ( -0.04599999999999997800, 0.1479166666666663600, 0.02655811238272280700 ) ) ;
#2216 = CARTESIAN_POINT ( 'NONE',  ( -0.02299999999999997500, 0.1458333333333330400, 0.03983716857408419600 ) ) ;
#2217 = CARTESIAN_POINT ( 'NONE',  ( 0.05600000000000000800, 0.09649999999999980800, -4.800456906983719600E-017 ) ) ;
#2218 = CARTESIAN_POINT ( 'NONE',  ( 0.05599999999999960600, 0.09441666666666646800, -0.03233161507461940200 ) ) ;
#2219 = CARTESIAN_POINT ( 'NONE',  ( 0.02799999999999984800, 0.09233333333333317000, -0.04849742261192865900 ) ) ;
#2220 = CARTESIAN_POINT ( 'NONE',  ( -1.685469372265941300E-016, 0.09024999999999983000, -0.06466323014923808200 ) ) ;
#2221 = CARTESIAN_POINT ( 'NONE',  ( -0.02800000000000009800, 0.08816666666666650400, -0.04849742261192851300 ) ) ;
#2222 = CARTESIAN_POINT ( 'NONE',  ( -0.05600000000000030600, 0.08608333333333315100, -0.03233161507461881900 ) ) ;
#2223 = CARTESIAN_POINT ( 'NONE',  ( -0.05600000000000000800, 0.08399999999999983900, 4.114677348843188200E-017 ) ) ;
#2224 = DIRECTION ( 'NONE',  ( 1.000000000000000000, 0.0000000000000000000, -2.365849761790801500E-016 ) ) ;
#2225 = DIRECTION ( 'NONE',  ( 2.365849761790801500E-016, -0.0000000000000000000, 1.000000000000000000 ) ) ;
#2226 = CARTESIAN_POINT ( 'NONE',  ( 0.07216878364870323000, 0.2399999999999999900, -0.1250000000000001400 ) ) ;
#2227 = FACE_OUTER_BOUND ( 'NONE', #263, .T. ) ;
#2228 = CARTESIAN_POINT ( 'NONE',  ( 0.04649999999999996500, 0.3187500000000000300, -5.694419545274049300E-018 ) ) ;
#2229 = CARTESIAN_POINT ( 'NONE',  ( 0.04649999999999995100, 0.3208333333333334100, -0.02684678751731759500 ) ) ;
#2230 = CARTESIAN_POINT ( 'NONE',  ( 0.02324999999999998200, 0.3229166666666667400, -0.04027018127597636200 ) ) ;
#2231 = CARTESIAN_POINT ( 'NONE',  ( 7.992468555420293900E-018, 0.3250000000000000700, -0.05369357503463514200 ) ) ;
#2232 = CARTESIAN_POINT ( 'NONE',  ( -0.02324999999999997200, 0.3270833333333333900, -0.04027018127597636200 ) ) ;
#2233 = CARTESIAN_POINT ( 'NONE',  ( -0.04649999999998717000, 0.3291666666666655500, -0.02684678751732493300 ) ) ;
#2234 = CARTESIAN_POINT ( 'NONE',  ( -0.04649999999999995100, 0.3312500000000000400, 0.0000000000000000000 ) ) ;
#2235 = CARTESIAN_POINT ( 'NONE',  ( -5.854611818813654600E-018, 0.1062499999999997900, -0.05311622476544556500 ) ) ;
#2236 = CARTESIAN_POINT ( 'NONE',  ( -0.02300000000000001000, 0.1041666666666664600, -0.03983716857408417500 ) ) ;
#2237 = CARTESIAN_POINT ( 'NONE',  ( -0.04599999999999999900, 0.1020833333333331100, -0.02655811238272277900 ) ) ;
#2238 = CARTESIAN_POINT ( 'NONE',  ( -0.04599999999999999900, 0.09999999999999978400, 0.0000000000000000000 ) ) ;
#2239 = CARTESIAN_POINT ( 'NONE',  ( 0.04599999999999997800, 0.08541666666666650200, -0.02655811238272280700 ) ) ;
#2240 = CARTESIAN_POINT ( 'NONE',  ( 0.02299999999999999300, 0.08333333333333317600, -0.03983716857408418200 ) ) ;
#2241 = CARTESIAN_POINT ( 'NONE',  ( -0.02299999999999997500, 0.09583333333333314600, 0.03983716857408419600 ) ) ;
#2242 = CARTESIAN_POINT ( 'NONE',  ( 7.460833037406370200E-018, 0.09374999999999983300, 0.05311622476544556500 ) ) ;
#2243 = CARTESIAN_POINT ( 'NONE',  ( 0.07216878364870325800, 0.2399999999999999900, 0.1250000000000001100 ) ) ;
#2244 = LINE ( 'NONE', #2243, #2213 ) ;
#2245 = DIRECTION ( 'NONE',  ( -1.953552627048239500E-017, -1.000000000000000000, -0.0000000000000000000 ) ) ;
#2246 = VECTOR ( 'NONE', #2245, 39.37007874015748100 ) ;
#2247 = CARTESIAN_POINT ( 'NONE',  ( 0.05599999999999999400, -1.093989471147014100E-018, 0.0000000000000000000 ) ) ;
#2248 = LINE ( 'NONE', #2247, #2246 ) ;
#2249 = CARTESIAN_POINT ( 'NONE',  ( 0.02300000000000001700, 0.09166666666666648000, 0.03983716857408416100 ) ) ;
#2250 = DIRECTION ( 'NONE',  ( 1.000000000000000000, -1.953552627048239800E-017, 0.0000000000000000000 ) ) ;
#2251 = DIRECTION ( 'NONE',  ( -1.953552627048239500E-017, -1.000000000000000000, -0.0000000000000000000 ) ) ;
#2252 = FACE_OUTER_BOUND ( 'NONE', #359, .T. ) ;
#2253 = CARTESIAN_POINT ( 'NONE',  ( -0.07216878364870325800, 0.2399999999999999900, 0.1250000000000001100 ) ) ;
#2254 = CARTESIAN_POINT ( 'NONE',  ( 0.0000000000000000000, 0.0000000000000000000, 0.0000000000000000000 ) ) ;
#2255 = AXIS2_PLACEMENT_3D ( 'NONE', #2254, #2251, #2250 ) ;
#2256 =( BOUNDED_CURVE ( )  B_SPLINE_CURVE ( 2, ( #2223, #2222, #2221, #2220, #2219, #2218, #2217 ),
 .UNSPECIFIED., .F., .T. ) 
 B_SPLINE_CURVE_WITH_KNOTS ( ( 3, 2, 2, 3 ),
 ( 0.4999999999999997800, 0.5277777777777775700, 0.5555555555555553600, 0.5833333333333330400 ),
 .UNSPECIFIED. ) 
 CURVE ( )  GEOMETRIC_REPRESENTATION_ITEM ( )  RATIONAL_B_SPLINE_CURVE ( ( 1.000000000000001100, 0.8660254037844376000, 1.000000000000000000, 0.8660254037844387100, 1.000000000000000000, 0.8660254037844398200, 0.9999999999999988900 ) ) 
 REPRESENTATION_ITEM ( '' )  );
#2257 = DIRECTION ( 'NONE',  ( 1.000000000000000000, -1.953552627048239800E-017, 0.0000000000000000000 ) ) ;
#2258 = DIRECTION ( 'NONE',  ( -1.953552627048239500E-017, -1.000000000000000000, -0.0000000000000000000 ) ) ;
#2259 = CARTESIAN_POINT ( 'NONE',  ( 0.0000000000000000000, 0.0000000000000000000, 0.0000000000000000000 ) ) ;
#2260 = CARTESIAN_POINT ( 'NONE',  ( 0.05600000000000000800, 0.09649999999999980800, -4.800456906983719600E-017 ) ) ;
#2261 = CARTESIAN_POINT ( 'NONE',  ( -0.04599999999999997800, 0.09791666666666645800, 0.02655811238272280700 ) ) ;
#2262 = CARTESIAN_POINT ( 'NONE',  ( -0.02300000000000000300, 0.07916666666666651000, -0.03983716857408417500 ) ) ;
#2263 = CYLINDRICAL_SURFACE ( 'NONE', #2302, 0.04649999999999995800 ) ;
#2264 = DIRECTION ( 'NONE',  ( 1.000000000000000000, -1.953552627048239800E-017, 0.0000000000000000000 ) ) ;
#2265 = DIRECTION ( 'NONE',  ( -1.953552627048239500E-017, -1.000000000000000000, -0.0000000000000000000 ) ) ;
#2266 = AXIS2_PLACEMENT_3D ( 'NONE', #2291, #2265, #2264 ) ;
#2267 = CARTESIAN_POINT ( 'NONE',  ( -0.04649999999999995100, 0.4243985509530391300, 5.694419545274049300E-018 ) ) ;
#2268 =( BOUNDED_CURVE ( )  B_SPLINE_CURVE ( 2, ( #2285, #2284, #2309, #2308, #2307, #2275, #2274 ),
 .UNSPECIFIED., .F., .T. ) 
 B_SPLINE_CURVE_WITH_KNOTS ( ( 3, 2, 2, 3 ),
 ( 0.5714285714285827200, 0.5952380952381026700, 0.6190476190476227300, 0.6428571428571427900 ),
 .UNSPECIFIED. ) 
 CURVE ( )  GEOMETRIC_REPRESENTATION_ITEM ( )  RATIONAL_B_SPLINE_CURVE ( ( 0.9999999999999362700, 0.8660254037845024300, 1.000000000000000000, 0.8660254037844387100, 1.000000000000000000, 0.8660254037844387100, 1.000000000000000000 ) ) 
 REPRESENTATION_ITEM ( '' )  );
#2269 = CYLINDRICAL_SURFACE ( 'NONE', #2290, 0.04649999999999995800 ) ;
#2270 = FACE_OUTER_BOUND ( 'NONE', #2607, .T. ) ;
#2271 =( BOUNDED_CURVE ( )  B_SPLINE_CURVE ( 2, ( #2273, #2272, #2295, #2294, #2298, #2297, #2299 ),
 .UNSPECIFIED., .F., .F. ) 
 B_SPLINE_CURVE_WITH_KNOTS ( ( 3, 2, 2, 3 ),
 ( 0.1428571428571397100, 0.1666666666666645800, 0.1904761904761894400, 0.2142857142857143000 ),
 .UNSPECIFIED. ) 
 CURVE ( )  GEOMETRIC_REPRESENTATION_ITEM ( )  RATIONAL_B_SPLINE_CURVE ( ( 1.000000000000017300, 0.8660254037844215000, 1.000000000000000000, 0.8660254037844387100, 1.000000000000000000, 0.8660254037844387100, 1.000000000000000000 ) ) 
 REPRESENTATION_ITEM ( '' )  );
#2272 = CARTESIAN_POINT ( 'NONE',  ( 0.04650000000000342700, 0.3073333333333330700, -0.02684678751731558300 ) ) ;
#2273 = CARTESIAN_POINT ( 'NONE',  ( 0.04649999999999996500, 0.3052500000000000800, -5.694419545274049300E-018 ) ) ;
#2274 = CARTESIAN_POINT ( 'NONE',  ( -0.04649999999999995100, 0.3927500000000000400, 0.0000000000000000000 ) ) ;
#2275 = CARTESIAN_POINT ( 'NONE',  ( -0.04649999999999995100, 0.3906666666666667700, -0.02684678751731756800 ) ) ;
#2276 = DIRECTION ( 'NONE',  ( 1.000000000000000000, -1.953552627048239800E-017, 0.0000000000000000000 ) ) ;
#2277 = DIRECTION ( 'NONE',  ( -1.953552627048239500E-017, -1.000000000000000000, -0.0000000000000000000 ) ) ;
#2278 = AXIS2_PLACEMENT_3D ( 'NONE', #2279, #2277, #2276 ) ;
#2279 = CARTESIAN_POINT ( 'NONE',  ( 0.0000000000000000000, 0.0000000000000000000, 0.0000000000000000000 ) ) ;
#2280 = CYLINDRICAL_SURFACE ( 'NONE', #2278, 0.05599999999999999400 ) ;
#2281 = FACE_OUTER_BOUND ( 'NONE', #2617, .T. ) ;
#2282 = CARTESIAN_POINT ( 'NONE',  ( -0.04649999999999995100, 0.3677500000000000800, 0.0000000000000000000 ) ) ;
#2283 = CARTESIAN_POINT ( 'NONE',  ( 0.04649999999999996500, 0.2500000000000000600, 0.0000000000000000000 ) ) ;
#2284 = CARTESIAN_POINT ( 'NONE',  ( 0.04649999999998717000, 0.3823333333333345800, -0.02684678751732496500 ) ) ;
#2285 = CARTESIAN_POINT ( 'NONE',  ( 0.04649999999999996500, 0.3802500000000000900, -5.694419545274049300E-018 ) ) ;
#2286 = FACE_OUTER_BOUND ( 'NONE', #2597, .T. ) ;
#2287 = DIRECTION ( 'NONE',  ( 1.000000000000000000, -1.953552627048239800E-017, 0.0000000000000000000 ) ) ;
#2288 = DIRECTION ( 'NONE',  ( -1.953552627048239500E-017, -1.000000000000000000, -0.0000000000000000000 ) ) ;
#2289 = CARTESIAN_POINT ( 'NONE',  ( 0.0000000000000000000, 0.0000000000000000000, 0.0000000000000000000 ) ) ;
#2290 = AXIS2_PLACEMENT_3D ( 'NONE', #2289, #2288, #2287 ) ;
#2291 = CARTESIAN_POINT ( 'NONE',  ( 0.0000000000000000000, 0.0000000000000000000, 0.0000000000000000000 ) ) ;
#2292 = CYLINDRICAL_SURFACE ( 'NONE', #2266, 0.04649999999999995800 ) ;
#2293 = FACE_OUTER_BOUND ( 'NONE', #77, .T. ) ;
#2294 = CARTESIAN_POINT ( 'NONE',  ( 8.323112270952337300E-018, 0.3115000000000000500, -0.05369357503463514200 ) ) ;
#2295 = CARTESIAN_POINT ( 'NONE',  ( 0.02324999999999998200, 0.3094166666666667300, -0.04027018127597636200 ) ) ;
#2296 = CARTESIAN_POINT ( 'NONE',  ( 0.0000000000000000000, 0.0000000000000000000, 0.0000000000000000000 ) ) ;
#2297 = CARTESIAN_POINT ( 'NONE',  ( -0.04649999999999995100, 0.3156666666666667100, -0.02684678751731756800 ) ) ;
#2298 = CARTESIAN_POINT ( 'NONE',  ( -0.02324999999999997200, 0.3135833333333333800, -0.04027018127597636200 ) ) ;
#2299 = CARTESIAN_POINT ( 'NONE',  ( -0.04649999999999995100, 0.3177500000000000300, 0.0000000000000000000 ) ) ;
#2300 = DIRECTION ( 'NONE',  ( 1.000000000000000000, -1.953552627048239800E-017, 0.0000000000000000000 ) ) ;
#2301 = DIRECTION ( 'NONE',  ( -1.953552627048239500E-017, -1.000000000000000000, -0.0000000000000000000 ) ) ;
#2302 = AXIS2_PLACEMENT_3D ( 'NONE', #2296, #2301, #2300 ) ;
#2303 = CARTESIAN_POINT ( 'NONE',  ( -7.777418601896566800E-017, 0.02224999999999993000, -0.06466323014923808200 ) ) ;
#2304 = CARTESIAN_POINT ( 'NONE',  ( -0.02800000000000003200, 0.02016666666666660400, -0.04849742261192855500 ) ) ;
#2305 = CARTESIAN_POINT ( 'NONE',  ( -0.05599999999999977200, 0.01808333333333328800, -0.03233161507461913800 ) ) ;
#2306 = CARTESIAN_POINT ( 'NONE',  ( -0.05600000000000000800, 0.01599999999999994500, 1.371559116281062600E-017 ) ) ;
#2307 = CARTESIAN_POINT ( 'NONE',  ( -0.02324999999999997600, 0.3885833333333334500, -0.04027018127597636200 ) ) ;
#2308 = CARTESIAN_POINT ( 'NONE',  ( 6.486202740218771100E-018, 0.3865000000000001200, -0.05369357503463514200 ) ) ;
#2309 = CARTESIAN_POINT ( 'NONE',  ( 0.02324999999999997900, 0.3844166666666668000, -0.04027018127597636200 ) ) ;
#2310 = CARTESIAN_POINT ( 'NONE',  ( -0.05600000000000000800, 0.008999999999999992400, 0.0000000000000000000 ) ) ;
#2311 =( BOUNDED_CURVE ( )  B_SPLINE_CURVE ( 2, ( #2450, #2334, #2333, #2332, #2331, #2330, #2329 ),
 .UNSPECIFIED., .F., .T. ) 
 B_SPLINE_CURVE_WITH_KNOTS ( ( 3, 2, 2, 3 ),
 ( 0.0000000000000000000, 0.02777777777777784600, 0.05555555555555569100, 0.08333333333333353700 ),
 .UNSPECIFIED. ) 
 CURVE ( )  GEOMETRIC_REPRESENTATION_ITEM ( )  RATIONAL_B_SPLINE_CURVE ( ( 1.000000000000000000, 0.8660254037844387100, 1.000000000000000000, 0.8660254037844387100, 1.000000000000000000, 0.8660254037844377100, 1.000000000000001100 ) ) 
 REPRESENTATION_ITEM ( '' )  );
#2312 = CARTESIAN_POINT ( 'NONE',  ( -0.04650000000001276700, 0.3448333333333322100, 0.02684678751731019200 ) ) ;
#2313 = CARTESIAN_POINT ( 'NONE',  ( -0.04649999999999995100, 0.3427500000000000500, 0.0000000000000000000 ) ) ;
#2314 = CARTESIAN_POINT ( 'NONE',  ( 0.04649999999999996500, 0.3552500000000000700, -5.694419545274049300E-018 ) ) ;
#2315 =( BOUNDED_CURVE ( )  B_SPLINE_CURVE ( 2, ( #2313, #2312, #2412, #2411, #2410, #2409, #2408 ),
 .UNSPECIFIED., .F., .T. ) 
 B_SPLINE_CURVE_WITH_KNOTS ( ( 3, 2, 2, 3 ),
 ( 0.3571428571428457200, 0.3809523809523733300, 0.4047619047619009900, 0.4285714285714284900 ),
 .UNSPECIFIED. ) 
 CURVE ( )  GEOMETRIC_REPRESENTATION_ITEM ( )  RATIONAL_B_SPLINE_CURVE ( ( 1.000000000000063900, 0.8660254037843745400, 1.000000000000000000, 0.8660254037844387100, 1.000000000000000000, 0.8660254037844387100, 1.000000000000000000 ) ) 
 REPRESENTATION_ITEM ( '' )  );
#2316 = DIRECTION ( 'NONE',  ( 1.000000000000000000, 0.0000000000000000000, 0.0000000000000000000 ) ) ;
#2317 = DIRECTION ( 'NONE',  ( -1.953552627048239500E-017, -1.000000000000000000, -0.0000000000000000000 ) ) ;
#2318 = CARTESIAN_POINT ( 'NONE',  ( 4.883881567620599500E-018, 0.2500000000000000600, 0.0000000000000000000 ) ) ;
#2319 = AXIS2_PLACEMENT_3D ( 'NONE', #2318, #2317, #2316 ) ;
#2320 = CIRCLE ( 'NONE', #2319, 0.04649999999999995800 ) ;
#2321 = DIRECTION ( 'NONE',  ( -1.953552627048239500E-017, -1.000000000000000000, -0.0000000000000000000 ) ) ;
#2322 = VECTOR ( 'NONE', #2321, 39.37007874015748100 ) ;
#2323 = CARTESIAN_POINT ( 'NONE',  ( 0.04649999999999995800, -9.084019715774306600E-019, 0.0000000000000000000 ) ) ;
#2324 = LINE ( 'NONE', #2323, #2322 ) ;
#2325 = DIRECTION ( 'NONE',  ( -1.953552627048239500E-017, -1.000000000000000000, -0.0000000000000000000 ) ) ;
#2326 = CARTESIAN_POINT ( 'NONE',  ( 0.05600000000000020900, 0.02641666666666661600, -0.03233161507461897900 ) ) ;
#2327 = CARTESIAN_POINT ( 'NONE',  ( -0.04649999999999995100, 0.3562500000000000700, 0.0000000000000000000 ) ) ;
#2328 =( BOUNDED_CURVE ( )  B_SPLINE_CURVE ( 2, ( #2376, #2375, #2392, #2391, #2390, #2389, #2388 ),
 .UNSPECIFIED., .F., .F. ) 
 B_SPLINE_CURVE_WITH_KNOTS ( ( 3, 2, 2, 3 ),
 ( 0.3571428571428457200, 0.3809523809523733300, 0.4047619047619009900, 0.4285714285714285500 ),
 .UNSPECIFIED. ) 
 CURVE ( )  GEOMETRIC_REPRESENTATION_ITEM ( )  RATIONAL_B_SPLINE_CURVE ( ( 1.000000000000063900, 0.8660254037843745400, 1.000000000000000000, 0.8660254037844387100, 1.000000000000000000, 0.8660254037844387100, 1.000000000000000000 ) ) 
 REPRESENTATION_ITEM ( '' )  );
#2329 = CARTESIAN_POINT ( 'NONE',  ( 0.05600000000000000800, 0.02149999999999997100, -6.857795581405312900E-018 ) ) ;
#2330 = CARTESIAN_POINT ( 'NONE',  ( 0.05600000000000023700, 0.01941666666666665500, -0.03233161507461893000 ) ) ;
#2331 = CARTESIAN_POINT ( 'NONE',  ( 0.02799999999999999000, 0.01733333333333331200, -0.04849742261192858300 ) ) ;
#2332 = CARTESIAN_POINT ( 'NONE',  ( -4.332855062887608400E-018, 0.01524999999999998200, -0.06466323014923808200 ) ) ;
#2333 = CARTESIAN_POINT ( 'NONE',  ( -0.02800000000000000800, 0.01316666666666665100, -0.04849742261192856200 ) ) ;
#2334 = CARTESIAN_POINT ( 'NONE',  ( -0.05600000000000000800, 0.01108333333333332200, -0.03233161507461903400 ) ) ;
#2335 = DIRECTION ( 'NONE',  ( 1.000000000000000000, -1.953552627048239800E-017, 0.0000000000000000000 ) ) ;
#2336 = DIRECTION ( 'NONE',  ( -1.953552627048239500E-017, -1.000000000000000000, -0.0000000000000000000 ) ) ;
#2337 = AXIS2_PLACEMENT_3D ( 'NONE', #2338, #2336, #2335 ) ;
#2338 = CARTESIAN_POINT ( 'NONE',  ( 0.0000000000000000000, 0.0000000000000000000, 0.0000000000000000000 ) ) ;
#2339 = CYLINDRICAL_SURFACE ( 'NONE', #2337, 0.04649999999999995800 ) ;
#2340 = FACE_OUTER_BOUND ( 'NONE', #2575, .T. ) ;
#2341 = DIRECTION ( 'NONE',  ( 0.0000000000000000000, 0.0000000000000000000, 1.000000000000000000 ) ) ;
#2342 = DIRECTION ( 'NONE',  ( -0.0000000000000000000, 1.000000000000000000, -0.0000000000000000000 ) ) ;
#2343 = CARTESIAN_POINT ( 'NONE',  ( 8.537024980200822600E-018, 0.4243985509530391300, 0.0000000000000000000 ) ) ;
#2344 = AXIS2_PLACEMENT_3D ( 'NONE', #2343, #2342, #2341 ) ;
#2345 = CIRCLE ( 'NONE', #2344, 0.04649999999999995800 ) ;
#2346 = CARTESIAN_POINT ( 'NONE',  ( -0.04649999999999995100, 0.3812500000000000900, 0.0000000000000000000 ) ) ;
#2347 = CARTESIAN_POINT ( 'NONE',  ( -0.04649999999999995100, 0.3427500000000000500, 0.0000000000000000000 ) ) ;
#2348 = DIRECTION ( 'NONE',  ( -1.953552627048239500E-017, -1.000000000000000000, -0.0000000000000000000 ) ) ;
#2349 = VECTOR ( 'NONE', #2348, 39.37007874015748100 ) ;
#2350 = CARTESIAN_POINT ( 'NONE',  ( -0.04649999999999995800, 9.084019715774306600E-019, 5.694419545274049300E-018 ) ) ;
#2351 = LINE ( 'NONE', #2350, #2349 ) ;
#2352 = CARTESIAN_POINT ( 'NONE',  ( 0.04649999999999995800, -9.084019715774306600E-019, 0.0000000000000000000 ) ) ;
#2353 = LINE ( 'NONE', #2352, #2386 ) ;
#2354 = DIRECTION ( 'NONE',  ( 1.000000000000000000, -1.953552627048239800E-017, 0.0000000000000000000 ) ) ;
#2355 = DIRECTION ( 'NONE',  ( -1.953552627048239500E-017, -1.000000000000000000, -0.0000000000000000000 ) ) ;
#2356 = AXIS2_PLACEMENT_3D ( 'NONE', #2357, #2355, #2354 ) ;
#2357 = CARTESIAN_POINT ( 'NONE',  ( 0.0000000000000000000, 0.0000000000000000000, 0.0000000000000000000 ) ) ;
#2358 = CYLINDRICAL_SURFACE ( 'NONE', #2356, 0.04649999999999995800 ) ;
#2359 = FACE_OUTER_BOUND ( 'NONE', #2664, .T. ) ;
#2360 = DIRECTION ( 'NONE',  ( 0.0000000000000000000, 0.0000000000000000000, 1.000000000000000000 ) ) ;
#2361 = DIRECTION ( 'NONE',  ( -0.0000000000000000000, 1.000000000000000000, -0.0000000000000000000 ) ) ;
#2362 = CARTESIAN_POINT ( 'NONE',  ( 8.537024980200822600E-018, 0.4243985509530391300, 0.0000000000000000000 ) ) ;
#2363 = AXIS2_PLACEMENT_3D ( 'NONE', #2362, #2361, #2360 ) ;
#2364 = CIRCLE ( 'NONE', #2363, 0.04649999999999995800 ) ;
#2365 = CARTESIAN_POINT ( 'NONE',  ( 0.04649999999999996500, 0.3052500000000000800, -5.694419545274049300E-018 ) ) ;
#2366 = DIRECTION ( 'NONE',  ( -1.953552627048239500E-017, -1.000000000000000000, -0.0000000000000000000 ) ) ;
#2367 = VECTOR ( 'NONE', #2366, 39.37007874015748100 ) ;
#2368 = CARTESIAN_POINT ( 'NONE',  ( -0.04649999999999995800, 9.084019715774306600E-019, 5.694419545274049300E-018 ) ) ;
#2369 = LINE ( 'NONE', #2368, #2367 ) ;
#2370 = CARTESIAN_POINT ( 'NONE',  ( 0.04649999999999996500, 0.3802500000000000900, -5.694419545274049300E-018 ) ) ;
#2371 = CARTESIAN_POINT ( 'NONE',  ( 0.04650000000001273900, 0.3781666666666679800, 0.02684678751731019200 ) ) ;
#2372 = CARTESIAN_POINT ( 'NONE',  ( 0.02325000000000001000, 0.3760833333333334400, 0.04027018127597634800 ) ) ;
#2373 = CARTESIAN_POINT ( 'NONE',  ( 1.994305295804491600E-017, 0.3740000000000001100, 0.05369357503463514200 ) ) ;
#2374 = CARTESIAN_POINT ( 'NONE',  ( -0.02324999999999994100, 0.3719166666666667300, 0.04027018127597638300 ) ) ;
#2375 = CARTESIAN_POINT ( 'NONE',  ( 0.04650000000001278100, 0.3666666666666677500, 0.02684678751731015300 ) ) ;
#2376 = CARTESIAN_POINT ( 'NONE',  ( 0.04649999999999996500, 0.3687500000000000800, -5.694419545274049300E-018 ) ) ;
#2377 = CARTESIAN_POINT ( 'NONE',  ( 0.04649999999999996500, 0.3052500000000000800, -5.694419545274049300E-018 ) ) ;
#2378 = CARTESIAN_POINT ( 'NONE',  ( 0.04649999999999649600, 0.3031666666666664200, 0.02684678751731956300 ) ) ;
#2379 = CARTESIAN_POINT ( 'NONE',  ( 0.02325000000000001400, 0.3010833333333334200, 0.04027018127597634800 ) ) ;
#2380 = CARTESIAN_POINT ( 'NONE',  ( 2.177996248877848200E-017, 0.2990000000000001000, 0.05369357503463514200 ) ) ;
#2381 = CARTESIAN_POINT ( 'NONE',  ( -0.02324999999999993700, 0.2969166666666667700, 0.04027018127597638300 ) ) ;
#2382 = CARTESIAN_POINT ( 'NONE',  ( -0.04649999999999993700, 0.2948333333333334500, 0.02684678751731759900 ) ) ;
#2383 = CARTESIAN_POINT ( 'NONE',  ( -0.04649999999999995100, 0.2927500000000000700, 0.0000000000000000000 ) ) ;
#2384 =( BOUNDED_CURVE ( )  B_SPLINE_CURVE ( 2, ( #2383, #2382, #2381, #2380, #2379, #2378, #2377 ),
 .UNSPECIFIED., .F., .T. ) 
 B_SPLINE_CURVE_WITH_KNOTS ( ( 3, 2, 2, 3 ),
 ( 0.07142857142857139700, 0.09523809523809420600, 0.1190476190476169000, 0.1428571428571397100 ),
 .UNSPECIFIED. ) 
 CURVE ( )  GEOMETRIC_REPRESENTATION_ITEM ( )  RATIONAL_B_SPLINE_CURVE ( ( 1.000000000000000000, 0.8660254037844387100, 1.000000000000000000, 0.8660254037844387100, 1.000000000000000000, 0.8660254037844560300, 0.9999999999999826800 ) ) 
 REPRESENTATION_ITEM ( '' )  );
#2385 = DIRECTION ( 'NONE',  ( -1.953552627048239500E-017, -1.000000000000000000, -0.0000000000000000000 ) ) ;
#2386 = VECTOR ( 'NONE', #2385, 39.37007874015748100 ) ;
#2387 = CARTESIAN_POINT ( 'NONE',  ( 0.04649999999999996500, 0.3687500000000000800, -5.694419545274049300E-018 ) ) ;
#2388 = CARTESIAN_POINT ( 'NONE',  ( -0.04649999999999995100, 0.3562500000000000700, 0.0000000000000000000 ) ) ;
#2389 = CARTESIAN_POINT ( 'NONE',  ( -0.04649999999999993700, 0.3583333333333333900, 0.02684678751731759900 ) ) ;
#2390 = CARTESIAN_POINT ( 'NONE',  ( -0.02324999999999994100, 0.3604166666666667200, 0.04027018127597638300 ) ) ;
#2391 = CARTESIAN_POINT ( 'NONE',  ( 2.022471241942406500E-017, 0.3625000000000001000, 0.05369357503463514200 ) ) ;
#2392 = CARTESIAN_POINT ( 'NONE',  ( 0.02325000000000001000, 0.3645833333333334300, 0.04027018127597634800 ) ) ;
#2393 = DIRECTION ( 'NONE',  ( -1.953552627048239500E-017, -1.000000000000000000, -0.0000000000000000000 ) ) ;
#2394 = VECTOR ( 'NONE', #2393, 39.37007874015748100 ) ;
#2395 = CARTESIAN_POINT ( 'NONE',  ( 0.05599999999999999400, -1.093989471147014100E-018, 0.0000000000000000000 ) ) ;
#2396 = LINE ( 'NONE', #2395, #2394 ) ;
#2397 =( BOUNDED_CURVE ( )  B_SPLINE_CURVE ( 2, ( #2447, #2446, #2445, #2444, #2443, #2442, #2441 ),
 .UNSPECIFIED., .F., .T. ) 
 B_SPLINE_CURVE_WITH_KNOTS ( ( 3, 2, 2, 3 ),
 ( 0.5000000000000000000, 0.5238095238095275000, 0.5476190476190551100, 0.5714285714285827200 ),
 .UNSPECIFIED. ) 
 CURVE ( )  GEOMETRIC_REPRESENTATION_ITEM ( )  RATIONAL_B_SPLINE_CURVE ( ( 1.000000000000000000, 0.8660254037844387100, 1.000000000000000000, 0.8660254037844387100, 1.000000000000000000, 0.8660254037843749800, 1.000000000000063700 ) ) 
 REPRESENTATION_ITEM ( '' )  );
#2398 = DIRECTION ( 'NONE',  ( 1.000000000000000000, -1.953552627048239800E-017, 0.0000000000000000000 ) ) ;
#2399 = DIRECTION ( 'NONE',  ( -1.953552627048239500E-017, -1.000000000000000000, -0.0000000000000000000 ) ) ;
#2400 = AXIS2_PLACEMENT_3D ( 'NONE', #2401, #2399, #2398 ) ;
#2401 = CARTESIAN_POINT ( 'NONE',  ( 0.0000000000000000000, 0.0000000000000000000, 0.0000000000000000000 ) ) ;
#2402 = CYLINDRICAL_SURFACE ( 'NONE', #2400, 0.04649999999999995800 ) ;
#2403 = FACE_OUTER_BOUND ( 'NONE', #2654, .T. ) ;
#2404 = DIRECTION ( 'NONE',  ( -1.953552627048239500E-017, -1.000000000000000000, -0.0000000000000000000 ) ) ;
#2405 = VECTOR ( 'NONE', #2404, 39.37007874015748100 ) ;
#2406 = CARTESIAN_POINT ( 'NONE',  ( 0.04649999999999995800, -9.084019715774306600E-019, 0.0000000000000000000 ) ) ;
#2407 = LINE ( 'NONE', #2406, #2405 ) ;
#2408 = CARTESIAN_POINT ( 'NONE',  ( 0.04649999999999996500, 0.3552500000000000700, -5.694419545274049300E-018 ) ) ;
#2409 = CARTESIAN_POINT ( 'NONE',  ( 0.04649999999999996500, 0.3531666666666667400, 0.02684678751731756100 ) ) ;
#2410 = CARTESIAN_POINT ( 'NONE',  ( 0.02325000000000001400, 0.3510833333333334100, 0.04027018127597634800 ) ) ;
#2411 = CARTESIAN_POINT ( 'NONE',  ( 2.055535613495610300E-017, 0.3490000000000001400, 0.05369357503463514200 ) ) ;
#2412 = CARTESIAN_POINT ( 'NONE',  ( -0.02324999999999993700, 0.3469166666666667600, 0.04027018127597638300 ) ) ;
#2413 = CARTESIAN_POINT ( 'NONE',  ( 0.05600000000000000800, 0.02849999999999992500, -2.057338674421594100E-017 ) ) ;
#2414 = CARTESIAN_POINT ( 'NONE',  ( -0.05600000000000000800, 0.01599999999999994500, 1.371559116281062600E-017 ) ) ;
#2415 = DIRECTION ( 'NONE',  ( -1.953552627048239500E-017, -1.000000000000000000, -0.0000000000000000000 ) ) ;
#2416 = CARTESIAN_POINT ( 'NONE',  ( 0.05600000000000000800, 0.02149999999999997100, -6.857795581405312900E-018 ) ) ;
#2417 = VECTOR ( 'NONE', #2415, 39.37007874015748100 ) ;
#2418 = CARTESIAN_POINT ( 'NONE',  ( -0.05599999999999999400, 1.093989471147014100E-018, 6.857795581405312100E-018 ) ) ;
#2419 = LINE ( 'NONE', #2418, #2417 ) ;
#2420 = DIRECTION ( 'NONE',  ( 0.0000000000000000000, 0.0000000000000000000, 1.000000000000000000 ) ) ;
#2421 = DIRECTION ( 'NONE',  ( -0.0000000000000000000, 1.000000000000000000, -0.0000000000000000000 ) ) ;
#2422 = CARTESIAN_POINT ( 'NONE',  ( 8.537024980200822600E-018, 0.4243985509530391300, 0.0000000000000000000 ) ) ;
#2423 = AXIS2_PLACEMENT_3D ( 'NONE', #2422, #2421, #2420 ) ;
#2424 = CIRCLE ( 'NONE', #2423, 0.04649999999999995800 ) ;
#2425 = CARTESIAN_POINT ( 'NONE',  ( 0.006712171364083110300, 0.4243985509530391300, -0.04601300637405883500 ) ) ;
#2426 = CARTESIAN_POINT ( 'NONE',  ( 8.537024980200822600E-018, 0.4243985509530391300, -0.04649999999999995800 ) ) ;
#2427 = CARTESIAN_POINT ( 'NONE',  ( -0.04649999999999995100, 0.2927500000000000700, 0.0000000000000000000 ) ) ;
#2428 = DIRECTION ( 'NONE',  ( -1.953552627048239500E-017, -1.000000000000000000, -0.0000000000000000000 ) ) ;
#2429 = VECTOR ( 'NONE', #2428, 39.37007874015748100 ) ;
#2430 = CARTESIAN_POINT ( 'NONE',  ( -0.04649999999999995800, 9.084019715774306600E-019, 5.694419545274049300E-018 ) ) ;
#2431 = LINE ( 'NONE', #2430, #2429 ) ;
#2432 = CARTESIAN_POINT ( 'NONE',  ( -0.04649999999999993700, 0.3698333333333334000, 0.02684678751731759900 ) ) ;
#2433 = CARTESIAN_POINT ( 'NONE',  ( -0.04649999999999995100, 0.3677500000000000800, 0.0000000000000000000 ) ) ;
#2434 =( BOUNDED_CURVE ( )  B_SPLINE_CURVE ( 2, ( #2433, #2432, #2374, #2373, #2372, #2371, #2370 ),
 .UNSPECIFIED., .F., .T. ) 
 B_SPLINE_CURVE_WITH_KNOTS ( ( 3, 2, 2, 3 ),
 ( 0.4999999999999999400, 0.5238095238095275000, 0.5476190476190551100, 0.5714285714285827200 ),
 .UNSPECIFIED. ) 
 CURVE ( )  GEOMETRIC_REPRESENTATION_ITEM ( )  RATIONAL_B_SPLINE_CURVE ( ( 1.000000000000000000, 0.8660254037844387100, 1.000000000000000000, 0.8660254037844387100, 1.000000000000000000, 0.8660254037843749800, 1.000000000000063700 ) ) 
 REPRESENTATION_ITEM ( '' )  );
#2435 = CARTESIAN_POINT ( 'NONE',  ( 0.04649999999999996500, 0.3187500000000000300, -5.694419545274049300E-018 ) ) ;
#2436 = CARTESIAN_POINT ( 'NONE',  ( -0.04649999999999995100, 0.3177500000000000300, 0.0000000000000000000 ) ) ;
#2437 = DIRECTION ( 'NONE',  ( -1.953552627048239500E-017, -1.000000000000000000, -0.0000000000000000000 ) ) ;
#2438 = VECTOR ( 'NONE', #2437, 39.37007874015748100 ) ;
#2439 = CARTESIAN_POINT ( 'NONE',  ( 0.04649999999999995800, -9.084019715774306600E-019, 0.0000000000000000000 ) ) ;
#2440 = LINE ( 'NONE', #2439, #2438 ) ;
#2441 = CARTESIAN_POINT ( 'NONE',  ( -0.04649999999999995100, 0.3312500000000000400, 0.0000000000000000000 ) ) ;
#2442 = CARTESIAN_POINT ( 'NONE',  ( -0.04650000000001271200, 0.3333333333333322600, 0.02684678751731022600 ) ) ;
#2443 = CARTESIAN_POINT ( 'NONE',  ( -0.02324999999999993700, 0.3354166666666667500, 0.04027018127597638300 ) ) ;
#2444 = CARTESIAN_POINT ( 'NONE',  ( 2.083701559633525500E-017, 0.3375000000000000800, 0.05369357503463514200 ) ) ;
#2445 = CARTESIAN_POINT ( 'NONE',  ( 0.02325000000000001400, 0.3395833333333334000, 0.04027018127597634800 ) ) ;
#2446 = CARTESIAN_POINT ( 'NONE',  ( 0.04649999999999996500, 0.3416666666666667300, 0.02684678751731756100 ) ) ;
#2447 = CARTESIAN_POINT ( 'NONE',  ( 0.04649999999999996500, 0.3437500000000000600, -5.694419545274049300E-018 ) ) ;
#2448 = CARTESIAN_POINT ( 'NONE',  ( 0.05600000000000000800, 0.02849999999999992500, -2.057338674421594100E-017 ) ) ;
#2449 = CARTESIAN_POINT ( 'NONE',  ( 0.02799999999999995900, 0.02433333333333326200, -0.04849742261192859600 ) ) ;
#2450 = CARTESIAN_POINT ( 'NONE',  ( -0.05600000000000000800, 0.008999999999999992400, 0.0000000000000000000 ) ) ;
#2451 = VECTOR ( 'NONE', #2325, 39.37007874015748100 ) ;
#2452 = CARTESIAN_POINT ( 'NONE',  ( -0.04649999999999995800, 9.084019715774306600E-019, 5.694419545274049300E-018 ) ) ;
#2453 = LINE ( 'NONE', #2452, #2451 ) ;
#2454 = CARTESIAN_POINT ( 'NONE',  ( 0.04649999999999996500, 0.3302500000000000400, -5.694419545274049300E-018 ) ) ;
#2455 = CARTESIAN_POINT ( 'NONE',  ( 0.04649999999999996500, 0.3281666666666667200, 0.02684678751731756100 ) ) ;
#2456 = CARTESIAN_POINT ( 'NONE',  ( 0.02325000000000001400, 0.3260833333333333900, 0.04027018127597634800 ) ) ;
#2457 = CARTESIAN_POINT ( 'NONE',  ( 2.116765931186729200E-017, 0.3240000000000000700, 0.05369357503463514200 ) ) ;
#2458 = CARTESIAN_POINT ( 'NONE',  ( -0.02324999999999993700, 0.3219166666666667400, 0.04027018127597638300 ) ) ;
#2459 = CARTESIAN_POINT ( 'NONE',  ( -0.04649999999999993700, 0.3198333333333333600, 0.02684678751731759900 ) ) ;
#2460 = CARTESIAN_POINT ( 'NONE',  ( -0.04649999999999995100, 0.3177500000000000300, 0.0000000000000000000 ) ) ;
#2461 =( BOUNDED_CURVE ( )  B_SPLINE_CURVE ( 2, ( #2460, #2459, #2458, #2457, #2456, #2455, #2454 ),
 .UNSPECIFIED., .F., .F. ) 
 B_SPLINE_CURVE_WITH_KNOTS ( ( 3, 2, 2, 3 ),
 ( 0.2142857142857143000, 0.2380952380952380300, 0.2619047619047618600, 0.2857142857142857000 ),
 .UNSPECIFIED. ) 
 CURVE ( )  GEOMETRIC_REPRESENTATION_ITEM ( )  RATIONAL_B_SPLINE_CURVE ( ( 1.000000000000000000, 0.8660254037844387100, 1.000000000000000000, 0.8660254037844387100, 1.000000000000000000, 0.8660254037844387100, 1.000000000000000000 ) ) 
 REPRESENTATION_ITEM ( '' )  );
#2462 = CARTESIAN_POINT ( 'NONE',  ( 1.423144452547487300E-017, 0.4243985509530391300, 0.04649999999999995800 ) ) ;
#2463 = CARTESIAN_POINT ( 'NONE',  ( 0.04649999999999996500, 0.4187500000000000700, -5.694419545274049300E-018 ) ) ;
#2464 = CARTESIAN_POINT ( 'NONE',  ( 0.04649999999999996500, 0.4187500000000000700, -5.694419545274049300E-018 ) ) ;
#2465 =( BOUNDED_CURVE ( )  B_SPLINE_CURVE ( 2, ( #2496, #2495, #2503, #2502, #2501, #2500, #2535 ),
 .UNSPECIFIED., .F., .T. ) 
 B_SPLINE_CURVE_WITH_KNOTS ( ( 3, 2, 2, 3 ),
 ( 0.07142857142857142500, 0.09523809523809420600, 0.1190476190476169900, 0.1428571428571397700 ),
 .UNSPECIFIED. ) 
 CURVE ( )  GEOMETRIC_REPRESENTATION_ITEM ( )  RATIONAL_B_SPLINE_CURVE ( ( 1.000000000000000000, 0.8660254037844387100, 1.000000000000000000, 0.8660254037844387100, 1.000000000000000000, 0.8660254037844560300, 0.9999999999999826800 ) ) 
 REPRESENTATION_ITEM ( '' )  );
#2466 = MECHANICAL_DESIGN_GEOMETRIC_PRESENTATION_REPRESENTATION (  '', ( #2468 ), #2486 ) ;
#2467 = PRESENTATION_LAYER_ASSIGNMENT (  '', '', ( #2468 ) ) ;
#2468 = STYLED_ITEM ( 'NONE', ( #2469 ), #2476 ) ;
#2469 = PRESENTATION_STYLE_ASSIGNMENT (( #2470 ) ) ;
#2470 = SURFACE_STYLE_USAGE ( .BOTH. , #2471 ) ;
#2471 = SURFACE_SIDE_STYLE ('',( #2472 ) ) ;
#2472 = SURFACE_STYLE_FILL_AREA ( #2473 ) ;
#2473 = FILL_AREA_STYLE ('',( #2474 ) ) ;
#2474 = FILL_AREA_STYLE_COLOUR ( '', #2475 ) ;
#2475 = COLOUR_RGB ( '',0.7019607843137254400, 0.6666666666666666300, 0.6666666666666666300 ) ;
#2476 = ADVANCED_BREP_SHAPE_REPRESENTATION ( '8714', ( #57, #2534 ), #2483 ) ;
#2477 = CARTESIAN_POINT ( 'NONE',  ( -0.04649999999999995100, 0.4062500000000000600, 0.0000000000000000000 ) ) ;
#2478 = CARTESIAN_POINT ( 'NONE',  ( 0.04649999999999995100, 0.4208333333333333400, -0.02684678751731759500 ) ) ;
#2479 = CARTESIAN_POINT ( 'NONE',  ( 0.02324999999999997900, 0.4229166666666667200, -0.04027018127597636200 ) ) ;
#2480 = CARTESIAN_POINT ( 'NONE',  ( -0.04649999999999995100, 0.3927500000000000400, 0.0000000000000000000 ) ) ;
#2481 = CARTESIAN_POINT ( 'NONE',  ( 0.04649999999999996500, 0.4052500000000000500, -5.694419545274049300E-018 ) ) ;
#2482 =( BOUNDED_CURVE ( )  B_SPLINE_CURVE ( 2, ( #2480, #2494, #2493, #2492, #2491, #2490, #2489 ),
 .UNSPECIFIED., .F., .F. ) 
 B_SPLINE_CURVE_WITH_KNOTS ( ( 3, 2, 2, 3 ),
 ( 0.6428571428571427900, 0.6666666666666666300, 0.6904761904761904700, 0.7142857142857141900 ),
 .UNSPECIFIED. ) 
 CURVE ( )  GEOMETRIC_REPRESENTATION_ITEM ( )  RATIONAL_B_SPLINE_CURVE ( ( 1.000000000000000000, 0.8660254037844387100, 1.000000000000000000, 0.8660254037844387100, 1.000000000000000000, 0.8660254037844387100, 1.000000000000000000 ) ) 
 REPRESENTATION_ITEM ( '' )  );
#2483 =( GEOMETRIC_REPRESENTATION_CONTEXT ( 3 ) GLOBAL_UNCERTAINTY_ASSIGNED_CONTEXT ( ( #2484 ) ) GLOBAL_UNIT_ASSIGNED_CONTEXT ( ( #2542, #2541, #2485 ) ) REPRESENTATION_CONTEXT ( 'NONE', 'WORKASPACE' ) );
#2484 = UNCERTAINTY_MEASURE_WITH_UNIT (LENGTH_MEASURE( 1.000000000000000100E-005 ), #2542, 'distance_accuracy_value', 'NONE');
#2485 =( NAMED_UNIT ( * ) SI_UNIT ( $, .STERADIAN. ) SOLID_ANGLE_UNIT ( ) );
#2486 =( GEOMETRIC_REPRESENTATION_CONTEXT ( 3 ) GLOBAL_UNCERTAINTY_ASSIGNED_CONTEXT ( ( #2487 ) ) GLOBAL_UNIT_ASSIGNED_CONTEXT ( ( #2537, #2536, #2488 ) ) REPRESENTATION_CONTEXT ( 'NONE', 'WORKASPACE' ) );
#2487 = UNCERTAINTY_MEASURE_WITH_UNIT (LENGTH_MEASURE( 1.000000000000000100E-005 ), #2537, 'distance_accuracy_value', 'NONE');
#2488 =( NAMED_UNIT ( * ) SI_UNIT ( $, .STERADIAN. ) SOLID_ANGLE_UNIT ( ) );
#2489 = CARTESIAN_POINT ( 'NONE',  ( 0.04649999999999996500, 0.4052500000000000500, -5.694419545274049300E-018 ) ) ;
#2490 = CARTESIAN_POINT ( 'NONE',  ( 0.04649999999999996500, 0.4031666666666667300, 0.02684678751731756100 ) ) ;
#2491 = CARTESIAN_POINT ( 'NONE',  ( 0.02325000000000001000, 0.4010833333333334000, 0.04027018127597634800 ) ) ;
#2492 = CARTESIAN_POINT ( 'NONE',  ( 1.933074978113373000E-017, 0.3990000000000000800, 0.05369357503463514200 ) ) ;
#2493 = CARTESIAN_POINT ( 'NONE',  ( -0.02324999999999994100, 0.3969166666666667000, 0.04027018127597638300 ) ) ;
#2494 = CARTESIAN_POINT ( 'NONE',  ( -0.04649999999999993700, 0.3948333333333333700, 0.02684678751731759900 ) ) ;
#2495 = CARTESIAN_POINT ( 'NONE',  ( 0.04649999999999996500, 0.4166666666666668000, 0.02684678751731756100 ) ) ;
#2496 = CARTESIAN_POINT ( 'NONE',  ( 0.04649999999999996500, 0.4187500000000000700, -5.694419545274049300E-018 ) ) ;
#2497 = CARTESIAN_POINT ( 'NONE',  ( -0.02324999999999994100, 0.4219166666666667200, 0.04027018127597638300 ) ) ;
#2498 = CARTESIAN_POINT ( 'NONE',  ( -0.04649999999999643300, 0.4198333333333336700, 0.02684678751731962500 ) ) ;
#2499 = CARTESIAN_POINT ( 'NONE',  ( -0.04649999999999995100, 0.4177500000000000700, 0.0000000000000000000 ) ) ;
#2500 = CARTESIAN_POINT ( 'NONE',  ( -0.04649999999999646800, 0.4083333333333336600, 0.02684678751731960400 ) ) ;
#2501 = CARTESIAN_POINT ( 'NONE',  ( -0.02324999999999994100, 0.4104166666666667100, 0.04027018127597638300 ) ) ;
#2502 = CARTESIAN_POINT ( 'NONE',  ( 1.900010606560168600E-017, 0.4125000000000000900, 0.05369357503463514200 ) ) ;
#2503 = CARTESIAN_POINT ( 'NONE',  ( 0.02325000000000001000, 0.4145833333333334100, 0.04027018127597634800 ) ) ;
#2504 =( BOUNDED_CURVE ( )  B_SPLINE_CURVE ( 2, ( #2526, #2525, #2479, #2478, #2463 ),
 .UNSPECIFIED., .F., .T. ) 
 B_SPLINE_CURVE_WITH_KNOTS ( ( 3, 2, 3 ),
 ( 0.03893779186167659100, 0.04761904761904761600, 0.07142857142857142500 ),
 .UNSPECIFIED. ) 
 CURVE ( )  GEOMETRIC_REPRESENTATION_ITEM ( )  RATIONAL_B_SPLINE_CURVE ( ( 0.9379241327985576900, 0.9511511551410123400, 1.000000000000000000, 0.8660254037844387100, 1.000000000000000000 ) ) 
 REPRESENTATION_ITEM ( '' )  );
#2505 = CARTESIAN_POINT ( 'NONE',  ( -0.04649999999999995100, 0.3927500000000000400, 0.0000000000000000000 ) ) ;
#2506 = DIRECTION ( 'NONE',  ( -1.953552627048239500E-017, -1.000000000000000000, -0.0000000000000000000 ) ) ;
#2507 = VECTOR ( 'NONE', #2506, 39.37007874015748100 ) ;
#2508 = CARTESIAN_POINT ( 'NONE',  ( -0.04649999999999995800, 9.084019715774306600E-019, 5.694419545274049300E-018 ) ) ;
#2509 = LINE ( 'NONE', #2508, #2507 ) ;
#2510 = CARTESIAN_POINT ( 'NONE',  ( 0.04649999999999996500, 0.3916666666666666600, 0.02684678751731756100 ) ) ;
#2511 = CARTESIAN_POINT ( 'NONE',  ( 0.04649999999999996500, 0.3937500000000000400, -5.694419545274049300E-018 ) ) ;
#2512 =( BOUNDED_CURVE ( )  B_SPLINE_CURVE ( 2, ( #2511, #2510, #2550, #2549, #2548, #2547, #2546 ),
 .UNSPECIFIED., .F., .T. ) 
 B_SPLINE_CURVE_WITH_KNOTS ( ( 3, 2, 2, 3 ),
 ( 0.2142857142857142700, 0.2380952380952380800, 0.2619047619047618600, 0.2857142857142857000 ),
 .UNSPECIFIED. ) 
 CURVE ( )  GEOMETRIC_REPRESENTATION_ITEM ( )  RATIONAL_B_SPLINE_CURVE ( ( 1.000000000000000000, 0.8660254037844387100, 1.000000000000000000, 0.8660254037844387100, 1.000000000000000000, 0.8660254037844387100, 1.000000000000000000 ) ) 
 REPRESENTATION_ITEM ( '' )  );
#2513 = CARTESIAN_POINT ( 'NONE',  ( 0.0000000000000000000, 0.0000000000000000000, 0.0000000000000000000 ) ) ;
#2514 = CARTESIAN_POINT ( 'NONE',  ( 0.04649999999999996500, 0.3937500000000000400, -5.694419545274049300E-018 ) ) ;
#2515 = DIRECTION ( 'NONE',  ( 1.000000000000000000, -1.953552627048239800E-017, 0.0000000000000000000 ) ) ;
#2516 = DIRECTION ( 'NONE',  ( -1.953552627048239500E-017, -1.000000000000000000, -0.0000000000000000000 ) ) ;
#2517 = AXIS2_PLACEMENT_3D ( 'NONE', #2518, #2516, #2515 ) ;
#2518 = CARTESIAN_POINT ( 'NONE',  ( 0.0000000000000000000, 0.0000000000000000000, 0.0000000000000000000 ) ) ;
#2519 = CYLINDRICAL_SURFACE ( 'NONE', #2517, 0.04649999999999995800 ) ;
#2520 = FACE_OUTER_BOUND ( 'NONE', #2698, .T. ) ;
#2521 = DIRECTION ( 'NONE',  ( -1.953552627048239500E-017, -1.000000000000000000, -0.0000000000000000000 ) ) ;
#2522 = VECTOR ( 'NONE', #2521, 39.37007874015748100 ) ;
#2523 = CARTESIAN_POINT ( 'NONE',  ( 0.04649999999999995800, -9.084019715774306600E-019, 0.0000000000000000000 ) ) ;
#2524 = LINE ( 'NONE', #2523, #2522 ) ;
#2525 = CARTESIAN_POINT ( 'NONE',  ( 0.01553144699775616000, 0.4236082932797709500, -0.04472648992957621600 ) ) ;
#2526 = CARTESIAN_POINT ( 'NONE',  ( 0.006712171364083110300, 0.4243985509530391300, -0.04601300637405883500 ) ) ;
#2527 = CARTESIAN_POINT ( 'NONE',  ( 0.004447828635915199000, 0.4243985509530390800, 0.04628678883251169400 ) ) ;
#2528 =( BOUNDED_CURVE ( )  B_SPLINE_CURVE ( 2, ( #2499, #2498, #2497, #2530, #2529 ),
 .UNSPECIFIED., .F., .T. ) 
 B_SPLINE_CURVE_WITH_KNOTS ( ( 3, 2, 3 ),
 ( 0.7857142857142887000, 0.8095238095238105300, 0.8235583289621315500 ),
 .UNSPECIFIED. ) 
 CURVE ( )  GEOMETRIC_REPRESENTATION_ITEM ( )  RATIONAL_B_SPLINE_CURVE ( ( 0.9999999999999824600, 0.8660254037844562500, 1.000000000000000000, 0.9210286988571966300, 0.9351566356348874900 ) ) 
 REPRESENTATION_ITEM ( '' )  );
#2529 = CARTESIAN_POINT ( 'NONE',  ( 0.004447828635915199000, 0.4243985509530390800, 0.04628678883251169400 ) ) ;
#2530 = CARTESIAN_POINT ( 'NONE',  ( -0.01036372892649505200, 0.4230713504546152500, 0.04771007334911492300 ) ) ;
#2531 = CARTESIAN_POINT ( 'NONE',  ( -0.04649999999999995100, 0.4177500000000000700, 0.0000000000000000000 ) ) ;
#2532 = DIRECTION ( 'NONE',  ( 1.000000000000000000, 0.0000000000000000000, 0.0000000000000000000 ) ) ;
#2533 = DIRECTION ( 'NONE',  ( 0.0000000000000000000, 0.0000000000000000000, 1.000000000000000000 ) ) ;
#2534 = AXIS2_PLACEMENT_3D ( 'NONE', #2513, #2533, #2532 ) ;
#2535 = CARTESIAN_POINT ( 'NONE',  ( -0.04649999999999995100, 0.4062500000000000600, 0.0000000000000000000 ) ) ;
#2536 =( NAMED_UNIT ( * ) PLANE_ANGLE_UNIT ( ) SI_UNIT ( $, .RADIAN. ) );
#2537 =( CONVERSION_BASED_UNIT ( 'INCH', #2538 ) LENGTH_UNIT ( ) NAMED_UNIT ( #2539 ) );
#2538 = LENGTH_MEASURE_WITH_UNIT ( LENGTH_MEASURE( 0.02539999999999999900 ), #2540 );
#2539 = DIMENSIONAL_EXPONENTS ( 1.000000000000000000, 0.0000000000000000000, 0.0000000000000000000, 0.0000000000000000000, 0.0000000000000000000, 0.0000000000000000000, 0.0000000000000000000 ) ;
#2540 =( LENGTH_UNIT ( ) NAMED_UNIT ( * ) SI_UNIT ( $, .METRE. ) );
#2541 =( NAMED_UNIT ( * ) PLANE_ANGLE_UNIT ( ) SI_UNIT ( $, .RADIAN. ) );
#2542 =( CONVERSION_BASED_UNIT ( 'INCH', #2543 ) LENGTH_UNIT ( ) NAMED_UNIT ( #2544 ) );
#2543 = LENGTH_MEASURE_WITH_UNIT ( LENGTH_MEASURE( 0.02539999999999999900 ), #2545 );
#2544 = DIMENSIONAL_EXPONENTS ( 1.000000000000000000, 0.0000000000000000000, 0.0000000000000000000, 0.0000000000000000000, 0.0000000000000000000, 0.0000000000000000000, 0.0000000000000000000 ) ;
#2545 =( LENGTH_UNIT ( ) NAMED_UNIT ( * ) SI_UNIT ( $, .METRE. ) );
#2546 = CARTESIAN_POINT ( 'NONE',  ( -0.04649999999999995100, 0.3812500000000000900, 0.0000000000000000000 ) ) ;
#2547 = CARTESIAN_POINT ( 'NONE',  ( -0.04649999999999993700, 0.3833333333333334100, 0.02684678751731759900 ) ) ;
#2548 = CARTESIAN_POINT ( 'NONE',  ( -0.02324999999999994100, 0.3854166666666666900, 0.04027018127597638300 ) ) ;
#2549 = CARTESIAN_POINT ( 'NONE',  ( 1.961240924251287600E-017, 0.3875000000000001800, 0.05369357503463514200 ) ) ;
#2550 = CARTESIAN_POINT ( 'NONE',  ( 0.02325000000000001000, 0.3895833333333334500, 0.04027018127597634800 ) ) ;
#2551 = PRODUCT ( '8714', '8714', '', ( #2559 ) ) ;
#2552 = PRODUCT_DEFINITION_SHAPE ( 'NONE', 'NONE',  #2555 ) ;
#2553 = PRODUCT_RELATED_PRODUCT_CATEGORY ( 'part', '', ( #2551 ) ) ;
#2554 = PRODUCT_DEFINITION_FORMATION_WITH_SPECIFIED_SOURCE ( 'ANY', '', #2551, .NOT_KNOWN. ) ;
#2555 = PRODUCT_DEFINITION ( 'UNKNOWN', '', #2554, #2556 ) ;
#2556 = PRODUCT_DEFINITION_CONTEXT ( 'detailed design', #2558, 'design' ) ;
#2557 = APPLICATION_PROTOCOL_DEFINITION ( 'draft international standard', 'automotive_design', 1998, #2558 ) ;
#2558 = APPLICATION_CONTEXT ( 'automotive_design' ) ;
#2559 = PRODUCT_CONTEXT ( 'NONE', #2562, 'mechanical' ) ;
#2560 = APPLICATION_PROTOCOL_DEFINITION ( 'draft international standard', 'automotive_design', 1998, #2562 ) ;
#2561 = SHAPE_DEFINITION_REPRESENTATION ( #2552, #2476 ) ;
#2562 = APPLICATION_CONTEXT ( 'automotive_design' ) ;
#2563 = ADVANCED_FACE ( 'NONE', ( #2111 ), #2107, .T. ) ;
#2564 = ADVANCED_FACE ( 'NONE', ( #2140 ), #2134, .T. ) ;
#2565 = VERTEX_POINT ( 'NONE', #2184 ) ;
#2566 = ORIENTED_EDGE ( 'NONE', *, *, #2582, .F. ) ;
#2567 = VERTEX_POINT ( 'NONE', #2182 ) ;
#2568 = VERTEX_POINT ( 'NONE', #2181 ) ;
#2569 = ORIENTED_EDGE ( 'NONE', *, *, #2570, .T. ) ;
#2570 = EDGE_CURVE ( 'NONE', #2568, #2658, #2180, .T. ) ;
#2571 = VERTEX_POINT ( 'NONE', #2176 ) ;
#2572 = ORIENTED_EDGE ( 'NONE', *, *, #2646, .F. ) ;
#2573 = ORIENTED_EDGE ( 'NONE', *, *, #2590, .F. ) ;
#2574 = EDGE_CURVE ( 'NONE', #2610, #2643, #2175, .T. ) ;
#2575 = EDGE_LOOP ( 'NONE', ( #2576, #2689, #2692, #2696 ) ) ;
#2576 = ORIENTED_EDGE ( 'NONE', *, *, #2686, .T. ) ;
#2577 = ORIENTED_EDGE ( 'NONE', *, *, #2574, .F. ) ;
#2578 = ORIENTED_EDGE ( 'NONE', *, *, #2640, .F. ) ;
#2579 = EDGE_LOOP ( 'NONE', ( #2631, #2635, #2630, #2651 ) ) ;
#2580 = EDGE_CURVE ( 'NONE', #2659, #2587, #2170, .T. ) ;
#2581 = VERTEX_POINT ( 'NONE', #2162 ) ;
#2582 = EDGE_CURVE ( 'NONE', #2701, #2565, #2161, .T. ) ;
#2583 = ORIENTED_EDGE ( 'NONE', *, *, #2642, .T. ) ;
#2584 = VERTEX_POINT ( 'NONE', #2157 ) ;
#2585 = ADVANCED_FACE ( 'NONE', ( #2156 ), #2155, .T. ) ;
#2586 = ORIENTED_EDGE ( 'NONE', *, *, #2657, .F. ) ;
#2587 = VERTEX_POINT ( 'NONE', #2153 ) ;
#2588 = ORIENTED_EDGE ( 'NONE', *, *, #2589, .T. ) ;
#2589 = EDGE_CURVE ( 'NONE', #2584, #2571, #2149, .T. ) ;
#2590 = EDGE_CURVE ( 'NONE', #2584, #2611, #2145, .T. ) ;
#2591 = ORIENTED_EDGE ( 'NONE', *, *, #108, .F. ) ;
#2592 = ORIENTED_EDGE ( 'NONE', *, *, #2593, .T. ) ;
#2593 = EDGE_CURVE ( 'NONE', #2568, #2659, #2141, .T. ) ;
#2594 = ORIENTED_EDGE ( 'NONE', *, *, #2669, .T. ) ;
#2595 = ORIENTED_EDGE ( 'NONE', *, *, #2596, .T. ) ;
#2596 = EDGE_CURVE ( 'NONE', #2666, #2658, #2271, .T. ) ;
#2597 = EDGE_LOOP ( 'NONE', ( #2599, #23, #2602, #2603 ) ) ;
#2598 = ORIENTED_EDGE ( 'NONE', *, *, #25, .T. ) ;
#2599 = ORIENTED_EDGE ( 'NONE', *, *, #2690, .F. ) ;
#2600 = ADVANCED_FACE ( 'NONE', ( #2293 ), #2263, .T. ) ;
#2601 = ORIENTED_EDGE ( 'NONE', *, *, #2570, .F. ) ;
#2602 = ORIENTED_EDGE ( 'NONE', *, *, #2582, .T. ) ;
#2603 = ORIENTED_EDGE ( 'NONE', *, *, #2604, .T. ) ;
#2604 = EDGE_CURVE ( 'NONE', #2565, #2691, #2268, .T. ) ;
#2605 = ADVANCED_FACE ( 'NONE', ( #2270 ), #2269, .T. ) ;
#2606 = ADVANCED_FACE ( 'NONE', ( #2286 ), #2292, .T. ) ;
#2607 = EDGE_LOOP ( 'NONE', ( #2608, #2615, #36, #37 ) ) ;
#2608 = ORIENTED_EDGE ( 'NONE', *, *, #2661, .F. ) ;
#2609 = ORIENTED_EDGE ( 'NONE', *, *, #2580, .T. ) ;
#2610 = VERTEX_POINT ( 'NONE', #2267 ) ;
#2611 = VERTEX_POINT ( 'NONE', #2283 ) ;
#2612 = VERTEX_POINT ( 'NONE', #2282 ) ;
#2613 = ORIENTED_EDGE ( 'NONE', *, *, #2660, .T. ) ;
#2614 = EDGE_LOOP ( 'NONE', ( #2609, #2674, #2671, #2665 ) ) ;
#2615 = ORIENTED_EDGE ( 'NONE', *, *, #101, .T. ) ;
#2616 = ADVANCED_FACE ( 'NONE', ( #2281 ), #2280, .F. ) ;
#2617 = EDGE_LOOP ( 'NONE', ( #2618, #2622, #2625, #2628 ) ) ;
#2618 = ORIENTED_EDGE ( 'NONE', *, *, #2619, .F. ) ;
#2619 = EDGE_CURVE ( 'NONE', #2620, #2621, #1921, .T. ) ;
#2620 = VERTEX_POINT ( 'NONE', #2414 ) ;
#2621 = VERTEX_POINT ( 'NONE', #2413 ) ;
#2622 = ORIENTED_EDGE ( 'NONE', *, *, #2623, .T. ) ;
#2623 = EDGE_CURVE ( 'NONE', #2620, #2624, #2419, .T. ) ;
#2624 = VERTEX_POINT ( 'NONE', #2310 ) ;
#2625 = ORIENTED_EDGE ( 'NONE', *, *, #2626, .T. ) ;
#2626 = EDGE_CURVE ( 'NONE', #2624, #2627, #2311, .T. ) ;
#2627 = VERTEX_POINT ( 'NONE', #2416 ) ;
#2628 = ORIENTED_EDGE ( 'NONE', *, *, #2629, .F. ) ;
#2629 = EDGE_CURVE ( 'NONE', #2621, #2627, #2396, .T. ) ;
#2630 = ORIENTED_EDGE ( 'NONE', *, *, #2649, .T. ) ;
#2631 = ORIENTED_EDGE ( 'NONE', *, *, #2632, .T. ) ;
#2632 = EDGE_CURVE ( 'NONE', #2633, #2634, #2328, .T. ) ;
#2633 = VERTEX_POINT ( 'NONE', #2387 ) ;
#2634 = VERTEX_POINT ( 'NONE', #2327 ) ;
#2635 = ORIENTED_EDGE ( 'NONE', *, *, #2636, .T. ) ;
#2636 = EDGE_CURVE ( 'NONE', #2634, #2637, #2351, .T. ) ;
#2637 = VERTEX_POINT ( 'NONE', #2347 ) ;
#2638 = VERTEX_POINT ( 'NONE', #2346 ) ;
#2639 = ORIENTED_EDGE ( 'NONE', *, *, #2661, .T. ) ;
#2640 = EDGE_CURVE ( 'NONE', #2643, #2685, #2345, .T. ) ;
#2641 = ADVANCED_FACE ( 'NONE', ( #2340 ), #2339, .T. ) ;
#2642 = EDGE_CURVE ( 'NONE', #2658, #2581, #2461, .T. ) ;
#2643 = VERTEX_POINT ( 'NONE', #2462 ) ;
#2644 = ORIENTED_EDGE ( 'NONE', *, *, #2645, .T. ) ;
#2645 = EDGE_CURVE ( 'NONE', #2610, #2682, #2453, .T. ) ;
#2646 = EDGE_CURVE ( 'NONE', #93, #2571, #2324, .T. ) ;
#2647 = EDGE_LOOP ( 'NONE', ( #2577, #2644, #2683, #2578 ) ) ;
#2648 = EDGE_CURVE ( 'NONE', #2611, #97, #2320, .T. ) ;
#2649 = EDGE_CURVE ( 'NONE', #2637, #2650, #2315, .T. ) ;
#2650 = VERTEX_POINT ( 'NONE', #2314 ) ;
#2651 = ORIENTED_EDGE ( 'NONE', *, *, #2652, .F. ) ;
#2652 = EDGE_CURVE ( 'NONE', #2633, #2650, #2407, .T. ) ;
#2653 = ADVANCED_FACE ( 'NONE', ( #2403 ), #2402, .T. ) ;
#2654 = EDGE_LOOP ( 'NONE', ( #2655, #2569, #2583, #2586 ) ) ;
#2655 = ORIENTED_EDGE ( 'NONE', *, *, #2656, .T. ) ;
#2656 = EDGE_CURVE ( 'NONE', #2567, #2568, #2397, .T. ) ;
#2657 = EDGE_CURVE ( 'NONE', #2567, #2581, #2440, .T. ) ;
#2658 = VERTEX_POINT ( 'NONE', #2436 ) ;
#2659 = VERTEX_POINT ( 'NONE', #2435 ) ;
#2660 = EDGE_CURVE ( 'NONE', #2612, #2565, #2434, .T. ) ;
#2661 = EDGE_CURVE ( 'NONE', #2638, #2612, #2369, .T. ) ;
#2662 = ORIENTED_EDGE ( 'NONE', *, *, #2667, .F. ) ;
#2663 = ORIENTED_EDGE ( 'NONE', *, *, #2645, .F. ) ;
#2664 = EDGE_LOOP ( 'NONE', ( #2663, #2662, #2676, #2679, #2681, #2598 ) ) ;
#2665 = ORIENTED_EDGE ( 'NONE', *, *, #2669, .F. ) ;
#2666 = VERTEX_POINT ( 'NONE', #2365 ) ;
#2667 = EDGE_CURVE ( 'NONE', #2675, #2610, #2364, .T. ) ;
#2668 = ADVANCED_FACE ( 'NONE', ( #2359 ), #2358, .T. ) ;
#2669 = EDGE_CURVE ( 'NONE', #2659, #2666, #2353, .T. ) ;
#2670 = EDGE_CURVE ( 'NONE', #2673, #2666, #2384, .T. ) ;
#2671 = ORIENTED_EDGE ( 'NONE', *, *, #2670, .T. ) ;
#2672 = EDGE_CURVE ( 'NONE', #2587, #2673, #2431, .T. ) ;
#2673 = VERTEX_POINT ( 'NONE', #2427 ) ;
#2674 = ORIENTED_EDGE ( 'NONE', *, *, #2672, .T. ) ;
#2675 = VERTEX_POINT ( 'NONE', #2426 ) ;
#2676 = ORIENTED_EDGE ( 'NONE', *, *, #2677, .F. ) ;
#2677 = EDGE_CURVE ( 'NONE', #2678, #2675, #2424, .T. ) ;
#2678 = VERTEX_POINT ( 'NONE', #2425 ) ;
#2679 = ORIENTED_EDGE ( 'NONE', *, *, #2680, .T. ) ;
#2680 = EDGE_CURVE ( 'NONE', #2678, #2687, #2504, .T. ) ;
#2681 = ORIENTED_EDGE ( 'NONE', *, *, #2695, .T. ) ;
#2682 = VERTEX_POINT ( 'NONE', #2531 ) ;
#2683 = ORIENTED_EDGE ( 'NONE', *, *, #2684, .T. ) ;
#2684 = EDGE_CURVE ( 'NONE', #2682, #2685, #2528, .T. ) ;
#2685 = VERTEX_POINT ( 'NONE', #2527 ) ;
#2686 = EDGE_CURVE ( 'NONE', #2687, #2688, #2465, .T. ) ;
#2687 = VERTEX_POINT ( 'NONE', #2464 ) ;
#2688 = VERTEX_POINT ( 'NONE', #2477 ) ;
#2689 = ORIENTED_EDGE ( 'NONE', *, *, #2690, .T. ) ;
#2690 = EDGE_CURVE ( 'NONE', #2688, #2691, #2509, .T. ) ;
#2691 = VERTEX_POINT ( 'NONE', #2505 ) ;
#2692 = ORIENTED_EDGE ( 'NONE', *, *, #2693, .T. ) ;
#2693 = EDGE_CURVE ( 'NONE', #2691, #2694, #2482, .T. ) ;
#2694 = VERTEX_POINT ( 'NONE', #2481 ) ;
#2695 = EDGE_CURVE ( 'NONE', #2687, #2694, #2524, .T. ) ;
#2696 = ORIENTED_EDGE ( 'NONE', *, *, #2695, .F. ) ;
#2697 = ADVANCED_FACE ( 'NONE', ( #2520 ), #2519, .T. ) ;
#2698 = EDGE_LOOP ( 'NONE', ( #2699, #2639, #2613, #2566 ) ) ;
#2699 = ORIENTED_EDGE ( 'NONE', *, *, #2700, .T. ) ;
#2700 = EDGE_CURVE ( 'NONE', #2701, #2638, #2512, .T. ) ;
#2701 = VERTEX_POINT ( 'NONE', #2514 ) ;
ENDSEC;
END-ISO-10303-21;
